source_row,slice,region_id,class,model,fold,prob_fg,prob_bg,predicted_class,confidence,margin_from_0_5,correct
2,recon_00006.tiff,57,1,random_forest,1,0.1663380952380952,0.8336619047619048,1,0.8336619047619048,0.3336619047619048,1
5,recon_00006.tiff,1508,1,random_forest,1,0.01891666666666667,0.9810833333333333,1,0.9810833333333333,0.4810833333333333,1
3664,recon_00006.tiff,54311,1,random_forest,1,0.0,1.0,1,1.0,0.5,1
3879,recon_00006.tiff,57586,1,random_forest,1,0.0,1.0,1,1.0,0.5,1
3974,recon_00006.tiff,59007,1,random_forest,1,0.002,0.998,1,0.998,0.498,1
4005,recon_00006.tiff,59422,1,random_forest,1,0.11349523809523811,0.8865047619047619,1,0.8865047619047619,0.3865047619047619,1
4055,recon_00006.tiff,60006,1,random_forest,1,0.0,1.0,1,1.0,0.5,1
5098,recon_00006.tiff,79144,1,random_forest,1,0.002,0.998,1,0.998,0.498,1
5363,recon_00006.tiff,83701,2,random_forest,1,0.9757,0.02429999999999999,2,0.9757,0.4757,1
5874,recon_00006.tiff,92525,1,random_forest,1,0.011,0.989,1,0.989,0.489,1
6237,recon_00006.tiff,101804,1,random_forest,1,0.002,0.998,1,0.998,0.498,1
6346,recon_00006.tiff,104374,2,random_forest,1,0.7650714285714285,0.2349285714285715,2,0.7650714285714285,0.2650714285714285,1
6378,recon_00006.tiff,105178,2,random_forest,1,0.873054761904762,0.12694523809523806,2,0.873054761904762,0.37305476190476194,1
6382,recon_00006.tiff,105284,1,random_forest,1,0.004833333333333333,0.9951666666666666,1,0.9951666666666666,0.49516666666666664,1
6405,recon_00006.tiff,105879,1,random_forest,1,0.18617619047619047,0.8138238095238095,1,0.8138238095238095,0.3138238095238095,1
6508,recon_00006.tiff,108217,2,random_forest,1,0.42864285714285716,0.5713571428571429,1,0.5713571428571429,0.07135714285714284,0
6516,recon_00006.tiff,108316,1,random_forest,1,0.6176523809523808,0.38234761904761916,2,0.6176523809523808,0.11765238095238084,0
6563,recon_00006.tiff,108913,2,random_forest,1,0.7079523809523808,0.2920476190476192,2,0.7079523809523808,0.20795238095238078,1
6632,recon_00006.tiff,110025,2,random_forest,1,1.0,0.0,2,1.0,0.5,1
6637,recon_00006.tiff,110130,2,random_forest,1,1.0,0.0,2,1.0,0.5,1
6644,recon_00006.tiff,110244,2,random_forest,1,1.0,0.0,2,1.0,0.5,1
6664,recon_00006.tiff,110566,1,random_forest,1,0.0,1.0,1,1.0,0.5,1
6691,recon_00006.tiff,110911,2,random_forest,1,1.0,0.0,2,1.0,0.5,1
6713,recon_00006.tiff,111267,1,random_forest,1,0.0,1.0,1,1.0,0.5,1
6719,recon_00006.tiff,111381,1,random_forest,1,0.0013333333333333333,0.9986666666666667,1,0.9986666666666667,0.49866666666666665,1
6722,recon_00006.tiff,111403,2,random_forest,1,1.0,0.0,2,1.0,0.5,1
6760,recon_00006.tiff,112059,1,random_forest,1,0.002,0.998,1,0.998,0.498,1
6768,recon_00006.tiff,112281,2,random_forest,1,0.9793809523809525,0.020619047619047537,2,0.9793809523809525,0.47938095238095246,1
6784,recon_00006.tiff,112504,1,random_forest,1,0.8969809523809524,0.10301904761904757,2,0.8969809523809524,0.39698095238095243,0
6785,recon_00006.tiff,112525,1,random_forest,1,0.0062,0.9938,1,0.9938,0.4938,1
6794,recon_00006.tiff,112637,1,random_forest,1,0.04402857142857144,0.9559714285714286,1,0.9559714285714286,0.4559714285714286,1
6796,recon_00006.tiff,112646,1,random_forest,1,0.0,1.0,1,1.0,0.5,1
6803,recon_00006.tiff,112760,2,random_forest,1,0.9966666666666666,0.0033333333333334103,2,0.9966666666666666,0.4966666666666666,1
6842,recon_00006.tiff,113227,1,random_forest,1,0.015095238095238097,0.984904761904762,1,0.984904761904762,0.4849047619047619,1
6860,recon_00006.tiff,113479,2,random_forest,1,0.9731500000000001,0.02684999999999993,2,0.9731500000000001,0.47315000000000007,1
6900,recon_00006.tiff,113917,2,random_forest,1,0.49605714285714286,0.5039428571428571,1,0.5039428571428571,0.003942857142857137,0
6901,recon_00006.tiff,113918,1,random_forest,1,0.002,0.998,1,0.998,0.498,1
6982,recon_00006.tiff,115508,2,random_forest,1,0.9696714285714285,0.030328571428571482,2,0.9696714285714285,0.4696714285714285,1
7026,recon_00006.tiff,116706,1,random_forest,1,0.07374285714285714,0.9262571428571429,1,0.9262571428571429,0.4262571428571429,1
7034,recon_00006.tiff,116801,2,random_forest,1,0.9428666666666666,0.05713333333333337,2,0.9428666666666666,0.44286666666666663,1
7093,recon_00006.tiff,117983,1,random_forest,1,0.10237619047619048,0.8976238095238095,1,0.8976238095238095,0.3976238095238095,1
7108,recon_00006.tiff,118439,1,random_forest,1,0.0013333333333333333,0.9986666666666667,1,0.9986666666666667,0.49866666666666665,1
7224,recon_00006.tiff,120884,1,random_forest,1,0.0026666666666666666,0.9973333333333333,1,0.9973333333333333,0.49733333333333335,1
7383,recon_00006.tiff,126887,1,random_forest,1,0.004833333333333333,0.9951666666666666,1,0.9951666666666666,0.49516666666666664,1
7446,recon_00006.tiff,128879,2,random_forest,1,0.8386452380952384,0.1613547619047616,2,0.8386452380952384,0.3386452380952384,1
7450,recon_00006.tiff,129008,2,random_forest,1,1.0,0.0,2,1.0,0.5,1
7461,recon_00006.tiff,129356,1,random_forest,1,0.1753642857142857,0.8246357142857144,1,0.8246357142857144,0.3246357142857143,1
7472,recon_00006.tiff,129707,1,random_forest,1,0.03633333333333333,0.9636666666666667,1,0.9636666666666667,0.46366666666666667,1
8331,recon_00006.tiff,150931,1,random_forest,1,0.027390476190476184,0.9726095238095238,1,0.9726095238095238,0.4726095238095238,1
8342,recon_00006.tiff,151191,2,random_forest,1,1.0,0.0,2,1.0,0.5,1
8657,recon_00006.tiff,159626,2,random_forest,1,1.0,0.0,2,1.0,0.5,1
8662,recon_00006.tiff,159737,2,random_forest,1,0.9975,0.0024999999999999467,2,0.9975,0.49750000000000005,1
8749,recon_00006.tiff,161789,2,random_forest,1,1.0,0.0,2,1.0,0.5,1
8770,recon_00006.tiff,162421,2,random_forest,1,0.9734166666666666,0.026583333333333403,2,0.9734166666666666,0.4734166666666666,1
8864,recon_00006.tiff,164988,2,random_forest,1,0.999,0.0010000000000000009,2,0.999,0.499,1
8898,recon_00006.tiff,165859,2,random_forest,1,0.9922000000000001,0.007799999999999918,2,0.9922000000000001,0.4922000000000001,1
13282,recon_00006.tiff,261278,1,random_forest,1,0.7041000000000001,0.29589999999999994,2,0.7041000000000001,0.20410000000000006,0
13417,recon_00006.tiff,263918,1,random_forest,1,0.7443857142857143,0.2556142857142857,2,0.7443857142857143,0.24438571428571432,0
13604,recon_00006.tiff,266602,2,random_forest,1,0.029095238095238094,0.9709047619047619,1,0.9709047619047619,0.4709047619047619,0
13692,recon_00006.tiff,267906,2,random_forest,1,0.99725,0.00275000000000003,2,0.99725,0.49724999999999997,1
13698,recon_00006.tiff,267988,2,random_forest,1,1.0,0.0,2,1.0,0.5,1
13762,recon_00006.tiff,269193,1,random_forest,1,0.01986190476190476,0.9801380952380953,1,0.9801380952380953,0.48013809523809525,1
13777,recon_00006.tiff,269338,2,random_forest,1,1.0,0.0,2,1.0,0.5,1
13826,recon_00006.tiff,269953,1,random_forest,1,0.019066666666666666,0.9809333333333333,1,0.9809333333333333,0.4809333333333333,1
13845,recon_00006.tiff,270255,2,random_forest,1,1.0,0.0,2,1.0,0.5,1
13850,recon_00006.tiff,270385,1,random_forest,1,0.003,0.997,1,0.997,0.497,1
13883,recon_00006.tiff,271152,2,random_forest,1,0.9923333333333334,0.0076666666666665995,2,0.9923333333333334,0.4923333333333334,1
14322,recon_00006.tiff,284250,1,random_forest,1,0.14830714285714292,0.851692857142857,1,0.851692857142857,0.3516928571428571,1
14328,recon_00006.tiff,289851,1,random_forest,1,0.14902857142857143,0.8509714285714286,1,0.8509714285714286,0.3509714285714286,1
2,recon_00006.tiff,57,1,dense_fc,1,0.4906921088695526,0.509307861328125,1,0.509307861328125,0.009307891130447388,1
5,recon_00006.tiff,1508,1,dense_fc,1,0.45305052399635315,0.5469495058059692,1,0.5469495058059692,0.04694947600364685,1
3664,recon_00006.tiff,54311,1,dense_fc,1,0.11296386271715164,0.887036144733429,1,0.887036144733429,0.38703614473342896,1
3879,recon_00006.tiff,57586,1,dense_fc,1,0.11002828180789948,0.8899717330932617,1,0.8899717330932617,0.3899717330932617,1
3974,recon_00006.tiff,59007,1,dense_fc,1,0.22408494353294373,0.7759150266647339,1,0.7759150266647339,0.2759150564670563,1
4005,recon_00006.tiff,59422,1,dense_fc,1,0.36551424860954285,0.6344857215881348,1,0.6344857215881348,0.13448575139045715,1
4055,recon_00006.tiff,60006,1,dense_fc,1,0.1600613296031952,0.8399386405944824,1,0.8399386405944824,0.3399386703968048,1
5098,recon_00006.tiff,79144,1,dense_fc,1,0.14197500050067902,0.8580250144004822,1,0.8580250144004822,0.3580250144004822,1
5363,recon_00006.tiff,83701,2,dense_fc,1,0.5757768154144287,0.4242231845855713,2,0.5757768154144287,0.07577681541442871,1
5874,recon_00006.tiff,92525,1,dense_fc,1,0.03349880129098892,0.9665011763572693,1,0.9665011763572693,0.4665012061595917,1
6237,recon_00006.tiff,101804,1,dense_fc,1,0.2995052635669708,0.7004947662353516,1,0.7004947662353516,0.20049473643302917,1
6346,recon_00006.tiff,104374,2,dense_fc,1,0.5860038995742798,0.4139961004257202,2,0.5860038995742798,0.08600389957427979,1
6378,recon_00006.tiff,105178,2,dense_fc,1,0.5663812160491943,0.43361878395080566,2,0.5663812160491943,0.06638121604919434,1
6382,recon_00006.tiff,105284,1,dense_fc,1,0.29676297307014465,0.7032370567321777,1,0.7032370567321777,0.20323702692985535,1
6405,recon_00006.tiff,105879,1,dense_fc,1,0.33400747179985046,0.6659924983978271,1,0.6659924983978271,0.16599252820014954,1
6508,recon_00006.tiff,108217,2,dense_fc,1,0.46421322226524353,0.5357867479324341,1,0.5357867479324341,0.03578677773475647,0
6516,recon_00006.tiff,108316,1,dense_fc,1,0.45735040307044983,0.5426496267318726,1,0.5426496267318726,0.04264959692955017,1
6563,recon_00006.tiff,108913,2,dense_fc,1,0.5341399312019348,0.4658600687980652,2,0.5341399312019348,0.034139931201934814,1
6632,recon_00006.tiff,110025,2,dense_fc,1,0.6086662411689758,0.39133375883102417,2,0.6086662411689758,0.10866624116897583,1
6637,recon_00006.tiff,110130,2,dense_fc,1,0.6034072637557983,0.39659273624420166,2,0.6034072637557983,0.10340726375579834,1
6644,recon_00006.tiff,110244,2,dense_fc,1,0.6057267189025879,0.3942732810974121,2,0.6057267189025879,0.10572671890258789,1
6664,recon_00006.tiff,110566,1,dense_fc,1,0.12260639667510986,0.8773936033248901,1,0.8773936033248901,0.37739360332489014,1
6691,recon_00006.tiff,110911,2,dense_fc,1,0.6135205030441284,0.3864794969558716,2,0.6135205030441284,0.11352050304412842,1
6713,recon_00006.tiff,111267,1,dense_fc,1,0.17311394214630127,0.8268860578536987,1,0.8268860578536987,0.32688605785369873,1
6719,recon_00006.tiff,111381,1,dense_fc,1,0.35467228293418884,0.6453276872634888,1,0.6453276872634888,0.14532771706581116,1
6722,recon_00006.tiff,111403,2,dense_fc,1,0.5969136357307434,0.4030863642692566,2,0.5969136357307434,0.09691363573074341,1
6760,recon_00006.tiff,112059,1,dense_fc,1,0.4026564359664917,0.5973435640335083,1,0.5973435640335083,0.0973435640335083,1
6768,recon_00006.tiff,112281,2,dense_fc,1,0.578971266746521,0.421028733253479,2,0.578971266746521,0.078971266746521,1
6784,recon_00006.tiff,112504,1,dense_fc,1,0.5558848977088928,0.4441151022911072,2,0.5558848977088928,0.05588489770889282,0
6785,recon_00006.tiff,112525,1,dense_fc,1,0.06963025033473969,0.9303697347640991,1,0.9303697347640991,0.4303697347640991,1
6794,recon_00006.tiff,112637,1,dense_fc,1,0.1556195169687271,0.8443804979324341,1,0.8443804979324341,0.3443804979324341,1
6796,recon_00006.tiff,112646,1,dense_fc,1,0.10326553136110306,0.8967344760894775,1,0.8967344760894775,0.39673447608947754,1
6803,recon_00006.tiff,112760,2,dense_fc,1,0.6067403554916382,0.3932596445083618,2,0.6067403554916382,0.10674035549163818,1
6842,recon_00006.tiff,113227,1,dense_fc,1,0.31072020530700684,0.6892797946929932,1,0.6892797946929932,0.18927979469299316,1
6860,recon_00006.tiff,113479,2,dense_fc,1,0.5758675336837769,0.42413246631622314,2,0.5758675336837769,0.07586753368377686,1
6900,recon_00006.tiff,113917,2,dense_fc,1,0.5072305202484131,0.4927694797515869,2,0.5072305202484131,0.007230520248413086,1
6901,recon_00006.tiff,113918,1,dense_fc,1,0.34204742312431335,0.6579525470733643,1,0.6579525470733643,0.15795257687568665,1
6982,recon_00006.tiff,115508,2,dense_fc,1,0.5752567648887634,0.4247432351112366,2,0.5752567648887634,0.07525676488876343,1
7026,recon_00006.tiff,116706,1,dense_fc,1,0.4440123736858368,0.5559875965118408,1,0.5559875965118408,0.05598762631416321,1
7034,recon_00006.tiff,116801,2,dense_fc,1,0.5594655275344849,0.44053447246551514,2,0.5594655275344849,0.05946552753448486,1
7093,recon_00006.tiff,117983,1,dense_fc,1,0.37419643998146057,0.6258035898208618,1,0.6258035898208618,0.12580356001853943,1
7108,recon_00006.tiff,118439,1,dense_fc,1,0.23167939484119415,0.768320620059967,1,0.768320620059967,0.26832062005996704,1
7224,recon_00006.tiff,120884,1,dense_fc,1,0.22707974910736084,0.7729202508926392,1,0.7729202508926392,0.27292025089263916,1
7383,recon_00006.tiff,126887,1,dense_fc,1,0.3964717984199524,0.6035282015800476,1,0.6035282015800476,0.10352820158004761,1
7446,recon_00006.tiff,128879,2,dense_fc,1,0.6511602997779846,0.3488397002220154,2,0.6511602997779846,0.15116029977798462,1
7450,recon_00006.tiff,129008,2,dense_fc,1,0.6069866418838501,0.3930133581161499,2,0.6069866418838501,0.1069866418838501,1
7461,recon_00006.tiff,129356,1,dense_fc,1,0.42984533309936523,0.5701546669006348,1,0.5701546669006348,0.07015466690063477,1
7472,recon_00006.tiff,129707,1,dense_fc,1,0.45531800389289856,0.5446820259094238,1,0.5446820259094238,0.04468199610710144,1
8331,recon_00006.tiff,150931,1,dense_fc,1,0.4568878412246704,0.5431121587753296,1,0.5431121587753296,0.04311215877532959,1
8342,recon_00006.tiff,151191,2,dense_fc,1,0.6065047383308411,0.39349526166915894,2,0.6065047383308411,0.10650473833084106,1
8657,recon_00006.tiff,159626,2,dense_fc,1,0.5972164869308472,0.40278351306915283,2,0.5972164869308472,0.09721648693084717,1
8662,recon_00006.tiff,159737,2,dense_fc,1,0.610348641872406,0.389651358127594,2,0.610348641872406,0.110348641872406,1
8749,recon_00006.tiff,161789,2,dense_fc,1,0.6058986783027649,0.3941013216972351,2,0.6058986783027649,0.10589867830276489,1
8770,recon_00006.tiff,162421,2,dense_fc,1,0.587285041809082,0.41271495819091797,2,0.587285041809082,0.08728504180908203,1
8864,recon_00006.tiff,164988,2,dense_fc,1,0.609962522983551,0.390037477016449,2,0.609962522983551,0.10996252298355103,1
8898,recon_00006.tiff,165859,2,dense_fc,1,0.6276681423187256,0.3723318576812744,2,0.6276681423187256,0.12766814231872559,1
13282,recon_00006.tiff,261278,1,dense_fc,1,0.6054357886314392,0.3945642113685608,2,0.6054357886314392,0.10543578863143921,0
13417,recon_00006.tiff,263918,1,dense_fc,1,0.5945489406585693,0.40545105934143066,2,0.5945489406585693,0.09454894065856934,0
13604,recon_00006.tiff,266602,2,dense_fc,1,0.3751375675201416,0.6248624324798584,1,0.6248624324798584,0.1248624324798584,0
13692,recon_00006.tiff,267906,2,dense_fc,1,0.6154438257217407,0.3845561742782593,2,0.6154438257217407,0.11544382572174072,1
13698,recon_00006.tiff,267988,2,dense_fc,1,0.6292919516563416,0.37070804834365845,2,0.6292919516563416,0.12929195165634155,1
13762,recon_00006.tiff,269193,1,dense_fc,1,0.41982537508010864,0.5801746249198914,1,0.5801746249198914,0.08017462491989136,1
13777,recon_00006.tiff,269338,2,dense_fc,1,0.6309857368469238,0.36901426315307617,2,0.6309857368469238,0.13098573684692383,1
13826,recon_00006.tiff,269953,1,dense_fc,1,0.43921130895614624,0.5607886910438538,1,0.5607886910438538,0.06078869104385376,1
13845,recon_00006.tiff,270255,2,dense_fc,1,0.6081692576408386,0.3918307423591614,2,0.6081692576408386,0.10816925764083862,1
13850,recon_00006.tiff,270385,1,dense_fc,1,0.37229129672050476,0.6277086734771729,1,0.6277086734771729,0.12770870327949524,1
13883,recon_00006.tiff,271152,2,dense_fc,1,0.6083735227584839,0.3916264772415161,2,0.6083735227584839,0.10837352275848389,1
14322,recon_00006.tiff,284250,1,dense_fc,1,0.49020442366600037,0.5097955465316772,1,0.5097955465316772,0.009795576333999634,1
14328,recon_00006.tiff,289851,1,dense_fc,1,0.528041422367096,0.47195857763290405,2,0.528041422367096,0.028041422367095947,0
2,recon_00006.tiff,57,1,cnn2,1,0.33798983693122864,0.6620101928710938,1,0.6620101928710938,0.16201016306877136,1
5,recon_00006.tiff,1508,1,cnn2,1,0.15025553107261658,0.849744439125061,1,0.849744439125061,0.3497444689273834,1
3664,recon_00006.tiff,54311,1,cnn2,1,0.183353990316391,0.8166459798812866,1,0.8166459798812866,0.316646009683609,1
3879,recon_00006.tiff,57586,1,cnn2,1,0.10945504903793335,0.8905449509620667,1,0.8905449509620667,0.39054495096206665,1
3974,recon_00006.tiff,59007,1,cnn2,1,0.31015658378601074,0.6898434162139893,1,0.6898434162139893,0.18984341621398926,1
4005,recon_00006.tiff,59422,1,cnn2,1,0.4829750061035156,0.5170249938964844,1,0.5170249938964844,0.017024993896484375,1
4055,recon_00006.tiff,60006,1,cnn2,1,0.29149696230888367,0.708503007888794,1,0.708503007888794,0.20850303769111633,1
5098,recon_00006.tiff,79144,1,cnn2,1,0.18111850321292877,0.8188815116882324,1,0.8188815116882324,0.3188815116882324,1
5363,recon_00006.tiff,83701,2,cnn2,1,0.7928629517555237,0.20713704824447632,2,0.7928629517555237,0.2928629517555237,1
5874,recon_00006.tiff,92525,1,cnn2,1,0.002509808400645852,0.9974901676177979,1,0.9974901676177979,0.49749019742012024,1
6237,recon_00006.tiff,101804,1,cnn2,1,0.4730358123779297,0.5269641876220703,1,0.5269641876220703,0.026964187622070312,1
6346,recon_00006.tiff,104374,2,cnn2,1,0.5768394470214844,0.4231605529785156,2,0.5768394470214844,0.07683944702148438,1
6378,recon_00006.tiff,105178,2,cnn2,1,0.8117132782936096,0.18828672170639038,2,0.8117132782936096,0.3117132782936096,1
6382,recon_00006.tiff,105284,1,cnn2,1,0.5069193243980408,0.49308067560195923,2,0.5069193243980408,0.0069193243980407715,0
6405,recon_00006.tiff,105879,1,cnn2,1,0.5173260569572449,0.4826739430427551,2,0.5173260569572449,0.017326056957244873,0
6508,recon_00006.tiff,108217,2,cnn2,1,0.28293517231941223,0.7170648574829102,1,0.7170648574829102,0.21706482768058777,0
6516,recon_00006.tiff,108316,1,cnn2,1,0.49347788095474243,0.5065221190452576,1,0.5065221190452576,0.006522119045257568,1
6563,recon_00006.tiff,108913,2,cnn2,1,0.47350460290908813,0.5264953970909119,1,0.5264953970909119,0.026495397090911865,0
6632,recon_00006.tiff,110025,2,cnn2,1,0.846624493598938,0.153375506401062,2,0.846624493598938,0.346624493598938,1
6637,recon_00006.tiff,110130,2,cnn2,1,0.8075593113899231,0.1924406886100769,2,0.8075593113899231,0.3075593113899231,1
6644,recon_00006.tiff,110244,2,cnn2,1,0.8130677938461304,0.18693220615386963,2,0.8130677938461304,0.31306779384613037,1
6664,recon_00006.tiff,110566,1,cnn2,1,0.2777920663356781,0.7222079038619995,1,0.7222079038619995,0.2222079336643219,1
6691,recon_00006.tiff,110911,2,cnn2,1,0.7612965703010559,0.2387034296989441,2,0.7612965703010559,0.2612965703010559,1
6713,recon_00006.tiff,111267,1,cnn2,1,0.23142695426940918,0.7685730457305908,1,0.7685730457305908,0.2685730457305908,1
6719,recon_00006.tiff,111381,1,cnn2,1,0.4661388099193573,0.5338611602783203,1,0.5338611602783203,0.0338611900806427,1
6722,recon_00006.tiff,111403,2,cnn2,1,0.8203881978988647,0.17961180210113525,2,0.8203881978988647,0.32038819789886475,1
6760,recon_00006.tiff,112059,1,cnn2,1,0.3995221257209778,0.6004778742790222,1,0.6004778742790222,0.10047787427902222,1
6768,recon_00006.tiff,112281,2,cnn2,1,0.8169970512390137,0.18300294876098633,2,0.8169970512390137,0.31699705123901367,1
6784,recon_00006.tiff,112504,1,cnn2,1,0.5676853060722351,0.4323146939277649,2,0.5676853060722351,0.06768530607223511,0
6785,recon_00006.tiff,112525,1,cnn2,1,0.05315689370036125,0.9468430876731873,1,0.9468430876731873,0.44684311747550964,1
6794,recon_00006.tiff,112637,1,cnn2,1,0.14015303552150726,0.8598469495773315,1,0.8598469495773315,0.35984694957733154,1
6796,recon_00006.tiff,112646,1,cnn2,1,0.12746572494506836,0.8725342750549316,1,0.8725342750549316,0.37253427505493164,1
6803,recon_00006.tiff,112760,2,cnn2,1,0.8883262872695923,0.11167371273040771,2,0.8883262872695923,0.3883262872695923,1
6842,recon_00006.tiff,113227,1,cnn2,1,0.306303471326828,0.6936964988708496,1,0.6936964988708496,0.193696528673172,1
6860,recon_00006.tiff,113479,2,cnn2,1,0.6066654324531555,0.3933345675468445,2,0.6066654324531555,0.10666543245315552,1
6900,recon_00006.tiff,113917,2,cnn2,1,0.26192113757133484,0.7380788326263428,1,0.7380788326263428,0.23807886242866516,0
6901,recon_00006.tiff,113918,1,cnn2,1,0.32425230741500854,0.6757476925849915,1,0.6757476925849915,0.17574769258499146,1
6982,recon_00006.tiff,115508,2,cnn2,1,0.6224480867385864,0.3775519132614136,2,0.6224480867385864,0.12244808673858643,1
7026,recon_00006.tiff,116706,1,cnn2,1,0.37179046869277954,0.6282095313072205,1,0.6282095313072205,0.12820953130722046,1
7034,recon_00006.tiff,116801,2,cnn2,1,0.7973456382751465,0.20265436172485352,2,0.7973456382751465,0.2973456382751465,1
7093,recon_00006.tiff,117983,1,cnn2,1,0.4029317796230316,0.597068190574646,1,0.597068190574646,0.09706822037696838,1
7108,recon_00006.tiff,118439,1,cnn2,1,0.3893504738807678,0.6106495261192322,1,0.6106495261192322,0.11064952611923218,1
7224,recon_00006.tiff,120884,1,cnn2,1,0.4084004759788513,0.5915995240211487,1,0.5915995240211487,0.09159952402114868,1
7383,recon_00006.tiff,126887,1,cnn2,1,0.18371355533599854,0.8162864446640015,1,0.8162864446640015,0.31628644466400146,1
7446,recon_00006.tiff,128879,2,cnn2,1,0.23095856606960297,0.7690414190292358,1,0.7690414190292358,0.26904141902923584,0
7450,recon_00006.tiff,129008,2,cnn2,1,0.832078218460083,0.167921781539917,2,0.832078218460083,0.332078218460083,1
7461,recon_00006.tiff,129356,1,cnn2,1,0.15374159812927246,0.8462584018707275,1,0.8462584018707275,0.34625840187072754,1
7472,recon_00006.tiff,129707,1,cnn2,1,0.40545299649238586,0.5945470333099365,1,0.5945470333099365,0.09454700350761414,1
8331,recon_00006.tiff,150931,1,cnn2,1,0.12769636511802673,0.8723036050796509,1,0.8723036050796509,0.37230363488197327,1
8342,recon_00006.tiff,151191,2,cnn2,1,0.7063196301460266,0.2936803698539734,2,0.7063196301460266,0.2063196301460266,1
8657,recon_00006.tiff,159626,2,cnn2,1,0.8087458610534668,0.1912541389465332,2,0.8087458610534668,0.3087458610534668,1
8662,recon_00006.tiff,159737,2,cnn2,1,0.8455709218978882,0.15442907810211182,2,0.8455709218978882,0.3455709218978882,1
8749,recon_00006.tiff,161789,2,cnn2,1,0.801259458065033,0.19874054193496704,2,0.801259458065033,0.30125945806503296,1
8770,recon_00006.tiff,162421,2,cnn2,1,0.6974114775657654,0.3025885224342346,2,0.6974114775657654,0.19741147756576538,1
8864,recon_00006.tiff,164988,2,cnn2,1,0.7995926737785339,0.20040732622146606,2,0.7995926737785339,0.29959267377853394,1
8898,recon_00006.tiff,165859,2,cnn2,1,0.8459269404411316,0.1540730595588684,2,0.8459269404411316,0.3459269404411316,1
13282,recon_00006.tiff,261278,1,cnn2,1,0.8367246389389038,0.1632753610610962,2,0.8367246389389038,0.3367246389389038,0
13417,recon_00006.tiff,263918,1,cnn2,1,0.7135486602783203,0.2864513397216797,2,0.7135486602783203,0.2135486602783203,0
13604,recon_00006.tiff,266602,2,cnn2,1,0.3635495901107788,0.6364504098892212,1,0.6364504098892212,0.1364504098892212,0
13692,recon_00006.tiff,267906,2,cnn2,1,0.7623798251152039,0.23762017488479614,2,0.7623798251152039,0.26237982511520386,1
13698,recon_00006.tiff,267988,2,cnn2,1,0.7580089569091797,0.2419910430908203,2,0.7580089569091797,0.2580089569091797,1
13762,recon_00006.tiff,269193,1,cnn2,1,0.4775269329547882,0.5224730968475342,1,0.5224730968475342,0.022473067045211792,1
13777,recon_00006.tiff,269338,2,cnn2,1,0.8405675888061523,0.15943241119384766,2,0.8405675888061523,0.34056758880615234,1
13826,recon_00006.tiff,269953,1,cnn2,1,0.23910744488239288,0.7608925700187683,1,0.7608925700187683,0.2608925700187683,1
13845,recon_00006.tiff,270255,2,cnn2,1,0.7127630114555359,0.2872369885444641,2,0.7127630114555359,0.2127630114555359,1
13850,recon_00006.tiff,270385,1,cnn2,1,0.2556638717651367,0.7443361282348633,1,0.7443361282348633,0.24433612823486328,1
13883,recon_00006.tiff,271152,2,cnn2,1,0.6826366782188416,0.31736332178115845,2,0.6826366782188416,0.18263667821884155,1
14322,recon_00006.tiff,284250,1,cnn2,1,0.24208557605743408,0.7579144239425659,1,0.7579144239425659,0.2579144239425659,1
14328,recon_00006.tiff,289851,1,cnn2,1,0.4628088176250458,0.5371911525726318,1,0.5371911525726318,0.037191182374954224,1
2,recon_00006.tiff,57,1,cnn3,1,0.1922568827867508,0.8077431321144104,1,0.8077431321144104,0.3077431321144104,1
5,recon_00006.tiff,1508,1,cnn3,1,0.0587315708398819,0.9412684440612793,1,0.9412684440612793,0.4412684440612793,1
3664,recon_00006.tiff,54311,1,cnn3,1,0.03189384937286377,0.9681061506271362,1,0.9681061506271362,0.46810615062713623,1
3879,recon_00006.tiff,57586,1,cnn3,1,0.0062668402679264545,0.9937331676483154,1,0.9937331676483154,0.49373316764831543,1
3974,recon_00006.tiff,59007,1,cnn3,1,0.034956492483615875,0.9650434851646423,1,0.9650434851646423,0.4650435149669647,1
4005,recon_00006.tiff,59422,1,cnn3,1,0.28889256715774536,0.7111074328422546,1,0.7111074328422546,0.21110743284225464,1
4055,recon_00006.tiff,60006,1,cnn3,1,0.031683556735515594,0.9683164358139038,1,0.9683164358139038,0.4683164358139038,1
5098,recon_00006.tiff,79144,1,cnn3,1,0.0201063621789217,0.9798936247825623,1,0.9798936247825623,0.47989362478256226,1
5363,recon_00006.tiff,83701,2,cnn3,1,0.9707286357879639,0.029271364212036133,2,0.9707286357879639,0.47072863578796387,1
5874,recon_00006.tiff,92525,1,cnn3,1,5.147361662238836e-05,0.9999485015869141,1,0.9999485015869141,0.49994853138923645,1
6237,recon_00006.tiff,101804,1,cnn3,1,0.15477494895458221,0.8452250361442566,1,0.8452250361442566,0.3452250361442566,1
6346,recon_00006.tiff,104374,2,cnn3,1,0.716061532497406,0.283938467502594,2,0.716061532497406,0.216061532497406,1
6378,recon_00006.tiff,105178,2,cnn3,1,0.9813622832298279,0.01863771677017212,2,0.9813622832298279,0.4813622832298279,1
6382,recon_00006.tiff,105284,1,cnn3,1,0.09448037296533585,0.9055196046829224,1,0.9055196046829224,0.40551963448524475,1
6405,recon_00006.tiff,105879,1,cnn3,1,0.37898924946784973,0.6210107803344727,1,0.6210107803344727,0.12101075053215027,1
6508,recon_00006.tiff,108217,2,cnn3,1,0.21701650321483612,0.7829834818840027,1,0.7829834818840027,0.2829834818840027,0
6516,recon_00006.tiff,108316,1,cnn3,1,0.4443291425704956,0.5556708574295044,1,0.5556708574295044,0.055670857429504395,1
6563,recon_00006.tiff,108913,2,cnn3,1,0.7266756296157837,0.2733243703842163,2,0.7266756296157837,0.2266756296157837,1
6632,recon_00006.tiff,110025,2,cnn3,1,0.986361026763916,0.013638973236083984,2,0.986361026763916,0.486361026763916,1
6637,recon_00006.tiff,110130,2,cnn3,1,0.950925886631012,0.04907411336898804,2,0.950925886631012,0.45092588663101196,1
6644,recon_00006.tiff,110244,2,cnn3,1,0.9499437808990479,0.05005621910095215,2,0.9499437808990479,0.44994378089904785,1
6664,recon_00006.tiff,110566,1,cnn3,1,0.01639947108924389,0.9836005568504333,1,0.9836005568504333,0.48360052704811096,1
6691,recon_00006.tiff,110911,2,cnn3,1,0.75692218542099,0.24307781457901,2,0.75692218542099,0.25692218542099,1
6713,recon_00006.tiff,111267,1,cnn3,1,0.01292690820991993,0.9870730638504028,1,0.9870730638504028,0.4870730936527252,1
6719,recon_00006.tiff,111381,1,cnn3,1,0.2139945924282074,0.7860053777694702,1,0.7860053777694702,0.2860054075717926,1
6722,recon_00006.tiff,111403,2,cnn3,1,0.9420448541641235,0.057955145835876465,2,0.9420448541641235,0.44204485416412354,1
6760,recon_00006.tiff,112059,1,cnn3,1,0.24299360811710358,0.7570064067840576,1,0.7570064067840576,0.2570064067840576,1
6768,recon_00006.tiff,112281,2,cnn3,1,0.9442014098167419,0.05579859018325806,2,0.9442014098167419,0.44420140981674194,1
6784,recon_00006.tiff,112504,1,cnn3,1,0.89887535572052,0.10112464427947998,2,0.89887535572052,0.39887535572052,0
6785,recon_00006.tiff,112525,1,cnn3,1,0.0006863862508907914,0.9993135929107666,1,0.9993135929107666,0.499313622713089,1
6794,recon_00006.tiff,112637,1,cnn3,1,0.0025724065490067005,0.9974275827407837,1,0.9974275827407837,0.4974275827407837,1
6796,recon_00006.tiff,112646,1,cnn3,1,0.00546779902651906,0.9945322275161743,1,0.9945322275161743,0.49453219771385193,1
6803,recon_00006.tiff,112760,2,cnn3,1,0.9893501400947571,0.01064985990524292,2,0.9893501400947571,0.4893501400947571,1
6842,recon_00006.tiff,113227,1,cnn3,1,0.04265525937080383,0.9573447704315186,1,0.9573447704315186,0.45734474062919617,1
6860,recon_00006.tiff,113479,2,cnn3,1,0.8871407508850098,0.11285924911499023,2,0.8871407508850098,0.38714075088500977,1
6900,recon_00006.tiff,113917,2,cnn3,1,0.2559199929237366,0.7440800070762634,1,0.7440800070762634,0.24408000707626343,0
6901,recon_00006.tiff,113918,1,cnn3,1,0.12970070540905,0.8702992796897888,1,0.8702992796897888,0.3702992796897888,1
6982,recon_00006.tiff,115508,2,cnn3,1,0.9137796759605408,0.08622032403945923,2,0.9137796759605408,0.41377967596054077,1
7026,recon_00006.tiff,116706,1,cnn3,1,0.2222907990217209,0.7777091860771179,1,0.7777091860771179,0.2777091860771179,1
7034,recon_00006.tiff,116801,2,cnn3,1,0.9774473905563354,0.02255260944366455,2,0.9774473905563354,0.47744739055633545,1
7093,recon_00006.tiff,117983,1,cnn3,1,0.3015753924846649,0.6984245777130127,1,0.6984245777130127,0.19842460751533508,1
7108,recon_00006.tiff,118439,1,cnn3,1,0.06053093820810318,0.939469039440155,1,0.939469039440155,0.4394690692424774,1
7224,recon_00006.tiff,120884,1,cnn3,1,0.04320590943098068,0.9567940831184387,1,0.9567940831184387,0.4567940831184387,1
7383,recon_00006.tiff,126887,1,cnn3,1,0.05983169749379158,0.9401683211326599,1,0.9401683211326599,0.4401682913303375,1
7446,recon_00006.tiff,128879,2,cnn3,1,0.5450129508972168,0.4549870491027832,2,0.5450129508972168,0.0450129508972168,1
7450,recon_00006.tiff,129008,2,cnn3,1,0.9940274953842163,0.005972504615783691,2,0.9940274953842163,0.4940274953842163,1
7461,recon_00006.tiff,129356,1,cnn3,1,0.08407982438802719,0.9159201979637146,1,0.9159201979637146,0.4159201681613922,1
7472,recon_00006.tiff,129707,1,cnn3,1,0.2562541365623474,0.7437458634376526,1,0.7437458634376526,0.2437458634376526,1
8331,recon_00006.tiff,150931,1,cnn3,1,0.029680563136935234,0.9703194499015808,1,0.9703194499015808,0.4703194499015808,1
8342,recon_00006.tiff,151191,2,cnn3,1,0.9653422832489014,0.03465771675109863,2,0.9653422832489014,0.46534228324890137,1
8657,recon_00006.tiff,159626,2,cnn3,1,0.9881911873817444,0.011808812618255615,2,0.9881911873817444,0.4881911873817444,1
8662,recon_00006.tiff,159737,2,cnn3,1,0.9943777918815613,0.005622208118438721,2,0.9943777918815613,0.4943777918815613,1
8749,recon_00006.tiff,161789,2,cnn3,1,0.9628516435623169,0.037148356437683105,2,0.9628516435623169,0.4628516435623169,1
8770,recon_00006.tiff,162421,2,cnn3,1,0.9571956396102905,0.04280436038970947,2,0.9571956396102905,0.4571956396102905,1
8864,recon_00006.tiff,164988,2,cnn3,1,0.9819025993347168,0.018097400665283203,2,0.9819025993347168,0.4819025993347168,1
8898,recon_00006.tiff,165859,2,cnn3,1,0.9873499274253845,0.012650072574615479,2,0.9873499274253845,0.4873499274253845,1
13282,recon_00006.tiff,261278,1,cnn3,1,0.9604741334915161,0.03952586650848389,2,0.9604741334915161,0.4604741334915161,0
13417,recon_00006.tiff,263918,1,cnn3,1,0.8276960849761963,0.1723039150238037,2,0.8276960849761963,0.3276960849761963,0
13604,recon_00006.tiff,266602,2,cnn3,1,0.13448739051818848,0.8655126094818115,1,0.8655126094818115,0.3655126094818115,0
13692,recon_00006.tiff,267906,2,cnn3,1,0.9779825210571289,0.022017478942871094,2,0.9779825210571289,0.4779825210571289,1
13698,recon_00006.tiff,267988,2,cnn3,1,0.9707633852958679,0.02923661470413208,2,0.9707633852958679,0.4707633852958679,1
13762,recon_00006.tiff,269193,1,cnn3,1,0.2536489963531494,0.7463510036468506,1,0.7463510036468506,0.24635100364685059,1
13777,recon_00006.tiff,269338,2,cnn3,1,0.979308545589447,0.02069145441055298,2,0.979308545589447,0.479308545589447,1
13826,recon_00006.tiff,269953,1,cnn3,1,0.10626913607120514,0.893730878829956,1,0.893730878829956,0.39373087882995605,1
13845,recon_00006.tiff,270255,2,cnn3,1,0.8800070881843567,0.11999291181564331,2,0.8800070881843567,0.3800070881843567,1
13850,recon_00006.tiff,270385,1,cnn3,1,0.12796232104301453,0.8720376491546631,1,0.8720376491546631,0.3720376789569855,1
13883,recon_00006.tiff,271152,2,cnn3,1,0.7138217687606812,0.28617823123931885,2,0.7138217687606812,0.21382176876068115,1
14322,recon_00006.tiff,284250,1,cnn3,1,0.18325603008270264,0.8167439699172974,1,0.8167439699172974,0.31674396991729736,1
14328,recon_00006.tiff,289851,1,cnn3,1,0.1911589652299881,0.8088410496711731,1,0.8088410496711731,0.3088410496711731,1
8,recon_00006.tiff,2649,1,random_forest,2,0.35133809523809517,0.6486619047619049,1,0.6486619047619049,0.14866190476190483,1
968,recon_00006.tiff,17822,1,random_forest,2,0.011866666666666668,0.9881333333333333,1,0.9881333333333333,0.4881333333333333,1
3694,recon_00006.tiff,54723,1,random_forest,2,0.0,1.0,1,1.0,0.5,1
3700,recon_00006.tiff,54828,1,random_forest,2,0.011166666666666667,0.9888333333333333,1,0.9888333333333333,0.48883333333333334,1
3712,recon_00006.tiff,55012,1,random_forest,2,0.0,1.0,1,1.0,0.5,1
3713,recon_00006.tiff,55013,1,random_forest,2,0.03773333333333334,0.9622666666666666,1,0.9622666666666666,0.46226666666666666,1
3927,recon_00006.tiff,58290,1,random_forest,2,0.0,1.0,1,1.0,0.5,1
3983,recon_00006.tiff,59105,1,random_forest,2,0.0,1.0,1,1.0,0.5,1
5362,recon_00006.tiff,83700,1,random_forest,2,0.0012,0.9988,1,0.9988,0.4988,1
5829,recon_00006.tiff,91756,2,random_forest,2,0.12730000000000005,0.8726999999999999,1,0.8726999999999999,0.3726999999999999,0
6040,recon_00006.tiff,95924,1,random_forest,2,0.003666666666666666,0.9963333333333333,1,0.9963333333333333,0.49633333333333335,1
6104,recon_00006.tiff,97777,1,random_forest,2,0.0,1.0,1,1.0,0.5,1
6324,recon_00006.tiff,103918,1,random_forest,2,0.0,1.0,1,1.0,0.5,1
6414,recon_00006.tiff,106017,1,random_forest,2,0.3096619047619047,0.6903380952380953,1,0.6903380952380953,0.1903380952380953,1
6531,recon_00006.tiff,108437,2,random_forest,2,0.9971666666666668,0.0028333333333332433,2,0.9971666666666668,0.49716666666666676,1
6544,recon_00006.tiff,108577,1,random_forest,2,0.5835428571428573,0.41645714285714275,2,0.5835428571428573,0.08354285714285725,0
6556,recon_00006.tiff,108812,2,random_forest,2,0.9956666666666667,0.0043333333333333,2,0.9956666666666667,0.4956666666666667,1
6604,recon_00006.tiff,109517,2,random_forest,2,0.999,0.0010000000000000009,2,0.999,0.499,1
6652,recon_00006.tiff,110346,2,random_forest,2,1.0,0.0,2,1.0,0.5,1
6674,recon_00006.tiff,110690,2,random_forest,2,0.996,0.0040000000000000036,2,0.996,0.496,1
6676,recon_00006.tiff,110693,1,random_forest,2,0.002333333333333333,0.9976666666666667,1,0.9976666666666667,0.49766666666666665,1
6684,recon_00006.tiff,110799,2,random_forest,2,0.9966666666666666,0.0033333333333334103,2,0.9966666666666666,0.4966666666666666,1
6698,recon_00006.tiff,111000,2,random_forest,2,0.9643142857142857,0.03568571428571432,2,0.9643142857142857,0.4643142857142857,1
6705,recon_00006.tiff,111141,2,random_forest,2,1.0,0.0,2,1.0,0.5,1
6732,recon_00006.tiff,111632,2,random_forest,2,0.8871333333333332,0.11286666666666678,2,0.8871333333333332,0.3871333333333332,1
6776,recon_00006.tiff,112396,2,random_forest,2,0.8886809523809522,0.11131904761904776,2,0.8886809523809522,0.38868095238095224,1
6861,recon_00006.tiff,113480,2,random_forest,2,0.9585666666666666,0.04143333333333343,2,0.9585666666666666,0.45856666666666657,1
6964,recon_00006.tiff,115174,1,random_forest,2,0.001,0.999,1,0.999,0.499,1
7019,recon_00006.tiff,116615,1,random_forest,2,0.03713333333333334,0.9628666666666666,1,0.9628666666666666,0.46286666666666665,1
7020,recon_00006.tiff,116616,1,random_forest,2,0.05213333333333332,0.9478666666666666,1,0.9478666666666666,0.4478666666666667,1
7051,recon_00006.tiff,117078,1,random_forest,2,0.0,1.0,1,1.0,0.5,1
7145,recon_00006.tiff,119128,1,random_forest,2,0.0,1.0,1,1.0,0.5,1
7185,recon_00006.tiff,119902,1,random_forest,2,0.0,1.0,1,1.0,0.5,1
7219,recon_00006.tiff,120754,1,random_forest,2,0.004,0.996,1,0.996,0.496,1
7220,recon_00006.tiff,120755,1,random_forest,2,0.0,1.0,1,1.0,0.5,1
7225,recon_00006.tiff,120885,1,random_forest,2,0.0,1.0,1,1.0,0.5,1
7229,recon_00006.tiff,120996,1,random_forest,2,0.0013333333333333333,0.9986666666666667,1,0.9986666666666667,0.49866666666666665,1
7361,recon_00006.tiff,125956,2,random_forest,2,0.9973333333333334,0.002666666666666595,2,0.9973333333333334,0.4973333333333334,1
7397,recon_00006.tiff,127251,2,random_forest,2,1.0,0.0,2,1.0,0.5,1
7411,recon_00006.tiff,127712,1,random_forest,2,0.003,0.997,1,0.997,0.497,1
7417,recon_00006.tiff,127935,2,random_forest,2,1.0,0.0,2,1.0,0.5,1
7444,recon_00006.tiff,128877,1,random_forest,2,0.012666666666666668,0.9873333333333333,1,0.9873333333333333,0.48733333333333334,1
8353,recon_00006.tiff,151638,2,random_forest,2,1.0,0.0,2,1.0,0.5,1
8401,recon_00006.tiff,153152,2,random_forest,2,1.0,0.0,2,1.0,0.5,1
8538,recon_00006.tiff,156602,2,random_forest,2,1.0,0.0,2,1.0,0.5,1
8574,recon_00006.tiff,157529,2,random_forest,2,1.0,0.0,2,1.0,0.5,1
8738,recon_00006.tiff,161489,2,random_forest,2,0.9165666666666666,0.08343333333333336,2,0.9165666666666666,0.41656666666666664,1
8771,recon_00006.tiff,162422,2,random_forest,2,0.9536666666666666,0.04633333333333345,2,0.9536666666666666,0.45366666666666655,1
8826,recon_00006.tiff,164170,2,random_forest,2,1.0,0.0,2,1.0,0.5,1
8925,recon_00006.tiff,166362,2,random_forest,2,0.9636809523809522,0.036319047619047806,2,0.9636809523809522,0.4636809523809522,1
8926,recon_00006.tiff,166363,2,random_forest,2,0.9387688311688311,0.06123116883116886,2,0.9387688311688311,0.43876883116883114,1
13402,recon_00006.tiff,263579,1,random_forest,2,0.9033000000000001,0.0966999999999999,2,0.9033000000000001,0.4033000000000001,0
13425,recon_00006.tiff,264079,1,random_forest,2,0.6675021645021646,0.3324978354978354,2,0.6675021645021646,0.1675021645021646,0
13557,recon_00006.tiff,265931,1,random_forest,2,0.0935,0.9065,1,0.9065,0.4065,1
13564,recon_00006.tiff,266001,1,random_forest,2,0.007333333333333333,0.9926666666666667,1,0.9926666666666667,0.49266666666666664,1
13627,recon_00006.tiff,266901,2,random_forest,2,0.7032428571428571,0.29675714285714294,2,0.7032428571428571,0.20324285714285706,1
13709,recon_00006.tiff,268275,1,random_forest,2,0.001,0.999,1,0.999,0.499,1
13714,recon_00006.tiff,268340,2,random_forest,2,0.998,0.0020000000000000018,2,0.998,0.498,1
13715,recon_00006.tiff,268406,1,random_forest,2,0.013,0.987,1,0.987,0.487,1
13732,recon_00006.tiff,268730,1,random_forest,2,0.06090000000000001,0.9391,1,0.9391,0.4391,1
13767,recon_00006.tiff,269258,1,random_forest,2,0.015666666666666666,0.9843333333333333,1,0.9843333333333333,0.48433333333333334,1
13781,recon_00006.tiff,269422,2,random_forest,2,0.996,0.0040000000000000036,2,0.996,0.496,1
13809,recon_00006.tiff,269729,2,random_forest,2,1.0,0.0,2,1.0,0.5,1
13839,recon_00006.tiff,270181,2,random_forest,2,0.9899666666666666,0.01003333333333345,2,0.9899666666666666,0.48996666666666655,1
13854,recon_00006.tiff,270459,1,random_forest,2,0.005,0.995,1,0.995,0.495,1
13882,recon_00006.tiff,271151,2,random_forest,2,0.9973333333333334,0.002666666666666595,2,0.9973333333333334,0.4973333333333334,1
13887,recon_00006.tiff,271237,2,random_forest,2,0.9802333333333333,0.01976666666666671,2,0.9802333333333333,0.4802333333333333,1
14313,recon_00006.tiff,279465,1,random_forest,2,0.0068,0.9932,1,0.9932,0.4932,1
14323,recon_00006.tiff,285129,1,random_forest,2,0.006466666666666666,0.9935333333333334,1,0.9935333333333334,0.4935333333333333,1
8,recon_00006.tiff,2649,1,dense_fc,2,0.30594295263290405,0.694057047367096,1,0.694057047367096,0.19405704736709595,1
968,recon_00006.tiff,17822,1,dense_fc,2,0.07244454324245453,0.9275554418563843,1,0.9275554418563843,0.4275554418563843,1
3694,recon_00006.tiff,54723,1,dense_fc,2,0.0021005203016102314,0.9978994727134705,1,0.9978994727134705,0.49789947271347046,1
3700,recon_00006.tiff,54828,1,dense_fc,2,0.0023557529784739017,0.9976442456245422,1,0.9976442456245422,0.49764424562454224,1
3712,recon_00006.tiff,55012,1,dense_fc,2,0.001045268727466464,0.998954713344574,1,0.998954713344574,0.49895474314689636,1
3713,recon_00006.tiff,55013,1,dense_fc,2,0.0011468329466879368,0.9988531470298767,1,0.9988531470298767,0.4988531768321991,1
3927,recon_00006.tiff,58290,1,dense_fc,2,0.0001978581422008574,0.9998021125793457,1,0.9998021125793457,0.4998021423816681,1
3983,recon_00006.tiff,59105,1,dense_fc,2,0.0016219475073739886,0.9983780384063721,1,0.9983780384063721,0.49837803840637207,1
5362,recon_00006.tiff,83700,1,dense_fc,2,0.006580008193850517,0.9934200048446655,1,0.9934200048446655,0.4934200048446655,1
5829,recon_00006.tiff,91756,2,dense_fc,2,0.03308376669883728,0.9669162034988403,1,0.9669162034988403,0.4669162333011627,0
6040,recon_00006.tiff,95924,1,dense_fc,2,0.00013561244122684002,0.999864399433136,1,0.999864399433136,0.499864399433136,1
6104,recon_00006.tiff,97777,1,dense_fc,2,2.0896788555546664e-05,0.9999790787696838,1,0.9999790787696838,0.4999791085720062,1
6324,recon_00006.tiff,103918,1,dense_fc,2,3.627650221460499e-05,0.9999637007713318,1,0.9999637007713318,0.4999637305736542,1
6414,recon_00006.tiff,106017,1,dense_fc,2,0.2609248161315918,0.7390751838684082,1,0.7390751838684082,0.2390751838684082,1
6531,recon_00006.tiff,108437,2,dense_fc,2,0.9919426441192627,0.008057355880737305,2,0.9919426441192627,0.4919426441192627,1
6544,recon_00006.tiff,108577,1,dense_fc,2,0.4949539303779602,0.5050460696220398,1,0.5050460696220398,0.005046069622039795,1
6556,recon_00006.tiff,108812,2,dense_fc,2,0.9974355101585388,0.0025644898414611816,2,0.9974355101585388,0.4974355101585388,1
6604,recon_00006.tiff,109517,2,dense_fc,2,0.9914203882217407,0.008579611778259277,2,0.9914203882217407,0.4914203882217407,1
6652,recon_00006.tiff,110346,2,dense_fc,2,0.9954096674919128,0.004590332508087158,2,0.9954096674919128,0.49540966749191284,1
6674,recon_00006.tiff,110690,2,dense_fc,2,0.9932152032852173,0.006784796714782715,2,0.9932152032852173,0.4932152032852173,1
6676,recon_00006.tiff,110693,1,dense_fc,2,0.002177306218072772,0.9978227019309998,1,0.9978227019309998,0.49782270193099976,1
6684,recon_00006.tiff,110799,2,dense_fc,2,0.9952906370162964,0.004709362983703613,2,0.9952906370162964,0.4952906370162964,1
6698,recon_00006.tiff,111000,2,dense_fc,2,0.9364975094795227,0.0635024905204773,2,0.9364975094795227,0.4364975094795227,1
6705,recon_00006.tiff,111141,2,dense_fc,2,0.9966654181480408,0.0033345818519592285,2,0.9966654181480408,0.49666541814804077,1
6732,recon_00006.tiff,111632,2,dense_fc,2,0.7945356369018555,0.20546436309814453,2,0.7945356369018555,0.29453563690185547,1
6776,recon_00006.tiff,112396,2,dense_fc,2,0.8095453977584839,0.1904546022415161,2,0.8095453977584839,0.3095453977584839,1
6861,recon_00006.tiff,113480,2,dense_fc,2,0.9806702136993408,0.01932978630065918,2,0.9806702136993408,0.4806702136993408,1
6964,recon_00006.tiff,115174,1,dense_fc,2,0.018926065415143967,0.9810739159584045,1,0.9810739159584045,0.48107394576072693,1
7019,recon_00006.tiff,116615,1,dense_fc,2,0.0001132330799009651,0.9998867511749268,1,0.9998867511749268,0.49988678097724915,1
7020,recon_00006.tiff,116616,1,dense_fc,2,0.0002045681612798944,0.9997954368591309,1,0.9997954368591309,0.49979543685913086,1
7051,recon_00006.tiff,117078,1,dense_fc,2,9.972069528885186e-05,0.9999002814292908,1,0.9999002814292908,0.49990028142929077,1
7145,recon_00006.tiff,119128,1,dense_fc,2,0.01052058581262827,0.9894794225692749,1,0.9894794225692749,0.4894794225692749,1
7185,recon_00006.tiff,119902,1,dense_fc,2,0.008180850185453892,0.9918191432952881,1,0.9918191432952881,0.4918191432952881,1
7219,recon_00006.tiff,120754,1,dense_fc,2,0.01036828849464655,0.989631712436676,1,0.989631712436676,0.489631712436676,1
7220,recon_00006.tiff,120755,1,dense_fc,2,0.008071609772741795,0.9919283986091614,1,0.9919283986091614,0.4919283986091614,1
7225,recon_00006.tiff,120885,1,dense_fc,2,0.004558404441922903,0.9954416155815125,1,0.9954416155815125,0.49544158577919006,1
7229,recon_00006.tiff,120996,1,dense_fc,2,0.002339625032618642,0.9976603984832764,1,0.9976603984832764,0.497660368680954,1
7361,recon_00006.tiff,125956,2,dense_fc,2,0.9947750568389893,0.005224943161010742,2,0.9947750568389893,0.49477505683898926,1
7397,recon_00006.tiff,127251,2,dense_fc,2,0.9959056377410889,0.004094362258911133,2,0.9959056377410889,0.49590563774108887,1
7411,recon_00006.tiff,127712,1,dense_fc,2,0.049460433423519135,0.9505395889282227,1,0.9505395889282227,0.45053955912590027,1
7417,recon_00006.tiff,127935,2,dense_fc,2,0.9855948686599731,0.014405131340026855,2,0.9855948686599731,0.48559486865997314,1
7444,recon_00006.tiff,128877,1,dense_fc,2,0.16581425070762634,0.8341857194900513,1,0.8341857194900513,0.33418574929237366,1
8353,recon_00006.tiff,151638,2,dense_fc,2,0.9924952983856201,0.007504701614379883,2,0.9924952983856201,0.4924952983856201,1
8401,recon_00006.tiff,153152,2,dense_fc,2,0.9942533373832703,0.005746662616729736,2,0.9942533373832703,0.49425333738327026,1
8538,recon_00006.tiff,156602,2,dense_fc,2,0.9900088310241699,0.009991168975830078,2,0.9900088310241699,0.4900088310241699,1
8574,recon_00006.tiff,157529,2,dense_fc,2,0.9908888339996338,0.009111166000366211,2,0.9908888339996338,0.4908888339996338,1
8738,recon_00006.tiff,161489,2,dense_fc,2,0.9880608320236206,0.011939167976379395,2,0.9880608320236206,0.4880608320236206,1
8771,recon_00006.tiff,162422,2,dense_fc,2,0.9298020601272583,0.0701979398727417,2,0.9298020601272583,0.4298020601272583,1
8826,recon_00006.tiff,164170,2,dense_fc,2,0.994611382484436,0.005388617515563965,2,0.994611382484436,0.49461138248443604,1
8925,recon_00006.tiff,166362,2,dense_fc,2,0.982056200504303,0.01794379949569702,2,0.982056200504303,0.482056200504303,1
8926,recon_00006.tiff,166363,2,dense_fc,2,0.9903746247291565,0.009625375270843506,2,0.9903746247291565,0.4903746247291565,1
13402,recon_00006.tiff,263579,1,dense_fc,2,0.9240240454673767,0.07597595453262329,2,0.9240240454673767,0.4240240454673767,0
13425,recon_00006.tiff,264079,1,dense_fc,2,0.9538595080375671,0.04614049196243286,2,0.9538595080375671,0.45385950803756714,0
13557,recon_00006.tiff,265931,1,dense_fc,2,0.03525420278310776,0.964745819568634,1,0.964745819568634,0.46474578976631165,1
13564,recon_00006.tiff,266001,1,dense_fc,2,0.0021806610748171806,0.9978193640708923,1,0.9978193640708923,0.49781933426856995,1
13627,recon_00006.tiff,266901,2,dense_fc,2,0.5248580574989319,0.4751419425010681,2,0.5248580574989319,0.024858057498931885,1
13709,recon_00006.tiff,268275,1,dense_fc,2,0.08558564633131027,0.9144143462181091,1,0.9144143462181091,0.41441434621810913,1
13714,recon_00006.tiff,268340,2,dense_fc,2,0.98387211561203,0.01612788438796997,2,0.98387211561203,0.48387211561203003,1
13715,recon_00006.tiff,268406,1,dense_fc,2,0.16021761298179626,0.8397823572158813,1,0.8397823572158813,0.33978238701820374,1
13732,recon_00006.tiff,268730,1,dense_fc,2,0.16594348847866058,0.8340564966201782,1,0.8340564966201782,0.3340564966201782,1
13767,recon_00006.tiff,269258,1,dense_fc,2,0.11307045817375183,0.8869295120239258,1,0.8869295120239258,0.38692954182624817,1
13781,recon_00006.tiff,269422,2,dense_fc,2,0.9930264949798584,0.0069735050201416016,2,0.9930264949798584,0.4930264949798584,1
13809,recon_00006.tiff,269729,2,dense_fc,2,0.9873598217964172,0.012640178203582764,2,0.9873598217964172,0.48735982179641724,1
13839,recon_00006.tiff,270181,2,dense_fc,2,0.987236738204956,0.012763261795043945,2,0.987236738204956,0.48723673820495605,1
13854,recon_00006.tiff,270459,1,dense_fc,2,0.10759592801332474,0.8924040794372559,1,0.8924040794372559,0.39240407943725586,1
13882,recon_00006.tiff,271151,2,dense_fc,2,0.9912449717521667,0.008755028247833252,2,0.9912449717521667,0.49124497175216675,1
13887,recon_00006.tiff,271237,2,dense_fc,2,0.9818429350852966,0.01815706491470337,2,0.9818429350852966,0.48184293508529663,1
14313,recon_00006.tiff,279465,1,dense_fc,2,0.047385282814502716,0.9526147246360779,1,0.9526147246360779,0.4526147246360779,1
14323,recon_00006.tiff,285129,1,dense_fc,2,0.0459536612033844,0.954046368598938,1,0.954046368598938,0.4540463387966156,1
8,recon_00006.tiff,2649,1,cnn2,2,0.21456727385520935,0.7854326963424683,1,0.7854326963424683,0.28543272614479065,1
968,recon_00006.tiff,17822,1,cnn2,2,0.14761191606521606,0.8523880839347839,1,0.8523880839347839,0.35238808393478394,1
3694,recon_00006.tiff,54723,1,cnn2,2,0.09829700738191605,0.9017030000686646,1,0.9017030000686646,0.40170300006866455,1
3700,recon_00006.tiff,54828,1,cnn2,2,0.05534861236810684,0.9446513652801514,1,0.9446513652801514,0.44465139508247375,1
3712,recon_00006.tiff,55012,1,cnn2,2,0.06514859199523926,0.9348514080047607,1,0.9348514080047607,0.43485140800476074,1
3713,recon_00006.tiff,55013,1,cnn2,2,0.009474702179431915,0.9905253052711487,1,0.9905253052711487,0.4905253052711487,1
3927,recon_00006.tiff,58290,1,cnn2,2,0.02022840641438961,0.979771614074707,1,0.979771614074707,0.47977158427238464,1
3983,recon_00006.tiff,59105,1,cnn2,2,0.1317681074142456,0.8682318925857544,1,0.8682318925857544,0.3682318925857544,1
5362,recon_00006.tiff,83700,1,cnn2,2,0.014612449333071709,0.9853875637054443,1,0.9853875637054443,0.48538756370544434,1
5829,recon_00006.tiff,91756,2,cnn2,2,0.029580997303128242,0.9704189896583557,1,0.9704189896583557,0.4704189896583557,0
6040,recon_00006.tiff,95924,1,cnn2,2,0.004252567421644926,0.995747447013855,1,0.995747447013855,0.495747447013855,1
6104,recon_00006.tiff,97777,1,cnn2,2,0.010657748207449913,0.9893422722816467,1,0.9893422722816467,0.48934224247932434,1
6324,recon_00006.tiff,103918,1,cnn2,2,0.00028568593552336097,0.9997143149375916,1,0.9997143149375916,0.49971431493759155,1
6414,recon_00006.tiff,106017,1,cnn2,2,0.4970036745071411,0.5029963254928589,1,0.5029963254928589,0.0029963254928588867,1
6531,recon_00006.tiff,108437,2,cnn2,2,0.9275295734405518,0.07247042655944824,2,0.9275295734405518,0.42752957344055176,1
6544,recon_00006.tiff,108577,1,cnn2,2,0.5555928945541382,0.4444071054458618,2,0.5555928945541382,0.055592894554138184,0
6556,recon_00006.tiff,108812,2,cnn2,2,0.8917604088783264,0.10823959112167358,2,0.8917604088783264,0.3917604088783264,1
6604,recon_00006.tiff,109517,2,cnn2,2,0.9004300236701965,0.09956997632980347,2,0.9004300236701965,0.40043002367019653,1
6652,recon_00006.tiff,110346,2,cnn2,2,0.9583568572998047,0.04164314270019531,2,0.9583568572998047,0.4583568572998047,1
6674,recon_00006.tiff,110690,2,cnn2,2,0.8267031311988831,0.17329686880111694,2,0.8267031311988831,0.32670313119888306,1
6676,recon_00006.tiff,110693,1,cnn2,2,0.05134952813386917,0.9486504793167114,1,0.9486504793167114,0.4486504793167114,1
6684,recon_00006.tiff,110799,2,cnn2,2,0.9333025217056274,0.06669747829437256,2,0.9333025217056274,0.43330252170562744,1
6698,recon_00006.tiff,111000,2,cnn2,2,0.8432003259658813,0.15679967403411865,2,0.8432003259658813,0.34320032596588135,1
6705,recon_00006.tiff,111141,2,cnn2,2,0.8841978907585144,0.1158021092414856,2,0.8841978907585144,0.3841978907585144,1
6732,recon_00006.tiff,111632,2,cnn2,2,0.6167131066322327,0.38328689336776733,2,0.6167131066322327,0.11671310663223267,1
6776,recon_00006.tiff,112396,2,cnn2,2,0.7331787943840027,0.2668212056159973,2,0.7331787943840027,0.23317879438400269,1
6861,recon_00006.tiff,113480,2,cnn2,2,0.7205904126167297,0.27940958738327026,2,0.7205904126167297,0.22059041261672974,1
6964,recon_00006.tiff,115174,1,cnn2,2,0.24724683165550232,0.7527531385421753,1,0.7527531385421753,0.2527531683444977,1
7019,recon_00006.tiff,116615,1,cnn2,2,0.007057292852550745,0.9929426908493042,1,0.9929426908493042,0.4929427206516266,1
7020,recon_00006.tiff,116616,1,cnn2,2,0.010846130549907684,0.9891538619995117,1,0.9891538619995117,0.4891538619995117,1
7051,recon_00006.tiff,117078,1,cnn2,2,0.0013033697614446282,0.9986966252326965,1,0.9986966252326965,0.49869662523269653,1
7145,recon_00006.tiff,119128,1,cnn2,2,0.26828324794769287,0.7317167520523071,1,0.7317167520523071,0.23171675205230713,1
7185,recon_00006.tiff,119902,1,cnn2,2,0.21619772911071777,0.7838022708892822,1,0.7838022708892822,0.2838022708892822,1
7219,recon_00006.tiff,120754,1,cnn2,2,0.26141783595085144,0.7385821342468262,1,0.7385821342468262,0.23858216404914856,1
7220,recon_00006.tiff,120755,1,cnn2,2,0.19020262360572815,0.8097974061965942,1,0.8097974061965942,0.30979737639427185,1
7225,recon_00006.tiff,120885,1,cnn2,2,0.2012423872947693,0.7987576127052307,1,0.7987576127052307,0.2987576127052307,1
7229,recon_00006.tiff,120996,1,cnn2,2,0.15111076831817627,0.8488892316818237,1,0.8488892316818237,0.34888923168182373,1
7361,recon_00006.tiff,125956,2,cnn2,2,0.9256599545478821,0.07434004545211792,2,0.9256599545478821,0.4256599545478821,1
7397,recon_00006.tiff,127251,2,cnn2,2,0.9376929998397827,0.062307000160217285,2,0.9376929998397827,0.4376929998397827,1
7411,recon_00006.tiff,127712,1,cnn2,2,0.3328310549259186,0.6671689748764038,1,0.6671689748764038,0.16716894507408142,1
7417,recon_00006.tiff,127935,2,cnn2,2,0.8722479343414307,0.12775206565856934,2,0.8722479343414307,0.37224793434143066,1
7444,recon_00006.tiff,128877,1,cnn2,2,0.32297492027282715,0.6770250797271729,1,0.6770250797271729,0.17702507972717285,1
8353,recon_00006.tiff,151638,2,cnn2,2,0.9263049364089966,0.07369506359100342,2,0.9263049364089966,0.4263049364089966,1
8401,recon_00006.tiff,153152,2,cnn2,2,0.8625637292861938,0.13743627071380615,2,0.8625637292861938,0.36256372928619385,1
8538,recon_00006.tiff,156602,2,cnn2,2,0.905647337436676,0.09435266256332397,2,0.905647337436676,0.405647337436676,1
8574,recon_00006.tiff,157529,2,cnn2,2,0.8747828006744385,0.12521719932556152,2,0.8747828006744385,0.3747828006744385,1
8738,recon_00006.tiff,161489,2,cnn2,2,0.9166539907455444,0.08334600925445557,2,0.9166539907455444,0.41665399074554443,1
8771,recon_00006.tiff,162422,2,cnn2,2,0.8475841283798218,0.15241587162017822,2,0.8475841283798218,0.3475841283798218,1
8826,recon_00006.tiff,164170,2,cnn2,2,0.8974665403366089,0.10253345966339111,2,0.8974665403366089,0.3974665403366089,1
8925,recon_00006.tiff,166362,2,cnn2,2,0.922410249710083,0.07758975028991699,2,0.922410249710083,0.422410249710083,1
8926,recon_00006.tiff,166363,2,cnn2,2,0.9459842443466187,0.05401575565338135,2,0.9459842443466187,0.44598424434661865,1
13402,recon_00006.tiff,263579,1,cnn2,2,0.7380291819572449,0.2619708180427551,2,0.7380291819572449,0.23802918195724487,0
13425,recon_00006.tiff,264079,1,cnn2,2,0.8591082692146301,0.14089173078536987,2,0.8591082692146301,0.3591082692146301,0
13557,recon_00006.tiff,265931,1,cnn2,2,0.09849326312541962,0.9015067219734192,1,0.9015067219734192,0.4015067219734192,1
13564,recon_00006.tiff,266001,1,cnn2,2,0.06729832291603088,0.9327017068862915,1,0.9327017068862915,0.4327016770839691,1
13627,recon_00006.tiff,266901,2,cnn2,2,0.610260546207428,0.389739453792572,2,0.610260546207428,0.11026054620742798,1
13709,recon_00006.tiff,268275,1,cnn2,2,0.2564800977706909,0.7435199022293091,1,0.7435199022293091,0.24351990222930908,1
13714,recon_00006.tiff,268340,2,cnn2,2,0.8757240772247314,0.12427592277526855,2,0.8757240772247314,0.37572407722473145,1
13715,recon_00006.tiff,268406,1,cnn2,2,0.20200788974761963,0.7979921102523804,1,0.7979921102523804,0.29799211025238037,1
13732,recon_00006.tiff,268730,1,cnn2,2,0.21319200098514557,0.7868080139160156,1,0.7868080139160156,0.2868080139160156,1
13767,recon_00006.tiff,269258,1,cnn2,2,0.2059471756219864,0.7940528392791748,1,0.7940528392791748,0.2940528392791748,1
13781,recon_00006.tiff,269422,2,cnn2,2,0.9176564812660217,0.08234351873397827,2,0.9176564812660217,0.41765648126602173,1
13809,recon_00006.tiff,269729,2,cnn2,2,0.8900279998779297,0.10997200012207031,2,0.8900279998779297,0.3900279998779297,1
13839,recon_00006.tiff,270181,2,cnn2,2,0.9010385870933533,0.09896141290664673,2,0.9010385870933533,0.40103858709335327,1
13854,recon_00006.tiff,270459,1,cnn2,2,0.20150837302207947,0.7984915971755981,1,0.7984915971755981,0.29849162697792053,1
13882,recon_00006.tiff,271151,2,cnn2,2,0.8800257444381714,0.11997425556182861,2,0.8800257444381714,0.3800257444381714,1
13887,recon_00006.tiff,271237,2,cnn2,2,0.802302896976471,0.19769710302352905,2,0.802302896976471,0.30230289697647095,1
14313,recon_00006.tiff,279465,1,cnn2,2,0.12146267294883728,0.8785372972488403,1,0.8785372972488403,0.3785373270511627,1
14323,recon_00006.tiff,285129,1,cnn2,2,0.10865598171949387,0.8913440108299255,1,0.8913440108299255,0.39134401082992554,1
8,recon_00006.tiff,2649,1,cnn3,2,0.19400827586650848,0.8059917092323303,1,0.8059917092323303,0.3059917092323303,1
968,recon_00006.tiff,17822,1,cnn3,2,0.11146141588687897,0.8885385990142822,1,0.8885385990142822,0.3885385990142822,1
3694,recon_00006.tiff,54723,1,cnn3,2,0.19251903891563416,0.8074809312820435,1,0.8074809312820435,0.30748096108436584,1
3700,recon_00006.tiff,54828,1,cnn3,2,0.16679172217845917,0.8332082629203796,1,0.8332082629203796,0.33320826292037964,1
3712,recon_00006.tiff,55012,1,cnn3,2,0.18405720591545105,0.8159427642822266,1,0.8159427642822266,0.31594279408454895,1
3713,recon_00006.tiff,55013,1,cnn3,2,0.015701549127697945,0.9842984676361084,1,0.9842984676361084,0.484298437833786,1
3927,recon_00006.tiff,58290,1,cnn3,2,0.12410163134336472,0.8758983612060547,1,0.8758983612060547,0.3758983612060547,1
3983,recon_00006.tiff,59105,1,cnn3,2,0.26376834511756897,0.7362316846847534,1,0.7362316846847534,0.23623165488243103,1
5362,recon_00006.tiff,83700,1,cnn3,2,0.020711323246359825,0.9792886972427368,1,0.9792886972427368,0.47928866744041443,1
5829,recon_00006.tiff,91756,2,cnn3,2,0.012749604880809784,0.9872503876686096,1,0.9872503876686096,0.4872503876686096,0
6040,recon_00006.tiff,95924,1,cnn3,2,0.020081473514437675,0.9799185395240784,1,0.9799185395240784,0.47991853952407837,1
6104,recon_00006.tiff,97777,1,cnn3,2,0.46343979239463806,0.5365601778030396,1,0.5365601778030396,0.03656020760536194,1
6324,recon_00006.tiff,103918,1,cnn3,2,0.0010771823581308126,0.9989228248596191,1,0.9989228248596191,0.49892282485961914,1
6414,recon_00006.tiff,106017,1,cnn3,2,0.5303833484649658,0.4696166515350342,2,0.5303833484649658,0.03038334846496582,0
6531,recon_00006.tiff,108437,2,cnn3,2,0.9908088445663452,0.009191155433654785,2,0.9908088445663452,0.4908088445663452,1
6544,recon_00006.tiff,108577,1,cnn3,2,0.6935446262359619,0.3064553737640381,2,0.6935446262359619,0.19354462623596191,0
6556,recon_00006.tiff,108812,2,cnn3,2,0.9917997121810913,0.008200287818908691,2,0.9917997121810913,0.4917997121810913,1
6604,recon_00006.tiff,109517,2,cnn3,2,0.9933720827102661,0.006627917289733887,2,0.9933720827102661,0.4933720827102661,1
6652,recon_00006.tiff,110346,2,cnn3,2,0.9989396929740906,0.0010603070259094238,2,0.9989396929740906,0.4989396929740906,1
6674,recon_00006.tiff,110690,2,cnn3,2,0.9423450827598572,0.05765491724014282,2,0.9423450827598572,0.4423450827598572,1
6676,recon_00006.tiff,110693,1,cnn3,2,0.05518539622426033,0.9448146224021912,1,0.9448146224021912,0.4448145925998688,1
6684,recon_00006.tiff,110799,2,cnn3,2,0.9921338558197021,0.007866144180297852,2,0.9921338558197021,0.49213385581970215,1
6698,recon_00006.tiff,111000,2,cnn3,2,0.9586093425750732,0.04139065742492676,2,0.9586093425750732,0.45860934257507324,1
6705,recon_00006.tiff,111141,2,cnn3,2,0.9926472902297974,0.007352709770202637,2,0.9926472902297974,0.49264729022979736,1
6732,recon_00006.tiff,111632,2,cnn3,2,0.783519983291626,0.21648001670837402,2,0.783519983291626,0.283519983291626,1
6776,recon_00006.tiff,112396,2,cnn3,2,0.9282276034355164,0.07177239656448364,2,0.9282276034355164,0.42822760343551636,1
6861,recon_00006.tiff,113480,2,cnn3,2,0.9254013895988464,0.07459861040115356,2,0.9254013895988464,0.42540138959884644,1
6964,recon_00006.tiff,115174,1,cnn3,2,0.26269376277923584,0.7373062372207642,1,0.7373062372207642,0.23730623722076416,1
7019,recon_00006.tiff,116615,1,cnn3,2,0.09918078035116196,0.9008192420005798,1,0.9008192420005798,0.40081921219825745,1
7020,recon_00006.tiff,116616,1,cnn3,2,0.08955010026693344,0.9104499220848083,1,0.9104499220848083,0.41044989228248596,1
7051,recon_00006.tiff,117078,1,cnn3,2,0.003820231417194009,0.9961797595024109,1,0.9961797595024109,0.4961797595024109,1
7145,recon_00006.tiff,119128,1,cnn3,2,0.13259756565093994,0.8674024343490601,1,0.8674024343490601,0.36740243434906006,1
7185,recon_00006.tiff,119902,1,cnn3,2,0.33627599477767944,0.6637240052223206,1,0.6637240052223206,0.16372400522232056,1
7219,recon_00006.tiff,120754,1,cnn3,2,0.22907699644565582,0.7709230184555054,1,0.7709230184555054,0.27092301845550537,1
7220,recon_00006.tiff,120755,1,cnn3,2,0.22127443552017212,0.7787255644798279,1,0.7787255644798279,0.2787255644798279,1
7225,recon_00006.tiff,120885,1,cnn3,2,0.3221597671508789,0.6778402328491211,1,0.6778402328491211,0.1778402328491211,1
7229,recon_00006.tiff,120996,1,cnn3,2,0.15520310401916504,0.844796895980835,1,0.844796895980835,0.34479689598083496,1
7361,recon_00006.tiff,125956,2,cnn3,2,0.9967406392097473,0.0032593607902526855,2,0.9967406392097473,0.4967406392097473,1
7397,recon_00006.tiff,127251,2,cnn3,2,0.9949925541877747,0.005007445812225342,2,0.9949925541877747,0.49499255418777466,1
7411,recon_00006.tiff,127712,1,cnn3,2,0.1340864598751068,0.8659135103225708,1,0.8659135103225708,0.3659135401248932,1
7417,recon_00006.tiff,127935,2,cnn3,2,0.9882243871688843,0.011775612831115723,2,0.9882243871688843,0.4882243871688843,1
7444,recon_00006.tiff,128877,1,cnn3,2,0.10640209168195724,0.8935979008674622,1,0.8935979008674622,0.39359790086746216,1
8353,recon_00006.tiff,151638,2,cnn3,2,0.9936845898628235,0.006315410137176514,2,0.9936845898628235,0.4936845898628235,1
8401,recon_00006.tiff,153152,2,cnn3,2,0.9946976900100708,0.005302309989929199,2,0.9946976900100708,0.4946976900100708,1
8538,recon_00006.tiff,156602,2,cnn3,2,0.9954307079315186,0.004569292068481445,2,0.9954307079315186,0.49543070793151855,1
8574,recon_00006.tiff,157529,2,cnn3,2,0.9896534085273743,0.010346591472625732,2,0.9896534085273743,0.48965340852737427,1
8738,recon_00006.tiff,161489,2,cnn3,2,0.9916185736656189,0.008381426334381104,2,0.9916185736656189,0.4916185736656189,1
8771,recon_00006.tiff,162422,2,cnn3,2,0.9755832552909851,0.024416744709014893,2,0.9755832552909851,0.4755832552909851,1
8826,recon_00006.tiff,164170,2,cnn3,2,0.974877655506134,0.025122344493865967,2,0.974877655506134,0.47487765550613403,1
8925,recon_00006.tiff,166362,2,cnn3,2,0.9807717204093933,0.01922827959060669,2,0.9807717204093933,0.4807717204093933,1
8926,recon_00006.tiff,166363,2,cnn3,2,0.9907622933387756,0.009237706661224365,2,0.9907622933387756,0.49076229333877563,1
13402,recon_00006.tiff,263579,1,cnn3,2,0.888516902923584,0.11148309707641602,2,0.888516902923584,0.388516902923584,0
13425,recon_00006.tiff,264079,1,cnn3,2,0.9592377543449402,0.040762245655059814,2,0.9592377543449402,0.4592377543449402,0
13557,recon_00006.tiff,265931,1,cnn3,2,0.10461639612913132,0.8953835964202881,1,0.8953835964202881,0.3953835964202881,1
13564,recon_00006.tiff,266001,1,cnn3,2,0.10678630322217941,0.89321368932724,1,0.89321368932724,0.39321368932724,1
13627,recon_00006.tiff,266901,2,cnn3,2,0.7188861966133118,0.28111380338668823,2,0.7188861966133118,0.21888619661331177,1
13709,recon_00006.tiff,268275,1,cnn3,2,0.07848569750785828,0.9215142726898193,1,0.9215142726898193,0.4215143024921417,1
13714,recon_00006.tiff,268340,2,cnn3,2,0.987011730670929,0.012988269329071045,2,0.987011730670929,0.48701173067092896,1
13715,recon_00006.tiff,268406,1,cnn3,2,0.05433252081274986,0.9456675052642822,1,0.9456675052642822,0.44566747546195984,1
13732,recon_00006.tiff,268730,1,cnn3,2,0.04072855785489082,0.9592714309692383,1,0.9592714309692383,0.4592714309692383,1
13767,recon_00006.tiff,269258,1,cnn3,2,0.09858627617359161,0.9014137387275696,1,0.9014137387275696,0.4014137387275696,1
13781,recon_00006.tiff,269422,2,cnn3,2,0.9946576952934265,0.005342304706573486,2,0.9946576952934265,0.4946576952934265,1
13809,recon_00006.tiff,269729,2,cnn3,2,0.9923844337463379,0.007615566253662109,2,0.9923844337463379,0.4923844337463379,1
13839,recon_00006.tiff,270181,2,cnn3,2,0.9874981045722961,0.012501895427703857,2,0.9874981045722961,0.48749810457229614,1
13854,recon_00006.tiff,270459,1,cnn3,2,0.07580351084470749,0.9241964817047119,1,0.9241964817047119,0.4241964817047119,1
13882,recon_00006.tiff,271151,2,cnn3,2,0.9925478100776672,0.007452189922332764,2,0.9925478100776672,0.49254781007766724,1
13887,recon_00006.tiff,271237,2,cnn3,2,0.95452880859375,0.04547119140625,2,0.95452880859375,0.45452880859375,1
14313,recon_00006.tiff,279465,1,cnn3,2,0.07291211187839508,0.9270879030227661,1,0.9270879030227661,0.4270879030227661,1
14323,recon_00006.tiff,285129,1,cnn3,2,0.06397822499275208,0.9360218048095703,1,0.9360218048095703,0.4360217750072479,1
71,recon_00006.tiff,11169,1,random_forest,3,0.007166666666666666,0.9928333333333333,1,0.9928333333333333,0.49283333333333335,1
3652,recon_00006.tiff,54189,1,random_forest,3,0.001,0.999,1,0.999,0.499,1
4056,recon_00006.tiff,60007,1,random_forest,3,0.0,1.0,1,1.0,0.5,1
5128,recon_00006.tiff,79680,1,random_forest,3,0.07523333333333333,0.9247666666666666,1,0.9247666666666666,0.4247666666666667,1
5140,recon_00006.tiff,79911,1,random_forest,3,0.02766666666666667,0.9723333333333334,1,0.9723333333333334,0.4723333333333333,1
5948,recon_00006.tiff,94126,1,random_forest,3,0.008866666666666665,0.9911333333333333,1,0.9911333333333333,0.4911333333333333,1
6033,recon_00006.tiff,95806,1,random_forest,3,0.010733333333333334,0.9892666666666666,1,0.9892666666666666,0.4892666666666667,1
6049,recon_00006.tiff,96165,1,random_forest,3,0.014899999999999998,0.9851,1,0.9851,0.4851,1
6394,recon_00006.tiff,105516,2,random_forest,3,0.9864333333333333,0.013566666666666727,2,0.9864333333333333,0.4864333333333333,1
6401,recon_00006.tiff,105757,2,random_forest,3,0.9390809523809525,0.06091904761904754,2,0.9390809523809525,0.43908095238095246,1
6415,recon_00006.tiff,106115,2,random_forest,3,0.9263000000000001,0.07369999999999988,2,0.9263000000000001,0.4263000000000001,1
6439,recon_00006.tiff,106601,1,random_forest,3,0.010666666666666666,0.9893333333333333,1,0.9893333333333333,0.48933333333333334,1
6466,recon_00006.tiff,107427,1,random_forest,3,0.17309047619047618,0.8269095238095239,1,0.8269095238095239,0.3269095238095238,1
6487,recon_00006.tiff,107878,2,random_forest,3,0.9446571428571429,0.05534285714285714,2,0.9446571428571429,0.44465714285714286,1
6630,recon_00006.tiff,110023,2,random_forest,3,0.9981,0.0019000000000000128,2,0.9981,0.4981,1
6635,recon_00006.tiff,110120,1,random_forest,3,0.017966666666666666,0.9820333333333333,1,0.9820333333333333,0.4820333333333333,1
6643,recon_00006.tiff,110224,2,random_forest,3,0.8125333333333334,0.18746666666666656,2,0.8125333333333334,0.31253333333333344,1
6663,recon_00006.tiff,110550,1,random_forest,3,0.34035714285714286,0.6596428571428572,1,0.6596428571428572,0.15964285714285714,1
6685,recon_00006.tiff,110800,2,random_forest,3,0.9996,0.00039999999999995595,2,0.9996,0.49960000000000004,1
6686,recon_00006.tiff,110801,1,random_forest,3,0.002,0.998,1,0.998,0.498,1
6703,recon_00006.tiff,111138,1,random_forest,3,0.0,1.0,1,1.0,0.5,1
6710,recon_00006.tiff,111248,2,random_forest,3,0.998,0.0020000000000000018,2,0.998,0.498,1
6714,recon_00006.tiff,111268,1,random_forest,3,0.0,1.0,1,1.0,0.5,1
6770,recon_00006.tiff,112302,1,random_forest,3,0.002333333333333333,0.9976666666666667,1,0.9976666666666667,0.49766666666666665,1
6783,recon_00006.tiff,112502,2,random_forest,3,0.9518666666666665,0.04813333333333347,2,0.9518666666666665,0.4518666666666665,1
6873,recon_00006.tiff,113602,2,random_forest,3,0.9383333333333334,0.06166666666666665,2,0.9383333333333334,0.43833333333333335,1
6986,recon_00006.tiff,115630,2,random_forest,3,0.0347,0.9653,1,0.9653,0.4653,0
6997,recon_00006.tiff,115872,1,random_forest,3,0.007533333333333333,0.9924666666666667,1,0.9924666666666667,0.49246666666666666,1
7022,recon_00006.tiff,116618,1,random_forest,3,0.0299,0.9701,1,0.9701,0.4701,1
7057,recon_00006.tiff,117179,2,random_forest,3,0.8977666666666665,0.10223333333333351,2,0.8977666666666665,0.3977666666666665,1
7082,recon_00006.tiff,117750,2,random_forest,3,0.9271999999999999,0.07280000000000009,2,0.9271999999999999,0.4271999999999999,1
7136,recon_00006.tiff,119002,1,random_forest,3,0.0,1.0,1,1.0,0.5,1
7143,recon_00006.tiff,119126,1,random_forest,3,0.001,0.999,1,0.999,0.499,1
7144,recon_00006.tiff,119127,1,random_forest,3,0.0,1.0,1,1.0,0.5,1
7150,recon_00006.tiff,119228,1,random_forest,3,0.0,1.0,1,1.0,0.5,1
7161,recon_00006.tiff,119452,1,random_forest,3,0.004,0.996,1,0.996,0.496,1
7190,recon_00006.tiff,120019,1,random_forest,3,0.0,1.0,1,1.0,0.5,1
7396,recon_00006.tiff,127250,1,random_forest,3,0.004333333333333333,0.9956666666666667,1,0.9956666666666667,0.49566666666666664,1
7427,recon_00006.tiff,128417,2,random_forest,3,0.998,0.0020000000000000018,2,0.998,0.498,1
7445,recon_00006.tiff,128878,2,random_forest,3,1.0,0.0,2,1.0,0.5,1
7449,recon_00006.tiff,129007,1,random_forest,3,0.015333333333333332,0.9846666666666667,1,0.9846666666666667,0.4846666666666667,1
7484,recon_00006.tiff,130164,1,random_forest,3,0.004833333333333333,0.9951666666666666,1,0.9951666666666666,0.49516666666666664,1
7493,recon_00006.tiff,130507,1,random_forest,3,0.008833333333333332,0.9911666666666666,1,0.9911666666666666,0.49116666666666664,1
7507,recon_00006.tiff,130871,2,random_forest,3,1.0,0.0,2,1.0,0.5,1
7516,recon_00006.tiff,130990,1,random_forest,3,0.002,0.998,1,0.998,0.498,1
7551,recon_00006.tiff,132032,2,random_forest,3,1.0,0.0,2,1.0,0.5,1
7554,recon_00006.tiff,132141,2,random_forest,3,1.0,0.0,2,1.0,0.5,1
7571,recon_00006.tiff,132671,1,random_forest,3,0.002,0.998,1,0.998,0.498,1
8780,recon_00006.tiff,162864,2,random_forest,3,0.9915,0.008499999999999952,2,0.9915,0.49150000000000005,1
8862,recon_00006.tiff,164863,2,random_forest,3,0.2090761904761905,0.7909238095238095,1,0.7909238095238095,0.2909238095238095,0
8923,recon_00006.tiff,166359,2,random_forest,3,0.9966666666666666,0.0033333333333334103,2,0.9966666666666666,0.4966666666666666,1
10196,recon_00006.tiff,196623,2,random_forest,3,0.8900904761904762,0.10990952380952379,2,0.8900904761904762,0.3900904761904762,1
13540,recon_00006.tiff,265762,2,random_forest,3,0.7026166666666668,0.2973833333333332,2,0.7026166666666668,0.20261666666666678,1
13565,recon_00006.tiff,266002,2,random_forest,3,0.8581380952380949,0.14186190476190508,2,0.8581380952380949,0.3581380952380949,1
13593,recon_00006.tiff,266450,1,random_forest,3,0.0157,0.9843,1,0.9843,0.4843,1
13701,recon_00006.tiff,268062,2,random_forest,3,1.0,0.0,2,1.0,0.5,1
13702,recon_00006.tiff,268134,2,random_forest,3,0.999,0.0010000000000000009,2,0.999,0.499,1
13710,recon_00006.tiff,268276,2,random_forest,3,0.999,0.0010000000000000009,2,0.999,0.499,1
13746,recon_00006.tiff,268954,1,random_forest,3,0.0,1.0,1,1.0,0.5,1
13768,recon_00006.tiff,269259,2,random_forest,3,1.0,0.0,2,1.0,0.5,1
13798,recon_00006.tiff,269566,2,random_forest,3,1.0,0.0,2,1.0,0.5,1
13838,recon_00006.tiff,270180,2,random_forest,3,0.999,0.0010000000000000009,2,0.999,0.499,1
13859,recon_00006.tiff,270536,2,random_forest,3,1.0,0.0,2,1.0,0.5,1
13874,recon_00006.tiff,270798,1,random_forest,3,0.028,0.972,1,0.972,0.472,1
13878,recon_00006.tiff,271020,1,random_forest,3,0.013,0.987,1,0.987,0.487,1
13898,recon_00006.tiff,271590,1,random_forest,3,0.0047,0.9953,1,0.9953,0.4953,1
14325,recon_00006.tiff,288151,1,random_forest,3,0.22801904761904754,0.7719809523809524,1,0.7719809523809524,0.27198095238095243,1
14329,recon_00006.tiff,289869,1,random_forest,3,0.035,0.965,1,0.965,0.46499999999999997,1
14335,recon_00006.tiff,289963,1,random_forest,3,0.0547,0.9453,1,0.9453,0.44530000000000003,1
71,recon_00006.tiff,11169,1,dense_fc,3,0.49219629168510437,0.5078036785125732,1,0.5078036785125732,0.00780370831489563,1
3652,recon_00006.tiff,54189,1,dense_fc,3,0.3193332552909851,0.6806667447090149,1,0.6806667447090149,0.1806667447090149,1
4056,recon_00006.tiff,60007,1,dense_fc,3,0.3367001414299011,0.6632998585700989,1,0.6632998585700989,0.16329985857009888,1
5128,recon_00006.tiff,79680,1,dense_fc,3,0.45978841185569763,0.54021155834198,1,0.54021155834198,0.04021158814430237,1
5140,recon_00006.tiff,79911,1,dense_fc,3,0.28802913427352905,0.711970865726471,1,0.711970865726471,0.21197086572647095,1
5948,recon_00006.tiff,94126,1,dense_fc,3,0.2641589045524597,0.7358410954475403,1,0.7358410954475403,0.23584109544754028,1
6033,recon_00006.tiff,95806,1,dense_fc,3,0.2535175085067749,0.7464824914932251,1,0.7464824914932251,0.2464824914932251,1
6049,recon_00006.tiff,96165,1,dense_fc,3,0.3206503093242645,0.6793496608734131,1,0.6793496608734131,0.17934969067573547,1
6394,recon_00006.tiff,105516,2,dense_fc,3,0.6450996994972229,0.3549003005027771,2,0.6450996994972229,0.1450996994972229,1
6401,recon_00006.tiff,105757,2,dense_fc,3,0.5800074338912964,0.4199925661087036,2,0.5800074338912964,0.08000743389129639,1
6415,recon_00006.tiff,106115,2,dense_fc,3,0.6193211078643799,0.3806788921356201,2,0.6193211078643799,0.11932110786437988,1
6439,recon_00006.tiff,106601,1,dense_fc,3,0.40973806381225586,0.5902619361877441,1,0.5902619361877441,0.09026193618774414,1
6466,recon_00006.tiff,107427,1,dense_fc,3,0.4612940549850464,0.5387059450149536,1,0.5387059450149536,0.03870594501495361,1
6487,recon_00006.tiff,107878,2,dense_fc,3,0.636355996131897,0.363644003868103,2,0.636355996131897,0.13635599613189697,1
6630,recon_00006.tiff,110023,2,dense_fc,3,0.7056857347488403,0.29431426525115967,2,0.7056857347488403,0.20568573474884033,1
6635,recon_00006.tiff,110120,1,dense_fc,3,0.4150065779685974,0.5849934220314026,1,0.5849934220314026,0.08499342203140259,1
6643,recon_00006.tiff,110224,2,dense_fc,3,0.5624606013298035,0.43753939867019653,2,0.5624606013298035,0.06246060132980347,1
6663,recon_00006.tiff,110550,1,dense_fc,3,0.4895401895046234,0.5104597806930542,1,0.5104597806930542,0.010459810495376587,1
6685,recon_00006.tiff,110800,2,dense_fc,3,0.7042035460472107,0.2957964539527893,2,0.7042035460472107,0.2042035460472107,1
6686,recon_00006.tiff,110801,1,dense_fc,3,0.31467297673225403,0.6853270530700684,1,0.6853270530700684,0.18532702326774597,1
6703,recon_00006.tiff,111138,1,dense_fc,3,0.3087300956249237,0.6912698745727539,1,0.6912698745727539,0.1912699043750763,1
6710,recon_00006.tiff,111248,2,dense_fc,3,0.6026305556297302,0.3973694443702698,2,0.6026305556297302,0.10263055562973022,1
6714,recon_00006.tiff,111268,1,dense_fc,3,0.3220520317554474,0.677947998046875,1,0.677947998046875,0.1779479682445526,1
6770,recon_00006.tiff,112302,1,dense_fc,3,0.2826266884803772,0.7173733115196228,1,0.7173733115196228,0.2173733115196228,1
6783,recon_00006.tiff,112502,2,dense_fc,3,0.5760259032249451,0.42397409677505493,2,0.5760259032249451,0.07602590322494507,1
6873,recon_00006.tiff,113602,2,dense_fc,3,0.6282908916473389,0.37170910835266113,2,0.6282908916473389,0.12829089164733887,1
6986,recon_00006.tiff,115630,2,dense_fc,3,0.4475102424621582,0.5524897575378418,1,0.5524897575378418,0.0524897575378418,0
6997,recon_00006.tiff,115872,1,dense_fc,3,0.343972384929657,0.656027615070343,1,0.656027615070343,0.15602761507034302,1
7022,recon_00006.tiff,116618,1,dense_fc,3,0.31339311599731445,0.6866068840026855,1,0.6866068840026855,0.18660688400268555,1
7057,recon_00006.tiff,117179,2,dense_fc,3,0.5256210565567017,0.47437894344329834,2,0.5256210565567017,0.02562105655670166,1
7082,recon_00006.tiff,117750,2,dense_fc,3,0.49453240633010864,0.5054675936698914,1,0.5054675936698914,0.005467593669891357,0
7136,recon_00006.tiff,119002,1,dense_fc,3,0.3629438579082489,0.6370561122894287,1,0.6370561122894287,0.1370561420917511,1
7143,recon_00006.tiff,119126,1,dense_fc,3,0.3488277196884155,0.6511722803115845,1,0.6511722803115845,0.15117228031158447,1
7144,recon_00006.tiff,119127,1,dense_fc,3,0.3673539161682129,0.6326460838317871,1,0.6326460838317871,0.1326460838317871,1
7150,recon_00006.tiff,119228,1,dense_fc,3,0.378380686044693,0.6216193437576294,1,0.6216193437576294,0.121619313955307,1
7161,recon_00006.tiff,119452,1,dense_fc,3,0.43358927965164185,0.5664107203483582,1,0.5664107203483582,0.06641072034835815,1
7190,recon_00006.tiff,120019,1,dense_fc,3,0.38943761587142944,0.6105623841285706,1,0.6105623841285706,0.11056238412857056,1
7396,recon_00006.tiff,127250,1,dense_fc,3,0.418276846408844,0.581723153591156,1,0.581723153591156,0.081723153591156,1
7427,recon_00006.tiff,128417,2,dense_fc,3,0.7084320783615112,0.29156792163848877,2,0.7084320783615112,0.20843207836151123,1
7445,recon_00006.tiff,128878,2,dense_fc,3,0.6577094793319702,0.3422905206680298,2,0.6577094793319702,0.15770947933197021,1
7449,recon_00006.tiff,129007,1,dense_fc,3,0.44763776659965515,0.5523622035980225,1,0.5523622035980225,0.05236223340034485,1
7484,recon_00006.tiff,130164,1,dense_fc,3,0.42359021306037903,0.5764098167419434,1,0.5764098167419434,0.07640978693962097,1
7493,recon_00006.tiff,130507,1,dense_fc,3,0.40005913376808167,0.5999408960342407,1,0.5999408960342407,0.09994086623191833,1
7507,recon_00006.tiff,130871,2,dense_fc,3,0.685875654220581,0.31412434577941895,2,0.685875654220581,0.18587565422058105,1
7516,recon_00006.tiff,130990,1,dense_fc,3,0.4457765221595764,0.5542234778404236,1,0.5542234778404236,0.054223477840423584,1
7551,recon_00006.tiff,132032,2,dense_fc,3,0.6602102518081665,0.3397897481918335,2,0.6602102518081665,0.1602102518081665,1
7554,recon_00006.tiff,132141,2,dense_fc,3,0.6803975701332092,0.31960242986679077,2,0.6803975701332092,0.18039757013320923,1
7571,recon_00006.tiff,132671,1,dense_fc,3,0.44042903184890747,0.5595709681510925,1,0.5595709681510925,0.05957096815109253,1
8780,recon_00006.tiff,162864,2,dense_fc,3,0.6768559813499451,0.32314401865005493,2,0.6768559813499451,0.17685598134994507,1
8862,recon_00006.tiff,164863,2,dense_fc,3,0.4793342053890228,0.5206657648086548,1,0.5206657648086548,0.020665794610977173,0
8923,recon_00006.tiff,166359,2,dense_fc,3,0.6847947835922241,0.3152052164077759,2,0.6847947835922241,0.18479478359222412,1
10196,recon_00006.tiff,196623,2,dense_fc,3,0.6648408770561218,0.3351591229438782,2,0.6648408770561218,0.16484087705612183,1
13540,recon_00006.tiff,265762,2,dense_fc,3,0.49319764971733093,0.5068023204803467,1,0.5068023204803467,0.006802350282669067,0
13565,recon_00006.tiff,266002,2,dense_fc,3,0.6332017183303833,0.3667982816696167,2,0.6332017183303833,0.1332017183303833,1
13593,recon_00006.tiff,266450,1,dense_fc,3,0.2913205027580261,0.7086794972419739,1,0.7086794972419739,0.20867949724197388,1
13701,recon_00006.tiff,268062,2,dense_fc,3,0.6577239036560059,0.34227609634399414,2,0.6577239036560059,0.15772390365600586,1
13702,recon_00006.tiff,268134,2,dense_fc,3,0.6422412395477295,0.3577587604522705,2,0.6422412395477295,0.1422412395477295,1
13710,recon_00006.tiff,268276,2,dense_fc,3,0.6961957216262817,0.30380427837371826,2,0.6961957216262817,0.19619572162628174,1
13746,recon_00006.tiff,268954,1,dense_fc,3,0.47800785303115845,0.5219921469688416,1,0.5219921469688416,0.021992146968841553,1
13768,recon_00006.tiff,269259,2,dense_fc,3,0.6455539464950562,0.35444605350494385,2,0.6455539464950562,0.14555394649505615,1
13798,recon_00006.tiff,269566,2,dense_fc,3,0.659874677658081,0.34012532234191895,2,0.659874677658081,0.15987467765808105,1
13838,recon_00006.tiff,270180,2,dense_fc,3,0.6208369135856628,0.37916308641433716,2,0.6208369135856628,0.12083691358566284,1
13859,recon_00006.tiff,270536,2,dense_fc,3,0.687915027141571,0.31208497285842896,2,0.687915027141571,0.18791502714157104,1
13874,recon_00006.tiff,270798,1,dense_fc,3,0.4803452491760254,0.5196547508239746,1,0.5196547508239746,0.01965475082397461,1
13878,recon_00006.tiff,271020,1,dense_fc,3,0.47545886039733887,0.5245411396026611,1,0.5245411396026611,0.024541139602661133,1
13898,recon_00006.tiff,271590,1,dense_fc,3,0.42378711700439453,0.5762128829956055,1,0.5762128829956055,0.07621288299560547,1
14325,recon_00006.tiff,288151,1,dense_fc,3,0.5371389985084534,0.46286100149154663,2,0.5371389985084534,0.03713899850845337,0
14329,recon_00006.tiff,289869,1,dense_fc,3,0.5135751962661743,0.4864248037338257,2,0.5135751962661743,0.013575196266174316,0
14335,recon_00006.tiff,289963,1,dense_fc,3,0.5666522979736328,0.4333477020263672,2,0.5666522979736328,0.06665229797363281,0
71,recon_00006.tiff,11169,1,cnn2,3,0.23564131557941437,0.7643586993217468,1,0.7643586993217468,0.2643586993217468,1
3652,recon_00006.tiff,54189,1,cnn2,3,0.1173684149980545,0.8826315999031067,1,0.8826315999031067,0.3826315999031067,1
4056,recon_00006.tiff,60007,1,cnn2,3,0.12925760447978973,0.8707423806190491,1,0.8707423806190491,0.3707423806190491,1
5128,recon_00006.tiff,79680,1,cnn2,3,0.05271574482321739,0.9472842812538147,1,0.9472842812538147,0.4472842514514923,1
5140,recon_00006.tiff,79911,1,cnn2,3,0.11425244808197021,0.8857475519180298,1,0.8857475519180298,0.3857475519180298,1
5948,recon_00006.tiff,94126,1,cnn2,3,0.010583562776446342,0.9894164204597473,1,0.9894164204597473,0.4894164502620697,1
6033,recon_00006.tiff,95806,1,cnn2,3,0.0009470034274272621,0.9990530014038086,1,0.9990530014038086,0.4990530014038086,1
6049,recon_00006.tiff,96165,1,cnn2,3,0.016774555668234825,0.9832254648208618,1,0.9832254648208618,0.48322543501853943,1
6394,recon_00006.tiff,105516,2,cnn2,3,0.9075724482536316,0.09242755174636841,2,0.9075724482536316,0.4075724482536316,1
6401,recon_00006.tiff,105757,2,cnn2,3,0.790928304195404,0.20907169580459595,2,0.790928304195404,0.29092830419540405,1
6415,recon_00006.tiff,106115,2,cnn2,3,0.8403831720352173,0.15961682796478271,2,0.8403831720352173,0.3403831720352173,1
6439,recon_00006.tiff,106601,1,cnn2,3,0.17507439851760864,0.8249256014823914,1,0.8249256014823914,0.32492560148239136,1
6466,recon_00006.tiff,107427,1,cnn2,3,0.49291566014289856,0.5070843696594238,1,0.5070843696594238,0.00708433985710144,1
6487,recon_00006.tiff,107878,2,cnn2,3,0.8849407434463501,0.1150592565536499,2,0.8849407434463501,0.3849407434463501,1
6630,recon_00006.tiff,110023,2,cnn2,3,0.9281330108642578,0.07186698913574219,2,0.9281330108642578,0.4281330108642578,1
6635,recon_00006.tiff,110120,1,cnn2,3,0.3220512568950653,0.6779487133026123,1,0.6779487133026123,0.1779487431049347,1
6643,recon_00006.tiff,110224,2,cnn2,3,0.7098503112792969,0.2901496887207031,2,0.7098503112792969,0.20985031127929688,1
6663,recon_00006.tiff,110550,1,cnn2,3,0.4950033724308014,0.504996657371521,1,0.504996657371521,0.004996627569198608,1
6685,recon_00006.tiff,110800,2,cnn2,3,0.8470291495323181,0.15297085046768188,2,0.8470291495323181,0.3470291495323181,1
6686,recon_00006.tiff,110801,1,cnn2,3,0.14471448957920074,0.8552855253219604,1,0.8552855253219604,0.35528552532196045,1
6703,recon_00006.tiff,111138,1,cnn2,3,0.18960440158843994,0.8103955984115601,1,0.8103955984115601,0.31039559841156006,1
6710,recon_00006.tiff,111248,2,cnn2,3,0.8687670826911926,0.13123291730880737,2,0.8687670826911926,0.3687670826911926,1
6714,recon_00006.tiff,111268,1,cnn2,3,0.152562215924263,0.8474377989768982,1,0.8474377989768982,0.3474377989768982,1
6770,recon_00006.tiff,112302,1,cnn2,3,0.05276604741811752,0.9472339749336243,1,0.9472339749336243,0.4472339451313019,1
6783,recon_00006.tiff,112502,2,cnn2,3,0.5521899461746216,0.4478100538253784,2,0.5521899461746216,0.05218994617462158,1
6873,recon_00006.tiff,113602,2,cnn2,3,0.867293655872345,0.13270634412765503,2,0.867293655872345,0.36729365587234497,1
6986,recon_00006.tiff,115630,2,cnn2,3,0.2479320615530014,0.7520679235458374,1,0.7520679235458374,0.2520679235458374,0
6997,recon_00006.tiff,115872,1,cnn2,3,0.19422447681427002,0.80577552318573,1,0.80577552318573,0.30577552318573,1
7022,recon_00006.tiff,116618,1,cnn2,3,0.01613783836364746,0.9838621616363525,1,0.9838621616363525,0.48386216163635254,1
7057,recon_00006.tiff,117179,2,cnn2,3,0.5137695074081421,0.4862304925918579,2,0.5137695074081421,0.01376950740814209,1
7082,recon_00006.tiff,117750,2,cnn2,3,0.5740910172462463,0.42590898275375366,2,0.5740910172462463,0.07409101724624634,1
7136,recon_00006.tiff,119002,1,cnn2,3,0.4052673578262329,0.5947326421737671,1,0.5947326421737671,0.09473264217376709,1
7143,recon_00006.tiff,119126,1,cnn2,3,0.4021334648132324,0.5978665351867676,1,0.5978665351867676,0.09786653518676758,1
7144,recon_00006.tiff,119127,1,cnn2,3,0.41403907537460327,0.5859609246253967,1,0.5859609246253967,0.08596092462539673,1
7150,recon_00006.tiff,119228,1,cnn2,3,0.4637638330459595,0.5362361669540405,1,0.5362361669540405,0.03623616695404053,1
7161,recon_00006.tiff,119452,1,cnn2,3,0.055600836873054504,0.9443991780281067,1,0.9443991780281067,0.4443991780281067,1
7190,recon_00006.tiff,120019,1,cnn2,3,0.2777669429779053,0.7222330570220947,1,0.7222330570220947,0.22223305702209473,1
7396,recon_00006.tiff,127250,1,cnn2,3,0.31274962425231934,0.6872503757476807,1,0.6872503757476807,0.18725037574768066,1
7427,recon_00006.tiff,128417,2,cnn2,3,0.8745986223220825,0.12540137767791748,2,0.8745986223220825,0.3745986223220825,1
7445,recon_00006.tiff,128878,2,cnn2,3,0.8141633868217468,0.18583661317825317,2,0.8141633868217468,0.3141633868217468,1
7449,recon_00006.tiff,129007,1,cnn2,3,0.21514162421226501,0.7848583459854126,1,0.7848583459854126,0.284858375787735,1
7484,recon_00006.tiff,130164,1,cnn2,3,0.24745458364486694,0.7525454163551331,1,0.7525454163551331,0.25254541635513306,1
7493,recon_00006.tiff,130507,1,cnn2,3,0.33477410674095154,0.6652258634567261,1,0.6652258634567261,0.16522589325904846,1
7507,recon_00006.tiff,130871,2,cnn2,3,0.7986629605293274,0.2013370394706726,2,0.7986629605293274,0.2986629605293274,1
7516,recon_00006.tiff,130990,1,cnn2,3,0.25099751353263855,0.7490024566650391,1,0.7490024566650391,0.24900248646736145,1
7551,recon_00006.tiff,132032,2,cnn2,3,0.8188011646270752,0.1811988353729248,2,0.8188011646270752,0.3188011646270752,1
7554,recon_00006.tiff,132141,2,cnn2,3,0.8681831359863281,0.13181686401367188,2,0.8681831359863281,0.3681831359863281,1
7571,recon_00006.tiff,132671,1,cnn2,3,0.2697400450706482,0.7302599549293518,1,0.7302599549293518,0.2302599549293518,1
8780,recon_00006.tiff,162864,2,cnn2,3,0.8500849604606628,0.14991503953933716,2,0.8500849604606628,0.35008496046066284,1
8862,recon_00006.tiff,164863,2,cnn2,3,0.5061455965042114,0.4938544034957886,2,0.5061455965042114,0.006145596504211426,1
8923,recon_00006.tiff,166359,2,cnn2,3,0.8819776773452759,0.11802232265472412,2,0.8819776773452759,0.3819776773452759,1
10196,recon_00006.tiff,196623,2,cnn2,3,0.7356706857681274,0.26432931423187256,2,0.7356706857681274,0.23567068576812744,1
13540,recon_00006.tiff,265762,2,cnn2,3,0.2607220709323883,0.7392779588699341,1,0.7392779588699341,0.2392779290676117,0
13565,recon_00006.tiff,266002,2,cnn2,3,0.8005695343017578,0.1994304656982422,2,0.8005695343017578,0.3005695343017578,1
13593,recon_00006.tiff,266450,1,cnn2,3,0.008510795421898365,0.9914892315864563,1,0.9914892315864563,0.4914892017841339,1
13701,recon_00006.tiff,268062,2,cnn2,3,0.8630018830299377,0.13699811697006226,2,0.8630018830299377,0.36300188302993774,1
13702,recon_00006.tiff,268134,2,cnn2,3,0.8140192627906799,0.18598073720932007,2,0.8140192627906799,0.31401926279067993,1
13710,recon_00006.tiff,268276,2,cnn2,3,0.8397830724716187,0.16021692752838135,2,0.8397830724716187,0.33978307247161865,1
13746,recon_00006.tiff,268954,1,cnn2,3,0.26609182357788086,0.7339081764221191,1,0.7339081764221191,0.23390817642211914,1
13768,recon_00006.tiff,269259,2,cnn2,3,0.7465158104896545,0.25348418951034546,2,0.7465158104896545,0.24651581048965454,1
13798,recon_00006.tiff,269566,2,cnn2,3,0.8740336894989014,0.12596631050109863,2,0.8740336894989014,0.37403368949890137,1
13838,recon_00006.tiff,270180,2,cnn2,3,0.7172968983650208,0.28270310163497925,2,0.7172968983650208,0.21729689836502075,1
13859,recon_00006.tiff,270536,2,cnn2,3,0.864978015422821,0.13502198457717896,2,0.864978015422821,0.36497801542282104,1
13874,recon_00006.tiff,270798,1,cnn2,3,0.29961833357810974,0.7003816366195679,1,0.7003816366195679,0.20038166642189026,1
13878,recon_00006.tiff,271020,1,cnn2,3,0.27222394943237305,0.727776050567627,1,0.727776050567627,0.22777605056762695,1
13898,recon_00006.tiff,271590,1,cnn2,3,0.2708912789821625,0.7291086912155151,1,0.7291086912155151,0.22910872101783752,1
14325,recon_00006.tiff,288151,1,cnn2,3,0.2504308521747589,0.7495691776275635,1,0.7495691776275635,0.2495691478252411,1
14329,recon_00006.tiff,289869,1,cnn2,3,0.1724437028169632,0.827556312084198,1,0.827556312084198,0.327556312084198,1
14335,recon_00006.tiff,289963,1,cnn2,3,0.2866939604282379,0.7133060693740845,1,0.7133060693740845,0.21330603957176208,1
71,recon_00006.tiff,11169,1,cnn3,3,0.18940547108650208,0.8105945587158203,1,0.8105945587158203,0.3105945289134979,1
3652,recon_00006.tiff,54189,1,cnn3,3,0.06069315969944,0.9393068552017212,1,0.9393068552017212,0.4393068552017212,1
4056,recon_00006.tiff,60007,1,cnn3,3,0.049684710800647736,0.9503152966499329,1,0.9503152966499329,0.45031529664993286,1
5128,recon_00006.tiff,79680,1,cnn3,3,0.07240314036607742,0.9275968670845032,1,0.9275968670845032,0.4275968670845032,1
5140,recon_00006.tiff,79911,1,cnn3,3,0.058242809027433395,0.9417572021484375,1,0.9417572021484375,0.4417572021484375,1
5948,recon_00006.tiff,94126,1,cnn3,3,0.0007703137816861272,0.9992296695709229,1,0.9992296695709229,0.49922969937324524,1
6033,recon_00006.tiff,95806,1,cnn3,3,9.83456484391354e-05,0.9999016523361206,1,0.9999016523361206,0.4999016523361206,1
6049,recon_00006.tiff,96165,1,cnn3,3,0.002889523282647133,0.9971104860305786,1,0.9971104860305786,0.4971104860305786,1
6394,recon_00006.tiff,105516,2,cnn3,3,0.9870900511741638,0.012909948825836182,2,0.9870900511741638,0.4870900511741638,1
6401,recon_00006.tiff,105757,2,cnn3,3,0.8875865340232849,0.11241346597671509,2,0.8875865340232849,0.3875865340232849,1
6415,recon_00006.tiff,106115,2,cnn3,3,0.9404563307762146,0.0595436692237854,2,0.9404563307762146,0.4404563307762146,1
6439,recon_00006.tiff,106601,1,cnn3,3,0.13677576184272766,0.8632242679595947,1,0.8632242679595947,0.36322423815727234,1
6466,recon_00006.tiff,107427,1,cnn3,3,0.3823116719722748,0.6176882982254028,1,0.6176882982254028,0.11768832802772522,1
6487,recon_00006.tiff,107878,2,cnn3,3,0.9839419722557068,0.016058027744293213,2,0.9839419722557068,0.4839419722557068,1
6630,recon_00006.tiff,110023,2,cnn3,3,0.9778865575790405,0.022113442420959473,2,0.9778865575790405,0.4778865575790405,1
6635,recon_00006.tiff,110120,1,cnn3,3,0.10419704020023346,0.8958029747009277,1,0.8958029747009277,0.39580297470092773,1
6643,recon_00006.tiff,110224,2,cnn3,3,0.8644065856933594,0.13559341430664062,2,0.8644065856933594,0.3644065856933594,1
6663,recon_00006.tiff,110550,1,cnn3,3,0.5432365536689758,0.45676344633102417,2,0.5432365536689758,0.04323655366897583,0
6685,recon_00006.tiff,110800,2,cnn3,3,0.9610027074813843,0.03899729251861572,2,0.9610027074813843,0.4610027074813843,1
6686,recon_00006.tiff,110801,1,cnn3,3,0.061520546674728394,0.9384794235229492,1,0.9384794235229492,0.4384794533252716,1
6703,recon_00006.tiff,111138,1,cnn3,3,0.08355057239532471,0.9164494276046753,1,0.9164494276046753,0.4164494276046753,1
6710,recon_00006.tiff,111248,2,cnn3,3,0.9583911299705505,0.04160887002944946,2,0.9583911299705505,0.45839112997055054,1
6714,recon_00006.tiff,111268,1,cnn3,3,0.21771477162837982,0.782285213470459,1,0.782285213470459,0.282285213470459,1
6770,recon_00006.tiff,112302,1,cnn3,3,0.012276663444936275,0.9877233505249023,1,0.9877233505249023,0.48772335052490234,1
6783,recon_00006.tiff,112502,2,cnn3,3,0.8555317521095276,0.1444682478904724,2,0.8555317521095276,0.3555317521095276,1
6873,recon_00006.tiff,113602,2,cnn3,3,0.9878627061843872,0.012137293815612793,2,0.9878627061843872,0.4878627061843872,1
6986,recon_00006.tiff,115630,2,cnn3,3,0.27106979489326477,0.7289302349090576,1,0.7289302349090576,0.22893020510673523,0
6997,recon_00006.tiff,115872,1,cnn3,3,0.11139581352472305,0.8886041641235352,1,0.8886041641235352,0.38860419392585754,1
7022,recon_00006.tiff,116618,1,cnn3,3,0.003762944135814905,0.99623703956604,1,0.99623703956604,0.4962370693683624,1
7057,recon_00006.tiff,117179,2,cnn3,3,0.5799769759178162,0.42002302408218384,2,0.5799769759178162,0.07997697591781616,1
7082,recon_00006.tiff,117750,2,cnn3,3,0.9258227944374084,0.07417720556259155,2,0.9258227944374084,0.42582279443740845,1
7136,recon_00006.tiff,119002,1,cnn3,3,0.4219704866409302,0.5780295133590698,1,0.5780295133590698,0.07802951335906982,1
7143,recon_00006.tiff,119126,1,cnn3,3,0.18776880204677582,0.812231183052063,1,0.812231183052063,0.312231183052063,1
7144,recon_00006.tiff,119127,1,cnn3,3,0.3981908857822418,0.6018091440200806,1,0.6018091440200806,0.10180911421775818,1
7150,recon_00006.tiff,119228,1,cnn3,3,0.42978063225746155,0.5702193975448608,1,0.5702193975448608,0.07021936774253845,1
7161,recon_00006.tiff,119452,1,cnn3,3,0.19588904082775116,0.8041109442710876,1,0.8041109442710876,0.30411094427108765,1
7190,recon_00006.tiff,120019,1,cnn3,3,0.17481088638305664,0.8251891136169434,1,0.8251891136169434,0.32518911361694336,1
7396,recon_00006.tiff,127250,1,cnn3,3,0.2559852600097656,0.7440147399902344,1,0.7440147399902344,0.24401473999023438,1
7427,recon_00006.tiff,128417,2,cnn3,3,0.988523542881012,0.011476457118988037,2,0.988523542881012,0.48852354288101196,1
7445,recon_00006.tiff,128878,2,cnn3,3,0.9794666767120361,0.020533323287963867,2,0.9794666767120361,0.47946667671203613,1
7449,recon_00006.tiff,129007,1,cnn3,3,0.11019918322563171,0.8898007869720459,1,0.8898007869720459,0.3898008167743683,1
7484,recon_00006.tiff,130164,1,cnn3,3,0.13955853879451752,0.8604414463043213,1,0.8604414463043213,0.3604414463043213,1
7493,recon_00006.tiff,130507,1,cnn3,3,0.31853172183036804,0.6814682483673096,1,0.6814682483673096,0.18146827816963196,1
7507,recon_00006.tiff,130871,2,cnn3,3,0.9785118699073792,0.02148813009262085,2,0.9785118699073792,0.47851186990737915,1
7516,recon_00006.tiff,130990,1,cnn3,3,0.1517871469259262,0.8482128381729126,1,0.8482128381729126,0.3482128381729126,1
7551,recon_00006.tiff,132032,2,cnn3,3,0.9650163054466248,0.034983694553375244,2,0.9650163054466248,0.46501630544662476,1
7554,recon_00006.tiff,132141,2,cnn3,3,0.9856422543525696,0.01435774564743042,2,0.9856422543525696,0.4856422543525696,1
7571,recon_00006.tiff,132671,1,cnn3,3,0.21121805906295776,0.7887819409370422,1,0.7887819409370422,0.28878194093704224,1
8780,recon_00006.tiff,162864,2,cnn3,3,0.9481266140937805,0.05187338590621948,2,0.9481266140937805,0.4481266140937805,1
8862,recon_00006.tiff,164863,2,cnn3,3,0.6166973114013672,0.3833026885986328,2,0.6166973114013672,0.11669731140136719,1
8923,recon_00006.tiff,166359,2,cnn3,3,0.9826008677482605,0.017399132251739502,2,0.9826008677482605,0.4826008677482605,1
10196,recon_00006.tiff,196623,2,cnn3,3,0.9764383435249329,0.02356165647506714,2,0.9764383435249329,0.47643834352493286,1
13540,recon_00006.tiff,265762,2,cnn3,3,0.11087685823440552,0.8891231417655945,1,0.8891231417655945,0.3891231417655945,0
13565,recon_00006.tiff,266002,2,cnn3,3,0.9762884378433228,0.023711562156677246,2,0.9762884378433228,0.47628843784332275,1
13593,recon_00006.tiff,266450,1,cnn3,3,0.0016963586676865816,0.9983036518096924,1,0.9983036518096924,0.4983036518096924,1
13701,recon_00006.tiff,268062,2,cnn3,3,0.9878530502319336,0.012146949768066406,2,0.9878530502319336,0.4878530502319336,1
13702,recon_00006.tiff,268134,2,cnn3,3,0.9782434701919556,0.021756529808044434,2,0.9782434701919556,0.47824347019195557,1
13710,recon_00006.tiff,268276,2,cnn3,3,0.9883887767791748,0.011611223220825195,2,0.9883887767791748,0.4883887767791748,1
13746,recon_00006.tiff,268954,1,cnn3,3,0.12084634602069855,0.8791536688804626,1,0.8791536688804626,0.37915366888046265,1
13768,recon_00006.tiff,269259,2,cnn3,3,0.9750626087188721,0.02493739128112793,2,0.9750626087188721,0.47506260871887207,1
13798,recon_00006.tiff,269566,2,cnn3,3,0.9877386093139648,0.012261390686035156,2,0.9877386093139648,0.48773860931396484,1
13838,recon_00006.tiff,270180,2,cnn3,3,0.9151034951210022,0.0848965048789978,2,0.9151034951210022,0.4151034951210022,1
13859,recon_00006.tiff,270536,2,cnn3,3,0.9879023432731628,0.012097656726837158,2,0.9879023432731628,0.48790234327316284,1
13874,recon_00006.tiff,270798,1,cnn3,3,0.11271189898252487,0.8872880935668945,1,0.8872880935668945,0.38728809356689453,1
13878,recon_00006.tiff,271020,1,cnn3,3,0.16273657977581024,0.8372634053230286,1,0.8372634053230286,0.33726340532302856,1
13898,recon_00006.tiff,271590,1,cnn3,3,0.1493595987558365,0.8506404161453247,1,0.8506404161453247,0.3506404161453247,1
14325,recon_00006.tiff,288151,1,cnn3,3,0.2137373834848404,0.7862626314163208,1,0.7862626314163208,0.2862626314163208,1
14329,recon_00006.tiff,289869,1,cnn3,3,0.16516782343387604,0.8348321914672852,1,0.8348321914672852,0.33483219146728516,1
14335,recon_00006.tiff,289963,1,cnn3,3,0.3013499677181244,0.6986500024795532,1,0.6986500024795532,0.1986500322818756,1
3686,recon_00006.tiff,54607,1,random_forest,4,0.18245714285714282,0.8175428571428571,1,0.8175428571428571,0.3175428571428572,1
3699,recon_00006.tiff,54823,1,random_forest,4,0.0,1.0,1,1.0,0.5,1
3733,recon_00006.tiff,55315,1,random_forest,4,0.035366666666666664,0.9646333333333333,1,0.9646333333333333,0.46463333333333334,1
3911,recon_00006.tiff,58073,1,random_forest,4,0.002,0.998,1,0.998,0.498,1
3973,recon_00006.tiff,59006,1,random_forest,4,0.0,1.0,1,1.0,0.5,1
5433,recon_00006.tiff,84511,2,random_forest,4,0.9943333333333334,0.005666666666666598,2,0.9943333333333334,0.4943333333333334,1
5463,recon_00006.tiff,85165,2,random_forest,4,0.7349857142857141,0.26501428571428587,2,0.7349857142857141,0.23498571428571413,1
5821,recon_00006.tiff,91631,1,random_forest,4,0.04647142857142859,0.9535285714285714,1,0.9535285714285714,0.4535285714285714,1
6221,recon_00006.tiff,101363,2,random_forest,4,0.6545333333333334,0.3454666666666666,2,0.6545333333333334,0.1545333333333334,1
6286,recon_00006.tiff,103129,1,random_forest,4,0.15914285714285717,0.8408571428571429,1,0.8408571428571429,0.34085714285714286,1
6420,recon_00006.tiff,106246,2,random_forest,4,0.9933333333333333,0.00666666666666671,2,0.9933333333333333,0.4933333333333333,1
6430,recon_00006.tiff,106470,2,random_forest,4,0.9973333333333333,0.002666666666666706,2,0.9973333333333333,0.4973333333333333,1
6431,recon_00006.tiff,106471,2,random_forest,4,0.9926666666666666,0.007333333333333414,2,0.9926666666666666,0.4926666666666666,1
6441,recon_00006.tiff,106713,1,random_forest,4,0.10013333333333332,0.8998666666666667,1,0.8998666666666667,0.3998666666666667,1
6469,recon_00006.tiff,107457,1,random_forest,4,0.036595238095238104,0.9634047619047619,1,0.9634047619047619,0.4634047619047619,1
6472,recon_00006.tiff,107535,2,random_forest,4,0.8952666666666669,0.10473333333333312,2,0.8952666666666669,0.3952666666666669,1
6500,recon_00006.tiff,108100,2,random_forest,4,0.8125333333333333,0.18746666666666667,2,0.8125333333333333,0.31253333333333333,1
6631,recon_00006.tiff,110024,2,random_forest,4,1.0,0.0,2,1.0,0.5,1
6636,recon_00006.tiff,110129,2,random_forest,4,1.0,0.0,2,1.0,0.5,1
6677,recon_00006.tiff,110694,2,random_forest,4,0.8529333333333335,0.14706666666666646,2,0.8529333333333335,0.35293333333333354,1
6721,recon_00006.tiff,111402,1,random_forest,4,0.0,1.0,1,1.0,0.5,1
6735,recon_00006.tiff,111651,1,random_forest,4,0.0,1.0,1,1.0,0.5,1
6750,recon_00006.tiff,111958,1,random_forest,4,0.20926666666666668,0.7907333333333333,1,0.7907333333333333,0.2907333333333333,1
6769,recon_00006.tiff,112301,2,random_forest,4,1.0,0.0,2,1.0,0.5,1
6771,recon_00006.tiff,112303,1,random_forest,4,0.0,1.0,1,1.0,0.5,1
6786,recon_00006.tiff,112526,1,random_forest,4,0.001,0.999,1,0.999,0.499,1
6797,recon_00006.tiff,112648,1,random_forest,4,0.0015,0.9985,1,0.9985,0.4985,1
6806,recon_00006.tiff,112770,1,random_forest,4,0.0,1.0,1,1.0,0.5,1
6814,recon_00006.tiff,112847,1,random_forest,4,0.007166666666666666,0.9928333333333333,1,0.9928333333333333,0.49283333333333335,1
6822,recon_00006.tiff,112967,1,random_forest,4,0.30391428571428564,0.6960857142857144,1,0.6960857142857144,0.19608571428571436,1
6844,recon_00006.tiff,113232,1,random_forest,4,0.1488547619047619,0.8511452380952381,1,0.8511452380952381,0.3511452380952381,1
6850,recon_00006.tiff,113349,2,random_forest,4,0.9531666666666666,0.04683333333333339,2,0.9531666666666666,0.4531666666666666,1
6872,recon_00006.tiff,113599,2,random_forest,4,0.8297333333333333,0.17026666666666668,2,0.8297333333333333,0.3297333333333333,1
6898,recon_00006.tiff,113914,1,random_forest,4,0.16725714285714285,0.8327428571428571,1,0.8327428571428571,0.3327428571428571,1
6899,recon_00006.tiff,113916,1,random_forest,4,0.03713333333333333,0.9628666666666666,1,0.9628666666666666,0.46286666666666665,1
6951,recon_00006.tiff,114859,1,random_forest,4,0.02003333333333333,0.9799666666666667,1,0.9799666666666667,0.47996666666666665,1
7066,recon_00006.tiff,117297,1,random_forest,4,0.010533333333333334,0.9894666666666667,1,0.9894666666666667,0.48946666666666666,1
7075,recon_00006.tiff,117517,1,random_forest,4,0.013233333333333335,0.9867666666666667,1,0.9867666666666667,0.4867666666666667,1
7135,recon_00006.tiff,119001,1,random_forest,4,0.0,1.0,1,1.0,0.5,1
7147,recon_00006.tiff,119138,1,random_forest,4,0.0217,0.9783,1,0.9783,0.4783,1
7204,recon_00006.tiff,120377,1,random_forest,4,0.0,1.0,1,1.0,0.5,1
7226,recon_00006.tiff,120886,1,random_forest,4,0.007333333333333333,0.9926666666666667,1,0.9926666666666667,0.49266666666666664,1
7228,recon_00006.tiff,120995,1,random_forest,4,0.015433333333333334,0.9845666666666667,1,0.9845666666666667,0.48456666666666665,1
7369,recon_00006.tiff,126304,1,random_forest,4,0.001,0.999,1,0.999,0.499,1
7478,recon_00006.tiff,129934,2,random_forest,4,1.0,0.0,2,1.0,0.5,1
7561,recon_00006.tiff,132457,2,random_forest,4,0.9132666666666668,0.08673333333333322,2,0.9132666666666668,0.4132666666666668,1
8328,recon_00006.tiff,150840,2,random_forest,4,0.9885,0.011499999999999955,2,0.9885,0.48850000000000005,1
8557,recon_00006.tiff,157170,2,random_forest,4,1.0,0.0,2,1.0,0.5,1
8607,recon_00006.tiff,158539,2,random_forest,4,0.7375071428571428,0.2624928571428572,2,0.7375071428571428,0.2375071428571428,1
8739,recon_00006.tiff,161490,2,random_forest,4,0.6779833333333334,0.3220166666666666,2,0.6779833333333334,0.17798333333333338,1
8899,recon_00006.tiff,165860,2,random_forest,4,0.9180666666666667,0.0819333333333333,2,0.9180666666666667,0.4180666666666667,1
8949,recon_00006.tiff,166942,2,random_forest,4,0.9931333333333333,0.006866666666666688,2,0.9931333333333333,0.4931333333333333,1
12972,recon_00006.tiff,254812,2,random_forest,4,0.9083761904761904,0.09162380952380955,2,0.9083761904761904,0.40837619047619045,1
13409,recon_00006.tiff,263664,1,random_forest,4,0.6620476190476191,0.3379523809523809,2,0.6620476190476191,0.1620476190476191,0
13469,recon_00006.tiff,264927,1,random_forest,4,0.019100000000000002,0.9809,1,0.9809,0.4809,1
13506,recon_00006.tiff,265426,2,random_forest,4,0.8913571428571428,0.10864285714285715,2,0.8913571428571428,0.39135714285714285,1
13724,recon_00006.tiff,268584,2,random_forest,4,1.0,0.0,2,1.0,0.5,1
13727,recon_00006.tiff,268638,2,random_forest,4,1.0,0.0,2,1.0,0.5,1
13755,recon_00006.tiff,269115,2,random_forest,4,1.0,0.0,2,1.0,0.5,1
13763,recon_00006.tiff,269194,2,random_forest,4,1.0,0.0,2,1.0,0.5,1
13792,recon_00006.tiff,269489,2,random_forest,4,1.0,0.0,2,1.0,0.5,1
13808,recon_00006.tiff,269728,1,random_forest,4,0.011166666666666668,0.9888333333333333,1,0.9888333333333333,0.48883333333333334,1
13858,recon_00006.tiff,270534,1,random_forest,4,0.004,0.996,1,0.996,0.496,1
13867,recon_00006.tiff,270655,2,random_forest,4,1.0,0.0,2,1.0,0.5,1
13872,recon_00006.tiff,270796,1,random_forest,4,0.02093333333333333,0.9790666666666666,1,0.9790666666666666,0.47906666666666664,1
13875,recon_00006.tiff,270799,2,random_forest,4,0.954,0.04600000000000004,2,0.954,0.45399999999999996,1
13891,recon_00006.tiff,271380,1,random_forest,4,0.0115,0.9885,1,0.9885,0.4885,1
14319,recon_00006.tiff,282372,1,random_forest,4,0.006833333333333333,0.9931666666666666,1,0.9931666666666666,0.49316666666666664,1
3686,recon_00006.tiff,54607,1,dense_fc,4,0.01469906885176897,0.9853009581565857,1,0.9853009581565857,0.4853009283542633,1
3699,recon_00006.tiff,54823,1,dense_fc,4,0.00013835720892529935,0.9998616576194763,1,0.9998616576194763,0.4998616576194763,1
3733,recon_00006.tiff,55315,1,dense_fc,4,0.00022492620337288827,0.9997750520706177,1,0.9997750520706177,0.49977508187294006,1
3911,recon_00006.tiff,58073,1,dense_fc,4,0.0008927996968850493,0.9991071820259094,1,0.9991071820259094,0.4991072118282318,1
3973,recon_00006.tiff,59006,1,dense_fc,4,0.0035555874928832054,0.9964444041252136,1,0.9964444041252136,0.4964444041252136,1
5433,recon_00006.tiff,84511,2,dense_fc,4,0.9253912568092346,0.07460874319076538,2,0.9253912568092346,0.4253912568092346,1
5463,recon_00006.tiff,85165,2,dense_fc,4,0.7547298669815063,0.24527013301849365,2,0.7547298669815063,0.25472986698150635,1
5821,recon_00006.tiff,91631,1,dense_fc,4,0.0002935012453235686,0.999706506729126,1,0.999706506729126,0.499706506729126,1
6221,recon_00006.tiff,101363,2,dense_fc,4,0.40504634380340576,0.5949536561965942,1,0.5949536561965942,0.09495365619659424,0
6286,recon_00006.tiff,103129,1,dense_fc,4,0.04332157224416733,0.9566784501075745,1,0.9566784501075745,0.4566784203052521,1
6420,recon_00006.tiff,106246,2,dense_fc,4,0.9977867603302002,0.0022132396697998047,2,0.9977867603302002,0.4977867603302002,1
6430,recon_00006.tiff,106470,2,dense_fc,4,0.9992724061012268,0.0007275938987731934,2,0.9992724061012268,0.4992724061012268,1
6431,recon_00006.tiff,106471,2,dense_fc,4,0.998847484588623,0.0011525154113769531,2,0.998847484588623,0.49884748458862305,1
6441,recon_00006.tiff,106713,1,dense_fc,4,0.05147339403629303,0.9485266208648682,1,0.9485266208648682,0.44852662086486816,1
6469,recon_00006.tiff,107457,1,dense_fc,4,1.1889817415067228e-06,0.9999988079071045,1,0.9999988079071045,0.4999988079071045,1
6472,recon_00006.tiff,107535,2,dense_fc,4,0.9118282198905945,0.08817178010940552,2,0.9118282198905945,0.4118282198905945,1
6500,recon_00006.tiff,108100,2,dense_fc,4,0.9366623163223267,0.06333768367767334,2,0.9366623163223267,0.43666231632232666,1
6631,recon_00006.tiff,110024,2,dense_fc,4,0.9964626431465149,0.0035373568534851074,2,0.9964626431465149,0.4964626431465149,1
6636,recon_00006.tiff,110129,2,dense_fc,4,0.9982032775878906,0.001796722412109375,2,0.9982032775878906,0.4982032775878906,1
6677,recon_00006.tiff,110694,2,dense_fc,4,0.9976385831832886,0.0023614168167114258,2,0.9976385831832886,0.4976385831832886,1
6721,recon_00006.tiff,111402,1,dense_fc,4,0.004509961698204279,0.9954900145530701,1,0.9954900145530701,0.49549004435539246,1
6735,recon_00006.tiff,111651,1,dense_fc,4,0.0005960065755061805,0.9994040131568909,1,0.9994040131568909,0.4994039833545685,1
6750,recon_00006.tiff,111958,1,dense_fc,4,0.1641903519630432,0.8358096480369568,1,0.8358096480369568,0.3358096480369568,1
6769,recon_00006.tiff,112301,2,dense_fc,4,0.9993382096290588,0.0006617903709411621,2,0.9993382096290588,0.49933820962905884,1
6771,recon_00006.tiff,112303,1,dense_fc,4,0.001701795612461865,0.9982982277870178,1,0.9982982277870178,0.49829819798469543,1
6786,recon_00006.tiff,112526,1,dense_fc,4,0.000999033683910966,0.9990009665489197,1,0.9990009665489197,0.4990009665489197,1
6797,recon_00006.tiff,112648,1,dense_fc,4,0.0009563075727783144,0.9990437030792236,1,0.9990437030792236,0.49904370307922363,1
6806,recon_00006.tiff,112770,1,dense_fc,4,0.0005754447774961591,0.9994245767593384,1,0.9994245767593384,0.499424546957016,1
6814,recon_00006.tiff,112847,1,dense_fc,4,0.000416402006521821,0.9995836019515991,1,0.9995836019515991,0.4995836019515991,1
6822,recon_00006.tiff,112967,1,dense_fc,4,0.22236326336860657,0.7776367664337158,1,0.7776367664337158,0.27763673663139343,1
6844,recon_00006.tiff,113232,1,dense_fc,4,0.14967648684978485,0.850323498249054,1,0.850323498249054,0.35032349824905396,1
6850,recon_00006.tiff,113349,2,dense_fc,4,0.9335477352142334,0.0664522647857666,2,0.9335477352142334,0.4335477352142334,1
6872,recon_00006.tiff,113599,2,dense_fc,4,0.7658957242965698,0.23410427570343018,2,0.7658957242965698,0.2658957242965698,1
6898,recon_00006.tiff,113914,1,dense_fc,4,0.20057928562164307,0.7994207143783569,1,0.7994207143783569,0.29942071437835693,1
6899,recon_00006.tiff,113916,1,dense_fc,4,0.07099738717079163,0.9290026426315308,1,0.9290026426315308,0.4290026128292084,1
6951,recon_00006.tiff,114859,1,dense_fc,4,0.005321606528013945,0.9946783781051636,1,0.9946783781051636,0.49467840790748596,1
7066,recon_00006.tiff,117297,1,dense_fc,4,3.5552999179344624e-05,0.9999644756317139,1,0.9999644756317139,0.4999644458293915,1
7075,recon_00006.tiff,117517,1,dense_fc,4,2.389211476838682e-05,0.9999760985374451,1,0.9999760985374451,0.49997609853744507,1
7135,recon_00006.tiff,119001,1,dense_fc,4,0.013196852058172226,0.9868031740188599,1,0.9868031740188599,0.4868031442165375,1
7147,recon_00006.tiff,119138,1,dense_fc,4,0.0178170595318079,0.9821829199790955,1,0.9821829199790955,0.48218294978141785,1
7204,recon_00006.tiff,120377,1,dense_fc,4,0.011877691373229027,0.988122284412384,1,0.988122284412384,0.4881223142147064,1
7226,recon_00006.tiff,120886,1,dense_fc,4,0.005191646050661802,0.9948083758354187,1,0.9948083758354187,0.4948083460330963,1
7228,recon_00006.tiff,120995,1,dense_fc,4,0.0032179048284888268,0.996782124042511,1,0.996782124042511,0.4967820942401886,1
7369,recon_00006.tiff,126304,1,dense_fc,4,0.09285873919725418,0.9071412682533264,1,0.9071412682533264,0.4071412682533264,1
7478,recon_00006.tiff,129934,2,dense_fc,4,0.9953120946884155,0.004687905311584473,2,0.9953120946884155,0.4953120946884155,1
7561,recon_00006.tiff,132457,2,dense_fc,4,0.9641867876052856,0.035813212394714355,2,0.9641867876052856,0.46418678760528564,1
8328,recon_00006.tiff,150840,2,dense_fc,4,0.9160544276237488,0.08394557237625122,2,0.9160544276237488,0.4160544276237488,1
8557,recon_00006.tiff,157170,2,dense_fc,4,0.990584135055542,0.009415864944458008,2,0.990584135055542,0.490584135055542,1
8607,recon_00006.tiff,158539,2,dense_fc,4,0.7604679465293884,0.23953205347061157,2,0.7604679465293884,0.2604679465293884,1
8739,recon_00006.tiff,161490,2,dense_fc,4,0.9190564751625061,0.0809435248374939,2,0.9190564751625061,0.4190564751625061,1
8899,recon_00006.tiff,165860,2,dense_fc,4,0.9460564851760864,0.053943514823913574,2,0.9460564851760864,0.4460564851760864,1
8949,recon_00006.tiff,166942,2,dense_fc,4,0.9417924880981445,0.05820751190185547,2,0.9417924880981445,0.44179248809814453,1
12972,recon_00006.tiff,254812,2,dense_fc,4,0.8687617778778076,0.13123822212219238,2,0.8687617778778076,0.3687617778778076,1
13409,recon_00006.tiff,263664,1,dense_fc,4,0.972873330116272,0.027126669883728027,2,0.972873330116272,0.472873330116272,0
13469,recon_00006.tiff,264927,1,dense_fc,4,0.0002868685987778008,0.999713122844696,1,0.999713122844696,0.49971312284469604,1
13506,recon_00006.tiff,265426,2,dense_fc,4,0.9712547659873962,0.02874523401260376,2,0.9712547659873962,0.47125476598739624,1
13724,recon_00006.tiff,268584,2,dense_fc,4,0.9936732053756714,0.006326794624328613,2,0.9936732053756714,0.4936732053756714,1
13727,recon_00006.tiff,268638,2,dense_fc,4,0.9943329095840454,0.00566709041595459,2,0.9943329095840454,0.4943329095840454,1
13755,recon_00006.tiff,269115,2,dense_fc,4,0.9956796765327454,0.004320323467254639,2,0.9956796765327454,0.49567967653274536,1
13763,recon_00006.tiff,269194,2,dense_fc,4,0.9820760488510132,0.017923951148986816,2,0.9820760488510132,0.4820760488510132,1
13792,recon_00006.tiff,269489,2,dense_fc,4,0.9893529415130615,0.010647058486938477,2,0.9893529415130615,0.4893529415130615,1
13808,recon_00006.tiff,269728,1,dense_fc,4,0.24761928617954254,0.7523807287216187,1,0.7523807287216187,0.25238072872161865,1
13858,recon_00006.tiff,270534,1,dense_fc,4,0.0828743577003479,0.9171256422996521,1,0.9171256422996521,0.4171256422996521,1
13867,recon_00006.tiff,270655,2,dense_fc,4,0.9936733245849609,0.0063266754150390625,2,0.9936733245849609,0.49367332458496094,1
13872,recon_00006.tiff,270796,1,dense_fc,4,0.04635746777057648,0.9536425471305847,1,0.9536425471305847,0.4536425471305847,1
13875,recon_00006.tiff,270799,2,dense_fc,4,0.9835151433944702,0.016484856605529785,2,0.9835151433944702,0.4835151433944702,1
13891,recon_00006.tiff,271380,1,dense_fc,4,0.15468037128448486,0.8453196287155151,1,0.8453196287155151,0.34531962871551514,1
14319,recon_00006.tiff,282372,1,dense_fc,4,0.25770774483680725,0.7422922849655151,1,0.7422922849655151,0.24229225516319275,1
3686,recon_00006.tiff,54607,1,cnn2,4,0.0478271022439003,0.9521728754043579,1,0.9521728754043579,0.4521729052066803,1
3699,recon_00006.tiff,54823,1,cnn2,4,0.036952704191207886,0.9630472660064697,1,0.9630472660064697,0.4630472958087921,1
3733,recon_00006.tiff,55315,1,cnn2,4,0.06442415714263916,0.9355758428573608,1,0.9355758428573608,0.43557584285736084,1
3911,recon_00006.tiff,58073,1,cnn2,4,0.04881962388753891,0.9511803984642029,1,0.9511803984642029,0.4511803686618805,1
3973,recon_00006.tiff,59006,1,cnn2,4,0.21405421197414398,0.7859457731246948,1,0.7859457731246948,0.2859457731246948,1
5433,recon_00006.tiff,84511,2,cnn2,4,0.8921618461608887,0.10783815383911133,2,0.8921618461608887,0.39216184616088867,1
5463,recon_00006.tiff,85165,2,cnn2,4,0.5680238604545593,0.4319761395454407,2,0.5680238604545593,0.06802386045455933,1
5821,recon_00006.tiff,91631,1,cnn2,4,0.003889139974489808,0.9961108565330505,1,0.9961108565330505,0.49611085653305054,1
6221,recon_00006.tiff,101363,2,cnn2,4,0.6621769666671753,0.3378230333328247,2,0.6621769666671753,0.1621769666671753,1
6286,recon_00006.tiff,103129,1,cnn2,4,0.1419084072113037,0.8580915927886963,1,0.8580915927886963,0.3580915927886963,1
6420,recon_00006.tiff,106246,2,cnn2,4,0.8919188380241394,0.1080811619758606,2,0.8919188380241394,0.3919188380241394,1
6430,recon_00006.tiff,106470,2,cnn2,4,0.90948486328125,0.09051513671875,2,0.90948486328125,0.40948486328125,1
6431,recon_00006.tiff,106471,2,cnn2,4,0.8971658945083618,0.10283410549163818,2,0.8971658945083618,0.3971658945083618,1
6441,recon_00006.tiff,106713,1,cnn2,4,0.515536367893219,0.484463632106781,2,0.515536367893219,0.015536367893218994,0
6469,recon_00006.tiff,107457,1,cnn2,4,0.0003856490657199174,0.9996143579483032,1,0.9996143579483032,0.4996143579483032,1
6472,recon_00006.tiff,107535,2,cnn2,4,0.88134765625,0.11865234375,2,0.88134765625,0.38134765625,1
6500,recon_00006.tiff,108100,2,cnn2,4,0.8755770921707153,0.12442290782928467,2,0.8755770921707153,0.37557709217071533,1
6631,recon_00006.tiff,110024,2,cnn2,4,0.9182324409484863,0.08176755905151367,2,0.9182324409484863,0.41823244094848633,1
6636,recon_00006.tiff,110129,2,cnn2,4,0.9506015181541443,0.04939848184585571,2,0.9506015181541443,0.4506015181541443,1
6677,recon_00006.tiff,110694,2,cnn2,4,0.6289845108985901,0.3710154891014099,2,0.6289845108985901,0.1289845108985901,1
6721,recon_00006.tiff,111402,1,cnn2,4,0.49251630902290344,0.507483720779419,1,0.507483720779419,0.007483690977096558,1
6735,recon_00006.tiff,111651,1,cnn2,4,0.05621157959103584,0.9437884092330933,1,0.9437884092330933,0.44378840923309326,1
6750,recon_00006.tiff,111958,1,cnn2,4,0.5859024524688721,0.41409754753112793,2,0.5859024524688721,0.08590245246887207,0
6769,recon_00006.tiff,112301,2,cnn2,4,0.9575177431106567,0.04248225688934326,2,0.9575177431106567,0.45751774311065674,1
6771,recon_00006.tiff,112303,1,cnn2,4,0.09522277861833572,0.9047772288322449,1,0.9047772288322449,0.4047772288322449,1
6786,recon_00006.tiff,112526,1,cnn2,4,0.058835290372371674,0.9411647319793701,1,0.9411647319793701,0.44116470217704773,1
6797,recon_00006.tiff,112648,1,cnn2,4,0.10572595149278641,0.8942740559577942,1,0.8942740559577942,0.3942740559577942,1
6806,recon_00006.tiff,112770,1,cnn2,4,0.20889608561992645,0.7911038994789124,1,0.7911038994789124,0.29110389947891235,1
6814,recon_00006.tiff,112847,1,cnn2,4,0.015510555356740952,0.9844894409179688,1,0.9844894409179688,0.48448944091796875,1
6822,recon_00006.tiff,112967,1,cnn2,4,0.5027967691421509,0.4972032308578491,2,0.5027967691421509,0.002796769142150879,0
6844,recon_00006.tiff,113232,1,cnn2,4,0.6389179229736328,0.3610820770263672,2,0.6389179229736328,0.1389179229736328,0
6850,recon_00006.tiff,113349,2,cnn2,4,0.911156415939331,0.08884358406066895,2,0.911156415939331,0.41115641593933105,1
6872,recon_00006.tiff,113599,2,cnn2,4,0.5912728309631348,0.40872716903686523,2,0.5912728309631348,0.09127283096313477,1
6898,recon_00006.tiff,113914,1,cnn2,4,0.4968090057373047,0.5031909942626953,1,0.5031909942626953,0.0031909942626953125,1
6899,recon_00006.tiff,113916,1,cnn2,4,0.40368494391441345,0.5963150262832642,1,0.5963150262832642,0.09631505608558655,1
6951,recon_00006.tiff,114859,1,cnn2,4,0.058072883635759354,0.9419271349906921,1,0.9419271349906921,0.44192710518836975,1
7066,recon_00006.tiff,117297,1,cnn2,4,0.0010312888771295547,0.9989687204360962,1,0.9989687204360962,0.4989687204360962,1
7075,recon_00006.tiff,117517,1,cnn2,4,0.0005662830080837011,0.999433696269989,1,0.999433696269989,0.4994337260723114,1
7135,recon_00006.tiff,119001,1,cnn2,4,0.4494231045246124,0.55057692527771,1,0.55057692527771,0.05057689547538757,1
7147,recon_00006.tiff,119138,1,cnn2,4,0.0893724262714386,0.9106276035308838,1,0.9106276035308838,0.4106275737285614,1
7204,recon_00006.tiff,120377,1,cnn2,4,0.3268904387950897,0.6731095314025879,1,0.6731095314025879,0.17310956120491028,1
7226,recon_00006.tiff,120886,1,cnn2,4,0.22494469583034515,0.7750552892684937,1,0.7750552892684937,0.27505528926849365,1
7228,recon_00006.tiff,120995,1,cnn2,4,0.24312901496887207,0.7568709850311279,1,0.7568709850311279,0.25687098503112793,1
7369,recon_00006.tiff,126304,1,cnn2,4,0.35747480392456055,0.6425251960754395,1,0.6425251960754395,0.14252519607543945,1
7478,recon_00006.tiff,129934,2,cnn2,4,0.9386662840843201,0.06133371591567993,2,0.9386662840843201,0.43866628408432007,1
7561,recon_00006.tiff,132457,2,cnn2,4,0.933301568031311,0.06669843196868896,2,0.933301568031311,0.43330156803131104,1
8328,recon_00006.tiff,150840,2,cnn2,4,0.8544471859931946,0.14555281400680542,2,0.8544471859931946,0.3544471859931946,1
8557,recon_00006.tiff,157170,2,cnn2,4,0.8831233978271484,0.11687660217285156,2,0.8831233978271484,0.38312339782714844,1
8607,recon_00006.tiff,158539,2,cnn2,4,0.7869964838027954,0.2130035161972046,2,0.7869964838027954,0.2869964838027954,1
8739,recon_00006.tiff,161490,2,cnn2,4,0.8658663034439087,0.1341336965560913,2,0.8658663034439087,0.3658663034439087,1
8899,recon_00006.tiff,165860,2,cnn2,4,0.9027897119522095,0.09721028804779053,2,0.9027897119522095,0.4027897119522095,1
8949,recon_00006.tiff,166942,2,cnn2,4,0.8741397857666016,0.12586021423339844,2,0.8741397857666016,0.37413978576660156,1
12972,recon_00006.tiff,254812,2,cnn2,4,0.8370636105537415,0.16293638944625854,2,0.8370636105537415,0.33706361055374146,1
13409,recon_00006.tiff,263664,1,cnn2,4,0.917204737663269,0.08279526233673096,2,0.917204737663269,0.41720473766326904,0
13469,recon_00006.tiff,264927,1,cnn2,4,0.012585428543388844,0.9874145984649658,1,0.9874145984649658,0.48741456866264343,1
13506,recon_00006.tiff,265426,2,cnn2,4,0.8897477984428406,0.11025220155715942,2,0.8897477984428406,0.3897477984428406,1
13724,recon_00006.tiff,268584,2,cnn2,4,0.8317294120788574,0.16827058792114258,2,0.8317294120788574,0.3317294120788574,1
13727,recon_00006.tiff,268638,2,cnn2,4,0.85759037733078,0.14240962266921997,2,0.85759037733078,0.35759037733078003,1
13755,recon_00006.tiff,269115,2,cnn2,4,0.9449073672294617,0.05509263277053833,2,0.9449073672294617,0.44490736722946167,1
13763,recon_00006.tiff,269194,2,cnn2,4,0.8758540749549866,0.12414592504501343,2,0.8758540749549866,0.3758540749549866,1
13792,recon_00006.tiff,269489,2,cnn2,4,0.9070695042610168,0.09293049573898315,2,0.9070695042610168,0.40706950426101685,1
13808,recon_00006.tiff,269728,1,cnn2,4,0.2204994261264801,0.7795006036758423,1,0.7795006036758423,0.2795005738735199,1
13858,recon_00006.tiff,270534,1,cnn2,4,0.34207841753959656,0.657921552658081,1,0.657921552658081,0.15792158246040344,1
13867,recon_00006.tiff,270655,2,cnn2,4,0.9191115498542786,0.08088845014572144,2,0.9191115498542786,0.41911154985427856,1
13872,recon_00006.tiff,270796,1,cnn2,4,0.12695172429084778,0.8730483055114746,1,0.8730483055114746,0.3730482757091522,1
13875,recon_00006.tiff,270799,2,cnn2,4,0.9083724617958069,0.09162753820419312,2,0.9083724617958069,0.4083724617958069,1
13891,recon_00006.tiff,271380,1,cnn2,4,0.3228858709335327,0.6771141290664673,1,0.6771141290664673,0.17711412906646729,1
14319,recon_00006.tiff,282372,1,cnn2,4,0.15434351563453674,0.8456565141677856,1,0.8456565141677856,0.34565648436546326,1
3686,recon_00006.tiff,54607,1,cnn3,4,0.08132925629615784,0.9186707735061646,1,0.9186707735061646,0.41867074370384216,1
3699,recon_00006.tiff,54823,1,cnn3,4,0.04809874668717384,0.9519012570381165,1,0.9519012570381165,0.45190125703811646,1
3733,recon_00006.tiff,55315,1,cnn3,4,0.041544701904058456,0.9584553241729736,1,0.9584553241729736,0.45845529437065125,1
3911,recon_00006.tiff,58073,1,cnn3,4,0.006362355779856443,0.9936376214027405,1,0.9936376214027405,0.49363765120506287,1
3973,recon_00006.tiff,59006,1,cnn3,4,0.007391509134322405,0.9926084876060486,1,0.9926084876060486,0.4926084876060486,1
5433,recon_00006.tiff,84511,2,cnn3,4,0.9826488494873047,0.017351150512695312,2,0.9826488494873047,0.4826488494873047,1
5463,recon_00006.tiff,85165,2,cnn3,4,0.9689726829528809,0.03102731704711914,2,0.9689726829528809,0.46897268295288086,1
5821,recon_00006.tiff,91631,1,cnn3,4,0.0009056186536327004,0.9990943670272827,1,0.9990943670272827,0.4990943670272827,1
6221,recon_00006.tiff,101363,2,cnn3,4,0.6415686011314392,0.3584313988685608,2,0.6415686011314392,0.1415686011314392,1
6286,recon_00006.tiff,103129,1,cnn3,4,0.015838731080293655,0.9841612577438354,1,0.9841612577438354,0.48416125774383545,1
6420,recon_00006.tiff,106246,2,cnn3,4,0.9930303692817688,0.006969630718231201,2,0.9930303692817688,0.4930303692817688,1
6430,recon_00006.tiff,106470,2,cnn3,4,0.9091300964355469,0.09086990356445312,2,0.9091300964355469,0.4091300964355469,1
6431,recon_00006.tiff,106471,2,cnn3,4,0.9842340350151062,0.0157659649848938,2,0.9842340350151062,0.4842340350151062,1
6441,recon_00006.tiff,106713,1,cnn3,4,0.5926569104194641,0.4073430895805359,2,0.5926569104194641,0.09265691041946411,0
6469,recon_00006.tiff,107457,1,cnn3,4,0.0435233935713768,0.956476628780365,1,0.956476628780365,0.4564765989780426,1
6472,recon_00006.tiff,107535,2,cnn3,4,0.9318258166313171,0.06817418336868286,2,0.9318258166313171,0.43182581663131714,1
6500,recon_00006.tiff,108100,2,cnn3,4,0.7920387983322144,0.20796120166778564,2,0.7920387983322144,0.29203879833221436,1
6631,recon_00006.tiff,110024,2,cnn3,4,0.8756030201911926,0.12439697980880737,2,0.8756030201911926,0.3756030201911926,1
6636,recon_00006.tiff,110129,2,cnn3,4,0.9885632991790771,0.011436700820922852,2,0.9885632991790771,0.48856329917907715,1
6677,recon_00006.tiff,110694,2,cnn3,4,0.617486298084259,0.38251370191574097,2,0.617486298084259,0.11748629808425903,1
6721,recon_00006.tiff,111402,1,cnn3,4,0.2569817900657654,0.7430182099342346,1,0.7430182099342346,0.24301820993423462,1
6735,recon_00006.tiff,111651,1,cnn3,4,0.0038307637441903353,0.9961692094802856,1,0.9961692094802856,0.49616923928260803,1
6750,recon_00006.tiff,111958,1,cnn3,4,0.11161305010318756,0.8883869647979736,1,0.8883869647979736,0.38838696479797363,1
6769,recon_00006.tiff,112301,2,cnn3,4,0.9705782532691956,0.029421746730804443,2,0.9705782532691956,0.47057825326919556,1
6771,recon_00006.tiff,112303,1,cnn3,4,0.013895145617425442,0.9861048460006714,1,0.9861048460006714,0.4861048460006714,1
6786,recon_00006.tiff,112526,1,cnn3,4,0.014188136905431747,0.9858118891716003,1,0.9858118891716003,0.48581185936927795,1
6797,recon_00006.tiff,112648,1,cnn3,4,0.011937408708035946,0.9880626201629639,1,0.9880626201629639,0.4880625903606415,1
6806,recon_00006.tiff,112770,1,cnn3,4,0.03862828388810158,0.9613717198371887,1,0.9613717198371887,0.4613717198371887,1
6814,recon_00006.tiff,112847,1,cnn3,4,0.03276392072439194,0.9672361016273499,1,0.9672361016273499,0.46723607182502747,1
6822,recon_00006.tiff,112967,1,cnn3,4,0.12340810149908066,0.8765919208526611,1,0.8765919208526611,0.37659189105033875,1
6844,recon_00006.tiff,113232,1,cnn3,4,0.2167222648859024,0.7832777500152588,1,0.7832777500152588,0.2832777500152588,1
6850,recon_00006.tiff,113349,2,cnn3,4,0.987245500087738,0.012754499912261963,2,0.987245500087738,0.48724550008773804,1
6872,recon_00006.tiff,113599,2,cnn3,4,0.8041735291481018,0.1958264708518982,2,0.8041735291481018,0.3041735291481018,1
6898,recon_00006.tiff,113914,1,cnn3,4,0.20803982019424438,0.7919601798057556,1,0.7919601798057556,0.2919601798057556,1
6899,recon_00006.tiff,113916,1,cnn3,4,0.23867978155612946,0.7613202333450317,1,0.7613202333450317,0.26132023334503174,1
6951,recon_00006.tiff,114859,1,cnn3,4,0.003307549050077796,0.9966924786567688,1,0.9966924786567688,0.4966924488544464,1
7066,recon_00006.tiff,117297,1,cnn3,4,7.861798803787678e-05,0.9999213814735413,1,0.9999213814735413,0.49992138147354126,1
7075,recon_00006.tiff,117517,1,cnn3,4,0.0013338876888155937,0.9986661076545715,1,0.9986661076545715,0.49866610765457153,1
7135,recon_00006.tiff,119001,1,cnn3,4,0.09010305255651474,0.909896969795227,1,0.909896969795227,0.40989693999290466,1
7147,recon_00006.tiff,119138,1,cnn3,4,0.008793299086391926,0.991206705570221,1,0.991206705570221,0.49120670557022095,1
7204,recon_00006.tiff,120377,1,cnn3,4,0.020278964191675186,0.9797210097312927,1,0.9797210097312927,0.4797210395336151,1
7226,recon_00006.tiff,120886,1,cnn3,4,0.007746280636638403,0.9922537207603455,1,0.9922537207603455,0.49225372076034546,1
7228,recon_00006.tiff,120995,1,cnn3,4,0.019263658672571182,0.9807363152503967,1,0.9807363152503967,0.4807363450527191,1
7369,recon_00006.tiff,126304,1,cnn3,4,0.15573257207870483,0.8442674279212952,1,0.8442674279212952,0.34426742792129517,1
7478,recon_00006.tiff,129934,2,cnn3,4,0.9962210655212402,0.0037789344787597656,2,0.9962210655212402,0.49622106552124023,1
7561,recon_00006.tiff,132457,2,cnn3,4,0.9532859921455383,0.04671400785446167,2,0.9532859921455383,0.45328599214553833,1
8328,recon_00006.tiff,150840,2,cnn3,4,0.9893162250518799,0.010683774948120117,2,0.9893162250518799,0.4893162250518799,1
8557,recon_00006.tiff,157170,2,cnn3,4,0.9827484488487244,0.017251551151275635,2,0.9827484488487244,0.48274844884872437,1
8607,recon_00006.tiff,158539,2,cnn3,4,0.8611575365066528,0.13884246349334717,2,0.8611575365066528,0.36115753650665283,1
8739,recon_00006.tiff,161490,2,cnn3,4,0.8158283233642578,0.1841716766357422,2,0.8158283233642578,0.3158283233642578,1
8899,recon_00006.tiff,165860,2,cnn3,4,0.9681164622306824,0.03188353776931763,2,0.9681164622306824,0.4681164622306824,1
8949,recon_00006.tiff,166942,2,cnn3,4,0.9539879560470581,0.046012043952941895,2,0.9539879560470581,0.4539879560470581,1
12972,recon_00006.tiff,254812,2,cnn3,4,0.9130522012710571,0.08694779872894287,2,0.9130522012710571,0.41305220127105713,1
13409,recon_00006.tiff,263664,1,cnn3,4,0.8104870319366455,0.1895129680633545,2,0.8104870319366455,0.3104870319366455,0
13469,recon_00006.tiff,264927,1,cnn3,4,0.0030743922106921673,0.9969255924224854,1,0.9969255924224854,0.49692562222480774,1
13506,recon_00006.tiff,265426,2,cnn3,4,0.9882077574729919,0.011792242527008057,2,0.9882077574729919,0.48820775747299194,1
13724,recon_00006.tiff,268584,2,cnn3,4,0.9640246629714966,0.03597533702850342,2,0.9640246629714966,0.4640246629714966,1
13727,recon_00006.tiff,268638,2,cnn3,4,0.9549482464790344,0.045051753520965576,2,0.9549482464790344,0.4549482464790344,1
13755,recon_00006.tiff,269115,2,cnn3,4,0.9947931170463562,0.005206882953643799,2,0.9947931170463562,0.4947931170463562,1
13763,recon_00006.tiff,269194,2,cnn3,4,0.979728639125824,0.020271360874176025,2,0.979728639125824,0.479728639125824,1
13792,recon_00006.tiff,269489,2,cnn3,4,0.9872724413871765,0.012727558612823486,2,0.9872724413871765,0.4872724413871765,1
13808,recon_00006.tiff,269728,1,cnn3,4,0.04906947538256645,0.9509305357933044,1,0.9509305357933044,0.45093053579330444,1
13858,recon_00006.tiff,270534,1,cnn3,4,0.09953847527503967,0.9004615545272827,1,0.9004615545272827,0.4004615247249603,1
13867,recon_00006.tiff,270655,2,cnn3,4,0.990189254283905,0.00981074571609497,2,0.990189254283905,0.49018925428390503,1
13872,recon_00006.tiff,270796,1,cnn3,4,0.025724085047841072,0.9742758870124817,1,0.9742758870124817,0.4742759168148041,1
13875,recon_00006.tiff,270799,2,cnn3,4,0.8045768737792969,0.19542312622070312,2,0.8045768737792969,0.3045768737792969,1
13891,recon_00006.tiff,271380,1,cnn3,4,0.03508163243532181,0.9649183750152588,1,0.9649183750152588,0.4649183750152588,1
14319,recon_00006.tiff,282372,1,cnn3,4,0.061206452548503876,0.9387935400009155,1,0.9387935400009155,0.4387935400009155,1
0,recon_00006.tiff,0,1,random_forest,5,0.13622222222222222,0.8637777777777778,1,0.8637777777777778,0.36377777777777776,1
1,recon_00006.tiff,38,1,random_forest,5,0.1003,0.8996999999999999,1,0.8996999999999999,0.3997,1
3711,recon_00006.tiff,55011,1,random_forest,5,0.002,0.998,1,0.998,0.498,1
3875,recon_00006.tiff,57491,1,random_forest,5,0.03933333333333334,0.9606666666666667,1,0.9606666666666667,0.46066666666666667,1
3928,recon_00006.tiff,58291,1,random_forest,5,0.006333333333333333,0.9936666666666667,1,0.9936666666666667,0.49366666666666664,1
4003,recon_00006.tiff,59420,1,random_forest,5,0.0,1.0,1,1.0,0.5,1
4047,recon_00006.tiff,59914,1,random_forest,5,0.0,1.0,1,1.0,0.5,1
5097,recon_00006.tiff,79143,1,random_forest,5,0.0,1.0,1,1.0,0.5,1
5123,recon_00006.tiff,79578,1,random_forest,5,0.0008,0.9992,1,0.9992,0.4992,1
5134,recon_00006.tiff,79801,1,random_forest,5,0.0,1.0,1,1.0,0.5,1
6220,recon_00006.tiff,101362,2,random_forest,5,0.9182142857142859,0.08178571428571413,2,0.9182142857142859,0.41821428571428587,1
6222,recon_00006.tiff,101364,2,random_forest,5,0.6954571428571427,0.30454285714285734,2,0.6954571428571427,0.19545714285714266,1
6302,recon_00006.tiff,103440,1,random_forest,5,0.004833333333333333,0.9951666666666666,1,0.9951666666666666,0.49516666666666664,1
6363,recon_00006.tiff,104725,2,random_forest,5,0.7200428571428571,0.2799571428571429,2,0.7200428571428571,0.2200428571428571,1
6426,recon_00006.tiff,106355,2,random_forest,5,0.9494,0.05059999999999998,2,0.9494,0.4494,1
6545,recon_00006.tiff,108578,2,random_forest,5,0.9818,0.018199999999999994,2,0.9818,0.4818,1
6546,recon_00006.tiff,108579,1,random_forest,5,0.006666666666666666,0.9933333333333333,1,0.9933333333333333,0.49333333333333335,1
6561,recon_00006.tiff,108901,1,random_forest,5,0.001,0.999,1,0.999,0.499,1
6564,recon_00006.tiff,108922,2,random_forest,5,0.44955873015873016,0.5504412698412698,1,0.5504412698412698,0.05044126984126984,0
6588,recon_00006.tiff,109290,2,random_forest,5,0.8611666666666666,0.13883333333333336,2,0.8611666666666666,0.36116666666666664,1
6589,recon_00006.tiff,109292,1,random_forest,5,0.16974999999999998,0.83025,1,0.83025,0.33025000000000004,1
6665,recon_00006.tiff,110567,1,random_forest,5,0.0,1.0,1,1.0,0.5,1
6704,recon_00006.tiff,111140,1,random_forest,5,0.1092,0.8908,1,0.8908,0.3908,1
6745,recon_00006.tiff,111844,2,random_forest,5,0.9993333333333334,0.0006666666666665932,2,0.9993333333333334,0.4993333333333334,1
6824,recon_00006.tiff,112974,2,random_forest,5,0.9770666666666666,0.02293333333333336,2,0.9770666666666666,0.47706666666666664,1
6907,recon_00006.tiff,114040,1,random_forest,5,0.016,0.984,1,0.984,0.484,1
7162,recon_00006.tiff,119453,1,random_forest,5,0.16236666666666666,0.8376333333333333,1,0.8376333333333333,0.33763333333333334,1
7172,recon_00006.tiff,119669,1,random_forest,5,0.0,1.0,1,1.0,0.5,1
7213,recon_00006.tiff,120515,1,random_forest,5,0.0,1.0,1,1.0,0.5,1
7255,recon_00006.tiff,121588,1,random_forest,5,0.012866666666666667,0.9871333333333333,1,0.9871333333333333,0.4871333333333333,1
7422,recon_00006.tiff,128055,1,random_forest,5,0.03683333333333333,0.9631666666666667,1,0.9631666666666667,0.46316666666666667,1
7434,recon_00006.tiff,128630,1,random_forest,5,0.007333333333333333,0.9926666666666667,1,0.9926666666666667,0.49266666666666664,1
7467,recon_00006.tiff,129589,2,random_forest,5,0.995,0.0050000000000000044,2,0.995,0.495,1
7547,recon_00006.tiff,131827,1,random_forest,5,0.008666666666666666,0.9913333333333333,1,0.9913333333333333,0.49133333333333334,1
7556,recon_00006.tiff,132233,1,random_forest,5,0.011933333333333334,0.9880666666666666,1,0.9880666666666666,0.48806666666666665,1
8047,recon_00006.tiff,144557,2,random_forest,5,0.9018857142857145,0.09811428571428549,2,0.9018857142857145,0.4018857142857145,1
8287,recon_00006.tiff,149680,2,random_forest,5,1.0,0.0,2,1.0,0.5,1
8291,recon_00006.tiff,149788,2,random_forest,5,0.8985428571428571,0.10145714285714291,2,0.8985428571428571,0.3985428571428571,1
8298,recon_00006.tiff,150027,2,random_forest,5,0.9232666666666667,0.07673333333333332,2,0.9232666666666667,0.4232666666666667,1
8301,recon_00006.tiff,150130,2,random_forest,5,0.998,0.0020000000000000018,2,0.998,0.498,1
8304,recon_00006.tiff,150254,2,random_forest,5,0.8928190476190476,0.10718095238095238,2,0.8928190476190476,0.3928190476190476,1
8505,recon_00006.tiff,156016,2,random_forest,5,1.0,0.0,2,1.0,0.5,1
8506,recon_00006.tiff,156017,2,random_forest,5,0.885747619047619,0.114252380952381,2,0.885747619047619,0.385747619047619,1
8559,recon_00006.tiff,157175,2,random_forest,5,0.9156666666666667,0.08433333333333326,2,0.9156666666666667,0.41566666666666674,1
8924,recon_00006.tiff,166360,2,random_forest,5,0.9661666666666666,0.03383333333333338,2,0.9661666666666666,0.4661666666666666,1
8959,recon_00006.tiff,167319,2,random_forest,5,0.9329666666666666,0.06703333333333339,2,0.9329666666666666,0.4329666666666666,1
13063,recon_00006.tiff,257444,2,random_forest,5,0.8729952380952382,0.12700476190476184,2,0.8729952380952382,0.37299523809523816,1
13408,recon_00006.tiff,263663,1,random_forest,5,0.7048000000000001,0.2951999999999999,2,0.7048000000000001,0.2048000000000001,0
13439,recon_00006.tiff,264370,1,random_forest,5,0.6792238095238093,0.32077619047619066,2,0.6792238095238093,0.17922380952380934,0
13499,recon_00006.tiff,265358,1,random_forest,5,0.054736507936507944,0.945263492063492,1,0.945263492063492,0.44526349206349203,1
13505,recon_00006.tiff,265424,1,random_forest,5,0.005666666666666666,0.9943333333333333,1,0.9943333333333333,0.49433333333333335,1
13687,recon_00006.tiff,267822,2,random_forest,5,0.9986666666666667,0.0013333333333332975,2,0.9986666666666667,0.4986666666666667,1
13713,recon_00006.tiff,268338,1,random_forest,5,0.007666666666666666,0.9923333333333333,1,0.9923333333333333,0.49233333333333335,1
13790,recon_00006.tiff,269487,1,random_forest,5,0.03286666666666666,0.9671333333333333,1,0.9671333333333333,0.46713333333333334,1
13791,recon_00006.tiff,269488,1,random_forest,5,0.03322222222222222,0.9667777777777777,1,0.9667777777777777,0.4667777777777778,1
13810,recon_00006.tiff,269730,2,random_forest,5,1.0,0.0,2,1.0,0.5,1
13823,recon_00006.tiff,269883,2,random_forest,5,1.0,0.0,2,1.0,0.5,1
13827,recon_00006.tiff,269954,2,random_forest,5,0.9973333333333334,0.002666666666666595,2,0.9973333333333334,0.4973333333333334,1
13830,recon_00006.tiff,270026,1,random_forest,5,0.021766666666666667,0.9782333333333333,1,0.9782333333333333,0.47823333333333334,1
13840,recon_00006.tiff,270182,2,random_forest,5,1.0,0.0,2,1.0,0.5,1
13844,recon_00006.tiff,270254,1,random_forest,5,0.004,0.996,1,0.996,0.496,1
13848,recon_00006.tiff,270323,2,random_forest,5,1.0,0.0,2,1.0,0.5,1
13862,recon_00006.tiff,270597,2,random_forest,5,1.0,0.0,2,1.0,0.5,1
13873,recon_00006.tiff,270797,1,random_forest,5,0.005,0.995,1,0.995,0.495,1
13876,recon_00006.tiff,270877,2,random_forest,5,1.0,0.0,2,1.0,0.5,1
13879,recon_00006.tiff,271021,2,random_forest,5,0.999,0.0010000000000000009,2,0.999,0.499,1
14320,recon_00006.tiff,282549,1,random_forest,5,0.008999999999999998,0.991,1,0.991,0.491,1
14334,recon_00006.tiff,289952,1,random_forest,5,0.05960000000000001,0.9404,1,0.9404,0.4404,1
0,recon_00006.tiff,0,1,dense_fc,5,0.9979403614997864,0.002059638500213623,2,0.9979403614997864,0.4979403614997864,0
1,recon_00006.tiff,38,1,dense_fc,5,0.007556537166237831,0.9924434423446655,1,0.9924434423446655,0.4924434721469879,1
3711,recon_00006.tiff,55011,1,dense_fc,5,1.2163091644978863e-09,1.0,1,1.0,0.5,1
3875,recon_00006.tiff,57491,1,dense_fc,5,1.7154180298462052e-09,1.0,1,1.0,0.5,1
3928,recon_00006.tiff,58291,1,dense_fc,5,1.2934190385394118e-09,1.0,1,1.0,0.5,1
4003,recon_00006.tiff,59420,1,dense_fc,5,5.3467967831011265e-09,1.0,1,1.0,0.5,1
4047,recon_00006.tiff,59914,1,dense_fc,5,6.572759669865036e-09,1.0,1,1.0,0.5,1
5097,recon_00006.tiff,79143,1,dense_fc,5,1.8406557389383238e-09,1.0,1,1.0,0.5,1
5123,recon_00006.tiff,79578,1,dense_fc,5,5.487390541958348e-09,1.0,1,1.0,0.5,1
5134,recon_00006.tiff,79801,1,dense_fc,5,3.508493495729681e-10,1.0,1,1.0,0.5,1
6220,recon_00006.tiff,101362,2,dense_fc,5,0.9986554384231567,0.0013445615768432617,2,0.9986554384231567,0.49865543842315674,1
6222,recon_00006.tiff,101364,2,dense_fc,5,0.9977548718452454,0.0022451281547546387,2,0.9977548718452454,0.49775487184524536,1
6302,recon_00006.tiff,103440,1,dense_fc,5,5.051143422800386e-13,1.0,1,1.0,0.5,1
6363,recon_00006.tiff,104725,2,dense_fc,5,0.9643214344978333,0.03567856550216675,2,0.9643214344978333,0.46432143449783325,1
6426,recon_00006.tiff,106355,2,dense_fc,5,0.9975321292877197,0.0024678707122802734,2,0.9975321292877197,0.4975321292877197,1
6545,recon_00006.tiff,108578,2,dense_fc,5,0.9999092817306519,9.071826934814453e-05,2,0.9999092817306519,0.49990928173065186,1
6546,recon_00006.tiff,108579,1,dense_fc,5,0.0012392646167427301,0.9987607598304749,1,0.9987607598304749,0.49876073002815247,1
6561,recon_00006.tiff,108901,1,dense_fc,5,4.998709002279611e-09,1.0,1,1.0,0.5,1
6564,recon_00006.tiff,108922,2,dense_fc,5,0.3989075720310211,0.6010924577713013,1,0.6010924577713013,0.10109242796897888,0
6588,recon_00006.tiff,109290,2,dense_fc,5,0.995719850063324,0.004280149936676025,2,0.995719850063324,0.495719850063324,1
6589,recon_00006.tiff,109292,1,dense_fc,5,0.0008804916869848967,0.9991195201873779,1,0.9991195201873779,0.49911952018737793,1
6665,recon_00006.tiff,110567,1,dense_fc,5,1.783025638246727e-08,1.0,1,1.0,0.4999999701976776,1
6704,recon_00006.tiff,111140,1,dense_fc,5,6.331682016025297e-06,0.9999936819076538,1,0.9999936819076538,0.4999936819076538,1
6745,recon_00006.tiff,111844,2,dense_fc,5,0.9997654557228088,0.0002345442771911621,2,0.9997654557228088,0.49976545572280884,1
6824,recon_00006.tiff,112974,2,dense_fc,5,0.9995715022087097,0.0004284977912902832,2,0.9995715022087097,0.4995715022087097,1
6907,recon_00006.tiff,114040,1,dense_fc,5,0.0004205389122944325,0.9995794892311096,1,0.9995794892311096,0.49957945942878723,1
7162,recon_00006.tiff,119453,1,dense_fc,5,0.0026971532497555017,0.9973028302192688,1,0.9973028302192688,0.4973028600215912,1
7172,recon_00006.tiff,119669,1,dense_fc,5,6.667563638984575e-07,0.9999993443489075,1,0.9999993443489075,0.49999934434890747,1
7213,recon_00006.tiff,120515,1,dense_fc,5,2.2783910935686436e-06,0.9999977350234985,1,0.9999977350234985,0.49999773502349854,1
7255,recon_00006.tiff,121588,1,dense_fc,5,0.0007551321759819984,0.9992448687553406,1,0.9992448687553406,0.4992448687553406,1
7422,recon_00006.tiff,128055,1,dense_fc,5,0.0064520142041146755,0.9935479760169983,1,0.9935479760169983,0.4935479760169983,1
7434,recon_00006.tiff,128630,1,dense_fc,5,0.002102128230035305,0.9978978633880615,1,0.9978978633880615,0.4978978633880615,1
7467,recon_00006.tiff,129589,2,dense_fc,5,1.0,0.0,2,1.0,0.5,1
7547,recon_00006.tiff,131827,1,dense_fc,5,0.0003826662141364068,0.999617338180542,1,0.999617338180542,0.499617338180542,1
7556,recon_00006.tiff,132233,1,dense_fc,5,2.579107240308076e-05,0.9999741911888123,1,0.9999741911888123,0.49997422099113464,1
8047,recon_00006.tiff,144557,2,dense_fc,5,0.9991063475608826,0.0008936524391174316,2,0.9991063475608826,0.49910634756088257,1
8287,recon_00006.tiff,149680,2,dense_fc,5,0.9999990463256836,9.5367431640625e-07,2,0.9999990463256836,0.4999990463256836,1
8291,recon_00006.tiff,149788,2,dense_fc,5,0.9948959946632385,0.005104005336761475,2,0.9948959946632385,0.4948959946632385,1
8298,recon_00006.tiff,150027,2,dense_fc,5,0.9718078970909119,0.028192102909088135,2,0.9718078970909119,0.47180789709091187,1
8301,recon_00006.tiff,150130,2,dense_fc,5,0.9993195533752441,0.0006804466247558594,2,0.9993195533752441,0.49931955337524414,1
8304,recon_00006.tiff,150254,2,dense_fc,5,0.9571123123168945,0.04288768768310547,2,0.9571123123168945,0.45711231231689453,1
8505,recon_00006.tiff,156016,2,dense_fc,5,0.9995378255844116,0.0004621744155883789,2,0.9995378255844116,0.4995378255844116,1
8506,recon_00006.tiff,156017,2,dense_fc,5,0.9986988306045532,0.0013011693954467773,2,0.9986988306045532,0.4986988306045532,1
8559,recon_00006.tiff,157175,2,dense_fc,5,0.998964786529541,0.0010352134704589844,2,0.998964786529541,0.498964786529541,1
8924,recon_00006.tiff,166360,2,dense_fc,5,0.9696865677833557,0.030313432216644287,2,0.9696865677833557,0.4696865677833557,1
8959,recon_00006.tiff,167319,2,dense_fc,5,0.9988608360290527,0.0011391639709472656,2,0.9988608360290527,0.49886083602905273,1
13063,recon_00006.tiff,257444,2,dense_fc,5,0.8461300730705261,0.15386992692947388,2,0.8461300730705261,0.3461300730705261,1
13408,recon_00006.tiff,263663,1,dense_fc,5,0.2040524184703827,0.7959475517272949,1,0.7959475517272949,0.2959475815296173,1
13439,recon_00006.tiff,264370,1,dense_fc,5,0.47641363739967346,0.5235863924026489,1,0.5235863924026489,0.023586362600326538,1
13499,recon_00006.tiff,265358,1,dense_fc,5,0.005203961860388517,0.9947960376739502,1,0.9947960376739502,0.4947960376739502,1
13505,recon_00006.tiff,265424,1,dense_fc,5,0.00011205583723494783,0.9998879432678223,1,0.9998879432678223,0.49988794326782227,1
13687,recon_00006.tiff,267822,2,dense_fc,5,0.8694499731063843,0.13055002689361572,2,0.8694499731063843,0.3694499731063843,1
13713,recon_00006.tiff,268338,1,dense_fc,5,0.0028784710448235273,0.9971215128898621,1,0.9971215128898621,0.49712154269218445,1
13790,recon_00006.tiff,269487,1,dense_fc,5,0.0033410945907235146,0.9966589212417603,1,0.9966589212417603,0.49665889143943787,1
13791,recon_00006.tiff,269488,1,dense_fc,5,0.0014278457965701818,0.9985721707344055,1,0.9985721707344055,0.49857214093208313,1
13810,recon_00006.tiff,269730,2,dense_fc,5,0.9982258677482605,0.001774132251739502,2,0.9982258677482605,0.4982258677482605,1
13823,recon_00006.tiff,269883,2,dense_fc,5,0.9612069725990295,0.03879302740097046,2,0.9612069725990295,0.46120697259902954,1
13827,recon_00006.tiff,269954,2,dense_fc,5,0.9401520490646362,0.05984795093536377,2,0.9401520490646362,0.44015204906463623,1
13830,recon_00006.tiff,270026,1,dense_fc,5,0.0020633151289075613,0.9979366660118103,1,0.9979366660118103,0.4979366958141327,1
13840,recon_00006.tiff,270182,2,dense_fc,5,0.987559974193573,0.012440025806427002,2,0.987559974193573,0.487559974193573,1
13844,recon_00006.tiff,270254,1,dense_fc,5,0.0007766349008306861,0.9992233514785767,1,0.9992233514785767,0.49922335147857666,1
13848,recon_00006.tiff,270323,2,dense_fc,5,0.9953821301460266,0.004617869853973389,2,0.9953821301460266,0.4953821301460266,1
13862,recon_00006.tiff,270597,2,dense_fc,5,0.9994451403617859,0.0005548596382141113,2,0.9994451403617859,0.4994451403617859,1
13873,recon_00006.tiff,270797,1,dense_fc,5,0.0009341078111901879,0.9990658760070801,1,0.9990658760070801,0.49906590580940247,1
13876,recon_00006.tiff,270877,2,dense_fc,5,0.993757963180542,0.006242036819458008,2,0.993757963180542,0.493757963180542,1
13879,recon_00006.tiff,271021,2,dense_fc,5,0.9978818297386169,0.0021181702613830566,2,0.9978818297386169,0.49788182973861694,1
14320,recon_00006.tiff,282549,1,dense_fc,5,0.002868358278647065,0.9971316456794739,1,0.9971316456794739,0.4971316456794739,1
14334,recon_00006.tiff,289952,1,dense_fc,5,0.0029074852354824543,0.9970924854278564,1,0.9970924854278564,0.49709251523017883,1
0,recon_00006.tiff,0,1,cnn2,5,0.13331325352191925,0.8666867613792419,1,0.8666867613792419,0.36668676137924194,1
1,recon_00006.tiff,38,1,cnn2,5,0.43131038546562195,0.5686895847320557,1,0.5686895847320557,0.06868961453437805,1
3711,recon_00006.tiff,55011,1,cnn2,5,0.049638938158750534,0.9503610730171204,1,0.9503610730171204,0.45036107301712036,1
3875,recon_00006.tiff,57491,1,cnn2,5,0.07331022620201111,0.9266897439956665,1,0.9266897439956665,0.4266897737979889,1
3928,recon_00006.tiff,58291,1,cnn2,5,0.014768822118639946,0.9852311611175537,1,0.9852311611175537,0.4852311909198761,1
4003,recon_00006.tiff,59420,1,cnn2,5,0.23040452599525452,0.7695955038070679,1,0.7695955038070679,0.2695954740047455,1
4047,recon_00006.tiff,59914,1,cnn2,5,0.14286726713180542,0.8571327328681946,1,0.8571327328681946,0.3571327328681946,1
5097,recon_00006.tiff,79143,1,cnn2,5,0.06956914812326431,0.9304308295249939,1,0.9304308295249939,0.4304308593273163,1
5123,recon_00006.tiff,79578,1,cnn2,5,0.06513801217079163,0.9348620176315308,1,0.9348620176315308,0.4348619878292084,1
5134,recon_00006.tiff,79801,1,cnn2,5,0.06500516086816788,0.9349948167800903,1,0.9349948167800903,0.4349948465824127,1
6220,recon_00006.tiff,101362,2,cnn2,5,0.7077807784080505,0.29221922159194946,2,0.7077807784080505,0.20778077840805054,1
6222,recon_00006.tiff,101364,2,cnn2,5,0.7606055736541748,0.2393944263458252,2,0.7606055736541748,0.2606055736541748,1
6302,recon_00006.tiff,103440,1,cnn2,5,0.00030452647479251027,0.9996954798698425,1,0.9996954798698425,0.49969547986984253,1
6363,recon_00006.tiff,104725,2,cnn2,5,0.7029833793640137,0.29701662063598633,2,0.7029833793640137,0.20298337936401367,1
6426,recon_00006.tiff,106355,2,cnn2,5,0.7873934507369995,0.2126065492630005,2,0.7873934507369995,0.2873934507369995,1
6545,recon_00006.tiff,108578,2,cnn2,5,0.8210089206695557,0.17899107933044434,2,0.8210089206695557,0.32100892066955566,1
6546,recon_00006.tiff,108579,1,cnn2,5,0.3938094675540924,0.60619056224823,1,0.60619056224823,0.10619053244590759,1
6561,recon_00006.tiff,108901,1,cnn2,5,0.05696338787674904,0.9430366158485413,1,0.9430366158485413,0.44303661584854126,1
6564,recon_00006.tiff,108922,2,cnn2,5,0.5062617659568787,0.49373823404312134,2,0.5062617659568787,0.006261765956878662,1
6588,recon_00006.tiff,109290,2,cnn2,5,0.828905463218689,0.17109453678131104,2,0.828905463218689,0.32890546321868896,1
6589,recon_00006.tiff,109292,1,cnn2,5,0.3334340751171112,0.6665658950805664,1,0.6665658950805664,0.1665659248828888,1
6665,recon_00006.tiff,110567,1,cnn2,5,0.16511593759059906,0.8348840475082397,1,0.8348840475082397,0.33488404750823975,1
6704,recon_00006.tiff,111140,1,cnn2,5,0.1751587688922882,0.8248412609100342,1,0.8248412609100342,0.3248412311077118,1
6745,recon_00006.tiff,111844,2,cnn2,5,0.9260393381118774,0.07396066188812256,2,0.9260393381118774,0.42603933811187744,1
6824,recon_00006.tiff,112974,2,cnn2,5,0.9237114787101746,0.07628852128982544,2,0.9237114787101746,0.42371147871017456,1
6907,recon_00006.tiff,114040,1,cnn2,5,0.15480603277683258,0.8451939821243286,1,0.8451939821243286,0.3451939821243286,1
7162,recon_00006.tiff,119453,1,cnn2,5,0.43185660243034363,0.568143367767334,1,0.568143367767334,0.06814339756965637,1
7172,recon_00006.tiff,119669,1,cnn2,5,0.40275198221206665,0.5972480177879333,1,0.5972480177879333,0.09724801778793335,1
7213,recon_00006.tiff,120515,1,cnn2,5,0.25752678513526917,0.7424732446670532,1,0.7424732446670532,0.24247321486473083,1
7255,recon_00006.tiff,121588,1,cnn2,5,0.3323479890823364,0.6676520109176636,1,0.6676520109176636,0.16765201091766357,1
7422,recon_00006.tiff,128055,1,cnn2,5,0.09663120657205582,0.9033687710762024,1,0.9033687710762024,0.4033688008785248,1
7434,recon_00006.tiff,128630,1,cnn2,5,0.11626634001731873,0.8837336301803589,1,0.8837336301803589,0.3837336599826813,1
7467,recon_00006.tiff,129589,2,cnn2,5,0.7663679718971252,0.23363202810287476,2,0.7663679718971252,0.26636797189712524,1
7547,recon_00006.tiff,131827,1,cnn2,5,0.2008007913827896,0.7991992235183716,1,0.7991992235183716,0.2991992235183716,1
7556,recon_00006.tiff,132233,1,cnn2,5,0.2258104532957077,0.7741895318031311,1,0.7741895318031311,0.2741895318031311,1
8047,recon_00006.tiff,144557,2,cnn2,5,0.18406076729297638,0.8159392476081848,1,0.8159392476081848,0.3159392476081848,0
8287,recon_00006.tiff,149680,2,cnn2,5,0.9398561716079712,0.06014382839202881,2,0.9398561716079712,0.4398561716079712,1
8291,recon_00006.tiff,149788,2,cnn2,5,0.91163170337677,0.08836829662322998,2,0.91163170337677,0.41163170337677,1
8298,recon_00006.tiff,150027,2,cnn2,5,0.7416117787361145,0.2583882212638855,2,0.7416117787361145,0.2416117787361145,1
8301,recon_00006.tiff,150130,2,cnn2,5,0.9227206110954285,0.07727938890457153,2,0.9227206110954285,0.42272061109542847,1
8304,recon_00006.tiff,150254,2,cnn2,5,0.4431610405445099,0.5568389892578125,1,0.5568389892578125,0.05683895945549011,0
8505,recon_00006.tiff,156016,2,cnn2,5,0.8231879472732544,0.1768120527267456,2,0.8231879472732544,0.3231879472732544,1
8506,recon_00006.tiff,156017,2,cnn2,5,0.8440049290657043,0.15599507093429565,2,0.8440049290657043,0.34400492906570435,1
8559,recon_00006.tiff,157175,2,cnn2,5,0.8283787965774536,0.1716212034225464,2,0.8283787965774536,0.3283787965774536,1
8924,recon_00006.tiff,166360,2,cnn2,5,0.844002902507782,0.15599709749221802,2,0.844002902507782,0.344002902507782,1
8959,recon_00006.tiff,167319,2,cnn2,5,0.7366936206817627,0.2633063793182373,2,0.7366936206817627,0.2366936206817627,1
13063,recon_00006.tiff,257444,2,cnn2,5,0.7362790107727051,0.2637209892272949,2,0.7362790107727051,0.23627901077270508,1
13408,recon_00006.tiff,263663,1,cnn2,5,0.8141309022903442,0.18586909770965576,2,0.8141309022903442,0.31413090229034424,0
13439,recon_00006.tiff,264370,1,cnn2,5,0.8803380131721497,0.11966198682785034,2,0.8803380131721497,0.38033801317214966,0
13499,recon_00006.tiff,265358,1,cnn2,5,0.23590804636478424,0.764091968536377,1,0.764091968536377,0.26409196853637695,1
13505,recon_00006.tiff,265424,1,cnn2,5,0.46947821974754333,0.5305217504501343,1,0.5305217504501343,0.030521780252456665,1
13687,recon_00006.tiff,267822,2,cnn2,5,0.6891795992851257,0.31082040071487427,2,0.6891795992851257,0.18917959928512573,1
13713,recon_00006.tiff,268338,1,cnn2,5,0.1809307485818863,0.8190692663192749,1,0.8190692663192749,0.3190692663192749,1
13790,recon_00006.tiff,269487,1,cnn2,5,0.2023155689239502,0.7976844310760498,1,0.7976844310760498,0.2976844310760498,1
13791,recon_00006.tiff,269488,1,cnn2,5,0.2644358277320862,0.7355641722679138,1,0.7355641722679138,0.23556417226791382,1
13810,recon_00006.tiff,269730,2,cnn2,5,0.8919114470481873,0.10808855295181274,2,0.8919114470481873,0.39191144704818726,1
13823,recon_00006.tiff,269883,2,cnn2,5,0.8544774055480957,0.1455225944519043,2,0.8544774055480957,0.3544774055480957,1
13827,recon_00006.tiff,269954,2,cnn2,5,0.8114038705825806,0.18859612941741943,2,0.8114038705825806,0.31140387058258057,1
13830,recon_00006.tiff,270026,1,cnn2,5,0.22053848206996918,0.7794615030288696,1,0.7794615030288696,0.27946150302886963,1
13840,recon_00006.tiff,270182,2,cnn2,5,0.7237147092819214,0.2762852907180786,2,0.7237147092819214,0.2237147092819214,1
13844,recon_00006.tiff,270254,1,cnn2,5,0.19716964662075043,0.8028303384780884,1,0.8028303384780884,0.3028303384780884,1
13848,recon_00006.tiff,270323,2,cnn2,5,0.7965285181999207,0.20347148180007935,2,0.7965285181999207,0.29652851819992065,1
13862,recon_00006.tiff,270597,2,cnn2,5,0.8110356330871582,0.1889643669128418,2,0.8110356330871582,0.3110356330871582,1
13873,recon_00006.tiff,270797,1,cnn2,5,0.24772699177265167,0.7522730231285095,1,0.7522730231285095,0.2522730231285095,1
13876,recon_00006.tiff,270877,2,cnn2,5,0.7533882856369019,0.24661171436309814,2,0.7533882856369019,0.25338828563690186,1
13879,recon_00006.tiff,271021,2,cnn2,5,0.8700730800628662,0.1299269199371338,2,0.8700730800628662,0.3700730800628662,1
14320,recon_00006.tiff,282549,1,cnn2,5,0.0983511283993721,0.9016488790512085,1,0.9016488790512085,0.4016488790512085,1
14334,recon_00006.tiff,289952,1,cnn2,5,0.172256737947464,0.8277432918548584,1,0.8277432918548584,0.327743262052536,1
0,recon_00006.tiff,0,1,cnn3,5,0.3750710189342499,0.6249289512634277,1,0.6249289512634277,0.12492898106575012,1
1,recon_00006.tiff,38,1,cnn3,5,0.6209121942520142,0.37908780574798584,2,0.6209121942520142,0.12091219425201416,0
3711,recon_00006.tiff,55011,1,cnn3,5,0.12946805357933044,0.8705319166183472,1,0.8705319166183472,0.37053194642066956,1
3875,recon_00006.tiff,57491,1,cnn3,5,0.22203610837459564,0.7779638767242432,1,0.7779638767242432,0.27796387672424316,1
3928,recon_00006.tiff,58291,1,cnn3,5,0.04649784415960312,0.9535021781921387,1,0.9535021781921387,0.4535021483898163,1
4003,recon_00006.tiff,59420,1,cnn3,5,0.2642788290977478,0.7357211709022522,1,0.7357211709022522,0.2357211709022522,1
4047,recon_00006.tiff,59914,1,cnn3,5,0.2081572562456131,0.7918427586555481,1,0.7918427586555481,0.2918427586555481,1
5097,recon_00006.tiff,79143,1,cnn3,5,0.22692623734474182,0.7730737924575806,1,0.7730737924575806,0.2730737626552582,1
5123,recon_00006.tiff,79578,1,cnn3,5,0.19553548097610474,0.8044645190238953,1,0.8044645190238953,0.30446451902389526,1
5134,recon_00006.tiff,79801,1,cnn3,5,0.180437371134758,0.8195626139640808,1,0.8195626139640808,0.3195626139640808,1
6220,recon_00006.tiff,101362,2,cnn3,5,0.8102424144744873,0.1897575855255127,2,0.8102424144744873,0.3102424144744873,1
6222,recon_00006.tiff,101364,2,cnn3,5,0.8906435966491699,0.10935640335083008,2,0.8906435966491699,0.3906435966491699,1
6302,recon_00006.tiff,103440,1,cnn3,5,0.01655362732708454,0.9834463596343994,1,0.9834463596343994,0.4834463596343994,1
6363,recon_00006.tiff,104725,2,cnn3,5,0.8177412152290344,0.18225878477096558,2,0.8177412152290344,0.3177412152290344,1
6426,recon_00006.tiff,106355,2,cnn3,5,0.8540976643562317,0.1459023356437683,2,0.8540976643562317,0.3540976643562317,1
6545,recon_00006.tiff,108578,2,cnn3,5,0.8742906451225281,0.12570935487747192,2,0.8742906451225281,0.3742906451225281,1
6546,recon_00006.tiff,108579,1,cnn3,5,0.47483453154563904,0.5251654386520386,1,0.5251654386520386,0.025165468454360962,1
6561,recon_00006.tiff,108901,1,cnn3,5,0.23200704157352448,0.7679929733276367,1,0.7679929733276367,0.2679929733276367,1
6564,recon_00006.tiff,108922,2,cnn3,5,0.47204381227493286,0.5279561877250671,1,0.5279561877250671,0.02795618772506714,0
6588,recon_00006.tiff,109290,2,cnn3,5,0.8243393301963806,0.17566066980361938,2,0.8243393301963806,0.3243393301963806,1
6589,recon_00006.tiff,109292,1,cnn3,5,0.4646124839782715,0.5353875160217285,1,0.5353875160217285,0.035387516021728516,1
6665,recon_00006.tiff,110567,1,cnn3,5,0.1984768509864807,0.8015231490135193,1,0.8015231490135193,0.3015231490135193,1
6704,recon_00006.tiff,111140,1,cnn3,5,0.3438946604728699,0.6561053395271301,1,0.6561053395271301,0.15610533952713013,1
6745,recon_00006.tiff,111844,2,cnn3,5,0.9720598459243774,0.02794015407562256,2,0.9720598459243774,0.47205984592437744,1
6824,recon_00006.tiff,112974,2,cnn3,5,0.9682601690292358,0.03173983097076416,2,0.9682601690292358,0.46826016902923584,1
6907,recon_00006.tiff,114040,1,cnn3,5,0.414588987827301,0.585411012172699,1,0.585411012172699,0.08541101217269897,1
7162,recon_00006.tiff,119453,1,cnn3,5,0.6213615536689758,0.37863844633102417,2,0.6213615536689758,0.12136155366897583,0
7172,recon_00006.tiff,119669,1,cnn3,5,0.28530287742614746,0.7146971225738525,1,0.7146971225738525,0.21469712257385254,1
7213,recon_00006.tiff,120515,1,cnn3,5,0.23944278061389923,0.760557234287262,1,0.760557234287262,0.26055723428726196,1
7255,recon_00006.tiff,121588,1,cnn3,5,0.4705308973789215,0.5294691324234009,1,0.5294691324234009,0.02946910262107849,1
7422,recon_00006.tiff,128055,1,cnn3,5,0.13121289014816284,0.8687871098518372,1,0.8687871098518372,0.36878710985183716,1
7434,recon_00006.tiff,128630,1,cnn3,5,0.1746005415916443,0.8253994584083557,1,0.8253994584083557,0.3253994584083557,1
7467,recon_00006.tiff,129589,2,cnn3,5,0.8740543127059937,0.12594568729400635,2,0.8740543127059937,0.37405431270599365,1
7547,recon_00006.tiff,131827,1,cnn3,5,0.26914042234420776,0.7308595776557922,1,0.7308595776557922,0.23085957765579224,1
7556,recon_00006.tiff,132233,1,cnn3,5,0.37628740072250366,0.6237125992774963,1,0.6237125992774963,0.12371259927749634,1
8047,recon_00006.tiff,144557,2,cnn3,5,0.7124261856079102,0.28757381439208984,2,0.7124261856079102,0.21242618560791016,1
8287,recon_00006.tiff,149680,2,cnn3,5,0.9472969174385071,0.05270308256149292,2,0.9472969174385071,0.4472969174385071,1
8291,recon_00006.tiff,149788,2,cnn3,5,0.9552611708641052,0.044738829135894775,2,0.9552611708641052,0.4552611708641052,1
8298,recon_00006.tiff,150027,2,cnn3,5,0.8100916743278503,0.18990832567214966,2,0.8100916743278503,0.31009167432785034,1
8301,recon_00006.tiff,150130,2,cnn3,5,0.971535861492157,0.028464138507843018,2,0.971535861492157,0.471535861492157,1
8304,recon_00006.tiff,150254,2,cnn3,5,0.38944292068481445,0.6105570793151855,1,0.6105570793151855,0.11055707931518555,0
8505,recon_00006.tiff,156016,2,cnn3,5,0.9018762707710266,0.09812372922897339,2,0.9018762707710266,0.4018762707710266,1
8506,recon_00006.tiff,156017,2,cnn3,5,0.8558452129364014,0.14415478706359863,2,0.8558452129364014,0.35584521293640137,1
8559,recon_00006.tiff,157175,2,cnn3,5,0.8683819770812988,0.13161802291870117,2,0.8683819770812988,0.36838197708129883,1
8924,recon_00006.tiff,166360,2,cnn3,5,0.8369265198707581,0.16307348012924194,2,0.8369265198707581,0.33692651987075806,1
8959,recon_00006.tiff,167319,2,cnn3,5,0.6933117508888245,0.30668824911117554,2,0.6933117508888245,0.19331175088882446,1
13063,recon_00006.tiff,257444,2,cnn3,5,0.8291884064674377,0.17081159353256226,2,0.8291884064674377,0.32918840646743774,1
13408,recon_00006.tiff,263663,1,cnn3,5,0.8729711174964905,0.12702888250350952,2,0.8729711174964905,0.3729711174964905,0
13439,recon_00006.tiff,264370,1,cnn3,5,0.8989955186843872,0.10100448131561279,2,0.8989955186843872,0.3989955186843872,0
13499,recon_00006.tiff,265358,1,cnn3,5,0.36388763785362244,0.6361123323440552,1,0.6361123323440552,0.13611236214637756,1
13505,recon_00006.tiff,265424,1,cnn3,5,0.3993797302246094,0.6006202697753906,1,0.6006202697753906,0.10062026977539062,1
13687,recon_00006.tiff,267822,2,cnn3,5,0.7984024882316589,0.20159751176834106,2,0.7984024882316589,0.29840248823165894,1
13713,recon_00006.tiff,268338,1,cnn3,5,0.21115796267986298,0.7888420224189758,1,0.7888420224189758,0.28884202241897583,1
13790,recon_00006.tiff,269487,1,cnn3,5,0.20756086707115173,0.7924391031265259,1,0.7924391031265259,0.29243913292884827,1
13791,recon_00006.tiff,269488,1,cnn3,5,0.2737095057964325,0.7262904644012451,1,0.7262904644012451,0.2262904942035675,1
13810,recon_00006.tiff,269730,2,cnn3,5,0.9466061592102051,0.05339384078979492,2,0.9466061592102051,0.4466061592102051,1
13823,recon_00006.tiff,269883,2,cnn3,5,0.9178680181503296,0.08213198184967041,2,0.9178680181503296,0.4178680181503296,1
13827,recon_00006.tiff,269954,2,cnn3,5,0.9003303050994873,0.0996696949005127,2,0.9003303050994873,0.4003303050994873,1
13830,recon_00006.tiff,270026,1,cnn3,5,0.25052064657211304,0.749479353427887,1,0.749479353427887,0.24947935342788696,1
13840,recon_00006.tiff,270182,2,cnn3,5,0.7857877612113953,0.21421223878860474,2,0.7857877612113953,0.28578776121139526,1
13844,recon_00006.tiff,270254,1,cnn3,5,0.23714476823806763,0.7628552317619324,1,0.7628552317619324,0.2628552317619324,1
13848,recon_00006.tiff,270323,2,cnn3,5,0.8627225160598755,0.1372774839401245,2,0.8627225160598755,0.3627225160598755,1
13862,recon_00006.tiff,270597,2,cnn3,5,0.8323487639427185,0.1676512360572815,2,0.8323487639427185,0.3323487639427185,1
13873,recon_00006.tiff,270797,1,cnn3,5,0.33300867676734924,0.6669913530349731,1,0.6669913530349731,0.16699132323265076,1
13876,recon_00006.tiff,270877,2,cnn3,5,0.7872638702392578,0.2127361297607422,2,0.7872638702392578,0.2872638702392578,1
13879,recon_00006.tiff,271021,2,cnn3,5,0.9084766507148743,0.09152334928512573,2,0.9084766507148743,0.40847665071487427,1
14320,recon_00006.tiff,282549,1,cnn3,5,0.12742799520492554,0.8725720047950745,1,0.8725720047950745,0.37257200479507446,1
14334,recon_00006.tiff,289952,1,cnn3,5,0.24786029756069183,0.752139687538147,1,0.752139687538147,0.252139687538147,1
