source_row,slice,region_id,class,model,fold,prob_fg,prob_bg,predicted_class,confidence,margin_from_0_5,correct
2,recon_00006.tiff,57,1,random_forest,1,0.19689999999999994,0.8031,1,0.8031,0.30310000000000004,1
5,recon_00006.tiff,1508,1,random_forest,1,0.01633333333333333,0.9836666666666667,1,0.9836666666666667,0.4836666666666667,1
3664,recon_00006.tiff,54311,1,random_forest,1,0.0013333333333333333,0.9986666666666667,1,0.9986666666666667,0.49866666666666665,1
3879,recon_00006.tiff,57586,1,random_forest,1,0.001,0.999,1,0.999,0.499,1
3974,recon_00006.tiff,59007,1,random_forest,1,0.0,1.0,1,1.0,0.5,1
4005,recon_00006.tiff,59422,1,random_forest,1,0.11293095238095237,0.8870690476190476,1,0.8870690476190476,0.38706904761904765,1
4055,recon_00006.tiff,60006,1,random_forest,1,0.001,0.999,1,0.999,0.499,1
5098,recon_00006.tiff,79144,1,random_forest,1,0.003,0.997,1,0.997,0.497,1
5363,recon_00006.tiff,83701,2,random_forest,1,0.9853999999999999,0.014600000000000057,2,0.9853999999999999,0.48539999999999994,1
5874,recon_00006.tiff,92525,1,random_forest,1,0.012166666666666666,0.9878333333333333,1,0.9878333333333333,0.48783333333333334,1
6237,recon_00006.tiff,101804,1,random_forest,1,0.0,1.0,1,1.0,0.5,1
6346,recon_00006.tiff,104374,2,random_forest,1,0.7860714285714282,0.2139285714285718,2,0.7860714285714282,0.2860714285714282,1
6378,recon_00006.tiff,105178,2,random_forest,1,0.8431619047619047,0.15683809523809533,2,0.8431619047619047,0.34316190476190467,1
6382,recon_00006.tiff,105284,1,random_forest,1,0.0036666666666666666,0.9963333333333333,1,0.9963333333333333,0.49633333333333335,1
6405,recon_00006.tiff,105879,1,random_forest,1,0.1779238095238095,0.8220761904761905,1,0.8220761904761905,0.3220761904761905,1
6508,recon_00006.tiff,108217,2,random_forest,1,0.43873809523809526,0.5612619047619047,1,0.5612619047619047,0.06126190476190474,0
6516,recon_00006.tiff,108316,1,random_forest,1,0.5843952380952382,0.4156047619047618,2,0.5843952380952382,0.08439523809523819,0
6563,recon_00006.tiff,108913,2,random_forest,1,0.6947952380952379,0.3052047619047621,2,0.6947952380952379,0.1947952380952379,1
6632,recon_00006.tiff,110025,2,random_forest,1,1.0,0.0,2,1.0,0.5,1
6637,recon_00006.tiff,110130,2,random_forest,1,1.0,0.0,2,1.0,0.5,1
6644,recon_00006.tiff,110244,2,random_forest,1,1.0,0.0,2,1.0,0.5,1
6664,recon_00006.tiff,110566,1,random_forest,1,0.0,1.0,1,1.0,0.5,1
6691,recon_00006.tiff,110911,2,random_forest,1,0.9982000000000001,0.0017999999999999128,2,0.9982000000000001,0.4982000000000001,1
6713,recon_00006.tiff,111267,1,random_forest,1,0.0,1.0,1,1.0,0.5,1
6719,recon_00006.tiff,111381,1,random_forest,1,0.0055,0.9945,1,0.9945,0.4945,1
6722,recon_00006.tiff,111403,2,random_forest,1,1.0,0.0,2,1.0,0.5,1
6760,recon_00006.tiff,112059,1,random_forest,1,0.01,0.99,1,0.99,0.49,1
6768,recon_00006.tiff,112281,2,random_forest,1,0.9799999999999999,0.02000000000000013,2,0.9799999999999999,0.47999999999999987,1
6784,recon_00006.tiff,112504,1,random_forest,1,0.8628904761904764,0.13710952380952357,2,0.8628904761904764,0.36289047619047643,0
6785,recon_00006.tiff,112525,1,random_forest,1,0.006133333333333333,0.9938666666666667,1,0.9938666666666667,0.4938666666666667,1
6794,recon_00006.tiff,112637,1,random_forest,1,0.04923333333333334,0.9507666666666666,1,0.9507666666666666,0.45076666666666665,1
6796,recon_00006.tiff,112646,1,random_forest,1,0.005933333333333333,0.9940666666666667,1,0.9940666666666667,0.49406666666666665,1
6803,recon_00006.tiff,112760,2,random_forest,1,0.998,0.0020000000000000018,2,0.998,0.498,1
6842,recon_00006.tiff,113227,1,random_forest,1,0.0025,0.9975,1,0.9975,0.4975,1
6860,recon_00006.tiff,113479,2,random_forest,1,0.9829,0.017100000000000004,2,0.9829,0.4829,1
6900,recon_00006.tiff,113917,2,random_forest,1,0.4714333333333332,0.5285666666666669,1,0.5285666666666669,0.028566666666666796,0
6901,recon_00006.tiff,113918,1,random_forest,1,0.002,0.998,1,0.998,0.498,1
6982,recon_00006.tiff,115508,2,random_forest,1,0.9520190476190474,0.04798095238095257,2,0.9520190476190474,0.45201904761904743,1
7026,recon_00006.tiff,116706,1,random_forest,1,0.07696666666666666,0.9230333333333334,1,0.9230333333333334,0.4230333333333334,1
7034,recon_00006.tiff,116801,2,random_forest,1,0.9449857142857143,0.05501428571428568,2,0.9449857142857143,0.4449857142857143,1
7093,recon_00006.tiff,117983,1,random_forest,1,0.11275714285714286,0.8872428571428571,1,0.8872428571428571,0.3872428571428571,1
7108,recon_00006.tiff,118439,1,random_forest,1,0.0,1.0,1,1.0,0.5,1
7224,recon_00006.tiff,120884,1,random_forest,1,0.0026666666666666666,0.9973333333333333,1,0.9973333333333333,0.49733333333333335,1
7383,recon_00006.tiff,126887,1,random_forest,1,0.005333333333333333,0.9946666666666667,1,0.9946666666666667,0.49466666666666664,1
7446,recon_00006.tiff,128879,2,random_forest,1,0.8170999999999999,0.18290000000000006,2,0.8170999999999999,0.31709999999999994,1
7450,recon_00006.tiff,129008,2,random_forest,1,0.9985,0.0014999999999999458,2,0.9985,0.49850000000000005,1
7461,recon_00006.tiff,129356,1,random_forest,1,0.18207142857142855,0.8179285714285714,1,0.8179285714285714,0.31792857142857145,1
7472,recon_00006.tiff,129707,1,random_forest,1,0.037366666666666666,0.9626333333333333,1,0.9626333333333333,0.46263333333333334,1
8331,recon_00006.tiff,150931,1,random_forest,1,0.026057142857142862,0.9739428571428571,1,0.9739428571428571,0.4739428571428571,1
8342,recon_00006.tiff,151191,2,random_forest,1,0.998,0.0020000000000000018,2,0.998,0.498,1
8657,recon_00006.tiff,159626,2,random_forest,1,1.0,0.0,2,1.0,0.5,1
8662,recon_00006.tiff,159737,2,random_forest,1,0.9947,0.005299999999999971,2,0.9947,0.49470000000000003,1
8749,recon_00006.tiff,161789,2,random_forest,1,0.999,0.0010000000000000009,2,0.999,0.499,1
8770,recon_00006.tiff,162421,2,random_forest,1,0.9716999999999999,0.028300000000000103,2,0.9716999999999999,0.4716999999999999,1
8864,recon_00006.tiff,164988,2,random_forest,1,0.9950333333333333,0.004966666666666675,2,0.9950333333333333,0.4950333333333333,1
8898,recon_00006.tiff,165859,2,random_forest,1,0.9895333333333334,0.010466666666666624,2,0.9895333333333334,0.4895333333333334,1
13282,recon_00006.tiff,261278,1,random_forest,1,0.678254761904762,0.32174523809523803,2,0.678254761904762,0.17825476190476197,0
13417,recon_00006.tiff,263918,1,random_forest,1,0.7565142857142857,0.2434857142857143,2,0.7565142857142857,0.2565142857142857,0
13604,recon_00006.tiff,266602,2,random_forest,1,0.0225,0.9775,1,0.9775,0.4775,0
13692,recon_00006.tiff,267906,2,random_forest,1,0.996,0.0040000000000000036,2,0.996,0.496,1
13698,recon_00006.tiff,267988,2,random_forest,1,1.0,0.0,2,1.0,0.5,1
13762,recon_00006.tiff,269193,1,random_forest,1,0.0188,0.9812,1,0.9812,0.4812,1
13777,recon_00006.tiff,269338,2,random_forest,1,0.998,0.0020000000000000018,2,0.998,0.498,1
13826,recon_00006.tiff,269953,1,random_forest,1,0.013933333333333334,0.9860666666666666,1,0.9860666666666666,0.48606666666666665,1
13845,recon_00006.tiff,270255,2,random_forest,1,1.0,0.0,2,1.0,0.5,1
13850,recon_00006.tiff,270385,1,random_forest,1,0.005333333333333333,0.9946666666666667,1,0.9946666666666667,0.49466666666666664,1
13883,recon_00006.tiff,271152,2,random_forest,1,0.9953333333333333,0.004666666666666708,2,0.9953333333333333,0.4953333333333333,1
14322,recon_00006.tiff,284250,1,random_forest,1,0.12790952380952383,0.8720904761904762,1,0.8720904761904762,0.3720904761904762,1
14328,recon_00006.tiff,289851,1,random_forest,1,0.17770476190476192,0.8222952380952381,1,0.8222952380952381,0.3222952380952381,1
2,recon_00006.tiff,57,1,dense_fc,1,0.5441760420799255,0.45582395792007446,2,0.5441760420799255,0.04417604207992554,0
5,recon_00006.tiff,1508,1,dense_fc,1,0.28992199897766113,0.7100780010223389,1,0.7100780010223389,0.21007800102233887,1
3664,recon_00006.tiff,54311,1,dense_fc,1,0.011223751120269299,0.9887762665748596,1,0.9887762665748596,0.48877623677253723,1
3879,recon_00006.tiff,57586,1,dense_fc,1,0.010261510498821735,0.9897384643554688,1,0.9897384643554688,0.48973849415779114,1
3974,recon_00006.tiff,59007,1,dense_fc,1,0.05296561121940613,0.9470343589782715,1,0.9470343589782715,0.44703438878059387,1
4005,recon_00006.tiff,59422,1,dense_fc,1,0.17818273603916168,0.8218172788619995,1,0.8218172788619995,0.3218172788619995,1
4055,recon_00006.tiff,60006,1,dense_fc,1,0.024549046531319618,0.9754509329795837,1,0.9754509329795837,0.47545096278190613,1
5098,recon_00006.tiff,79144,1,dense_fc,1,0.018550409004092216,0.9814496040344238,1,0.9814496040344238,0.48144960403442383,1
5363,recon_00006.tiff,83701,2,dense_fc,1,0.9254723191261292,0.07452768087387085,2,0.9254723191261292,0.42547231912612915,1
5874,recon_00006.tiff,92525,1,dense_fc,1,0.0005515468656085432,0.9994484782218933,1,0.9994484782218933,0.4994484484195709,1
6237,recon_00006.tiff,101804,1,dense_fc,1,0.09393365681171417,0.906066358089447,1,0.906066358089447,0.406066358089447,1
6346,recon_00006.tiff,104374,2,dense_fc,1,0.9312421679496765,0.06875783205032349,2,0.9312421679496765,0.4312421679496765,1
6378,recon_00006.tiff,105178,2,dense_fc,1,0.9035105109214783,0.09648948907852173,2,0.9035105109214783,0.40351051092147827,1
6382,recon_00006.tiff,105284,1,dense_fc,1,0.08224674314260483,0.917753279209137,1,0.917753279209137,0.4177532494068146,1
6405,recon_00006.tiff,105879,1,dense_fc,1,0.14754948019981384,0.8524504899978638,1,0.8524504899978638,0.35245051980018616,1
6508,recon_00006.tiff,108217,2,dense_fc,1,0.3781130015850067,0.6218869686126709,1,0.6218869686126709,0.12188699841499329,0
6516,recon_00006.tiff,108316,1,dense_fc,1,0.4730791449546814,0.5269208550453186,1,0.5269208550453186,0.026920855045318604,1
6563,recon_00006.tiff,108913,2,dense_fc,1,0.5978538990020752,0.4021461009979248,2,0.5978538990020752,0.0978538990020752,1
6632,recon_00006.tiff,110025,2,dense_fc,1,0.9914252758026123,0.008574724197387695,2,0.9914252758026123,0.4914252758026123,1
6637,recon_00006.tiff,110130,2,dense_fc,1,0.9897655248641968,0.010234475135803223,2,0.9897655248641968,0.4897655248641968,1
6644,recon_00006.tiff,110244,2,dense_fc,1,0.989791214466095,0.01020878553390503,2,0.989791214466095,0.48979121446609497,1
6664,recon_00006.tiff,110566,1,dense_fc,1,0.016152918338775635,0.9838470816612244,1,0.9838470816612244,0.48384708166122437,1
6691,recon_00006.tiff,110911,2,dense_fc,1,0.9948552846908569,0.005144715309143066,2,0.9948552846908569,0.49485528469085693,1
6713,recon_00006.tiff,111267,1,dense_fc,1,0.03050471842288971,0.9694952964782715,1,0.9694952964782715,0.4694952964782715,1
6719,recon_00006.tiff,111381,1,dense_fc,1,0.1776427924633026,0.822357177734375,1,0.822357177734375,0.3223572075366974,1
6722,recon_00006.tiff,111403,2,dense_fc,1,0.9877930283546448,0.012206971645355225,2,0.9877930283546448,0.4877930283546448,1
6760,recon_00006.tiff,112059,1,dense_fc,1,0.2459941953420639,0.7540057897567749,1,0.7540057897567749,0.2540057897567749,1
6768,recon_00006.tiff,112281,2,dense_fc,1,0.9057150483131409,0.09428495168685913,2,0.9057150483131409,0.40571504831314087,1
6784,recon_00006.tiff,112504,1,dense_fc,1,0.7394457459449768,0.2605542540550232,2,0.7394457459449768,0.2394457459449768,0
6785,recon_00006.tiff,112525,1,dense_fc,1,0.004327869974076748,0.9956721067428589,1,0.9956721067428589,0.4956721365451813,1
6794,recon_00006.tiff,112637,1,dense_fc,1,0.02163129299879074,0.9783686995506287,1,0.9783686995506287,0.47836869955062866,1
6796,recon_00006.tiff,112646,1,dense_fc,1,0.009687456302344799,0.9903125166893005,1,0.9903125166893005,0.4903125464916229,1
6803,recon_00006.tiff,112760,2,dense_fc,1,0.9695985317230225,0.03040146827697754,2,0.9695985317230225,0.46959853172302246,1
6842,recon_00006.tiff,113227,1,dense_fc,1,0.11773860454559326,0.8822613954544067,1,0.8822613954544067,0.38226139545440674,1
6860,recon_00006.tiff,113479,2,dense_fc,1,0.9552161693572998,0.044783830642700195,2,0.9552161693572998,0.4552161693572998,1
6900,recon_00006.tiff,113917,2,dense_fc,1,0.6393212080001831,0.3606787919998169,2,0.6393212080001831,0.1393212080001831,1
6901,recon_00006.tiff,113918,1,dense_fc,1,0.19054251909255981,0.8094574809074402,1,0.8094574809074402,0.3094574809074402,1
6982,recon_00006.tiff,115508,2,dense_fc,1,0.9168969988822937,0.0831030011177063,2,0.9168969988822937,0.4168969988822937,1
7026,recon_00006.tiff,116706,1,dense_fc,1,0.30999991297721863,0.690000057220459,1,0.690000057220459,0.19000008702278137,1
7034,recon_00006.tiff,116801,2,dense_fc,1,0.9089187383651733,0.09108126163482666,2,0.9089187383651733,0.40891873836517334,1
7093,recon_00006.tiff,117983,1,dense_fc,1,0.19414645433425903,0.805853545665741,1,0.805853545665741,0.30585354566574097,1
7108,recon_00006.tiff,118439,1,dense_fc,1,0.06547960638999939,0.9345203638076782,1,0.9345203638076782,0.4345203936100006,1
7224,recon_00006.tiff,120884,1,dense_fc,1,0.04477427154779434,0.9552257061004639,1,0.9552257061004639,0.45522573590278625,1
7383,recon_00006.tiff,126887,1,dense_fc,1,0.22225721180438995,0.7777428030967712,1,0.7777428030967712,0.27774280309677124,1
7446,recon_00006.tiff,128879,2,dense_fc,1,0.9905099272727966,0.00949007272720337,2,0.9905099272727966,0.49050992727279663,1
7450,recon_00006.tiff,129008,2,dense_fc,1,0.9835830330848694,0.016416966915130615,2,0.9835830330848694,0.4835830330848694,1
7461,recon_00006.tiff,129356,1,dense_fc,1,0.33369868993759155,0.6663013100624084,1,0.6663013100624084,0.16630131006240845,1
7472,recon_00006.tiff,129707,1,dense_fc,1,0.34868183732032776,0.6513181924819946,1,0.6513181924819946,0.15131816267967224,1
8331,recon_00006.tiff,150931,1,dense_fc,1,0.3317948579788208,0.6682051420211792,1,0.6682051420211792,0.1682051420211792,1
8342,recon_00006.tiff,151191,2,dense_fc,1,0.9735732674598694,0.026426732540130615,2,0.9735732674598694,0.4735732674598694,1
8657,recon_00006.tiff,159626,2,dense_fc,1,0.9685579538345337,0.03144204616546631,2,0.9685579538345337,0.4685579538345337,1
8662,recon_00006.tiff,159737,2,dense_fc,1,0.9821382761001587,0.01786172389984131,2,0.9821382761001587,0.4821382761001587,1
8749,recon_00006.tiff,161789,2,dense_fc,1,0.9870188236236572,0.012981176376342773,2,0.9870188236236572,0.4870188236236572,1
8770,recon_00006.tiff,162421,2,dense_fc,1,0.9491974115371704,0.05080258846282959,2,0.9491974115371704,0.4491974115371704,1
8864,recon_00006.tiff,164988,2,dense_fc,1,0.9910248517990112,0.00897514820098877,2,0.9910248517990112,0.49102485179901123,1
8898,recon_00006.tiff,165859,2,dense_fc,1,0.9954765439033508,0.00452345609664917,2,0.9954765439033508,0.49547654390335083,1
13282,recon_00006.tiff,261278,1,dense_fc,1,0.8959254026412964,0.10407459735870361,2,0.8959254026412964,0.3959254026412964,0
13417,recon_00006.tiff,263918,1,dense_fc,1,0.9083663821220398,0.0916336178779602,2,0.9083663821220398,0.4083663821220398,0
13604,recon_00006.tiff,266602,2,dense_fc,1,0.20466922223567963,0.7953307628631592,1,0.7953307628631592,0.2953307628631592,0
13692,recon_00006.tiff,267906,2,dense_fc,1,0.9709757566452026,0.029024243354797363,2,0.9709757566452026,0.47097575664520264,1
13698,recon_00006.tiff,267988,2,dense_fc,1,0.9883070588111877,0.011692941188812256,2,0.9883070588111877,0.48830705881118774,1
13762,recon_00006.tiff,269193,1,dense_fc,1,0.25623390078544617,0.7437660694122314,1,0.7437660694122314,0.24376609921455383,1
13777,recon_00006.tiff,269338,2,dense_fc,1,0.9825897216796875,0.0174102783203125,2,0.9825897216796875,0.4825897216796875,1
13826,recon_00006.tiff,269953,1,dense_fc,1,0.3766521215438843,0.6233478784561157,1,0.6233478784561157,0.12334787845611572,1
13845,recon_00006.tiff,270255,2,dense_fc,1,0.9583016037940979,0.0416983962059021,2,0.9583016037940979,0.4583016037940979,1
13850,recon_00006.tiff,270385,1,dense_fc,1,0.26263606548309326,0.7373639345169067,1,0.7373639345169067,0.23736393451690674,1
13883,recon_00006.tiff,271152,2,dense_fc,1,0.9676571488380432,0.03234285116195679,2,0.9676571488380432,0.4676571488380432,1
14322,recon_00006.tiff,284250,1,dense_fc,1,0.5692664384841919,0.4307335615158081,2,0.5692664384841919,0.0692664384841919,0
14328,recon_00006.tiff,289851,1,dense_fc,1,0.5375885367393494,0.46241146326065063,2,0.5375885367393494,0.037588536739349365,0
2,recon_00006.tiff,57,1,cnn2,1,0.3344198763370514,0.665580153465271,1,0.665580153465271,0.1655801236629486,1
5,recon_00006.tiff,1508,1,cnn2,1,0.19879688322544098,0.8012031316757202,1,0.8012031316757202,0.3012031316757202,1
3664,recon_00006.tiff,54311,1,cnn2,1,0.2355908900499344,0.7644091248512268,1,0.7644091248512268,0.2644091248512268,1
3879,recon_00006.tiff,57586,1,cnn2,1,0.15984736382961273,0.8401526212692261,1,0.8401526212692261,0.3401526212692261,1
3974,recon_00006.tiff,59007,1,cnn2,1,0.38778552412986755,0.6122144460678101,1,0.6122144460678101,0.11221447587013245,1
4005,recon_00006.tiff,59422,1,cnn2,1,0.526600182056427,0.473399817943573,2,0.526600182056427,0.026600182056427002,0
4055,recon_00006.tiff,60006,1,cnn2,1,0.36593756079673767,0.6340624094009399,1,0.6340624094009399,0.13406243920326233,1
5098,recon_00006.tiff,79144,1,cnn2,1,0.24256619811058044,0.7574337720870972,1,0.7574337720870972,0.25743380188941956,1
5363,recon_00006.tiff,83701,2,cnn2,1,0.7457757592201233,0.2542242407798767,2,0.7457757592201233,0.2457757592201233,1
5874,recon_00006.tiff,92525,1,cnn2,1,0.004351206589490175,0.9956488013267517,1,0.9956488013267517,0.4956488013267517,1
6237,recon_00006.tiff,101804,1,cnn2,1,0.5466011762619019,0.45339882373809814,2,0.5466011762619019,0.046601176261901855,0
6346,recon_00006.tiff,104374,2,cnn2,1,0.5430201888084412,0.45697981119155884,2,0.5430201888084412,0.04302018880844116,1
6378,recon_00006.tiff,105178,2,cnn2,1,0.7348788380622864,0.2651211619377136,2,0.7348788380622864,0.23487883806228638,1
6382,recon_00006.tiff,105284,1,cnn2,1,0.6011045575141907,0.3988954424858093,2,0.6011045575141907,0.10110455751419067,0
6405,recon_00006.tiff,105879,1,cnn2,1,0.5616707801818848,0.43832921981811523,2,0.5616707801818848,0.061670780181884766,0
6508,recon_00006.tiff,108217,2,cnn2,1,0.32429805397987366,0.6757019758224487,1,0.6757019758224487,0.17570194602012634,0
6516,recon_00006.tiff,108316,1,cnn2,1,0.48195597529411316,0.5180439949035645,1,0.5180439949035645,0.01804402470588684,1
6563,recon_00006.tiff,108913,2,cnn2,1,0.49972060322761536,0.500279426574707,1,0.500279426574707,0.00027939677238464355,0
6632,recon_00006.tiff,110025,2,cnn2,1,0.8173075318336487,0.18269246816635132,2,0.8173075318336487,0.3173075318336487,1
6637,recon_00006.tiff,110130,2,cnn2,1,0.7560966610908508,0.24390333890914917,2,0.7560966610908508,0.25609666109085083,1
6644,recon_00006.tiff,110244,2,cnn2,1,0.7623413801193237,0.23765861988067627,2,0.7623413801193237,0.26234138011932373,1
6664,recon_00006.tiff,110566,1,cnn2,1,0.3106630742549896,0.689336895942688,1,0.689336895942688,0.18933692574501038,1
6691,recon_00006.tiff,110911,2,cnn2,1,0.6808773279190063,0.31912267208099365,2,0.6808773279190063,0.18087732791900635,1
6713,recon_00006.tiff,111267,1,cnn2,1,0.28971830010414124,0.7102817296981812,1,0.7102817296981812,0.21028169989585876,1
6719,recon_00006.tiff,111381,1,cnn2,1,0.5220558047294617,0.47794419527053833,2,0.5220558047294617,0.02205580472946167,0
6722,recon_00006.tiff,111403,2,cnn2,1,0.7951523065567017,0.20484769344329834,2,0.7951523065567017,0.29515230655670166,1
6760,recon_00006.tiff,112059,1,cnn2,1,0.4333447217941284,0.5666552782058716,1,0.5666552782058716,0.06665527820587158,1
6768,recon_00006.tiff,112281,2,cnn2,1,0.7908549308776855,0.20914506912231445,2,0.7908549308776855,0.29085493087768555,1
6784,recon_00006.tiff,112504,1,cnn2,1,0.5620291233062744,0.4379708766937256,2,0.5620291233062744,0.062029123306274414,0
6785,recon_00006.tiff,112525,1,cnn2,1,0.07339586317539215,0.926604151725769,1,0.926604151725769,0.42660415172576904,1
6794,recon_00006.tiff,112637,1,cnn2,1,0.23035350441932678,0.7696465253829956,1,0.7696465253829956,0.2696464955806732,1
6796,recon_00006.tiff,112646,1,cnn2,1,0.1623864620923996,0.8376135230064392,1,0.8376135230064392,0.3376135230064392,1
6803,recon_00006.tiff,112760,2,cnn2,1,0.8619564175605774,0.1380435824394226,2,0.8619564175605774,0.3619564175605774,1
6842,recon_00006.tiff,113227,1,cnn2,1,0.4084942042827606,0.591505765914917,1,0.591505765914917,0.09150579571723938,1
6860,recon_00006.tiff,113479,2,cnn2,1,0.5649423003196716,0.43505769968032837,2,0.5649423003196716,0.06494230031967163,1
6900,recon_00006.tiff,113917,2,cnn2,1,0.2783758044242859,0.7216241955757141,1,0.7216241955757141,0.2216241955757141,0
6901,recon_00006.tiff,113918,1,cnn2,1,0.400814026594162,0.5991859436035156,1,0.5991859436035156,0.09918597340583801,1
6982,recon_00006.tiff,115508,2,cnn2,1,0.5674908757209778,0.4325091242790222,2,0.5674908757209778,0.06749087572097778,1
7026,recon_00006.tiff,116706,1,cnn2,1,0.4088267683982849,0.5911732316017151,1,0.5911732316017151,0.09117323160171509,1
7034,recon_00006.tiff,116801,2,cnn2,1,0.7302921414375305,0.2697078585624695,2,0.7302921414375305,0.23029214143753052,1
7093,recon_00006.tiff,117983,1,cnn2,1,0.4705275893211365,0.5294724106788635,1,0.5294724106788635,0.029472410678863525,1
7108,recon_00006.tiff,118439,1,cnn2,1,0.49133166670799255,0.5086683034896851,1,0.5086683034896851,0.008668333292007446,1
7224,recon_00006.tiff,120884,1,cnn2,1,0.5038100481033325,0.4961899518966675,2,0.5038100481033325,0.0038100481033325195,0
7383,recon_00006.tiff,126887,1,cnn2,1,0.19428499042987823,0.805715024471283,1,0.805715024471283,0.30571502447128296,1
7446,recon_00006.tiff,128879,2,cnn2,1,0.1597175896167755,0.8402824401855469,1,0.8402824401855469,0.3402824103832245,0
7450,recon_00006.tiff,129008,2,cnn2,1,0.7634764909744263,0.23652350902557373,2,0.7634764909744263,0.26347649097442627,1
7461,recon_00006.tiff,129356,1,cnn2,1,0.17713163793087006,0.8228683471679688,1,0.8228683471679688,0.32286834716796875,1
7472,recon_00006.tiff,129707,1,cnn2,1,0.4346444606781006,0.5653555393218994,1,0.5653555393218994,0.06535553932189941,1
8331,recon_00006.tiff,150931,1,cnn2,1,0.18532522022724152,0.8146747946739197,1,0.8146747946739197,0.3146747946739197,1
8342,recon_00006.tiff,151191,2,cnn2,1,0.6171408891677856,0.38285911083221436,2,0.6171408891677856,0.11714088916778564,1
8657,recon_00006.tiff,159626,2,cnn2,1,0.7518500685691833,0.24814993143081665,2,0.7518500685691833,0.25185006856918335,1
8662,recon_00006.tiff,159737,2,cnn2,1,0.8094355463981628,0.19056445360183716,2,0.8094355463981628,0.30943554639816284,1
8749,recon_00006.tiff,161789,2,cnn2,1,0.7761611342430115,0.22383886575698853,2,0.7761611342430115,0.2761611342430115,1
8770,recon_00006.tiff,162421,2,cnn2,1,0.6517594456672668,0.34824055433273315,2,0.6517594456672668,0.15175944566726685,1
8864,recon_00006.tiff,164988,2,cnn2,1,0.7848625779151917,0.21513742208480835,2,0.7848625779151917,0.28486257791519165,1
8898,recon_00006.tiff,165859,2,cnn2,1,0.8169853091239929,0.18301469087600708,2,0.8169853091239929,0.3169853091239929,1
13282,recon_00006.tiff,261278,1,cnn2,1,0.7874624133110046,0.21253758668899536,2,0.7874624133110046,0.28746241331100464,0
13417,recon_00006.tiff,263918,1,cnn2,1,0.6946955919265747,0.3053044080734253,2,0.6946955919265747,0.1946955919265747,0
13604,recon_00006.tiff,266602,2,cnn2,1,0.4471587538719177,0.5528412461280823,1,0.5528412461280823,0.052841246128082275,0
13692,recon_00006.tiff,267906,2,cnn2,1,0.7151376605033875,0.28486233949661255,2,0.7151376605033875,0.21513766050338745,1
13698,recon_00006.tiff,267988,2,cnn2,1,0.7015819549560547,0.2984180450439453,2,0.7015819549560547,0.2015819549560547,1
13762,recon_00006.tiff,269193,1,cnn2,1,0.519415557384491,0.48058444261550903,2,0.519415557384491,0.019415557384490967,0
13777,recon_00006.tiff,269338,2,cnn2,1,0.7841514945030212,0.21584850549697876,2,0.7841514945030212,0.28415149450302124,1
13826,recon_00006.tiff,269953,1,cnn2,1,0.2710140347480774,0.7289859652519226,1,0.7289859652519226,0.2289859652519226,1
13845,recon_00006.tiff,270255,2,cnn2,1,0.6517066955566406,0.3482933044433594,2,0.6517066955566406,0.15170669555664062,1
13850,recon_00006.tiff,270385,1,cnn2,1,0.2889297902584076,0.71107017993927,1,0.71107017993927,0.2110702097415924,1
13883,recon_00006.tiff,271152,2,cnn2,1,0.6212323307991028,0.3787676692008972,2,0.6212323307991028,0.12123233079910278,1
14322,recon_00006.tiff,284250,1,cnn2,1,0.27983278036117554,0.7201672196388245,1,0.7201672196388245,0.22016721963882446,1
14328,recon_00006.tiff,289851,1,cnn2,1,0.4328925907611847,0.5671074390411377,1,0.5671074390411377,0.06710740923881531,1
2,recon_00006.tiff,57,1,cnn3,1,0.13797830045223236,0.8620216846466064,1,0.8620216846466064,0.36202168464660645,1
5,recon_00006.tiff,1508,1,cnn3,1,0.044755689799785614,0.9552443027496338,1,0.9552443027496338,0.4552443027496338,1
3664,recon_00006.tiff,54311,1,cnn3,1,0.053991176187992096,0.9460088014602661,1,0.9460088014602661,0.4460088312625885,1
3879,recon_00006.tiff,57586,1,cnn3,1,0.010628496296703815,0.9893714785575867,1,0.9893714785575867,0.48937150835990906,1
3974,recon_00006.tiff,59007,1,cnn3,1,0.024831507354974747,0.9751684665679932,1,0.9751684665679932,0.47516849637031555,1
4005,recon_00006.tiff,59422,1,cnn3,1,0.3152283728122711,0.6847716569900513,1,0.6847716569900513,0.18477162718772888,1
4055,recon_00006.tiff,60006,1,cnn3,1,0.0655084177851677,0.9344915747642517,1,0.9344915747642517,0.4344915747642517,1
5098,recon_00006.tiff,79144,1,cnn3,1,0.03291235864162445,0.9670876264572144,1,0.9670876264572144,0.46708762645721436,1
5363,recon_00006.tiff,83701,2,cnn3,1,0.9716669917106628,0.028333008289337158,2,0.9716669917106628,0.47166699171066284,1
5874,recon_00006.tiff,92525,1,cnn3,1,0.0002488881873432547,0.999751091003418,1,0.999751091003418,0.49975112080574036,1
6237,recon_00006.tiff,101804,1,cnn3,1,0.16117770969867706,0.8388223052024841,1,0.8388223052024841,0.33882230520248413,1
6346,recon_00006.tiff,104374,2,cnn3,1,0.7259945869445801,0.2740054130554199,2,0.7259945869445801,0.22599458694458008,1
6378,recon_00006.tiff,105178,2,cnn3,1,0.9628435373306274,0.03715646266937256,2,0.9628435373306274,0.46284353733062744,1
6382,recon_00006.tiff,105284,1,cnn3,1,0.16648706793785095,0.8335129022598267,1,0.8335129022598267,0.33351293206214905,1
6405,recon_00006.tiff,105879,1,cnn3,1,0.35757458209991455,0.6424254179000854,1,0.6424254179000854,0.14242541790008545,1
6508,recon_00006.tiff,108217,2,cnn3,1,0.21306957304477692,0.7869304418563843,1,0.7869304418563843,0.2869304418563843,0
6516,recon_00006.tiff,108316,1,cnn3,1,0.4370937645435333,0.5629062652587891,1,0.5629062652587891,0.06290623545646667,1
6563,recon_00006.tiff,108913,2,cnn3,1,0.693809986114502,0.30619001388549805,2,0.693809986114502,0.19380998611450195,1
6632,recon_00006.tiff,110025,2,cnn3,1,0.9880174398422241,0.011982560157775879,2,0.9880174398422241,0.4880174398422241,1
6637,recon_00006.tiff,110130,2,cnn3,1,0.9562450647354126,0.0437549352645874,2,0.9562450647354126,0.4562450647354126,1
6644,recon_00006.tiff,110244,2,cnn3,1,0.9562775492668152,0.043722450733184814,2,0.9562775492668152,0.4562775492668152,1
6664,recon_00006.tiff,110566,1,cnn3,1,0.025927377864718437,0.9740726351737976,1,0.9740726351737976,0.4740726351737976,1
6691,recon_00006.tiff,110911,2,cnn3,1,0.7894240021705627,0.21057599782943726,2,0.7894240021705627,0.28942400217056274,1
6713,recon_00006.tiff,111267,1,cnn3,1,0.01808919943869114,0.9819108247756958,1,0.9819108247756958,0.4819107949733734,1
6719,recon_00006.tiff,111381,1,cnn3,1,0.2552960216999054,0.744704008102417,1,0.744704008102417,0.2447039783000946,1
6722,recon_00006.tiff,111403,2,cnn3,1,0.9387899041175842,0.06121009588241577,2,0.9387899041175842,0.43878990411758423,1
6760,recon_00006.tiff,112059,1,cnn3,1,0.243109792470932,0.7568901777267456,1,0.7568901777267456,0.256890207529068,1
6768,recon_00006.tiff,112281,2,cnn3,1,0.9494925141334534,0.05050748586654663,2,0.9494925141334534,0.44949251413345337,1
6784,recon_00006.tiff,112504,1,cnn3,1,0.9061942100524902,0.09380578994750977,2,0.9061942100524902,0.40619421005249023,0
6785,recon_00006.tiff,112525,1,cnn3,1,0.0029646549373865128,0.9970353245735168,1,0.9970353245735168,0.49703535437583923,1
6794,recon_00006.tiff,112637,1,cnn3,1,0.0058783674612641335,0.9941216111183167,1,0.9941216111183167,0.49412164092063904,1
6796,recon_00006.tiff,112646,1,cnn3,1,0.012895096093416214,0.9871048927307129,1,0.9871048927307129,0.4871048927307129,1
6803,recon_00006.tiff,112760,2,cnn3,1,0.9892276525497437,0.010772347450256348,2,0.9892276525497437,0.48922765254974365,1
6842,recon_00006.tiff,113227,1,cnn3,1,0.0538092702627182,0.9461907148361206,1,0.9461907148361206,0.4461907148361206,1
6860,recon_00006.tiff,113479,2,cnn3,1,0.9261158108711243,0.07388418912887573,2,0.9261158108711243,0.42611581087112427,1
6900,recon_00006.tiff,113917,2,cnn3,1,0.26414409279823303,0.7358559370040894,1,0.7358559370040894,0.23585590720176697,0
6901,recon_00006.tiff,113918,1,cnn3,1,0.1115880236029625,0.8884119987487793,1,0.8884119987487793,0.3884119689464569,1
6982,recon_00006.tiff,115508,2,cnn3,1,0.9037384390830994,0.09626156091690063,2,0.9037384390830994,0.40373843908309937,1
7026,recon_00006.tiff,116706,1,cnn3,1,0.1729038804769516,0.8270961046218872,1,0.8270961046218872,0.3270961046218872,1
7034,recon_00006.tiff,116801,2,cnn3,1,0.9546357989311218,0.045364201068878174,2,0.9546357989311218,0.4546357989311218,1
7093,recon_00006.tiff,117983,1,cnn3,1,0.2512246370315552,0.7487753629684448,1,0.7487753629684448,0.24877536296844482,1
7108,recon_00006.tiff,118439,1,cnn3,1,0.10193215310573578,0.898067831993103,1,0.898067831993103,0.398067831993103,1
7224,recon_00006.tiff,120884,1,cnn3,1,0.04780321940779686,0.9521967768669128,1,0.9521967768669128,0.45219677686691284,1
7383,recon_00006.tiff,126887,1,cnn3,1,0.08041178435087204,0.9195882081985474,1,0.9195882081985474,0.41958820819854736,1
7446,recon_00006.tiff,128879,2,cnn3,1,0.4734371304512024,0.5265628695487976,1,0.5265628695487976,0.026562869548797607,0
7450,recon_00006.tiff,129008,2,cnn3,1,0.9944620728492737,0.005537927150726318,2,0.9944620728492737,0.4944620728492737,1
7461,recon_00006.tiff,129356,1,cnn3,1,0.07482726126909256,0.925172746181488,1,0.925172746181488,0.42517274618148804,1
7472,recon_00006.tiff,129707,1,cnn3,1,0.2371334284543991,0.7628665566444397,1,0.7628665566444397,0.2628665566444397,1
8331,recon_00006.tiff,150931,1,cnn3,1,0.029005497694015503,0.9709944725036621,1,0.9709944725036621,0.4709945023059845,1
8342,recon_00006.tiff,151191,2,cnn3,1,0.9670491814613342,0.03295081853866577,2,0.9670491814613342,0.46704918146133423,1
8657,recon_00006.tiff,159626,2,cnn3,1,0.9931413531303406,0.006858646869659424,2,0.9931413531303406,0.4931413531303406,1
8662,recon_00006.tiff,159737,2,cnn3,1,0.9952747821807861,0.004725217819213867,2,0.9952747821807861,0.49527478218078613,1
8749,recon_00006.tiff,161789,2,cnn3,1,0.9628239870071411,0.03717601299285889,2,0.9628239870071411,0.4628239870071411,1
8770,recon_00006.tiff,162421,2,cnn3,1,0.9699263572692871,0.03007364273071289,2,0.9699263572692871,0.4699263572692871,1
8864,recon_00006.tiff,164988,2,cnn3,1,0.9794189929962158,0.02058100700378418,2,0.9794189929962158,0.4794189929962158,1
8898,recon_00006.tiff,165859,2,cnn3,1,0.9877668619155884,0.012233138084411621,2,0.9877668619155884,0.4877668619155884,1
13282,recon_00006.tiff,261278,1,cnn3,1,0.9503278732299805,0.04967212677001953,2,0.9503278732299805,0.45032787322998047,0
13417,recon_00006.tiff,263918,1,cnn3,1,0.7806231379508972,0.21937686204910278,2,0.7806231379508972,0.2806231379508972,0
13604,recon_00006.tiff,266602,2,cnn3,1,0.13669313490390778,0.8633068799972534,1,0.8633068799972534,0.3633068799972534,0
13692,recon_00006.tiff,267906,2,cnn3,1,0.9834073185920715,0.016592681407928467,2,0.9834073185920715,0.48340731859207153,1
13698,recon_00006.tiff,267988,2,cnn3,1,0.969795286655426,0.030204713344573975,2,0.969795286655426,0.469795286655426,1
13762,recon_00006.tiff,269193,1,cnn3,1,0.23908750712871552,0.7609124779701233,1,0.7609124779701233,0.2609124779701233,1
13777,recon_00006.tiff,269338,2,cnn3,1,0.9838341474533081,0.016165852546691895,2,0.9838341474533081,0.4838341474533081,1
13826,recon_00006.tiff,269953,1,cnn3,1,0.11322419345378876,0.88677579164505,1,0.88677579164505,0.38677579164505005,1
13845,recon_00006.tiff,270255,2,cnn3,1,0.9018315672874451,0.09816843271255493,2,0.9018315672874451,0.40183156728744507,1
13850,recon_00006.tiff,270385,1,cnn3,1,0.16970238089561462,0.830297589302063,1,0.830297589302063,0.3302976191043854,1
13883,recon_00006.tiff,271152,2,cnn3,1,0.7519277334213257,0.24807226657867432,2,0.7519277334213257,0.2519277334213257,1
14322,recon_00006.tiff,284250,1,cnn3,1,0.13920177519321442,0.8607982397079468,1,0.8607982397079468,0.3607982397079468,1
14328,recon_00006.tiff,289851,1,cnn3,1,0.1536075621843338,0.8463924527168274,1,0.8463924527168274,0.3463924527168274,1
8,recon_00006.tiff,2649,1,random_forest,2,0.3370333333333333,0.6629666666666667,1,0.6629666666666667,0.1629666666666667,1
968,recon_00006.tiff,17822,1,random_forest,2,0.02213333333333333,0.9778666666666667,1,0.9778666666666667,0.47786666666666666,1
3694,recon_00006.tiff,54723,1,random_forest,2,0.0015,0.9985,1,0.9985,0.4985,1
3700,recon_00006.tiff,54828,1,random_forest,2,0.012076190476190476,0.9879238095238095,1,0.9879238095238095,0.48792380952380954,1
3712,recon_00006.tiff,55012,1,random_forest,2,0.0,1.0,1,1.0,0.5,1
3713,recon_00006.tiff,55013,1,random_forest,2,0.06093333333333334,0.9390666666666667,1,0.9390666666666667,0.43906666666666666,1
3927,recon_00006.tiff,58290,1,random_forest,2,0.0,1.0,1,1.0,0.5,1
3983,recon_00006.tiff,59105,1,random_forest,2,0.0,1.0,1,1.0,0.5,1
5362,recon_00006.tiff,83700,1,random_forest,2,0.001,0.999,1,0.999,0.499,1
5829,recon_00006.tiff,91756,2,random_forest,2,0.09831904761904763,0.9016809523809524,1,0.9016809523809524,0.40168095238095236,0
6040,recon_00006.tiff,95924,1,random_forest,2,0.0056,0.9944,1,0.9944,0.4944,1
6104,recon_00006.tiff,97777,1,random_forest,2,0.001,0.999,1,0.999,0.499,1
6324,recon_00006.tiff,103918,1,random_forest,2,0.0016,0.9984,1,0.9984,0.4984,1
6414,recon_00006.tiff,106017,1,random_forest,2,0.2754761904761905,0.7245238095238096,1,0.7245238095238096,0.22452380952380951,1
6531,recon_00006.tiff,108437,2,random_forest,2,0.9949,0.005099999999999993,2,0.9949,0.4949,1
6544,recon_00006.tiff,108577,1,random_forest,2,0.5468619047619048,0.45313809523809523,2,0.5468619047619048,0.04686190476190477,0
6556,recon_00006.tiff,108812,2,random_forest,2,0.995,0.0050000000000000044,2,0.995,0.495,1
6604,recon_00006.tiff,109517,2,random_forest,2,0.999,0.0010000000000000009,2,0.999,0.499,1
6652,recon_00006.tiff,110346,2,random_forest,2,1.0,0.0,2,1.0,0.5,1
6674,recon_00006.tiff,110690,2,random_forest,2,0.9973333333333334,0.002666666666666595,2,0.9973333333333334,0.4973333333333334,1
6676,recon_00006.tiff,110693,1,random_forest,2,0.001,0.999,1,0.999,0.499,1
6684,recon_00006.tiff,110799,2,random_forest,2,0.9924857142857143,0.007514285714285696,2,0.9924857142857143,0.4924857142857143,1
6698,recon_00006.tiff,111000,2,random_forest,2,0.9698000000000001,0.030199999999999894,2,0.9698000000000001,0.4698000000000001,1
6705,recon_00006.tiff,111141,2,random_forest,2,1.0,0.0,2,1.0,0.5,1
6732,recon_00006.tiff,111632,2,random_forest,2,0.8795380952380952,0.12046190476190477,2,0.8795380952380952,0.37953809523809523,1
6776,recon_00006.tiff,112396,2,random_forest,2,0.8922571428571427,0.10774285714285725,2,0.8922571428571427,0.39225714285714275,1
6861,recon_00006.tiff,113480,2,random_forest,2,0.9326333333333333,0.06736666666666669,2,0.9326333333333333,0.4326333333333333,1
6964,recon_00006.tiff,115174,1,random_forest,2,0.0016666666666666666,0.9983333333333333,1,0.9983333333333333,0.49833333333333335,1
7019,recon_00006.tiff,116615,1,random_forest,2,0.02206666666666666,0.9779333333333333,1,0.9779333333333333,0.4779333333333333,1
7020,recon_00006.tiff,116616,1,random_forest,2,0.046400000000000004,0.9536,1,0.9536,0.4536,1
7051,recon_00006.tiff,117078,1,random_forest,2,0.0016,0.9984,1,0.9984,0.4984,1
7145,recon_00006.tiff,119128,1,random_forest,2,0.0,1.0,1,1.0,0.5,1
7185,recon_00006.tiff,119902,1,random_forest,2,0.0,1.0,1,1.0,0.5,1
7219,recon_00006.tiff,120754,1,random_forest,2,0.001,0.999,1,0.999,0.499,1
7220,recon_00006.tiff,120755,1,random_forest,2,0.0,1.0,1,1.0,0.5,1
7225,recon_00006.tiff,120885,1,random_forest,2,0.0,1.0,1,1.0,0.5,1
7229,recon_00006.tiff,120996,1,random_forest,2,0.0,1.0,1,1.0,0.5,1
7361,recon_00006.tiff,125956,2,random_forest,2,1.0,0.0,2,1.0,0.5,1
7397,recon_00006.tiff,127251,2,random_forest,2,1.0,0.0,2,1.0,0.5,1
7411,recon_00006.tiff,127712,1,random_forest,2,0.002833333333333333,0.9971666666666666,1,0.9971666666666666,0.49716666666666665,1
7417,recon_00006.tiff,127935,2,random_forest,2,1.0,0.0,2,1.0,0.5,1
7444,recon_00006.tiff,128877,1,random_forest,2,0.019933333333333334,0.9800666666666666,1,0.9800666666666666,0.48006666666666664,1
8353,recon_00006.tiff,151638,2,random_forest,2,1.0,0.0,2,1.0,0.5,1
8401,recon_00006.tiff,153152,2,random_forest,2,1.0,0.0,2,1.0,0.5,1
8538,recon_00006.tiff,156602,2,random_forest,2,1.0,0.0,2,1.0,0.5,1
8574,recon_00006.tiff,157529,2,random_forest,2,1.0,0.0,2,1.0,0.5,1
8738,recon_00006.tiff,161489,2,random_forest,2,0.9203571428571428,0.07964285714285724,2,0.9203571428571428,0.42035714285714276,1
8771,recon_00006.tiff,162422,2,random_forest,2,0.9436190476190475,0.05638095238095253,2,0.9436190476190475,0.44361904761904747,1
8826,recon_00006.tiff,164170,2,random_forest,2,1.0,0.0,2,1.0,0.5,1
8925,recon_00006.tiff,166362,2,random_forest,2,0.9635333333333335,0.036466666666666536,2,0.9635333333333335,0.46353333333333346,1
8926,recon_00006.tiff,166363,2,random_forest,2,0.9351000000000002,0.06489999999999985,2,0.9351000000000002,0.43510000000000015,1
13402,recon_00006.tiff,263579,1,random_forest,2,0.8844666666666666,0.11553333333333338,2,0.8844666666666666,0.3844666666666666,0
13425,recon_00006.tiff,264079,1,random_forest,2,0.6547333333333333,0.3452666666666667,2,0.6547333333333333,0.15473333333333328,0
13557,recon_00006.tiff,265931,1,random_forest,2,0.0879,0.9121,1,0.9121,0.4121,1
13564,recon_00006.tiff,266001,1,random_forest,2,0.010666666666666666,0.9893333333333333,1,0.9893333333333333,0.48933333333333334,1
13627,recon_00006.tiff,266901,2,random_forest,2,0.7178619047619047,0.2821380952380953,2,0.7178619047619047,0.2178619047619047,1
13709,recon_00006.tiff,268275,1,random_forest,2,0.001,0.999,1,0.999,0.499,1
13714,recon_00006.tiff,268340,2,random_forest,2,0.9983333333333334,0.0016666666666665941,2,0.9983333333333334,0.4983333333333334,1
13715,recon_00006.tiff,268406,1,random_forest,2,0.0105,0.9895,1,0.9895,0.4895,1
13732,recon_00006.tiff,268730,1,random_forest,2,0.061233333333333334,0.9387666666666666,1,0.9387666666666666,0.43876666666666664,1
13767,recon_00006.tiff,269258,1,random_forest,2,0.0108,0.9892,1,0.9892,0.4892,1
13781,recon_00006.tiff,269422,2,random_forest,2,1.0,0.0,2,1.0,0.5,1
13809,recon_00006.tiff,269729,2,random_forest,2,1.0,0.0,2,1.0,0.5,1
13839,recon_00006.tiff,270181,2,random_forest,2,0.9910666666666667,0.008933333333333349,2,0.9910666666666667,0.49106666666666665,1
13854,recon_00006.tiff,270459,1,random_forest,2,0.0035,0.9965,1,0.9965,0.4965,1
13882,recon_00006.tiff,271151,2,random_forest,2,1.0,0.0,2,1.0,0.5,1
13887,recon_00006.tiff,271237,2,random_forest,2,0.9636666666666666,0.03633333333333344,2,0.9636666666666666,0.46366666666666656,1
14313,recon_00006.tiff,279465,1,random_forest,2,0.010666666666666666,0.9893333333333333,1,0.9893333333333333,0.48933333333333334,1
14323,recon_00006.tiff,285129,1,random_forest,2,0.006333333333333333,0.9936666666666667,1,0.9936666666666667,0.49366666666666664,1
8,recon_00006.tiff,2649,1,dense_fc,2,0.5611985921859741,0.4388014078140259,2,0.5611985921859741,0.06119859218597412,0
968,recon_00006.tiff,17822,1,dense_fc,2,0.41811031103134155,0.5818896889686584,1,0.5818896889686584,0.08188968896865845,1
3694,recon_00006.tiff,54723,1,dense_fc,2,0.11732643842697144,0.8826735615730286,1,0.8826735615730286,0.38267356157302856,1
3700,recon_00006.tiff,54828,1,dense_fc,2,0.12216518819332123,0.8778347969055176,1,0.8778347969055176,0.3778347969055176,1
3712,recon_00006.tiff,55012,1,dense_fc,2,0.09364444762468338,0.9063555598258972,1,0.9063555598258972,0.4063555598258972,1
3713,recon_00006.tiff,55013,1,dense_fc,2,0.10931698977947235,0.8906829953193665,1,0.8906829953193665,0.39068299531936646,1
3927,recon_00006.tiff,58290,1,dense_fc,2,0.04646293446421623,0.9535370469093323,1,0.9535370469093323,0.45353707671165466,1
3983,recon_00006.tiff,59105,1,dense_fc,2,0.09433551132678986,0.9056645035743713,1,0.9056645035743713,0.40566450357437134,1
5362,recon_00006.tiff,83700,1,dense_fc,2,0.06877501308917999,0.9312250018119812,1,0.9312250018119812,0.4312250018119812,1
5829,recon_00006.tiff,91756,2,dense_fc,2,0.174768328666687,0.825231671333313,1,0.825231671333313,0.325231671333313,0
6040,recon_00006.tiff,95924,1,dense_fc,2,0.01588437333703041,0.9841156005859375,1,0.9841156005859375,0.4841156303882599,1
6104,recon_00006.tiff,97777,1,dense_fc,2,0.010499787516891956,0.9895002245903015,1,0.9895002245903015,0.4895002245903015,1
6324,recon_00006.tiff,103918,1,dense_fc,2,0.009798869490623474,0.9902011156082153,1,0.9902011156082153,0.49020111560821533,1
6414,recon_00006.tiff,106017,1,dense_fc,2,0.3303159475326538,0.6696840524673462,1,0.6696840524673462,0.1696840524673462,1
6531,recon_00006.tiff,108437,2,dense_fc,2,0.905045211315155,0.09495478868484497,2,0.905045211315155,0.40504521131515503,1
6544,recon_00006.tiff,108577,1,dense_fc,2,0.44484639167785645,0.5551536083221436,1,0.5551536083221436,0.055153608322143555,1
6556,recon_00006.tiff,108812,2,dense_fc,2,0.9394543766975403,0.06054562330245972,2,0.9394543766975403,0.4394543766975403,1
6604,recon_00006.tiff,109517,2,dense_fc,2,0.8879903554916382,0.11200964450836182,2,0.8879903554916382,0.3879903554916382,1
6652,recon_00006.tiff,110346,2,dense_fc,2,0.8923642635345459,0.1076357364654541,2,0.8923642635345459,0.3923642635345459,1
6674,recon_00006.tiff,110690,2,dense_fc,2,0.8837644457817078,0.11623555421829224,2,0.8837644457817078,0.38376444578170776,1
6676,recon_00006.tiff,110693,1,dense_fc,2,0.1380070596933365,0.8619929552078247,1,0.8619929552078247,0.3619929552078247,1
6684,recon_00006.tiff,110799,2,dense_fc,2,0.8901207447052002,0.1098792552947998,2,0.8901207447052002,0.3901207447052002,1
6698,recon_00006.tiff,111000,2,dense_fc,2,0.8225246667861938,0.17747533321380615,2,0.8225246667861938,0.32252466678619385,1
6705,recon_00006.tiff,111141,2,dense_fc,2,0.9045730829238892,0.09542691707611084,2,0.9045730829238892,0.40457308292388916,1
6732,recon_00006.tiff,111632,2,dense_fc,2,0.6860709190368652,0.31392908096313477,2,0.6860709190368652,0.18607091903686523,1
6776,recon_00006.tiff,112396,2,dense_fc,2,0.7716872692108154,0.22831273078918457,2,0.7716872692108154,0.27168726921081543,1
6861,recon_00006.tiff,113480,2,dense_fc,2,0.8664833307266235,0.13351666927337646,2,0.8664833307266235,0.36648333072662354,1
6964,recon_00006.tiff,115174,1,dense_fc,2,0.1507200449705124,0.8492799401283264,1,0.8492799401283264,0.3492799401283264,1
7019,recon_00006.tiff,116615,1,dense_fc,2,0.041554272174835205,0.9584457278251648,1,0.9584457278251648,0.4584457278251648,1
7020,recon_00006.tiff,116616,1,dense_fc,2,0.04886744171380997,0.9511325359344482,1,0.9511325359344482,0.45113256573677063,1
7051,recon_00006.tiff,117078,1,dense_fc,2,0.01397990994155407,0.9860200881958008,1,0.9860200881958008,0.4860200881958008,1
7145,recon_00006.tiff,119128,1,dense_fc,2,0.1730228066444397,0.8269771933555603,1,0.8269771933555603,0.3269771933555603,1
7185,recon_00006.tiff,119902,1,dense_fc,2,0.1880916804075241,0.8119083046913147,1,0.8119083046913147,0.3119083046913147,1
7219,recon_00006.tiff,120754,1,dense_fc,2,0.18382877111434937,0.8161712288856506,1,0.8161712288856506,0.31617122888565063,1
7220,recon_00006.tiff,120755,1,dense_fc,2,0.14878296852111816,0.8512170314788818,1,0.8512170314788818,0.35121703147888184,1
7225,recon_00006.tiff,120885,1,dense_fc,2,0.1293121874332428,0.8706878423690796,1,0.8706878423690796,0.3706878125667572,1
7229,recon_00006.tiff,120996,1,dense_fc,2,0.11616095900535583,0.8838390111923218,1,0.8838390111923218,0.38383904099464417,1
7361,recon_00006.tiff,125956,2,dense_fc,2,0.9110538959503174,0.08894610404968262,2,0.9110538959503174,0.4110538959503174,1
7397,recon_00006.tiff,127251,2,dense_fc,2,0.9158133864402771,0.0841866135597229,2,0.9158133864402771,0.4158133864402771,1
7411,recon_00006.tiff,127712,1,dense_fc,2,0.25291186571121216,0.7470881342887878,1,0.7470881342887878,0.24708813428878784,1
7417,recon_00006.tiff,127935,2,dense_fc,2,0.8595935106277466,0.14040648937225342,2,0.8595935106277466,0.3595935106277466,1
7444,recon_00006.tiff,128877,1,dense_fc,2,0.39037400484085083,0.6096259951591492,1,0.6096259951591492,0.10962599515914917,1
8353,recon_00006.tiff,151638,2,dense_fc,2,0.8959923386573792,0.10400766134262085,2,0.8959923386573792,0.39599233865737915,1
8401,recon_00006.tiff,153152,2,dense_fc,2,0.9088058471679688,0.09119415283203125,2,0.9088058471679688,0.40880584716796875,1
8538,recon_00006.tiff,156602,2,dense_fc,2,0.8818100690841675,0.11818993091583252,2,0.8818100690841675,0.3818100690841675,1
8574,recon_00006.tiff,157529,2,dense_fc,2,0.8903317451477051,0.10966825485229492,2,0.8903317451477051,0.3903317451477051,1
8738,recon_00006.tiff,161489,2,dense_fc,2,0.8996555805206299,0.10034441947937012,2,0.8996555805206299,0.3996555805206299,1
8771,recon_00006.tiff,162422,2,dense_fc,2,0.800927996635437,0.199072003364563,2,0.800927996635437,0.300927996635437,1
8826,recon_00006.tiff,164170,2,dense_fc,2,0.8965604901313782,0.10343950986862183,2,0.8965604901313782,0.3965604901313782,1
8925,recon_00006.tiff,166362,2,dense_fc,2,0.885652482509613,0.11434751749038696,2,0.885652482509613,0.38565248250961304,1
8926,recon_00006.tiff,166363,2,dense_fc,2,0.9084547162055969,0.09154528379440308,2,0.9084547162055969,0.4084547162055969,1
13402,recon_00006.tiff,263579,1,dense_fc,2,0.8123745322227478,0.1876254677772522,2,0.8123745322227478,0.3123745322227478,0
13425,recon_00006.tiff,264079,1,dense_fc,2,0.8315821290016174,0.16841787099838257,2,0.8315821290016174,0.33158212900161743,0
13557,recon_00006.tiff,265931,1,dense_fc,2,0.15827932953834534,0.841720700263977,1,0.841720700263977,0.34172067046165466,1
13564,recon_00006.tiff,266001,1,dense_fc,2,0.0605558305978775,0.9394441843032837,1,0.9394441843032837,0.4394441843032837,1
13627,recon_00006.tiff,266901,2,dense_fc,2,0.6871196627616882,0.31288033723831177,2,0.6871196627616882,0.18711966276168823,1
13709,recon_00006.tiff,268275,1,dense_fc,2,0.34270018339157104,0.657299816608429,1,0.657299816608429,0.15729981660842896,1
13714,recon_00006.tiff,268340,2,dense_fc,2,0.8627258539199829,0.1372741460800171,2,0.8627258539199829,0.3627258539199829,1
13715,recon_00006.tiff,268406,1,dense_fc,2,0.4164767265319824,0.5835232734680176,1,0.5835232734680176,0.08352327346801758,1
13732,recon_00006.tiff,268730,1,dense_fc,2,0.4385206401348114,0.5614793300628662,1,0.5614793300628662,0.0614793598651886,1
13767,recon_00006.tiff,269258,1,dense_fc,2,0.41091644763946533,0.5890835523605347,1,0.5890835523605347,0.08908355236053467,1
13781,recon_00006.tiff,269422,2,dense_fc,2,0.8988670706748962,0.10113292932510376,2,0.8988670706748962,0.39886707067489624,1
13809,recon_00006.tiff,269729,2,dense_fc,2,0.8669958710670471,0.13300412893295288,2,0.8669958710670471,0.3669958710670471,1
13839,recon_00006.tiff,270181,2,dense_fc,2,0.8736065626144409,0.12639343738555908,2,0.8736065626144409,0.3736065626144409,1
13854,recon_00006.tiff,270459,1,dense_fc,2,0.36840736865997314,0.6315926313400269,1,0.6315926313400269,0.13159263134002686,1
13882,recon_00006.tiff,271151,2,dense_fc,2,0.8843623995780945,0.11563760042190552,2,0.8843623995780945,0.3843623995780945,1
13887,recon_00006.tiff,271237,2,dense_fc,2,0.815546452999115,0.184453547000885,2,0.815546452999115,0.315546452999115,1
14313,recon_00006.tiff,279465,1,dense_fc,2,0.4284762442111969,0.5715237855911255,1,0.5715237855911255,0.0715237557888031,1
14323,recon_00006.tiff,285129,1,dense_fc,2,0.4230954349040985,0.5769045352935791,1,0.5769045352935791,0.07690456509590149,1
8,recon_00006.tiff,2649,1,cnn2,2,0.34133002161979675,0.6586699485778809,1,0.6586699485778809,0.15866997838020325,1
968,recon_00006.tiff,17822,1,cnn2,2,0.27782905101776123,0.7221709489822388,1,0.7221709489822388,0.22217094898223877,1
3694,recon_00006.tiff,54723,1,cnn2,2,0.2805643677711487,0.7194356322288513,1,0.7194356322288513,0.21943563222885132,1
3700,recon_00006.tiff,54828,1,cnn2,2,0.19409015774726868,0.8059098720550537,1,0.8059098720550537,0.3059098422527313,1
3712,recon_00006.tiff,55012,1,cnn2,2,0.21650201082229614,0.7834979891777039,1,0.7834979891777039,0.28349798917770386,1
3713,recon_00006.tiff,55013,1,cnn2,2,0.08038101345300674,0.9196189641952515,1,0.9196189641952515,0.41961899399757385,1
3927,recon_00006.tiff,58290,1,cnn2,2,0.05586264654994011,0.9441373348236084,1,0.9441373348236084,0.4441373646259308,1
3983,recon_00006.tiff,59105,1,cnn2,2,0.308613121509552,0.691386878490448,1,0.691386878490448,0.191386878490448,1
5362,recon_00006.tiff,83700,1,cnn2,2,0.09071800112724304,0.9092819690704346,1,0.9092819690704346,0.40928199887275696,1
5829,recon_00006.tiff,91756,2,cnn2,2,0.148090198636055,0.8519098162651062,1,0.8519098162651062,0.3519098162651062,0
6040,recon_00006.tiff,95924,1,cnn2,2,0.028675470501184464,0.9713245034217834,1,0.9713245034217834,0.47132453322410583,1
6104,recon_00006.tiff,97777,1,cnn2,2,0.038538847118616104,0.9614611268043518,1,0.9614611268043518,0.4614611566066742,1
6324,recon_00006.tiff,103918,1,cnn2,2,0.002245336538180709,0.997754693031311,1,0.997754693031311,0.49775466322898865,1
6414,recon_00006.tiff,106017,1,cnn2,2,0.573981523513794,0.42601847648620605,2,0.573981523513794,0.07398152351379395,0
6531,recon_00006.tiff,108437,2,cnn2,2,0.9119089245796204,0.08809107542037964,2,0.9119089245796204,0.41190892457962036,1
6544,recon_00006.tiff,108577,1,cnn2,2,0.6434289216995239,0.3565710783004761,2,0.6434289216995239,0.14342892169952393,0
6556,recon_00006.tiff,108812,2,cnn2,2,0.8433223962783813,0.15667760372161865,2,0.8433223962783813,0.34332239627838135,1
6604,recon_00006.tiff,109517,2,cnn2,2,0.8254684805870056,0.17453151941299438,2,0.8254684805870056,0.3254684805870056,1
6652,recon_00006.tiff,110346,2,cnn2,2,0.9297387599945068,0.07026124000549316,2,0.9297387599945068,0.42973875999450684,1
6674,recon_00006.tiff,110690,2,cnn2,2,0.7874104380607605,0.2125895619392395,2,0.7874104380607605,0.2874104380607605,1
6676,recon_00006.tiff,110693,1,cnn2,2,0.17345090210437775,0.8265491127967834,1,0.8265491127967834,0.32654911279678345,1
6684,recon_00006.tiff,110799,2,cnn2,2,0.8744085431098938,0.1255914568901062,2,0.8744085431098938,0.3744085431098938,1
6698,recon_00006.tiff,111000,2,cnn2,2,0.8244800567626953,0.1755199432373047,2,0.8244800567626953,0.3244800567626953,1
6705,recon_00006.tiff,111141,2,cnn2,2,0.8195853233337402,0.18041467666625977,2,0.8195853233337402,0.31958532333374023,1
6732,recon_00006.tiff,111632,2,cnn2,2,0.6268141865730286,0.37318581342697144,2,0.6268141865730286,0.12681418657302856,1
6776,recon_00006.tiff,112396,2,cnn2,2,0.7455262541770935,0.2544737458229065,2,0.7455262541770935,0.2455262541770935,1
6861,recon_00006.tiff,113480,2,cnn2,2,0.6386420726776123,0.3613579273223877,2,0.6386420726776123,0.1386420726776123,1
6964,recon_00006.tiff,115174,1,cnn2,2,0.5052915811538696,0.49470841884613037,2,0.5052915811538696,0.005291581153869629,0
7019,recon_00006.tiff,116615,1,cnn2,2,0.03826262056827545,0.9617373943328857,1,0.9617373943328857,0.46173739433288574,1
7020,recon_00006.tiff,116616,1,cnn2,2,0.05552973970770836,0.9444702863693237,1,0.9444702863693237,0.44447025656700134,1
7051,recon_00006.tiff,117078,1,cnn2,2,0.009796307422220707,0.9902036786079407,1,0.9902036786079407,0.4902036786079407,1
7145,recon_00006.tiff,119128,1,cnn2,2,0.39322495460510254,0.6067750453948975,1,0.6067750453948975,0.10677504539489746,1
7185,recon_00006.tiff,119902,1,cnn2,2,0.4315974712371826,0.5684025287628174,1,0.5684025287628174,0.06840252876281738,1
7219,recon_00006.tiff,120754,1,cnn2,2,0.4507652223110199,0.5492347478866577,1,0.5492347478866577,0.0492347776889801,1
7220,recon_00006.tiff,120755,1,cnn2,2,0.35662931203842163,0.6433706879615784,1,0.6433706879615784,0.14337068796157837,1
7225,recon_00006.tiff,120885,1,cnn2,2,0.4325193762779236,0.5674806237220764,1,0.5674806237220764,0.06748062372207642,1
7229,recon_00006.tiff,120996,1,cnn2,2,0.33463254570961,0.6653674840927124,1,0.6653674840927124,0.16536745429039001,1
7361,recon_00006.tiff,125956,2,cnn2,2,0.8800534605979919,0.11994653940200806,2,0.8800534605979919,0.38005346059799194,1
7397,recon_00006.tiff,127251,2,cnn2,2,0.8971149325370789,0.10288506746292114,2,0.8971149325370789,0.39711493253707886,1
7411,recon_00006.tiff,127712,1,cnn2,2,0.29628315567970276,0.7037168741226196,1,0.7037168741226196,0.20371684432029724,1
7417,recon_00006.tiff,127935,2,cnn2,2,0.7728983759880066,0.2271016240119934,2,0.7728983759880066,0.2728983759880066,1
7444,recon_00006.tiff,128877,1,cnn2,2,0.2831745147705078,0.7168254852294922,1,0.7168254852294922,0.2168254852294922,1
8353,recon_00006.tiff,151638,2,cnn2,2,0.8782352209091187,0.12176477909088135,2,0.8782352209091187,0.37823522090911865,1
8401,recon_00006.tiff,153152,2,cnn2,2,0.8024477362632751,0.19755226373672485,2,0.8024477362632751,0.30244773626327515,1
8538,recon_00006.tiff,156602,2,cnn2,2,0.842988908290863,0.15701109170913696,2,0.842988908290863,0.34298890829086304,1
8574,recon_00006.tiff,157529,2,cnn2,2,0.813915491104126,0.18608450889587402,2,0.813915491104126,0.313915491104126,1
8738,recon_00006.tiff,161489,2,cnn2,2,0.9095495343208313,0.0904504656791687,2,0.9095495343208313,0.4095495343208313,1
8771,recon_00006.tiff,162422,2,cnn2,2,0.8118861317634583,0.18811386823654175,2,0.8118861317634583,0.31188613176345825,1
8826,recon_00006.tiff,164170,2,cnn2,2,0.8469074964523315,0.15309250354766846,2,0.8469074964523315,0.34690749645233154,1
8925,recon_00006.tiff,166362,2,cnn2,2,0.9000543355941772,0.09994566440582275,2,0.9000543355941772,0.40005433559417725,1
8926,recon_00006.tiff,166363,2,cnn2,2,0.9236117601394653,0.07638823986053467,2,0.9236117601394653,0.42361176013946533,1
13402,recon_00006.tiff,263579,1,cnn2,2,0.7481008768081665,0.2518991231918335,2,0.7481008768081665,0.2481008768081665,0
13425,recon_00006.tiff,264079,1,cnn2,2,0.8458383679389954,0.15416163206100464,2,0.8458383679389954,0.34583836793899536,0
13557,recon_00006.tiff,265931,1,cnn2,2,0.2587774991989136,0.7412225008010864,1,0.7412225008010864,0.24122250080108643,1
13564,recon_00006.tiff,266001,1,cnn2,2,0.2731544077396393,0.7268456220626831,1,0.7268456220626831,0.22684559226036072,1
13627,recon_00006.tiff,266901,2,cnn2,2,0.6319939494132996,0.36800605058670044,2,0.6319939494132996,0.13199394941329956,1
13709,recon_00006.tiff,268275,1,cnn2,2,0.3463945984840393,0.6536054015159607,1,0.6536054015159607,0.1536054015159607,1
13714,recon_00006.tiff,268340,2,cnn2,2,0.8374634981155396,0.16253650188446045,2,0.8374634981155396,0.33746349811553955,1
13715,recon_00006.tiff,268406,1,cnn2,2,0.2729577422142029,0.7270422577857971,1,0.7270422577857971,0.22704225778579712,1
13732,recon_00006.tiff,268730,1,cnn2,2,0.3250865638256073,0.6749134063720703,1,0.6749134063720703,0.1749134361743927,1
13767,recon_00006.tiff,269258,1,cnn2,2,0.2720679044723511,0.7279320955276489,1,0.7279320955276489,0.22793209552764893,1
13781,recon_00006.tiff,269422,2,cnn2,2,0.8827542662620544,0.11724573373794556,2,0.8827542662620544,0.38275426626205444,1
13809,recon_00006.tiff,269729,2,cnn2,2,0.8411004543304443,0.15889954566955566,2,0.8411004543304443,0.34110045433044434,1
13839,recon_00006.tiff,270181,2,cnn2,2,0.8604181408882141,0.1395818591117859,2,0.8604181408882141,0.3604181408882141,1
13854,recon_00006.tiff,270459,1,cnn2,2,0.2489599585533142,0.7510400414466858,1,0.7510400414466858,0.2510400414466858,1
13882,recon_00006.tiff,271151,2,cnn2,2,0.8250535130500793,0.17494648694992065,2,0.8250535130500793,0.32505351305007935,1
13887,recon_00006.tiff,271237,2,cnn2,2,0.7740161418914795,0.2259838581085205,2,0.7740161418914795,0.2740161418914795,1
14313,recon_00006.tiff,279465,1,cnn2,2,0.2808699607849121,0.7191300392150879,1,0.7191300392150879,0.2191300392150879,1
14323,recon_00006.tiff,285129,1,cnn2,2,0.26909855008125305,0.7309014797210693,1,0.7309014797210693,0.23090144991874695,1
8,recon_00006.tiff,2649,1,cnn3,2,0.25575900077819824,0.7442409992218018,1,0.7442409992218018,0.24424099922180176,1
968,recon_00006.tiff,17822,1,cnn3,2,0.2186695635318756,0.7813304662704468,1,0.7813304662704468,0.2813304364681244,1
3694,recon_00006.tiff,54723,1,cnn3,2,0.2249249815940857,0.7750750184059143,1,0.7750750184059143,0.2750750184059143,1
3700,recon_00006.tiff,54828,1,cnn3,2,0.1472965031862259,0.8527035117149353,1,0.8527035117149353,0.3527035117149353,1
3712,recon_00006.tiff,55012,1,cnn3,2,0.13351444900035858,0.8664855360984802,1,0.8664855360984802,0.3664855360984802,1
3713,recon_00006.tiff,55013,1,cnn3,2,0.06658049672842026,0.9334195256233215,1,0.9334195256233215,0.43341949582099915,1
3927,recon_00006.tiff,58290,1,cnn3,2,0.05226381495594978,0.9477362036705017,1,0.9477362036705017,0.4477361738681793,1
3983,recon_00006.tiff,59105,1,cnn3,2,0.1794731616973877,0.8205268383026123,1,0.8205268383026123,0.3205268383026123,1
5362,recon_00006.tiff,83700,1,cnn3,2,0.009277028031647205,0.9907229542732239,1,0.9907229542732239,0.49072298407554626,1
5829,recon_00006.tiff,91756,2,cnn3,2,0.007492790464311838,0.9925072193145752,1,0.9925072193145752,0.4925072193145752,0
6040,recon_00006.tiff,95924,1,cnn3,2,0.01694306917488575,0.983056902885437,1,0.983056902885437,0.4830569326877594,1
6104,recon_00006.tiff,97777,1,cnn3,2,0.516510009765625,0.483489990234375,2,0.516510009765625,0.016510009765625,0
6324,recon_00006.tiff,103918,1,cnn3,2,0.00042135431431233883,0.9995786547660828,1,0.9995786547660828,0.49957865476608276,1
6414,recon_00006.tiff,106017,1,cnn3,2,0.6154914498329163,0.38450855016708374,2,0.6154914498329163,0.11549144983291626,0
6531,recon_00006.tiff,108437,2,cnn3,2,0.9949336647987366,0.005066335201263428,2,0.9949336647987366,0.4949336647987366,1
6544,recon_00006.tiff,108577,1,cnn3,2,0.7061811089515686,0.2938188910484314,2,0.7061811089515686,0.2061811089515686,0
6556,recon_00006.tiff,108812,2,cnn3,2,0.993843674659729,0.006156325340270996,2,0.993843674659729,0.493843674659729,1
6604,recon_00006.tiff,109517,2,cnn3,2,0.9905321598052979,0.009467840194702148,2,0.9905321598052979,0.49053215980529785,1
6652,recon_00006.tiff,110346,2,cnn3,2,0.998734176158905,0.0012658238410949707,2,0.998734176158905,0.49873417615890503,1
6674,recon_00006.tiff,110690,2,cnn3,2,0.9243125915527344,0.07568740844726562,2,0.9243125915527344,0.4243125915527344,1
6676,recon_00006.tiff,110693,1,cnn3,2,0.035048749297857285,0.9649512767791748,1,0.9649512767791748,0.4649512469768524,1
6684,recon_00006.tiff,110799,2,cnn3,2,0.9947446584701538,0.005255341529846191,2,0.9947446584701538,0.4947446584701538,1
6698,recon_00006.tiff,111000,2,cnn3,2,0.9724382162094116,0.02756178379058838,2,0.9724382162094116,0.4724382162094116,1
6705,recon_00006.tiff,111141,2,cnn3,2,0.9882345199584961,0.011765480041503906,2,0.9882345199584961,0.4882345199584961,1
6732,recon_00006.tiff,111632,2,cnn3,2,0.8471884727478027,0.15281152725219727,2,0.8471884727478027,0.34718847274780273,1
6776,recon_00006.tiff,112396,2,cnn3,2,0.9444891810417175,0.05551081895828247,2,0.9444891810417175,0.44448918104171753,1
6861,recon_00006.tiff,113480,2,cnn3,2,0.9314777255058289,0.06852227449417114,2,0.9314777255058289,0.43147772550582886,1
6964,recon_00006.tiff,115174,1,cnn3,2,0.35056552290916443,0.6494344472885132,1,0.6494344472885132,0.14943447709083557,1
7019,recon_00006.tiff,116615,1,cnn3,2,0.06367263197898865,0.936327338218689,1,0.936327338218689,0.43632736802101135,1
7020,recon_00006.tiff,116616,1,cnn3,2,0.08257823437452316,0.9174217581748962,1,0.9174217581748962,0.41742175817489624,1
7051,recon_00006.tiff,117078,1,cnn3,2,0.0024071738589555025,0.9975928068161011,1,0.9975928068161011,0.49759283661842346,1
7145,recon_00006.tiff,119128,1,cnn3,2,0.15813635289669037,0.8418636322021484,1,0.8418636322021484,0.34186363220214844,1
7185,recon_00006.tiff,119902,1,cnn3,2,0.23590359091758728,0.7640963792800903,1,0.7640963792800903,0.2640964090824127,1
7219,recon_00006.tiff,120754,1,cnn3,2,0.22778525948524475,0.7722147703170776,1,0.7722147703170776,0.27221474051475525,1
7220,recon_00006.tiff,120755,1,cnn3,2,0.18464159965515137,0.8153584003448486,1,0.8153584003448486,0.31535840034484863,1
7225,recon_00006.tiff,120885,1,cnn3,2,0.27347320318222046,0.7265267968177795,1,0.7265267968177795,0.22652679681777954,1
7229,recon_00006.tiff,120996,1,cnn3,2,0.1934947371482849,0.8065052628517151,1,0.8065052628517151,0.3065052628517151,1
7361,recon_00006.tiff,125956,2,cnn3,2,0.9972489476203918,0.0027510523796081543,2,0.9972489476203918,0.49724894762039185,1
7397,recon_00006.tiff,127251,2,cnn3,2,0.997139573097229,0.002860426902770996,2,0.997139573097229,0.497139573097229,1
7411,recon_00006.tiff,127712,1,cnn3,2,0.17448653280735016,0.825513482093811,1,0.825513482093811,0.32551348209381104,1
7417,recon_00006.tiff,127935,2,cnn3,2,0.9786710143089294,0.021328985691070557,2,0.9786710143089294,0.47867101430892944,1
7444,recon_00006.tiff,128877,1,cnn3,2,0.15065479278564453,0.8493452072143555,1,0.8493452072143555,0.34934520721435547,1
8353,recon_00006.tiff,151638,2,cnn3,2,0.9955768585205078,0.0044231414794921875,2,0.9955768585205078,0.4955768585205078,1
8401,recon_00006.tiff,153152,2,cnn3,2,0.9933470487594604,0.006652951240539551,2,0.9933470487594604,0.49334704875946045,1
8538,recon_00006.tiff,156602,2,cnn3,2,0.9954696893692017,0.00453031063079834,2,0.9954696893692017,0.49546968936920166,1
8574,recon_00006.tiff,157529,2,cnn3,2,0.9917077422142029,0.00829225778579712,2,0.9917077422142029,0.4917077422142029,1
8738,recon_00006.tiff,161489,2,cnn3,2,0.9961113333702087,0.0038886666297912598,2,0.9961113333702087,0.49611133337020874,1
8771,recon_00006.tiff,162422,2,cnn3,2,0.9809918999671936,0.019008100032806396,2,0.9809918999671936,0.4809918999671936,1
8826,recon_00006.tiff,164170,2,cnn3,2,0.9743130207061768,0.025686979293823242,2,0.9743130207061768,0.47431302070617676,1
8925,recon_00006.tiff,166362,2,cnn3,2,0.9871277809143066,0.01287221908569336,2,0.9871277809143066,0.48712778091430664,1
8926,recon_00006.tiff,166363,2,cnn3,2,0.9954068660736084,0.0045931339263916016,2,0.9954068660736084,0.4954068660736084,1
13402,recon_00006.tiff,263579,1,cnn3,2,0.9060907363891602,0.09390926361083984,2,0.9060907363891602,0.40609073638916016,0
13425,recon_00006.tiff,264079,1,cnn3,2,0.9689467549324036,0.031053245067596436,2,0.9689467549324036,0.46894675493240356,0
13557,recon_00006.tiff,265931,1,cnn3,2,0.04462416097521782,0.9553758502006531,1,0.9553758502006531,0.4553758502006531,1
13564,recon_00006.tiff,266001,1,cnn3,2,0.07608073204755783,0.9239192605018616,1,0.9239192605018616,0.4239192605018616,1
13627,recon_00006.tiff,266901,2,cnn3,2,0.7104949951171875,0.2895050048828125,2,0.7104949951171875,0.2104949951171875,1
13709,recon_00006.tiff,268275,1,cnn3,2,0.12150872498750687,0.8784912824630737,1,0.8784912824630737,0.37849128246307373,1
13714,recon_00006.tiff,268340,2,cnn3,2,0.9918732047080994,0.008126795291900635,2,0.9918732047080994,0.49187320470809937,1
13715,recon_00006.tiff,268406,1,cnn3,2,0.07948243618011475,0.9205175638198853,1,0.9205175638198853,0.42051756381988525,1
13732,recon_00006.tiff,268730,1,cnn3,2,0.06772617995738983,0.932273805141449,1,0.932273805141449,0.432273805141449,1
13767,recon_00006.tiff,269258,1,cnn3,2,0.16288328170776367,0.8371167182922363,1,0.8371167182922363,0.33711671829223633,1
13781,recon_00006.tiff,269422,2,cnn3,2,0.9955867528915405,0.004413247108459473,2,0.9955867528915405,0.4955867528915405,1
13809,recon_00006.tiff,269729,2,cnn3,2,0.993334174156189,0.006665825843811035,2,0.993334174156189,0.49333417415618896,1
13839,recon_00006.tiff,270181,2,cnn3,2,0.991428792476654,0.008571207523345947,2,0.991428792476654,0.49142879247665405,1
13854,recon_00006.tiff,270459,1,cnn3,2,0.1306203305721283,0.8693796396255493,1,0.8693796396255493,0.3693796694278717,1
13882,recon_00006.tiff,271151,2,cnn3,2,0.9912925362586975,0.00870746374130249,2,0.9912925362586975,0.4912925362586975,1
13887,recon_00006.tiff,271237,2,cnn3,2,0.9701480269432068,0.029851973056793213,2,0.9701480269432068,0.4701480269432068,1
14313,recon_00006.tiff,279465,1,cnn3,2,0.1273365318775177,0.8726634979248047,1,0.8726634979248047,0.3726634681224823,1
14323,recon_00006.tiff,285129,1,cnn3,2,0.11024176329374313,0.8897582292556763,1,0.8897582292556763,0.38975822925567627,1
71,recon_00006.tiff,11169,1,random_forest,3,0.005333333333333333,0.9946666666666667,1,0.9946666666666667,0.49466666666666664,1
3652,recon_00006.tiff,54189,1,random_forest,3,0.001,0.999,1,0.999,0.499,1
4056,recon_00006.tiff,60007,1,random_forest,3,0.0,1.0,1,1.0,0.5,1
5128,recon_00006.tiff,79680,1,random_forest,3,0.08987619047619046,0.9101238095238096,1,0.9101238095238096,0.41012380952380956,1
5140,recon_00006.tiff,79911,1,random_forest,3,0.0325,0.9675,1,0.9675,0.4675,1
5948,recon_00006.tiff,94126,1,random_forest,3,0.0115,0.9885,1,0.9885,0.4885,1
6033,recon_00006.tiff,95806,1,random_forest,3,0.009023809523809524,0.9909761904761905,1,0.9909761904761905,0.49097619047619045,1
6049,recon_00006.tiff,96165,1,random_forest,3,0.014857142857142857,0.9851428571428571,1,0.9851428571428571,0.48514285714285715,1
6394,recon_00006.tiff,105516,2,random_forest,3,0.9915238095238095,0.008476190476190526,2,0.9915238095238095,0.4915238095238095,1
6401,recon_00006.tiff,105757,2,random_forest,3,0.9397333333333334,0.06026666666666658,2,0.9397333333333334,0.4397333333333334,1
6415,recon_00006.tiff,106115,2,random_forest,3,0.9182666666666666,0.08173333333333344,2,0.9182666666666666,0.41826666666666656,1
6439,recon_00006.tiff,106601,1,random_forest,3,0.008,0.992,1,0.992,0.492,1
6466,recon_00006.tiff,107427,1,random_forest,3,0.16486190476190474,0.8351380952380952,1,0.8351380952380952,0.33513809523809523,1
6487,recon_00006.tiff,107878,2,random_forest,3,0.9623333333333333,0.03766666666666674,2,0.9623333333333333,0.46233333333333326,1
6630,recon_00006.tiff,110023,2,random_forest,3,0.9976666666666667,0.0023333333333332984,2,0.9976666666666667,0.4976666666666667,1
6635,recon_00006.tiff,110120,1,random_forest,3,0.023566666666666666,0.9764333333333334,1,0.9764333333333334,0.4764333333333333,1
6643,recon_00006.tiff,110224,2,random_forest,3,0.7927571428571429,0.20724285714285706,2,0.7927571428571429,0.29275714285714294,1
6663,recon_00006.tiff,110550,1,random_forest,3,0.35648571428571435,0.6435142857142857,1,0.6435142857142857,0.14351428571428565,1
6685,recon_00006.tiff,110800,2,random_forest,3,1.0,0.0,2,1.0,0.5,1
6686,recon_00006.tiff,110801,1,random_forest,3,0.001,0.999,1,0.999,0.499,1
6703,recon_00006.tiff,111138,1,random_forest,3,0.0,1.0,1,1.0,0.5,1
6710,recon_00006.tiff,111248,2,random_forest,3,0.996,0.0040000000000000036,2,0.996,0.496,1
6714,recon_00006.tiff,111268,1,random_forest,3,0.0,1.0,1,1.0,0.5,1
6770,recon_00006.tiff,112302,1,random_forest,3,0.003333333333333333,0.9966666666666667,1,0.9966666666666667,0.49666666666666665,1
6783,recon_00006.tiff,112502,2,random_forest,3,0.9458333333333333,0.054166666666666696,2,0.9458333333333333,0.4458333333333333,1
6873,recon_00006.tiff,113602,2,random_forest,3,0.9329571428571428,0.06704285714285718,2,0.9329571428571428,0.4329571428571428,1
6986,recon_00006.tiff,115630,2,random_forest,3,0.04209999999999999,0.9579,1,0.9579,0.45790000000000003,0
6997,recon_00006.tiff,115872,1,random_forest,3,0.002,0.998,1,0.998,0.498,1
7022,recon_00006.tiff,116618,1,random_forest,3,0.02169047619047619,0.9783095238095239,1,0.9783095238095239,0.4783095238095238,1
7057,recon_00006.tiff,117179,2,random_forest,3,0.9090333333333332,0.09096666666666675,2,0.9090333333333332,0.40903333333333325,1
7082,recon_00006.tiff,117750,2,random_forest,3,0.9453333333333334,0.05466666666666664,2,0.9453333333333334,0.44533333333333336,1
7136,recon_00006.tiff,119002,1,random_forest,3,0.0,1.0,1,1.0,0.5,1
7143,recon_00006.tiff,119126,1,random_forest,3,0.0,1.0,1,1.0,0.5,1
7144,recon_00006.tiff,119127,1,random_forest,3,0.0,1.0,1,1.0,0.5,1
7150,recon_00006.tiff,119228,1,random_forest,3,0.0,1.0,1,1.0,0.5,1
7161,recon_00006.tiff,119452,1,random_forest,3,0.0194,0.9806,1,0.9806,0.4806,1
7190,recon_00006.tiff,120019,1,random_forest,3,0.0,1.0,1,1.0,0.5,1
7396,recon_00006.tiff,127250,1,random_forest,3,0.006166666666666666,0.9938333333333333,1,0.9938333333333333,0.49383333333333335,1
7427,recon_00006.tiff,128417,2,random_forest,3,1.0,0.0,2,1.0,0.5,1
7445,recon_00006.tiff,128878,2,random_forest,3,0.999,0.0010000000000000009,2,0.999,0.499,1
7449,recon_00006.tiff,129007,1,random_forest,3,0.004666666666666666,0.9953333333333333,1,0.9953333333333333,0.49533333333333335,1
7484,recon_00006.tiff,130164,1,random_forest,3,0.005933333333333334,0.9940666666666667,1,0.9940666666666667,0.49406666666666665,1
7493,recon_00006.tiff,130507,1,random_forest,3,0.006,0.994,1,0.994,0.494,1
7507,recon_00006.tiff,130871,2,random_forest,3,1.0,0.0,2,1.0,0.5,1
7516,recon_00006.tiff,130990,1,random_forest,3,0.004833333333333333,0.9951666666666666,1,0.9951666666666666,0.49516666666666664,1
7551,recon_00006.tiff,132032,2,random_forest,3,1.0,0.0,2,1.0,0.5,1
7554,recon_00006.tiff,132141,2,random_forest,3,1.0,0.0,2,1.0,0.5,1
7571,recon_00006.tiff,132671,1,random_forest,3,0.003,0.997,1,0.997,0.497,1
8780,recon_00006.tiff,162864,2,random_forest,3,0.998,0.0020000000000000018,2,0.998,0.498,1
8862,recon_00006.tiff,164863,2,random_forest,3,0.22747142857142863,0.7725285714285713,1,0.7725285714285713,0.27252857142857134,0
8923,recon_00006.tiff,166359,2,random_forest,3,1.0,0.0,2,1.0,0.5,1
10196,recon_00006.tiff,196623,2,random_forest,3,0.8945333333333334,0.1054666666666666,2,0.8945333333333334,0.3945333333333334,1
13540,recon_00006.tiff,265762,2,random_forest,3,0.7049571428571428,0.29504285714285716,2,0.7049571428571428,0.20495714285714284,1
13565,recon_00006.tiff,266002,2,random_forest,3,0.8943380952380956,0.1056619047619044,2,0.8943380952380956,0.3943380952380956,1
13593,recon_00006.tiff,266450,1,random_forest,3,0.022523809523809522,0.9774761904761905,1,0.9774761904761905,0.4774761904761905,1
13701,recon_00006.tiff,268062,2,random_forest,3,1.0,0.0,2,1.0,0.5,1
13702,recon_00006.tiff,268134,2,random_forest,3,0.9926666666666666,0.007333333333333414,2,0.9926666666666666,0.4926666666666666,1
13710,recon_00006.tiff,268276,2,random_forest,3,0.9986666666666666,0.0013333333333334085,2,0.9986666666666666,0.4986666666666666,1
13746,recon_00006.tiff,268954,1,random_forest,3,0.0039,0.9961,1,0.9961,0.4961,1
13768,recon_00006.tiff,269259,2,random_forest,3,1.0,0.0,2,1.0,0.5,1
13798,recon_00006.tiff,269566,2,random_forest,3,1.0,0.0,2,1.0,0.5,1
13838,recon_00006.tiff,270180,2,random_forest,3,0.999,0.0010000000000000009,2,0.999,0.499,1
13859,recon_00006.tiff,270536,2,random_forest,3,1.0,0.0,2,1.0,0.5,1
13874,recon_00006.tiff,270798,1,random_forest,3,0.0229,0.9771,1,0.9771,0.4771,1
13878,recon_00006.tiff,271020,1,random_forest,3,0.008333333333333331,0.9916666666666667,1,0.9916666666666667,0.4916666666666667,1
13898,recon_00006.tiff,271590,1,random_forest,3,0.0070999999999999995,0.9929,1,0.9929,0.4929,1
14325,recon_00006.tiff,288151,1,random_forest,3,0.24107619047619044,0.7589238095238096,1,0.7589238095238096,0.25892380952380956,1
14329,recon_00006.tiff,289869,1,random_forest,3,0.0446,0.9554,1,0.9554,0.4554,1
14335,recon_00006.tiff,289963,1,random_forest,3,0.046799999999999994,0.9532,1,0.9532,0.4532,1
71,recon_00006.tiff,11169,1,dense_fc,3,0.4843107759952545,0.5156892538070679,1,0.5156892538070679,0.015689224004745483,1
3652,recon_00006.tiff,54189,1,dense_fc,3,0.3650372624397278,0.6349627375602722,1,0.6349627375602722,0.13496273756027222,1
4056,recon_00006.tiff,60007,1,dense_fc,3,0.36324554681777954,0.6367544531822205,1,0.6367544531822205,0.13675445318222046,1
5128,recon_00006.tiff,79680,1,dense_fc,3,0.39186567068099976,0.6081343293190002,1,0.6081343293190002,0.10813432931900024,1
5140,recon_00006.tiff,79911,1,dense_fc,3,0.33862608671188354,0.6613739132881165,1,0.6613739132881165,0.16137391328811646,1
5948,recon_00006.tiff,94126,1,dense_fc,3,0.29360857605934143,0.706391453742981,1,0.706391453742981,0.20639142394065857,1
6033,recon_00006.tiff,95806,1,dense_fc,3,0.2540634572505951,0.7459365129470825,1,0.7459365129470825,0.2459365427494049,1
6049,recon_00006.tiff,96165,1,dense_fc,3,0.3132402002811432,0.6867598295211792,1,0.6867598295211792,0.1867597997188568,1
6394,recon_00006.tiff,105516,2,dense_fc,3,0.6201858520507812,0.37981414794921875,2,0.6201858520507812,0.12018585205078125,1
6401,recon_00006.tiff,105757,2,dense_fc,3,0.5699982047080994,0.43000179529190063,2,0.5699982047080994,0.06999820470809937,1
6415,recon_00006.tiff,106115,2,dense_fc,3,0.6033702492713928,0.3966297507286072,2,0.6033702492713928,0.10337024927139282,1
6439,recon_00006.tiff,106601,1,dense_fc,3,0.40221288800239563,0.5977871417999268,1,0.5977871417999268,0.09778711199760437,1
6466,recon_00006.tiff,107427,1,dense_fc,3,0.4890945851802826,0.510905385017395,1,0.510905385017395,0.010905414819717407,1
6487,recon_00006.tiff,107878,2,dense_fc,3,0.5883274674415588,0.41167253255844116,2,0.5883274674415588,0.08832746744155884,1
6630,recon_00006.tiff,110023,2,dense_fc,3,0.6045629382133484,0.3954370617866516,2,0.6045629382133484,0.10456293821334839,1
6635,recon_00006.tiff,110120,1,dense_fc,3,0.4233154356479645,0.5766845941543579,1,0.5766845941543579,0.07668456435203552,1
6643,recon_00006.tiff,110224,2,dense_fc,3,0.5708695650100708,0.4291304349899292,2,0.5708695650100708,0.0708695650100708,1
6663,recon_00006.tiff,110550,1,dense_fc,3,0.5259155035018921,0.4740844964981079,2,0.5259155035018921,0.02591550350189209,0
6685,recon_00006.tiff,110800,2,dense_fc,3,0.6278451681137085,0.3721548318862915,2,0.6278451681137085,0.1278451681137085,1
6686,recon_00006.tiff,110801,1,dense_fc,3,0.35923898220062256,0.6407610177993774,1,0.6407610177993774,0.14076101779937744,1
6703,recon_00006.tiff,111138,1,dense_fc,3,0.3531128764152527,0.6468871235847473,1,0.6468871235847473,0.14688712358474731,1
6710,recon_00006.tiff,111248,2,dense_fc,3,0.583398699760437,0.416601300239563,2,0.583398699760437,0.08339869976043701,1
6714,recon_00006.tiff,111268,1,dense_fc,3,0.3654423654079437,0.6345576047897339,1,0.6345576047897339,0.13455763459205627,1
6770,recon_00006.tiff,112302,1,dense_fc,3,0.3260425925254822,0.6739574074745178,1,0.6739574074745178,0.17395740747451782,1
6783,recon_00006.tiff,112502,2,dense_fc,3,0.5148637890815735,0.4851362109184265,2,0.5148637890815735,0.014863789081573486,1
6873,recon_00006.tiff,113602,2,dense_fc,3,0.5455418825149536,0.4544581174850464,2,0.5455418825149536,0.04554188251495361,1
6986,recon_00006.tiff,115630,2,dense_fc,3,0.4559900462627411,0.5440099239349365,1,0.5440099239349365,0.04400995373725891,0
6997,recon_00006.tiff,115872,1,dense_fc,3,0.365808367729187,0.634191632270813,1,0.634191632270813,0.134191632270813,1
7022,recon_00006.tiff,116618,1,dense_fc,3,0.3114049732685089,0.6885950565338135,1,0.6885950565338135,0.1885950267314911,1
7057,recon_00006.tiff,117179,2,dense_fc,3,0.5218611359596252,0.47813886404037476,2,0.5218611359596252,0.021861135959625244,1
7082,recon_00006.tiff,117750,2,dense_fc,3,0.4632844030857086,0.5367156267166138,1,0.5367156267166138,0.03671559691429138,0
7136,recon_00006.tiff,119002,1,dense_fc,3,0.4169175922870636,0.5830824375152588,1,0.5830824375152588,0.0830824077129364,1
7143,recon_00006.tiff,119126,1,dense_fc,3,0.41010403633117676,0.5898959636688232,1,0.5898959636688232,0.08989596366882324,1
7144,recon_00006.tiff,119127,1,dense_fc,3,0.40341463685035706,0.5965853929519653,1,0.5965853929519653,0.09658536314964294,1
7150,recon_00006.tiff,119228,1,dense_fc,3,0.4286671578884125,0.5713328123092651,1,0.5713328123092651,0.07133284211158752,1
7161,recon_00006.tiff,119452,1,dense_fc,3,0.37742599844932556,0.622573971748352,1,0.622573971748352,0.12257400155067444,1
7190,recon_00006.tiff,120019,1,dense_fc,3,0.42494744062423706,0.5750525593757629,1,0.5750525593757629,0.07505255937576294,1
7396,recon_00006.tiff,127250,1,dense_fc,3,0.44911494851112366,0.5508850812911987,1,0.5508850812911987,0.05088505148887634,1
7427,recon_00006.tiff,128417,2,dense_fc,3,0.6354333162307739,0.3645666837692261,2,0.6354333162307739,0.13543331623077393,1
7445,recon_00006.tiff,128878,2,dense_fc,3,0.6164369583129883,0.3835630416870117,2,0.6164369583129883,0.11643695831298828,1
7449,recon_00006.tiff,129007,1,dense_fc,3,0.4748729467391968,0.5251270532608032,1,0.5251270532608032,0.025127053260803223,1
7484,recon_00006.tiff,130164,1,dense_fc,3,0.45114511251449585,0.5488548874855042,1,0.5488548874855042,0.04885488748550415,1
7493,recon_00006.tiff,130507,1,dense_fc,3,0.4434269666671753,0.5565730333328247,1,0.5565730333328247,0.05657303333282471,1
7507,recon_00006.tiff,130871,2,dense_fc,3,0.6130139827728271,0.38698601722717285,2,0.6130139827728271,0.11301398277282715,1
7516,recon_00006.tiff,130990,1,dense_fc,3,0.467498779296875,0.532501220703125,1,0.532501220703125,0.032501220703125,1
7551,recon_00006.tiff,132032,2,dense_fc,3,0.6139248013496399,0.3860751986503601,2,0.6139248013496399,0.11392480134963989,1
7554,recon_00006.tiff,132141,2,dense_fc,3,0.6079654693603516,0.39203453063964844,2,0.6079654693603516,0.10796546936035156,1
7571,recon_00006.tiff,132671,1,dense_fc,3,0.4628322422504425,0.5371677875518799,1,0.5371677875518799,0.037167757749557495,1
8780,recon_00006.tiff,162864,2,dense_fc,3,0.6069033145904541,0.3930966854095459,2,0.6069033145904541,0.1069033145904541,1
8862,recon_00006.tiff,164863,2,dense_fc,3,0.5015800595283508,0.49841994047164917,2,0.5015800595283508,0.00158005952835083,1
8923,recon_00006.tiff,166359,2,dense_fc,3,0.6311875581741333,0.3688124418258667,2,0.6311875581741333,0.1311875581741333,1
10196,recon_00006.tiff,196623,2,dense_fc,3,0.5453807711601257,0.45461922883987427,2,0.5453807711601257,0.04538077116012573,1
13540,recon_00006.tiff,265762,2,dense_fc,3,0.472667932510376,0.527332067489624,1,0.527332067489624,0.027332067489624023,0
13565,recon_00006.tiff,266002,2,dense_fc,3,0.5717511773109436,0.4282488226890564,2,0.5717511773109436,0.0717511773109436,1
13593,recon_00006.tiff,266450,1,dense_fc,3,0.27579063177108765,0.7242093682289124,1,0.7242093682289124,0.22420936822891235,1
13701,recon_00006.tiff,268062,2,dense_fc,3,0.6002912521362305,0.39970874786376953,2,0.6002912521362305,0.10029125213623047,1
13702,recon_00006.tiff,268134,2,dense_fc,3,0.5968735814094543,0.40312641859054565,2,0.5968735814094543,0.09687358140945435,1
13710,recon_00006.tiff,268276,2,dense_fc,3,0.6407656669616699,0.3592343330383301,2,0.6407656669616699,0.14076566696166992,1
13746,recon_00006.tiff,268954,1,dense_fc,3,0.4683801829814911,0.5316197872161865,1,0.5316197872161865,0.03161981701850891,1
13768,recon_00006.tiff,269259,2,dense_fc,3,0.5942503809928894,0.4057496190071106,2,0.5942503809928894,0.0942503809928894,1
13798,recon_00006.tiff,269566,2,dense_fc,3,0.6005449891090393,0.3994550108909607,2,0.6005449891090393,0.1005449891090393,1
13838,recon_00006.tiff,270180,2,dense_fc,3,0.5783066153526306,0.4216933846473694,2,0.5783066153526306,0.07830661535263062,1
13859,recon_00006.tiff,270536,2,dense_fc,3,0.6288090348243713,0.37119096517562866,2,0.6288090348243713,0.12880903482437134,1
13874,recon_00006.tiff,270798,1,dense_fc,3,0.47544124722480774,0.5245587825775146,1,0.5245587825775146,0.02455875277519226,1
13878,recon_00006.tiff,271020,1,dense_fc,3,0.45918089151382446,0.5408191084861755,1,0.5408191084861755,0.04081910848617554,1
13898,recon_00006.tiff,271590,1,dense_fc,3,0.4364060163497925,0.5635939836502075,1,0.5635939836502075,0.06359398365020752,1
14325,recon_00006.tiff,288151,1,dense_fc,3,0.5013819932937622,0.4986180067062378,2,0.5013819932937622,0.001381993293762207,0
14329,recon_00006.tiff,289869,1,dense_fc,3,0.4905742108821869,0.5094257593154907,1,0.5094257593154907,0.00942578911781311,1
14335,recon_00006.tiff,289963,1,dense_fc,3,0.5274895429611206,0.4725104570388794,2,0.5274895429611206,0.027489542961120605,0
71,recon_00006.tiff,11169,1,cnn2,3,0.22532624006271362,0.7746737599372864,1,0.7746737599372864,0.2746737599372864,1
3652,recon_00006.tiff,54189,1,cnn2,3,0.18187952041625977,0.8181204795837402,1,0.8181204795837402,0.31812047958374023,1
4056,recon_00006.tiff,60007,1,cnn2,3,0.22541679441928864,0.7745832204818726,1,0.7745832204818726,0.27458322048187256,1
5128,recon_00006.tiff,79680,1,cnn2,3,0.10867907851934433,0.8913209438323975,1,0.8913209438323975,0.3913209140300751,1
5140,recon_00006.tiff,79911,1,cnn2,3,0.14083831012248993,0.8591616749763489,1,0.8591616749763489,0.3591616749763489,1
5948,recon_00006.tiff,94126,1,cnn2,3,0.01242203637957573,0.9875779747962952,1,0.9875779747962952,0.48757797479629517,1
6033,recon_00006.tiff,95806,1,cnn2,3,0.0012440591817721725,0.998755931854248,1,0.998755931854248,0.49875593185424805,1
6049,recon_00006.tiff,96165,1,cnn2,3,0.026911960914731026,0.9730880260467529,1,0.9730880260467529,0.47308802604675293,1
6394,recon_00006.tiff,105516,2,cnn2,3,0.8267191052436829,0.17328089475631714,2,0.8267191052436829,0.32671910524368286,1
6401,recon_00006.tiff,105757,2,cnn2,3,0.7139545679092407,0.2860454320907593,2,0.7139545679092407,0.21395456790924072,1
6415,recon_00006.tiff,106115,2,cnn2,3,0.7369740009307861,0.26302599906921387,2,0.7369740009307861,0.23697400093078613,1
6439,recon_00006.tiff,106601,1,cnn2,3,0.23313498497009277,0.7668650150299072,1,0.7668650150299072,0.2668650150299072,1
6466,recon_00006.tiff,107427,1,cnn2,3,0.484045147895813,0.515954852104187,1,0.515954852104187,0.01595485210418701,1
6487,recon_00006.tiff,107878,2,cnn2,3,0.8227910399436951,0.17720896005630493,2,0.8227910399436951,0.32279103994369507,1
6630,recon_00006.tiff,110023,2,cnn2,3,0.8057984113693237,0.19420158863067627,2,0.8057984113693237,0.30579841136932373,1
6635,recon_00006.tiff,110120,1,cnn2,3,0.3774920701980591,0.6225079298019409,1,0.6225079298019409,0.12250792980194092,1
6643,recon_00006.tiff,110224,2,cnn2,3,0.6332913041114807,0.3667086958885193,2,0.6332913041114807,0.1332913041114807,1
6663,recon_00006.tiff,110550,1,cnn2,3,0.447919100522995,0.5520808696746826,1,0.5520808696746826,0.052080899477005005,1
6685,recon_00006.tiff,110800,2,cnn2,3,0.7224787473678589,0.2775212526321411,2,0.7224787473678589,0.2224787473678589,1
6686,recon_00006.tiff,110801,1,cnn2,3,0.1527586132287979,0.8472414016723633,1,0.8472414016723633,0.3472414016723633,1
6703,recon_00006.tiff,111138,1,cnn2,3,0.180254727602005,0.8197453022003174,1,0.8197453022003174,0.319745272397995,1
6710,recon_00006.tiff,111248,2,cnn2,3,0.813832700252533,0.18616729974746704,2,0.813832700252533,0.31383270025253296,1
6714,recon_00006.tiff,111268,1,cnn2,3,0.20661665499210358,0.7933833599090576,1,0.7933833599090576,0.2933833599090576,1
6770,recon_00006.tiff,112302,1,cnn2,3,0.05064166337251663,0.949358344078064,1,0.949358344078064,0.44935834407806396,1
6783,recon_00006.tiff,112502,2,cnn2,3,0.5603872537612915,0.4396127462387085,2,0.5603872537612915,0.060387253761291504,1
6873,recon_00006.tiff,113602,2,cnn2,3,0.7450003027915955,0.25499969720840454,2,0.7450003027915955,0.24500030279159546,1
6986,recon_00006.tiff,115630,2,cnn2,3,0.35383737087249756,0.6461626291275024,1,0.6461626291275024,0.14616262912750244,0
6997,recon_00006.tiff,115872,1,cnn2,3,0.3296678960323334,0.6703320741653442,1,0.6703320741653442,0.17033210396766663,1
7022,recon_00006.tiff,116618,1,cnn2,3,0.02423051930963993,0.9757694602012634,1,0.9757694602012634,0.4757694900035858,1
7057,recon_00006.tiff,117179,2,cnn2,3,0.4815884530544281,0.5184115171432495,1,0.5184115171432495,0.0184115469455719,0
7082,recon_00006.tiff,117750,2,cnn2,3,0.5155081748962402,0.48449182510375977,2,0.5155081748962402,0.015508174896240234,1
7136,recon_00006.tiff,119002,1,cnn2,3,0.5034908652305603,0.4965091347694397,2,0.5034908652305603,0.0034908652305603027,0
7143,recon_00006.tiff,119126,1,cnn2,3,0.4734113812446594,0.5265886187553406,1,0.5265886187553406,0.026588618755340576,1
7144,recon_00006.tiff,119127,1,cnn2,3,0.5143989324569702,0.4856010675430298,2,0.5143989324569702,0.014398932456970215,0
7150,recon_00006.tiff,119228,1,cnn2,3,0.5317226648330688,0.46827733516693115,2,0.5317226648330688,0.03172266483306885,0
7161,recon_00006.tiff,119452,1,cnn2,3,0.06596646457910538,0.9340335130691528,1,0.9340335130691528,0.4340335428714752,1
7190,recon_00006.tiff,120019,1,cnn2,3,0.37643542885780334,0.623564600944519,1,0.623564600944519,0.12356457114219666,1
7396,recon_00006.tiff,127250,1,cnn2,3,0.3391944169998169,0.6608055830001831,1,0.6608055830001831,0.1608055830001831,1
7427,recon_00006.tiff,128417,2,cnn2,3,0.691922128200531,0.308077871799469,2,0.691922128200531,0.191922128200531,1
7445,recon_00006.tiff,128878,2,cnn2,3,0.7279107570648193,0.27208924293518066,2,0.7279107570648193,0.22791075706481934,1
7449,recon_00006.tiff,129007,1,cnn2,3,0.24036797881126404,0.7596319913864136,1,0.7596319913864136,0.25963202118873596,1
7484,recon_00006.tiff,130164,1,cnn2,3,0.27087175846099854,0.7291282415390015,1,0.7291282415390015,0.22912824153900146,1
7493,recon_00006.tiff,130507,1,cnn2,3,0.36547812819480896,0.6345218420028687,1,0.6345218420028687,0.13452187180519104,1
7507,recon_00006.tiff,130871,2,cnn2,3,0.6546271443367004,0.34537285566329956,2,0.6546271443367004,0.15462714433670044,1
7516,recon_00006.tiff,130990,1,cnn2,3,0.28633737564086914,0.7136626243591309,1,0.7136626243591309,0.21366262435913086,1
7551,recon_00006.tiff,132032,2,cnn2,3,0.7253606915473938,0.2746393084526062,2,0.7253606915473938,0.2253606915473938,1
7554,recon_00006.tiff,132141,2,cnn2,3,0.7474114894866943,0.25258851051330566,2,0.7474114894866943,0.24741148948669434,1
7571,recon_00006.tiff,132671,1,cnn2,3,0.29223063588142395,0.7077693939208984,1,0.7077693939208984,0.20776936411857605,1
8780,recon_00006.tiff,162864,2,cnn2,3,0.7684312462806702,0.23156875371932983,2,0.7684312462806702,0.26843124628067017,1
8862,recon_00006.tiff,164863,2,cnn2,3,0.493642657995224,0.5063573122024536,1,0.5063573122024536,0.006357342004776001,0
8923,recon_00006.tiff,166359,2,cnn2,3,0.7821146845817566,0.2178853154182434,2,0.7821146845817566,0.2821146845817566,1
10196,recon_00006.tiff,196623,2,cnn2,3,0.4146234095096588,0.5853766202926636,1,0.5853766202926636,0.08537659049034119,0
13540,recon_00006.tiff,265762,2,cnn2,3,0.3017883002758026,0.698211669921875,1,0.698211669921875,0.1982116997241974,0
13565,recon_00006.tiff,266002,2,cnn2,3,0.7095822691917419,0.29041773080825806,2,0.7095822691917419,0.20958226919174194,1
13593,recon_00006.tiff,266450,1,cnn2,3,0.012176706455647945,0.9878233075141907,1,0.9878233075141907,0.4878233075141907,1
13701,recon_00006.tiff,268062,2,cnn2,3,0.7688280940055847,0.23117190599441528,2,0.7688280940055847,0.2688280940055847,1
13702,recon_00006.tiff,268134,2,cnn2,3,0.721854567527771,0.278145432472229,2,0.721854567527771,0.221854567527771,1
13710,recon_00006.tiff,268276,2,cnn2,3,0.695358157157898,0.30464184284210205,2,0.695358157157898,0.19535815715789795,1
13746,recon_00006.tiff,268954,1,cnn2,3,0.30044445395469666,0.699555516242981,1,0.699555516242981,0.19955554604530334,1
13768,recon_00006.tiff,269259,2,cnn2,3,0.6630633473396301,0.3369366526603699,2,0.6630633473396301,0.16306334733963013,1
13798,recon_00006.tiff,269566,2,cnn2,3,0.7828271389007568,0.21717286109924316,2,0.7828271389007568,0.28282713890075684,1
13838,recon_00006.tiff,270180,2,cnn2,3,0.6190970540046692,0.3809029459953308,2,0.6190970540046692,0.11909705400466919,1
13859,recon_00006.tiff,270536,2,cnn2,3,0.7376860976219177,0.2623139023780823,2,0.7376860976219177,0.23768609762191772,1
13874,recon_00006.tiff,270798,1,cnn2,3,0.3453513979911804,0.6546486020088196,1,0.6546486020088196,0.15464860200881958,1
13878,recon_00006.tiff,271020,1,cnn2,3,0.30117854475975037,0.6988214254379272,1,0.6988214254379272,0.19882145524024963,1
13898,recon_00006.tiff,271590,1,cnn2,3,0.33121827244758606,0.6687817573547363,1,0.6687817573547363,0.16878172755241394,1
14325,recon_00006.tiff,288151,1,cnn2,3,0.2532283365726471,0.7467716932296753,1,0.7467716932296753,0.2467716634273529,1
14329,recon_00006.tiff,289869,1,cnn2,3,0.24642153084278107,0.7535784840583801,1,0.7535784840583801,0.2535784840583801,1
14335,recon_00006.tiff,289963,1,cnn2,3,0.25714775919914246,0.7428522109985352,1,0.7428522109985352,0.24285224080085754,1
71,recon_00006.tiff,11169,1,cnn3,3,0.1292102336883545,0.8707897663116455,1,0.8707897663116455,0.3707897663116455,1
3652,recon_00006.tiff,54189,1,cnn3,3,0.01275190431624651,0.9872481226921082,1,0.9872481226921082,0.48724809288978577,1
4056,recon_00006.tiff,60007,1,cnn3,3,0.009065007790923119,0.9909349679946899,1,0.9909349679946899,0.49093499779701233,1
5128,recon_00006.tiff,79680,1,cnn3,3,0.07113751024007797,0.9288625121116638,1,0.9288625121116638,0.42886248230934143,1
5140,recon_00006.tiff,79911,1,cnn3,3,0.015450172126293182,0.9845498204231262,1,0.9845498204231262,0.4845498204231262,1
5948,recon_00006.tiff,94126,1,cnn3,3,0.000410559237934649,0.9995894432067871,1,0.9995894432067871,0.4995894432067871,1
6033,recon_00006.tiff,95806,1,cnn3,3,6.084646156523377e-05,0.9999391436576843,1,0.9999391436576843,0.4999391436576843,1
6049,recon_00006.tiff,96165,1,cnn3,3,0.0013056762982159853,0.9986943006515503,1,0.9986943006515503,0.4986943304538727,1
6394,recon_00006.tiff,105516,2,cnn3,3,0.9915491342544556,0.008450865745544434,2,0.9915491342544556,0.49154913425445557,1
6401,recon_00006.tiff,105757,2,cnn3,3,0.9202240705490112,0.07977592945098877,2,0.9202240705490112,0.42022407054901123,1
6415,recon_00006.tiff,106115,2,cnn3,3,0.9446291327476501,0.055370867252349854,2,0.9446291327476501,0.44462913274765015,1
6439,recon_00006.tiff,106601,1,cnn3,3,0.08046451956033707,0.9195354580879211,1,0.9195354580879211,0.41953548789024353,1
6466,recon_00006.tiff,107427,1,cnn3,3,0.22995057702064514,0.7700494527816772,1,0.7700494527816772,0.27004942297935486,1
6487,recon_00006.tiff,107878,2,cnn3,3,0.9935339689254761,0.006466031074523926,2,0.9935339689254761,0.4935339689254761,1
6630,recon_00006.tiff,110023,2,cnn3,3,0.983705997467041,0.016294002532958984,2,0.983705997467041,0.483705997467041,1
6635,recon_00006.tiff,110120,1,cnn3,3,0.06465357542037964,0.9353464245796204,1,0.9353464245796204,0.43534642457962036,1
6643,recon_00006.tiff,110224,2,cnn3,3,0.9146820902824402,0.08531790971755981,2,0.9146820902824402,0.4146820902824402,1
6663,recon_00006.tiff,110550,1,cnn3,3,0.6029198169708252,0.3970801830291748,2,0.6029198169708252,0.1029198169708252,0
6685,recon_00006.tiff,110800,2,cnn3,3,0.9665888547897339,0.03341114521026611,2,0.9665888547897339,0.4665888547897339,1
6686,recon_00006.tiff,110801,1,cnn3,3,0.03248625621199608,0.9675137400627136,1,0.9675137400627136,0.4675137400627136,1
6703,recon_00006.tiff,111138,1,cnn3,3,0.03349624574184418,0.9665037393569946,1,0.9665037393569946,0.46650373935699463,1
6710,recon_00006.tiff,111248,2,cnn3,3,0.9729484915733337,0.02705150842666626,2,0.9729484915733337,0.47294849157333374,1
6714,recon_00006.tiff,111268,1,cnn3,3,0.15003852546215057,0.8499614596366882,1,0.8499614596366882,0.34996145963668823,1
6770,recon_00006.tiff,112302,1,cnn3,3,0.012461377307772636,0.9875386357307434,1,0.9875386357307434,0.4875386357307434,1
6783,recon_00006.tiff,112502,2,cnn3,3,0.930759608745575,0.06924039125442505,2,0.930759608745575,0.43075960874557495,1
6873,recon_00006.tiff,113602,2,cnn3,3,0.9967483282089233,0.00325167179107666,2,0.9967483282089233,0.49674832820892334,1
6986,recon_00006.tiff,115630,2,cnn3,3,0.32907992601394653,0.6709200739860535,1,0.6709200739860535,0.17092007398605347,0
6997,recon_00006.tiff,115872,1,cnn3,3,0.05330246686935425,0.9466975331306458,1,0.9466975331306458,0.44669753313064575,1
7022,recon_00006.tiff,116618,1,cnn3,3,0.00219848589040339,0.9978015422821045,1,0.9978015422821045,0.4978015124797821,1
7057,recon_00006.tiff,117179,2,cnn3,3,0.6445916891098022,0.35540831089019775,2,0.6445916891098022,0.14459168910980225,1
7082,recon_00006.tiff,117750,2,cnn3,3,0.9751777648925781,0.024822235107421875,2,0.9751777648925781,0.4751777648925781,1
7136,recon_00006.tiff,119002,1,cnn3,3,0.22794675827026367,0.7720532417297363,1,0.7720532417297363,0.27205324172973633,1
7143,recon_00006.tiff,119126,1,cnn3,3,0.08457513153553009,0.9154248833656311,1,0.9154248833656311,0.4154248833656311,1
7144,recon_00006.tiff,119127,1,cnn3,3,0.253532350063324,0.746467649936676,1,0.746467649936676,0.24646764993667603,1
7150,recon_00006.tiff,119228,1,cnn3,3,0.29745540022850037,0.7025445699691772,1,0.7025445699691772,0.20254459977149963,1
7161,recon_00006.tiff,119452,1,cnn3,3,0.35166656970977783,0.6483334302902222,1,0.6483334302902222,0.14833343029022217,1
7190,recon_00006.tiff,120019,1,cnn3,3,0.0719369500875473,0.9280630350112915,1,0.9280630350112915,0.4280630350112915,1
7396,recon_00006.tiff,127250,1,cnn3,3,0.1288391500711441,0.8711608648300171,1,0.8711608648300171,0.3711608648300171,1
7427,recon_00006.tiff,128417,2,cnn3,3,0.9954115748405457,0.004588425159454346,2,0.9954115748405457,0.49541157484054565,1
7445,recon_00006.tiff,128878,2,cnn3,3,0.989389955997467,0.010610044002532959,2,0.989389955997467,0.48938995599746704,1
7449,recon_00006.tiff,129007,1,cnn3,3,0.05054328218102455,0.9494566917419434,1,0.9494566917419434,0.44945672154426575,1
7484,recon_00006.tiff,130164,1,cnn3,3,0.06223512440919876,0.9377648830413818,1,0.9377648830413818,0.43776488304138184,1
7493,recon_00006.tiff,130507,1,cnn3,3,0.2099648118019104,0.7900351881980896,1,0.7900351881980896,0.2900351881980896,1
7507,recon_00006.tiff,130871,2,cnn3,3,0.9900834560394287,0.009916543960571289,2,0.9900834560394287,0.4900834560394287,1
7516,recon_00006.tiff,130990,1,cnn3,3,0.084436796605587,0.9155632257461548,1,0.9155632257461548,0.4155631959438324,1
7551,recon_00006.tiff,132032,2,cnn3,3,0.9695681929588318,0.030431807041168213,2,0.9695681929588318,0.4695681929588318,1
7554,recon_00006.tiff,132141,2,cnn3,3,0.9889708757400513,0.01102912425994873,2,0.9889708757400513,0.48897087574005127,1
7571,recon_00006.tiff,132671,1,cnn3,3,0.12717565894126892,0.8728243112564087,1,0.8728243112564087,0.3728243410587311,1
8780,recon_00006.tiff,162864,2,cnn3,3,0.9630692005157471,0.03693079948425293,2,0.9630692005157471,0.46306920051574707,1
8862,recon_00006.tiff,164863,2,cnn3,3,0.6149080991744995,0.3850919008255005,2,0.6149080991744995,0.11490809917449951,1
8923,recon_00006.tiff,166359,2,cnn3,3,0.9935867190361023,0.006413280963897705,2,0.9935867190361023,0.4935867190361023,1
10196,recon_00006.tiff,196623,2,cnn3,3,0.9943101406097412,0.005689859390258789,2,0.9943101406097412,0.4943101406097412,1
13540,recon_00006.tiff,265762,2,cnn3,3,0.07024717330932617,0.9297528266906738,1,0.9297528266906738,0.42975282669067383,0
13565,recon_00006.tiff,266002,2,cnn3,3,0.9913934469223022,0.008606553077697754,2,0.9913934469223022,0.49139344692230225,1
13593,recon_00006.tiff,266450,1,cnn3,3,0.0014280946925282478,0.9985719323158264,1,0.9985719323158264,0.49857190251350403,1
13701,recon_00006.tiff,268062,2,cnn3,3,0.9950724244117737,0.004927575588226318,2,0.9950724244117737,0.4950724244117737,1
13702,recon_00006.tiff,268134,2,cnn3,3,0.9876683354377747,0.012331664562225342,2,0.9876683354377747,0.48766833543777466,1
13710,recon_00006.tiff,268276,2,cnn3,3,0.9938516616821289,0.006148338317871094,2,0.9938516616821289,0.4938516616821289,1
13746,recon_00006.tiff,268954,1,cnn3,3,0.07043924927711487,0.9295607805252075,1,0.9295607805252075,0.42956075072288513,1
13768,recon_00006.tiff,269259,2,cnn3,3,0.9879893064498901,0.012010693550109863,2,0.9879893064498901,0.48798930644989014,1
13798,recon_00006.tiff,269566,2,cnn3,3,0.994203507900238,0.005796492099761963,2,0.994203507900238,0.49420350790023804,1
13838,recon_00006.tiff,270180,2,cnn3,3,0.9325380921363831,0.06746190786361694,2,0.9325380921363831,0.43253809213638306,1
13859,recon_00006.tiff,270536,2,cnn3,3,0.9948765635490417,0.005123436450958252,2,0.9948765635490417,0.49487656354904175,1
13874,recon_00006.tiff,270798,1,cnn3,3,0.056092191487550735,0.9439077973365784,1,0.9439077973365784,0.44390779733657837,1
13878,recon_00006.tiff,271020,1,cnn3,3,0.1110612004995346,0.8889387845993042,1,0.8889387845993042,0.3889387845993042,1
13898,recon_00006.tiff,271590,1,cnn3,3,0.1099451556801796,0.8900548219680786,1,0.8900548219680786,0.390054851770401,1
14325,recon_00006.tiff,288151,1,cnn3,3,0.10072354972362518,0.8992764353752136,1,0.8992764353752136,0.3992764353752136,1
14329,recon_00006.tiff,289869,1,cnn3,3,0.11990181356668472,0.8800981640815735,1,0.8800981640815735,0.3800981938838959,1
14335,recon_00006.tiff,289963,1,cnn3,3,0.09068406373262405,0.9093159437179565,1,0.9093159437179565,0.40931594371795654,1
3686,recon_00006.tiff,54607,1,random_forest,4,0.20647142857142858,0.7935285714285714,1,0.7935285714285714,0.2935285714285714,1
3699,recon_00006.tiff,54823,1,random_forest,4,0.0,1.0,1,1.0,0.5,1
3733,recon_00006.tiff,55315,1,random_forest,4,0.0474952380952381,0.9525047619047619,1,0.9525047619047619,0.4525047619047619,1
3911,recon_00006.tiff,58073,1,random_forest,4,0.0006666666666666666,0.9993333333333333,1,0.9993333333333333,0.49933333333333335,1
3973,recon_00006.tiff,59006,1,random_forest,4,0.002,0.998,1,0.998,0.498,1
5433,recon_00006.tiff,84511,2,random_forest,4,0.9903333333333334,0.009666666666666601,2,0.9903333333333334,0.4903333333333334,1
5463,recon_00006.tiff,85165,2,random_forest,4,0.7620857142857141,0.23791428571428586,2,0.7620857142857141,0.26208571428571414,1
5821,recon_00006.tiff,91631,1,random_forest,4,0.03493333333333333,0.9650666666666666,1,0.9650666666666666,0.4650666666666667,1
6221,recon_00006.tiff,101363,2,random_forest,4,0.6229190476190477,0.3770809523809523,2,0.6229190476190477,0.1229190476190477,1
6286,recon_00006.tiff,103129,1,random_forest,4,0.17250000000000004,0.8274999999999999,1,0.8274999999999999,0.32749999999999996,1
6420,recon_00006.tiff,106246,2,random_forest,4,0.998,0.0020000000000000018,2,0.998,0.498,1
6430,recon_00006.tiff,106470,2,random_forest,4,0.996,0.0040000000000000036,2,0.996,0.496,1
6431,recon_00006.tiff,106471,2,random_forest,4,0.997,0.0030000000000000027,2,0.997,0.497,1
6441,recon_00006.tiff,106713,1,random_forest,4,0.10133333333333333,0.8986666666666667,1,0.8986666666666667,0.39866666666666667,1
6469,recon_00006.tiff,107457,1,random_forest,4,0.02706666666666666,0.9729333333333333,1,0.9729333333333333,0.4729333333333333,1
6472,recon_00006.tiff,107535,2,random_forest,4,0.8994142857142857,0.10058571428571428,2,0.8994142857142857,0.3994142857142857,1
6500,recon_00006.tiff,108100,2,random_forest,4,0.8085761904761903,0.19142380952380966,2,0.8085761904761903,0.30857619047619034,1
6631,recon_00006.tiff,110024,2,random_forest,4,1.0,0.0,2,1.0,0.5,1
6636,recon_00006.tiff,110129,2,random_forest,4,0.999,0.0010000000000000009,2,0.999,0.499,1
6677,recon_00006.tiff,110694,2,random_forest,4,0.8588619047619046,0.1411380952380954,2,0.8588619047619046,0.3588619047619046,1
6721,recon_00006.tiff,111402,1,random_forest,4,0.0,1.0,1,1.0,0.5,1
6735,recon_00006.tiff,111651,1,random_forest,4,0.0,1.0,1,1.0,0.5,1
6750,recon_00006.tiff,111958,1,random_forest,4,0.2410880952380953,0.7589119047619047,1,0.7589119047619047,0.25891190476190473,1
6769,recon_00006.tiff,112301,2,random_forest,4,0.999,0.0010000000000000009,2,0.999,0.499,1
6771,recon_00006.tiff,112303,1,random_forest,4,0.0,1.0,1,1.0,0.5,1
6786,recon_00006.tiff,112526,1,random_forest,4,0.002,0.998,1,0.998,0.498,1
6797,recon_00006.tiff,112648,1,random_forest,4,0.005933333333333334,0.9940666666666667,1,0.9940666666666667,0.49406666666666665,1
6806,recon_00006.tiff,112770,1,random_forest,4,0.006266666666666666,0.9937333333333334,1,0.9937333333333334,0.49373333333333336,1
6814,recon_00006.tiff,112847,1,random_forest,4,0.0058095238095238096,0.9941904761904762,1,0.9941904761904762,0.4941904761904762,1
6822,recon_00006.tiff,112967,1,random_forest,4,0.33545,0.66455,1,0.66455,0.16454999999999997,1
6844,recon_00006.tiff,113232,1,random_forest,4,0.1658714285714286,0.8341285714285714,1,0.8341285714285714,0.33412857142857144,1
6850,recon_00006.tiff,113349,2,random_forest,4,0.9440952380952382,0.05590476190476179,2,0.9440952380952382,0.4440952380952382,1
6872,recon_00006.tiff,113599,2,random_forest,4,0.8264761904761907,0.1735238095238093,2,0.8264761904761907,0.3264761904761907,1
6898,recon_00006.tiff,113914,1,random_forest,4,0.17392619047619046,0.8260738095238096,1,0.8260738095238096,0.32607380952380954,1
6899,recon_00006.tiff,113916,1,random_forest,4,0.0335,0.9665,1,0.9665,0.4665,1
6951,recon_00006.tiff,114859,1,random_forest,4,0.017900000000000003,0.9821,1,0.9821,0.4821,1
7066,recon_00006.tiff,117297,1,random_forest,4,0.010166666666666668,0.9898333333333333,1,0.9898333333333333,0.48983333333333334,1
7075,recon_00006.tiff,117517,1,random_forest,4,0.008376190476190476,0.9916238095238096,1,0.9916238095238096,0.4916238095238095,1
7135,recon_00006.tiff,119001,1,random_forest,4,0.0,1.0,1,1.0,0.5,1
7147,recon_00006.tiff,119138,1,random_forest,4,0.0271,0.9729,1,0.9729,0.4729,1
7204,recon_00006.tiff,120377,1,random_forest,4,0.0,1.0,1,1.0,0.5,1
7226,recon_00006.tiff,120886,1,random_forest,4,0.009428571428571429,0.9905714285714285,1,0.9905714285714285,0.49057142857142855,1
7228,recon_00006.tiff,120995,1,random_forest,4,0.006142857142857143,0.9938571428571429,1,0.9938571428571429,0.4938571428571429,1
7369,recon_00006.tiff,126304,1,random_forest,4,0.001,0.999,1,0.999,0.499,1
7478,recon_00006.tiff,129934,2,random_forest,4,1.0,0.0,2,1.0,0.5,1
7561,recon_00006.tiff,132457,2,random_forest,4,0.9281666666666667,0.0718333333333333,2,0.9281666666666667,0.4281666666666667,1
8328,recon_00006.tiff,150840,2,random_forest,4,0.9843333333333334,0.015666666666666607,2,0.9843333333333334,0.4843333333333334,1
8557,recon_00006.tiff,157170,2,random_forest,4,1.0,0.0,2,1.0,0.5,1
8607,recon_00006.tiff,158539,2,random_forest,4,0.7265285714285713,0.2734714285714287,2,0.7265285714285713,0.2265285714285713,1
8739,recon_00006.tiff,161490,2,random_forest,4,0.7241619047619047,0.2758380952380953,2,0.7241619047619047,0.22416190476190467,1
8899,recon_00006.tiff,165860,2,random_forest,4,0.892747619047619,0.10725238095238099,2,0.892747619047619,0.392747619047619,1
8949,recon_00006.tiff,166942,2,random_forest,4,0.9841666666666667,0.015833333333333255,2,0.9841666666666667,0.48416666666666675,1
12972,recon_00006.tiff,254812,2,random_forest,4,0.9063333333333332,0.09366666666666679,2,0.9063333333333332,0.4063333333333332,1
13409,recon_00006.tiff,263664,1,random_forest,4,0.6961000000000002,0.30389999999999984,2,0.6961000000000002,0.19610000000000016,0
13469,recon_00006.tiff,264927,1,random_forest,4,0.014042857142857145,0.9859571428571429,1,0.9859571428571429,0.48595714285714287,1
13506,recon_00006.tiff,265426,2,random_forest,4,0.9069809523809522,0.09301904761904778,2,0.9069809523809522,0.4069809523809522,1
13724,recon_00006.tiff,268584,2,random_forest,4,1.0,0.0,2,1.0,0.5,1
13727,recon_00006.tiff,268638,2,random_forest,4,1.0,0.0,2,1.0,0.5,1
13755,recon_00006.tiff,269115,2,random_forest,4,0.999,0.0010000000000000009,2,0.999,0.499,1
13763,recon_00006.tiff,269194,2,random_forest,4,1.0,0.0,2,1.0,0.5,1
13792,recon_00006.tiff,269489,2,random_forest,4,1.0,0.0,2,1.0,0.5,1
13808,recon_00006.tiff,269728,1,random_forest,4,0.016833333333333332,0.9831666666666666,1,0.9831666666666666,0.4831666666666667,1
13858,recon_00006.tiff,270534,1,random_forest,4,0.008833333333333332,0.9911666666666666,1,0.9911666666666666,0.49116666666666664,1
13867,recon_00006.tiff,270655,2,random_forest,4,1.0,0.0,2,1.0,0.5,1
13872,recon_00006.tiff,270796,1,random_forest,4,0.031609523809523817,0.9683904761904761,1,0.9683904761904761,0.4683904761904762,1
13875,recon_00006.tiff,270799,2,random_forest,4,0.9483333333333333,0.05166666666666675,2,0.9483333333333333,0.44833333333333325,1
13891,recon_00006.tiff,271380,1,random_forest,4,0.015999999999999997,0.984,1,0.984,0.484,1
14319,recon_00006.tiff,282372,1,random_forest,4,0.0066,0.9934,1,0.9934,0.4934,1
3686,recon_00006.tiff,54607,1,dense_fc,4,0.043185051530599594,0.9568149447441101,1,0.9568149447441101,0.4568149447441101,1
3699,recon_00006.tiff,54823,1,dense_fc,4,0.0006966869696043432,0.9993033409118652,1,0.9993033409118652,0.49930331110954285,1
3733,recon_00006.tiff,55315,1,dense_fc,4,0.0008648385410197079,0.9991351366043091,1,0.9991351366043091,0.49913516640663147,1
3911,recon_00006.tiff,58073,1,dense_fc,4,0.003431759076192975,0.9965682625770569,1,0.9965682625770569,0.4965682327747345,1
3973,recon_00006.tiff,59006,1,dense_fc,4,0.00905636791139841,0.9909436106681824,1,0.9909436106681824,0.49094364047050476,1
5433,recon_00006.tiff,84511,2,dense_fc,4,0.9115959405899048,0.08840405941009521,2,0.9115959405899048,0.4115959405899048,1
5463,recon_00006.tiff,85165,2,dense_fc,4,0.8163641095161438,0.1836358904838562,2,0.8163641095161438,0.3163641095161438,1
5821,recon_00006.tiff,91631,1,dense_fc,4,0.0005328742554411292,0.999467134475708,1,0.999467134475708,0.499467134475708,1
6221,recon_00006.tiff,101363,2,dense_fc,4,0.45295020937919617,0.5470497608184814,1,0.5470497608184814,0.04704979062080383,0
6286,recon_00006.tiff,103129,1,dense_fc,4,0.041347939521074295,0.9586520791053772,1,0.9586520791053772,0.4586520493030548,1
6420,recon_00006.tiff,106246,2,dense_fc,4,0.9939828515052795,0.006017148494720459,2,0.9939828515052795,0.49398285150527954,1
6430,recon_00006.tiff,106470,2,dense_fc,4,0.9971972703933716,0.002802729606628418,2,0.9971972703933716,0.4971972703933716,1
6431,recon_00006.tiff,106471,2,dense_fc,4,0.9967690706253052,0.0032309293746948242,2,0.9967690706253052,0.4967690706253052,1
6441,recon_00006.tiff,106713,1,dense_fc,4,0.08330553770065308,0.9166944622993469,1,0.9166944622993469,0.4166944622993469,1
6469,recon_00006.tiff,107457,1,dense_fc,4,1.6459500329801813e-05,0.999983549118042,1,0.999983549118042,0.499983549118042,1
6472,recon_00006.tiff,107535,2,dense_fc,4,0.8869003057479858,0.11309969425201416,2,0.8869003057479858,0.38690030574798584,1
6500,recon_00006.tiff,108100,2,dense_fc,4,0.918978750705719,0.081021249294281,2,0.918978750705719,0.418978750705719,1
6631,recon_00006.tiff,110024,2,dense_fc,4,0.9899882674217224,0.010011732578277588,2,0.9899882674217224,0.4899882674217224,1
6636,recon_00006.tiff,110129,2,dense_fc,4,0.9939510822296143,0.006048917770385742,2,0.9939510822296143,0.49395108222961426,1
6677,recon_00006.tiff,110694,2,dense_fc,4,0.9939153790473938,0.006084620952606201,2,0.9939153790473938,0.4939153790473938,1
6721,recon_00006.tiff,111402,1,dense_fc,4,0.01200756523758173,0.9879924058914185,1,0.9879924058914185,0.48799243569374084,1
6735,recon_00006.tiff,111651,1,dense_fc,4,0.002367168664932251,0.9976328611373901,1,0.9976328611373901,0.49763283133506775,1
6750,recon_00006.tiff,111958,1,dense_fc,4,0.18989388644695282,0.810106098651886,1,0.810106098651886,0.310106098651886,1
6769,recon_00006.tiff,112301,2,dense_fc,4,0.997164785861969,0.002835214138031006,2,0.997164785861969,0.497164785861969,1
6771,recon_00006.tiff,112303,1,dense_fc,4,0.0063422322273254395,0.9936577677726746,1,0.9936577677726746,0.49365776777267456,1
6786,recon_00006.tiff,112526,1,dense_fc,4,0.004946368746459484,0.9950536489486694,1,0.9950536489486694,0.49505361914634705,1
6797,recon_00006.tiff,112648,1,dense_fc,4,0.003133571008220315,0.9968664050102234,1,0.9968664050102234,0.4968664348125458,1
6806,recon_00006.tiff,112770,1,dense_fc,4,0.00174223561771214,0.9982577562332153,1,0.9982577562332153,0.49825775623321533,1
6814,recon_00006.tiff,112847,1,dense_fc,4,0.0014877631328999996,0.9985122084617615,1,0.9985122084617615,0.49851223826408386,1
6822,recon_00006.tiff,112967,1,dense_fc,4,0.25233194231987,0.7476680278778076,1,0.7476680278778076,0.24766805768013,1
6844,recon_00006.tiff,113232,1,dense_fc,4,0.16041778028011322,0.8395822048187256,1,0.8395822048187256,0.3395822048187256,1
6850,recon_00006.tiff,113349,2,dense_fc,4,0.9181524515151978,0.08184754848480225,2,0.9181524515151978,0.41815245151519775,1
6872,recon_00006.tiff,113599,2,dense_fc,4,0.7892295718193054,0.21077042818069458,2,0.7892295718193054,0.2892295718193054,1
6898,recon_00006.tiff,113914,1,dense_fc,4,0.21658439934253693,0.7834156155586243,1,0.7834156155586243,0.28341561555862427,1
6899,recon_00006.tiff,113916,1,dense_fc,4,0.10340584814548492,0.8965941667556763,1,0.8965941667556763,0.39659416675567627,1
6951,recon_00006.tiff,114859,1,dense_fc,4,0.007216866128146648,0.9927831292152405,1,0.9927831292152405,0.4927831292152405,1
7066,recon_00006.tiff,117297,1,dense_fc,4,0.00015418669499922544,0.9998458027839661,1,0.9998458027839661,0.49984580278396606,1
7075,recon_00006.tiff,117517,1,dense_fc,4,0.00018579866446089,0.9998142123222351,1,0.9998142123222351,0.4998142123222351,1
7135,recon_00006.tiff,119001,1,dense_fc,4,0.032323967665433884,0.967676043510437,1,0.967676043510437,0.467676043510437,1
7147,recon_00006.tiff,119138,1,dense_fc,4,0.019396917894482613,0.9806030988693237,1,0.9806030988693237,0.48060306906700134,1
7204,recon_00006.tiff,120377,1,dense_fc,4,0.03213604912161827,0.9678639769554138,1,0.9678639769554138,0.46786394715309143,1
7226,recon_00006.tiff,120886,1,dense_fc,4,0.0128627372905612,0.9871372580528259,1,0.9871372580528259,0.4871372580528259,1
7228,recon_00006.tiff,120995,1,dense_fc,4,0.006154715549200773,0.9938452839851379,1,0.9938452839851379,0.49384528398513794,1
7369,recon_00006.tiff,126304,1,dense_fc,4,0.14802713692188263,0.8519728779792786,1,0.8519728779792786,0.35197287797927856,1
7478,recon_00006.tiff,129934,2,dense_fc,4,0.9888319969177246,0.01116800308227539,2,0.9888319969177246,0.4888319969177246,1
7561,recon_00006.tiff,132457,2,dense_fc,4,0.9496203660964966,0.05037963390350342,2,0.9496203660964966,0.4496203660964966,1
8328,recon_00006.tiff,150840,2,dense_fc,4,0.9063407778739929,0.09365922212600708,2,0.9063407778739929,0.4063407778739929,1
8557,recon_00006.tiff,157170,2,dense_fc,4,0.9790965914726257,0.020903408527374268,2,0.9790965914726257,0.47909659147262573,1
8607,recon_00006.tiff,158539,2,dense_fc,4,0.7152636051177979,0.28473639488220215,2,0.7152636051177979,0.21526360511779785,1
8739,recon_00006.tiff,161490,2,dense_fc,4,0.9012249112129211,0.09877508878707886,2,0.9012249112129211,0.40122491121292114,1
8899,recon_00006.tiff,165860,2,dense_fc,4,0.9310312271118164,0.0689687728881836,2,0.9310312271118164,0.4310312271118164,1
8949,recon_00006.tiff,166942,2,dense_fc,4,0.9216777682304382,0.07832223176956177,2,0.9216777682304382,0.42167776823043823,1
12972,recon_00006.tiff,254812,2,dense_fc,4,0.8750433921813965,0.12495660781860352,2,0.8750433921813965,0.3750433921813965,1
13409,recon_00006.tiff,263664,1,dense_fc,4,0.9643486142158508,0.03565138578414917,2,0.9643486142158508,0.46434861421585083,0
13469,recon_00006.tiff,264927,1,dense_fc,4,0.0011913508642464876,0.9988086223602295,1,0.9988086223602295,0.4988086521625519,1
13506,recon_00006.tiff,265426,2,dense_fc,4,0.9550167322158813,0.04498326778411865,2,0.9550167322158813,0.45501673221588135,1
13724,recon_00006.tiff,268584,2,dense_fc,4,0.9858683347702026,0.014131665229797363,2,0.9858683347702026,0.48586833477020264,1
13727,recon_00006.tiff,268638,2,dense_fc,4,0.987490713596344,0.012509286403656006,2,0.987490713596344,0.487490713596344,1
13755,recon_00006.tiff,269115,2,dense_fc,4,0.9874619841575623,0.012538015842437744,2,0.9874619841575623,0.48746198415756226,1
13763,recon_00006.tiff,269194,2,dense_fc,4,0.9682585000991821,0.03174149990081787,2,0.9682585000991821,0.46825850009918213,1
13792,recon_00006.tiff,269489,2,dense_fc,4,0.9787639379501343,0.021236062049865723,2,0.9787639379501343,0.4787639379501343,1
13808,recon_00006.tiff,269728,1,dense_fc,4,0.2791586220264435,0.7208414077758789,1,0.7208414077758789,0.22084137797355652,1
13858,recon_00006.tiff,270534,1,dense_fc,4,0.13291357457637787,0.8670864105224609,1,0.8670864105224609,0.36708641052246094,1
13867,recon_00006.tiff,270655,2,dense_fc,4,0.9851426482200623,0.014857351779937744,2,0.9851426482200623,0.48514264822006226,1
13872,recon_00006.tiff,270796,1,dense_fc,4,0.05969071015715599,0.9403092861175537,1,0.9403092861175537,0.4403092861175537,1
13875,recon_00006.tiff,270799,2,dense_fc,4,0.9673992395401001,0.0326007604598999,2,0.9673992395401001,0.4673992395401001,1
13891,recon_00006.tiff,271380,1,dense_fc,4,0.18074539303779602,0.8192546367645264,1,0.8192546367645264,0.319254606962204,1
14319,recon_00006.tiff,282372,1,dense_fc,4,0.1565033197402954,0.8434966802597046,1,0.8434966802597046,0.3434966802597046,1
3686,recon_00006.tiff,54607,1,cnn2,4,0.08766981214284897,0.9123302102088928,1,0.9123302102088928,0.41233018040657043,1
3699,recon_00006.tiff,54823,1,cnn2,4,0.05406796559691429,0.9459320306777954,1,0.9459320306777954,0.4459320306777954,1
3733,recon_00006.tiff,55315,1,cnn2,4,0.05778055265545845,0.9422194361686707,1,0.9422194361686707,0.44221943616867065,1
3911,recon_00006.tiff,58073,1,cnn2,4,0.1271248161792755,0.8728752136230469,1,0.8728752136230469,0.3728751838207245,1
3973,recon_00006.tiff,59006,1,cnn2,4,0.36914026737213135,0.6308597326278687,1,0.6308597326278687,0.13085973262786865,1
5433,recon_00006.tiff,84511,2,cnn2,4,0.7524115443229675,0.24758845567703247,2,0.7524115443229675,0.25241154432296753,1
5463,recon_00006.tiff,85165,2,cnn2,4,0.2838244140148163,0.7161755561828613,1,0.7161755561828613,0.21617558598518372,0
5821,recon_00006.tiff,91631,1,cnn2,4,0.02488905005156994,0.9751109480857849,1,0.9751109480857849,0.4751109480857849,1
6221,recon_00006.tiff,101363,2,cnn2,4,0.5837297439575195,0.41627025604248047,2,0.5837297439575195,0.08372974395751953,1
6286,recon_00006.tiff,103129,1,cnn2,4,0.2622779309749603,0.7377220392227173,1,0.7377220392227173,0.23772206902503967,1
6420,recon_00006.tiff,106246,2,cnn2,4,0.6504072546958923,0.34959274530410767,2,0.6504072546958923,0.15040725469589233,1
6430,recon_00006.tiff,106470,2,cnn2,4,0.6001258492469788,0.39987415075302124,2,0.6001258492469788,0.10012584924697876,1
6431,recon_00006.tiff,106471,2,cnn2,4,0.6561269760131836,0.3438730239868164,2,0.6561269760131836,0.1561269760131836,1
6441,recon_00006.tiff,106713,1,cnn2,4,0.5521597862243652,0.44784021377563477,2,0.5521597862243652,0.052159786224365234,0
6469,recon_00006.tiff,107457,1,cnn2,4,0.000297876336844638,0.9997020959854126,1,0.9997020959854126,0.499702125787735,1
6472,recon_00006.tiff,107535,2,cnn2,4,0.7279467582702637,0.27205324172973633,2,0.7279467582702637,0.22794675827026367,1
6500,recon_00006.tiff,108100,2,cnn2,4,0.7572692632675171,0.2427307367324829,2,0.7572692632675171,0.2572692632675171,1
6631,recon_00006.tiff,110024,2,cnn2,4,0.7939175367355347,0.20608246326446533,2,0.7939175367355347,0.29391753673553467,1
6636,recon_00006.tiff,110129,2,cnn2,4,0.7752857208251953,0.2247142791748047,2,0.7752857208251953,0.2752857208251953,1
6677,recon_00006.tiff,110694,2,cnn2,4,0.15967462956905365,0.8403253555297852,1,0.8403253555297852,0.34032535552978516,0
6721,recon_00006.tiff,111402,1,cnn2,4,0.4620369076728821,0.5379630923271179,1,0.5379630923271179,0.03796309232711792,1
6735,recon_00006.tiff,111651,1,cnn2,4,0.1269603967666626,0.8730396032333374,1,0.8730396032333374,0.3730396032333374,1
6750,recon_00006.tiff,111958,1,cnn2,4,0.5898570418357849,0.4101429581642151,2,0.5898570418357849,0.08985704183578491,0
6769,recon_00006.tiff,112301,2,cnn2,4,0.6638246178627014,0.3361753821372986,2,0.6638246178627014,0.16382461786270142,1
6771,recon_00006.tiff,112303,1,cnn2,4,0.19634686410427094,0.8036531209945679,1,0.8036531209945679,0.30365312099456787,1
6786,recon_00006.tiff,112526,1,cnn2,4,0.15710629522800446,0.8428937196731567,1,0.8428937196731567,0.34289371967315674,1
6797,recon_00006.tiff,112648,1,cnn2,4,0.12141410261392593,0.8785858750343323,1,0.8785858750343323,0.37858590483665466,1
6806,recon_00006.tiff,112770,1,cnn2,4,0.13286177814006805,0.8671382069587708,1,0.8671382069587708,0.36713820695877075,1
6814,recon_00006.tiff,112847,1,cnn2,4,0.04887927696108818,0.9511207342147827,1,0.9511207342147827,0.4511207342147827,1
6822,recon_00006.tiff,112967,1,cnn2,4,0.534561038017273,0.46543896198272705,2,0.534561038017273,0.03456103801727295,0
6844,recon_00006.tiff,113232,1,cnn2,4,0.660698413848877,0.33930158615112305,2,0.660698413848877,0.16069841384887695,0
6850,recon_00006.tiff,113349,2,cnn2,4,0.740343451499939,0.25965654850006104,2,0.740343451499939,0.24034345149993896,1
6872,recon_00006.tiff,113599,2,cnn2,4,0.5155238509178162,0.48447614908218384,2,0.5155238509178162,0.015523850917816162,1
6898,recon_00006.tiff,113914,1,cnn2,4,0.5118279457092285,0.4881720542907715,2,0.5118279457092285,0.011827945709228516,0
6899,recon_00006.tiff,113916,1,cnn2,4,0.5032997131347656,0.4967002868652344,2,0.5032997131347656,0.003299713134765625,0
6951,recon_00006.tiff,114859,1,cnn2,4,0.2060796618461609,0.7939203381538391,1,0.7939203381538391,0.2939203381538391,1
7066,recon_00006.tiff,117297,1,cnn2,4,0.0031884508207440376,0.99681156873703,1,0.99681156873703,0.49681153893470764,1
7075,recon_00006.tiff,117517,1,cnn2,4,0.0026417041663080454,0.9973583221435547,1,0.9973583221435547,0.4973582923412323,1
7135,recon_00006.tiff,119001,1,cnn2,4,0.5225359201431274,0.47746407985687256,2,0.5225359201431274,0.02253592014312744,0
7147,recon_00006.tiff,119138,1,cnn2,4,0.22379451990127563,0.7762054800987244,1,0.7762054800987244,0.27620548009872437,1
7204,recon_00006.tiff,120377,1,cnn2,4,0.4452982544898987,0.5547017455101013,1,0.5547017455101013,0.05470174551010132,1
7226,recon_00006.tiff,120886,1,cnn2,4,0.40461301803588867,0.5953869819641113,1,0.5953869819641113,0.09538698196411133,1
7228,recon_00006.tiff,120995,1,cnn2,4,0.34095481038093567,0.6590452194213867,1,0.6590452194213867,0.15904518961906433,1
7369,recon_00006.tiff,126304,1,cnn2,4,0.3793531358242035,0.6206468343734741,1,0.6206468343734741,0.12064686417579651,1
7478,recon_00006.tiff,129934,2,cnn2,4,0.7471857666969299,0.25281423330307007,2,0.7471857666969299,0.24718576669692993,1
7561,recon_00006.tiff,132457,2,cnn2,4,0.7755098938941956,0.22449010610580444,2,0.7755098938941956,0.27550989389419556,1
8328,recon_00006.tiff,150840,2,cnn2,4,0.6401914954185486,0.3598085045814514,2,0.6401914954185486,0.14019149541854858,1
8557,recon_00006.tiff,157170,2,cnn2,4,0.6856869459152222,0.31431305408477783,2,0.6856869459152222,0.18568694591522217,1
8607,recon_00006.tiff,158539,2,cnn2,4,0.6087667942047119,0.3912332057952881,2,0.6087667942047119,0.10876679420471191,1
8739,recon_00006.tiff,161490,2,cnn2,4,0.7068262100219727,0.29317378997802734,2,0.7068262100219727,0.20682621002197266,1
8899,recon_00006.tiff,165860,2,cnn2,4,0.738017737865448,0.261982262134552,2,0.738017737865448,0.238017737865448,1
8949,recon_00006.tiff,166942,2,cnn2,4,0.7311394214630127,0.2688605785369873,2,0.7311394214630127,0.2311394214630127,1
12972,recon_00006.tiff,254812,2,cnn2,4,0.7242967486381531,0.2757032513618469,2,0.7242967486381531,0.22429674863815308,1
13409,recon_00006.tiff,263664,1,cnn2,4,0.6926114559173584,0.3073885440826416,2,0.6926114559173584,0.1926114559173584,0
13469,recon_00006.tiff,264927,1,cnn2,4,0.04416524991393089,0.9558347463607788,1,0.9558347463607788,0.4558347463607788,1
13506,recon_00006.tiff,265426,2,cnn2,4,0.7295525074005127,0.2704474925994873,2,0.7295525074005127,0.2295525074005127,1
13724,recon_00006.tiff,268584,2,cnn2,4,0.6731105446815491,0.3268894553184509,2,0.6731105446815491,0.17311054468154907,1
13727,recon_00006.tiff,268638,2,cnn2,4,0.6775587201118469,0.3224412798881531,2,0.6775587201118469,0.17755872011184692,1
13755,recon_00006.tiff,269115,2,cnn2,4,0.7898665070533752,0.21013349294662476,2,0.7898665070533752,0.28986650705337524,1
13763,recon_00006.tiff,269194,2,cnn2,4,0.7310853600502014,0.2689146399497986,2,0.7310853600502014,0.23108536005020142,1
13792,recon_00006.tiff,269489,2,cnn2,4,0.7495392560958862,0.25046074390411377,2,0.7495392560958862,0.24953925609588623,1
13808,recon_00006.tiff,269728,1,cnn2,4,0.31537166237831116,0.6846283674240112,1,0.6846283674240112,0.18462833762168884,1
13858,recon_00006.tiff,270534,1,cnn2,4,0.4326232969760895,0.5673767328262329,1,0.5673767328262329,0.06737670302391052,1
13867,recon_00006.tiff,270655,2,cnn2,4,0.7601996064186096,0.23980039358139038,2,0.7601996064186096,0.2601996064186096,1
13872,recon_00006.tiff,270796,1,cnn2,4,0.15703342854976654,0.8429665565490723,1,0.8429665565490723,0.34296655654907227,1
13875,recon_00006.tiff,270799,2,cnn2,4,0.7353892922401428,0.2646107077598572,2,0.7353892922401428,0.23538929224014282,1
13891,recon_00006.tiff,271380,1,cnn2,4,0.4217433035373688,0.5782567262649536,1,0.5782567262649536,0.07825669646263123,1
14319,recon_00006.tiff,282372,1,cnn2,4,0.20420047640800476,0.7957994937896729,1,0.7957994937896729,0.29579952359199524,1
3686,recon_00006.tiff,54607,1,cnn3,4,0.14796140789985657,0.8520386219024658,1,0.8520386219024658,0.35203859210014343,1
3699,recon_00006.tiff,54823,1,cnn3,4,0.11686200648546219,0.8831380009651184,1,0.8831380009651184,0.3831380009651184,1
3733,recon_00006.tiff,55315,1,cnn3,4,0.07038340717554092,0.9296165704727173,1,0.9296165704727173,0.4296166002750397,1
3911,recon_00006.tiff,58073,1,cnn3,4,0.011758467182517052,0.9882415533065796,1,0.9882415533065796,0.4882415235042572,1
3973,recon_00006.tiff,59006,1,cnn3,4,0.01070520468056202,0.9892947673797607,1,0.9892947673797607,0.48929479718208313,1
5433,recon_00006.tiff,84511,2,cnn3,4,0.9765812158584595,0.023418784141540527,2,0.9765812158584595,0.4765812158584595,1
5463,recon_00006.tiff,85165,2,cnn3,4,0.9531537294387817,0.04684627056121826,2,0.9531537294387817,0.45315372943878174,1
5821,recon_00006.tiff,91631,1,cnn3,4,0.0021939249709248543,0.9978060722351074,1,0.9978060722351074,0.4978060722351074,1
6221,recon_00006.tiff,101363,2,cnn3,4,0.733378529548645,0.266621470451355,2,0.733378529548645,0.23337852954864502,1
6286,recon_00006.tiff,103129,1,cnn3,4,0.04331445321440697,0.9566855430603027,1,0.9566855430603027,0.45668554306030273,1
6420,recon_00006.tiff,106246,2,cnn3,4,0.9895225167274475,0.01047748327255249,2,0.9895225167274475,0.4895225167274475,1
6430,recon_00006.tiff,106470,2,cnn3,4,0.9185619354248047,0.08143806457519531,2,0.9185619354248047,0.4185619354248047,1
6431,recon_00006.tiff,106471,2,cnn3,4,0.9760628342628479,0.0239371657371521,2,0.9760628342628479,0.4760628342628479,1
6441,recon_00006.tiff,106713,1,cnn3,4,0.6890538930892944,0.31094610691070557,2,0.6890538930892944,0.18905389308929443,0
6469,recon_00006.tiff,107457,1,cnn3,4,0.019463708624243736,0.9805362820625305,1,0.9805362820625305,0.4805362820625305,1
6472,recon_00006.tiff,107535,2,cnn3,4,0.9239668250083923,0.07603317499160767,2,0.9239668250083923,0.42396682500839233,1
6500,recon_00006.tiff,108100,2,cnn3,4,0.766667366027832,0.23333263397216797,2,0.766667366027832,0.26666736602783203,1
6631,recon_00006.tiff,110024,2,cnn3,4,0.962600588798523,0.03739941120147705,2,0.962600588798523,0.46260058879852295,1
6636,recon_00006.tiff,110129,2,cnn3,4,0.9927005171775818,0.007299482822418213,2,0.9927005171775818,0.4927005171775818,1
6677,recon_00006.tiff,110694,2,cnn3,4,0.6467532515525818,0.3532467484474182,2,0.6467532515525818,0.1467532515525818,1
6721,recon_00006.tiff,111402,1,cnn3,4,0.21725180745124817,0.7827482223510742,1,0.7827482223510742,0.28274819254875183,1
6735,recon_00006.tiff,111651,1,cnn3,4,0.009333351626992226,0.9906666278839111,1,0.9906666278839111,0.4906666576862335,1
6750,recon_00006.tiff,111958,1,cnn3,4,0.17924372851848602,0.8207562565803528,1,0.8207562565803528,0.3207562565803528,1
6769,recon_00006.tiff,112301,2,cnn3,4,0.991366446018219,0.008633553981781006,2,0.991366446018219,0.491366446018219,1
6771,recon_00006.tiff,112303,1,cnn3,4,0.017918234691023827,0.9820817708969116,1,0.9820817708969116,0.4820817708969116,1
6786,recon_00006.tiff,112526,1,cnn3,4,0.020932413637638092,0.9790675640106201,1,0.9790675640106201,0.4790675938129425,1
6797,recon_00006.tiff,112648,1,cnn3,4,0.01830126717686653,0.981698751449585,1,0.981698751449585,0.4816987216472626,1
6806,recon_00006.tiff,112770,1,cnn3,4,0.06924327462911606,0.9307567477226257,1,0.9307567477226257,0.43075671792030334,1
6814,recon_00006.tiff,112847,1,cnn3,4,0.06878668069839478,0.9312133193016052,1,0.9312133193016052,0.4312133193016052,1
6822,recon_00006.tiff,112967,1,cnn3,4,0.15563541650772095,0.844364583492279,1,0.844364583492279,0.34436458349227905,1
6844,recon_00006.tiff,113232,1,cnn3,4,0.36092332005500793,0.6390767097473145,1,0.6390767097473145,0.13907667994499207,1
6850,recon_00006.tiff,113349,2,cnn3,4,0.9898674488067627,0.010132551193237305,2,0.9898674488067627,0.4898674488067627,1
6872,recon_00006.tiff,113599,2,cnn3,4,0.6538887619972229,0.3461112380027771,2,0.6538887619972229,0.1538887619972229,1
6898,recon_00006.tiff,113914,1,cnn3,4,0.20757751166820526,0.7924224734306335,1,0.7924224734306335,0.29242247343063354,1
6899,recon_00006.tiff,113916,1,cnn3,4,0.3283470571041107,0.6716529130935669,1,0.6716529130935669,0.17165294289588928,1
6951,recon_00006.tiff,114859,1,cnn3,4,0.006560053210705519,0.9934399724006653,1,0.9934399724006653,0.4934399425983429,1
7066,recon_00006.tiff,117297,1,cnn3,4,0.00032798710162751377,0.999671995639801,1,0.999671995639801,0.4996720254421234,1
7075,recon_00006.tiff,117517,1,cnn3,4,0.002907608402892947,0.9970923662185669,1,0.9970923662185669,0.4970923960208893,1
7135,recon_00006.tiff,119001,1,cnn3,4,0.0600275881588459,0.9399724006652832,1,0.9399724006652832,0.4399724006652832,1
7147,recon_00006.tiff,119138,1,cnn3,4,0.021402010694146156,0.9785979986190796,1,0.9785979986190796,0.4785979986190796,1
7204,recon_00006.tiff,120377,1,cnn3,4,0.01862276718020439,0.9813772439956665,1,0.9813772439956665,0.4813772439956665,1
7226,recon_00006.tiff,120886,1,cnn3,4,0.022598057985305786,0.9774019718170166,1,0.9774019718170166,0.4774019420146942,1
7228,recon_00006.tiff,120995,1,cnn3,4,0.047851402312517166,0.9521486163139343,1,0.9521486163139343,0.45214858651161194,1
7369,recon_00006.tiff,126304,1,cnn3,4,0.24495607614517212,0.7550439238548279,1,0.7550439238548279,0.2550439238548279,1
7478,recon_00006.tiff,129934,2,cnn3,4,0.9964095950126648,0.003590404987335205,2,0.9964095950126648,0.4964095950126648,1
7561,recon_00006.tiff,132457,2,cnn3,4,0.9535697102546692,0.04643028974533081,2,0.9535697102546692,0.4535697102546692,1
8328,recon_00006.tiff,150840,2,cnn3,4,0.9810740351676941,0.018925964832305908,2,0.9810740351676941,0.4810740351676941,1
8557,recon_00006.tiff,157170,2,cnn3,4,0.9908522963523865,0.009147703647613525,2,0.9908522963523865,0.4908522963523865,1
8607,recon_00006.tiff,158539,2,cnn3,4,0.7594316005706787,0.2405683994293213,2,0.7594316005706787,0.2594316005706787,1
8739,recon_00006.tiff,161490,2,cnn3,4,0.8282250761985779,0.17177492380142212,2,0.8282250761985779,0.3282250761985779,1
8899,recon_00006.tiff,165860,2,cnn3,4,0.9685400724411011,0.031459927558898926,2,0.9685400724411011,0.4685400724411011,1
8949,recon_00006.tiff,166942,2,cnn3,4,0.9576879143714905,0.04231208562850952,2,0.9576879143714905,0.4576879143714905,1
12972,recon_00006.tiff,254812,2,cnn3,4,0.8546192049980164,0.14538079500198364,2,0.8546192049980164,0.35461920499801636,1
13409,recon_00006.tiff,263664,1,cnn3,4,0.7841575145721436,0.21584248542785645,2,0.7841575145721436,0.28415751457214355,0
13469,recon_00006.tiff,264927,1,cnn3,4,0.010510855354368687,0.9894891381263733,1,0.9894891381263733,0.4894891381263733,1
13506,recon_00006.tiff,265426,2,cnn3,4,0.986687183380127,0.013312816619873047,2,0.986687183380127,0.48668718338012695,1
13724,recon_00006.tiff,268584,2,cnn3,4,0.9766630530357361,0.023336946964263916,2,0.9766630530357361,0.4766630530357361,1
13727,recon_00006.tiff,268638,2,cnn3,4,0.9724133014678955,0.027586698532104492,2,0.9724133014678955,0.4724133014678955,1
13755,recon_00006.tiff,269115,2,cnn3,4,0.9952568411827087,0.00474315881729126,2,0.9952568411827087,0.49525684118270874,1
13763,recon_00006.tiff,269194,2,cnn3,4,0.9884918928146362,0.01150810718536377,2,0.9884918928146362,0.48849189281463623,1
13792,recon_00006.tiff,269489,2,cnn3,4,0.9866712689399719,0.013328731060028076,2,0.9866712689399719,0.4866712689399719,1
13808,recon_00006.tiff,269728,1,cnn3,4,0.0791667029261589,0.9208332896232605,1,0.9208332896232605,0.4208332896232605,1
13858,recon_00006.tiff,270534,1,cnn3,4,0.11660143733024597,0.8833985328674316,1,0.8833985328674316,0.38339856266975403,1
13867,recon_00006.tiff,270655,2,cnn3,4,0.9913074374198914,0.008692562580108643,2,0.9913074374198914,0.49130743741989136,1
13872,recon_00006.tiff,270796,1,cnn3,4,0.031304873526096344,0.9686951041221619,1,0.9686951041221619,0.46869513392448425,1
13875,recon_00006.tiff,270799,2,cnn3,4,0.8174074292182922,0.18259257078170776,2,0.8174074292182922,0.31740742921829224,1
13891,recon_00006.tiff,271380,1,cnn3,4,0.038741592317819595,0.9612584114074707,1,0.9612584114074707,0.4612584114074707,1
14319,recon_00006.tiff,282372,1,cnn3,4,0.03171990439295769,0.9682800769805908,1,0.9682800769805908,0.4682801067829132,1
0,recon_00006.tiff,0,1,random_forest,5,0.14879285714285714,0.8512071428571428,1,0.8512071428571428,0.35120714285714283,1
1,recon_00006.tiff,38,1,random_forest,5,0.11309999999999999,0.8869,1,0.8869,0.3869,1
3711,recon_00006.tiff,55011,1,random_forest,5,0.002428571428571429,0.9975714285714286,1,0.9975714285714286,0.49757142857142855,1
3875,recon_00006.tiff,57491,1,random_forest,5,0.026899999999999993,0.9731,1,0.9731,0.4731,1
3928,recon_00006.tiff,58291,1,random_forest,5,0.009666666666666665,0.9903333333333333,1,0.9903333333333333,0.49033333333333334,1
4003,recon_00006.tiff,59420,1,random_forest,5,0.0,1.0,1,1.0,0.5,1
4047,recon_00006.tiff,59914,1,random_forest,5,0.0,1.0,1,1.0,0.5,1
5097,recon_00006.tiff,79143,1,random_forest,5,0.0,1.0,1,1.0,0.5,1
5123,recon_00006.tiff,79578,1,random_forest,5,0.0013333333333333333,0.9986666666666667,1,0.9986666666666667,0.49866666666666665,1
5134,recon_00006.tiff,79801,1,random_forest,5,0.001,0.999,1,0.999,0.499,1
6220,recon_00006.tiff,101362,2,random_forest,5,0.9134380952380953,0.08656190476190473,2,0.9134380952380953,0.41343809523809527,1
6222,recon_00006.tiff,101364,2,random_forest,5,0.6996261904761908,0.3003738095238092,2,0.6996261904761908,0.1996261904761908,1
6302,recon_00006.tiff,103440,1,random_forest,5,0.006,0.994,1,0.994,0.494,1
6363,recon_00006.tiff,104725,2,random_forest,5,0.7194761904761905,0.2805238095238095,2,0.7194761904761905,0.2194761904761905,1
6426,recon_00006.tiff,106355,2,random_forest,5,0.9487714285714286,0.0512285714285714,2,0.9487714285714286,0.4487714285714286,1
6545,recon_00006.tiff,108578,2,random_forest,5,0.9881333333333333,0.011866666666666692,2,0.9881333333333333,0.4881333333333333,1
6546,recon_00006.tiff,108579,1,random_forest,5,0.0035,0.9965,1,0.9965,0.4965,1
6561,recon_00006.tiff,108901,1,random_forest,5,0.0026666666666666666,0.9973333333333333,1,0.9973333333333333,0.49733333333333335,1
6564,recon_00006.tiff,108922,2,random_forest,5,0.4750087301587299,0.5249912698412701,1,0.5249912698412701,0.024991269841270092,0
6588,recon_00006.tiff,109290,2,random_forest,5,0.8444619047619046,0.15553809523809536,2,0.8444619047619046,0.34446190476190464,1
6589,recon_00006.tiff,109292,1,random_forest,5,0.15133333333333332,0.8486666666666667,1,0.8486666666666667,0.3486666666666667,1
6665,recon_00006.tiff,110567,1,random_forest,5,0.0013333333333333333,0.9986666666666667,1,0.9986666666666667,0.49866666666666665,1
6704,recon_00006.tiff,111140,1,random_forest,5,0.11033333333333332,0.8896666666666667,1,0.8896666666666667,0.38966666666666666,1
6745,recon_00006.tiff,111844,2,random_forest,5,0.9985,0.0014999999999999458,2,0.9985,0.49850000000000005,1
6824,recon_00006.tiff,112974,2,random_forest,5,0.9885,0.011499999999999955,2,0.9885,0.48850000000000005,1
6907,recon_00006.tiff,114040,1,random_forest,5,0.011333333333333332,0.9886666666666667,1,0.9886666666666667,0.4886666666666667,1
7162,recon_00006.tiff,119453,1,random_forest,5,0.1551333333333333,0.8448666666666667,1,0.8448666666666667,0.3448666666666667,1
7172,recon_00006.tiff,119669,1,random_forest,5,0.0,1.0,1,1.0,0.5,1
7213,recon_00006.tiff,120515,1,random_forest,5,0.0,1.0,1,1.0,0.5,1
7255,recon_00006.tiff,121588,1,random_forest,5,0.0135,0.9865,1,0.9865,0.4865,1
7422,recon_00006.tiff,128055,1,random_forest,5,0.05663333333333334,0.9433666666666667,1,0.9433666666666667,0.4433666666666667,1
7434,recon_00006.tiff,128630,1,random_forest,5,0.007166666666666667,0.9928333333333333,1,0.9928333333333333,0.49283333333333335,1
7467,recon_00006.tiff,129589,2,random_forest,5,0.9933666666666666,0.00663333333333338,2,0.9933666666666666,0.4933666666666666,1
7547,recon_00006.tiff,131827,1,random_forest,5,0.0091,0.9909,1,0.9909,0.4909,1
7556,recon_00006.tiff,132233,1,random_forest,5,0.011766666666666668,0.9882333333333333,1,0.9882333333333333,0.48823333333333335,1
8047,recon_00006.tiff,144557,2,random_forest,5,0.8977571428571431,0.10224285714285686,2,0.8977571428571431,0.39775714285714314,1
8287,recon_00006.tiff,149680,2,random_forest,5,1.0,0.0,2,1.0,0.5,1
8291,recon_00006.tiff,149788,2,random_forest,5,0.8990666666666667,0.10093333333333332,2,0.8990666666666667,0.3990666666666667,1
8298,recon_00006.tiff,150027,2,random_forest,5,0.9214,0.0786,2,0.9214,0.4214,1
8301,recon_00006.tiff,150130,2,random_forest,5,0.998,0.0020000000000000018,2,0.998,0.498,1
8304,recon_00006.tiff,150254,2,random_forest,5,0.8794714285714287,0.12052857142857132,2,0.8794714285714287,0.3794714285714287,1
8505,recon_00006.tiff,156016,2,random_forest,5,1.0,0.0,2,1.0,0.5,1
8506,recon_00006.tiff,156017,2,random_forest,5,0.8935047619047618,0.1064952380952382,2,0.8935047619047618,0.3935047619047618,1
8559,recon_00006.tiff,157175,2,random_forest,5,0.9218857142857144,0.07811428571428558,2,0.9218857142857144,0.4218857142857144,1
8924,recon_00006.tiff,166360,2,random_forest,5,0.9659333333333333,0.03406666666666669,2,0.9659333333333333,0.4659333333333333,1
8959,recon_00006.tiff,167319,2,random_forest,5,0.9129666666666667,0.0870333333333333,2,0.9129666666666667,0.4129666666666667,1
13063,recon_00006.tiff,257444,2,random_forest,5,0.8769380952380952,0.12306190476190482,2,0.8769380952380952,0.3769380952380952,1
13408,recon_00006.tiff,263663,1,random_forest,5,0.7024,0.2976,2,0.7024,0.20240000000000002,0
13439,recon_00006.tiff,264370,1,random_forest,5,0.6652261904761906,0.3347738095238094,2,0.6652261904761906,0.16522619047619058,0
13499,recon_00006.tiff,265358,1,random_forest,5,0.04433333333333333,0.9556666666666667,1,0.9556666666666667,0.45566666666666666,1
13505,recon_00006.tiff,265424,1,random_forest,5,0.0,1.0,1,1.0,0.5,1
13687,recon_00006.tiff,267822,2,random_forest,5,0.998,0.0020000000000000018,2,0.998,0.498,1
13713,recon_00006.tiff,268338,1,random_forest,5,0.013499999999999998,0.9865,1,0.9865,0.4865,1
13790,recon_00006.tiff,269487,1,random_forest,5,0.0325,0.9675,1,0.9675,0.4675,1
13791,recon_00006.tiff,269488,1,random_forest,5,0.036033333333333334,0.9639666666666666,1,0.9639666666666666,0.46396666666666664,1
13810,recon_00006.tiff,269730,2,random_forest,5,0.999,0.0010000000000000009,2,0.999,0.499,1
13823,recon_00006.tiff,269883,2,random_forest,5,1.0,0.0,2,1.0,0.5,1
13827,recon_00006.tiff,269954,2,random_forest,5,0.995,0.0050000000000000044,2,0.995,0.495,1
13830,recon_00006.tiff,270026,1,random_forest,5,0.020666666666666663,0.9793333333333334,1,0.9793333333333334,0.47933333333333333,1
13840,recon_00006.tiff,270182,2,random_forest,5,0.998,0.0020000000000000018,2,0.998,0.498,1
13844,recon_00006.tiff,270254,1,random_forest,5,0.0046,0.9954,1,0.9954,0.4954,1
13848,recon_00006.tiff,270323,2,random_forest,5,1.0,0.0,2,1.0,0.5,1
13862,recon_00006.tiff,270597,2,random_forest,5,1.0,0.0,2,1.0,0.5,1
13873,recon_00006.tiff,270797,1,random_forest,5,0.0036666666666666666,0.9963333333333333,1,0.9963333333333333,0.49633333333333335,1
13876,recon_00006.tiff,270877,2,random_forest,5,1.0,0.0,2,1.0,0.5,1
13879,recon_00006.tiff,271021,2,random_forest,5,1.0,0.0,2,1.0,0.5,1
14320,recon_00006.tiff,282549,1,random_forest,5,0.006999999999999999,0.993,1,0.993,0.493,1
14334,recon_00006.tiff,289952,1,random_forest,5,0.05886666666666666,0.9411333333333334,1,0.9411333333333334,0.4411333333333333,1
0,recon_00006.tiff,0,1,dense_fc,5,0.5384997129440308,0.46150028705596924,2,0.5384997129440308,0.03849971294403076,0
1,recon_00006.tiff,38,1,dense_fc,5,0.4909890294075012,0.5090109705924988,1,0.5090109705924988,0.00901097059249878,1
3711,recon_00006.tiff,55011,1,dense_fc,5,0.3082456886768341,0.6917543411254883,1,0.6917543411254883,0.1917543113231659,1
3875,recon_00006.tiff,57491,1,dense_fc,5,0.30843955278396606,0.6915604472160339,1,0.6915604472160339,0.19156044721603394,1
3928,recon_00006.tiff,58291,1,dense_fc,5,0.34272804856300354,0.6572719812393188,1,0.6572719812393188,0.15727195143699646,1
4003,recon_00006.tiff,59420,1,dense_fc,5,0.3388414978981018,0.6611585021018982,1,0.6611585021018982,0.1611585021018982,1
4047,recon_00006.tiff,59914,1,dense_fc,5,0.30949336290359497,0.690506637096405,1,0.690506637096405,0.19050663709640503,1
5097,recon_00006.tiff,79143,1,dense_fc,5,0.314115971326828,0.6858839988708496,1,0.6858839988708496,0.185884028673172,1
5123,recon_00006.tiff,79578,1,dense_fc,5,0.3345125615596771,0.6654874086380005,1,0.6654874086380005,0.16548743844032288,1
5134,recon_00006.tiff,79801,1,dense_fc,5,0.29570305347442627,0.7042969465255737,1,0.7042969465255737,0.20429694652557373,1
6220,recon_00006.tiff,101362,2,dense_fc,5,0.5416883826255798,0.45831161737442017,2,0.5416883826255798,0.041688382625579834,1
6222,recon_00006.tiff,101364,2,dense_fc,5,0.6242677569389343,0.3757322430610657,2,0.6242677569389343,0.12426775693893433,1
6302,recon_00006.tiff,103440,1,dense_fc,5,0.1988108903169632,0.801189124584198,1,0.801189124584198,0.301189124584198,1
6363,recon_00006.tiff,104725,2,dense_fc,5,0.6159418225288391,0.3840581774711609,2,0.6159418225288391,0.11594182252883911,1
6426,recon_00006.tiff,106355,2,dense_fc,5,0.563274085521698,0.436725914478302,2,0.563274085521698,0.063274085521698,1
6545,recon_00006.tiff,108578,2,dense_fc,5,0.5778720378875732,0.42212796211242676,2,0.5778720378875732,0.07787203788757324,1
6546,recon_00006.tiff,108579,1,dense_fc,5,0.41952529549598694,0.5804747343063354,1,0.5804747343063354,0.08047470450401306,1
6561,recon_00006.tiff,108901,1,dense_fc,5,0.2804202437400818,0.7195797562599182,1,0.7195797562599182,0.2195797562599182,1
6564,recon_00006.tiff,108922,2,dense_fc,5,0.5327454805374146,0.46725451946258545,2,0.5327454805374146,0.03274548053741455,1
6588,recon_00006.tiff,109290,2,dense_fc,5,0.544295608997345,0.45570439100265503,2,0.544295608997345,0.04429560899734497,1
6589,recon_00006.tiff,109292,1,dense_fc,5,0.45269477367401123,0.5473052263259888,1,0.5473052263259888,0.04730522632598877,1
6665,recon_00006.tiff,110567,1,dense_fc,5,0.32307785749435425,0.6769221425056458,1,0.6769221425056458,0.17692214250564575,1
6704,recon_00006.tiff,111140,1,dense_fc,5,0.4144999086856842,0.5855001211166382,1,0.5855001211166382,0.0855000913143158,1
6745,recon_00006.tiff,111844,2,dense_fc,5,0.6216749548912048,0.37832504510879517,2,0.6216749548912048,0.12167495489120483,1
6824,recon_00006.tiff,112974,2,dense_fc,5,0.6138232350349426,0.3861767649650574,2,0.6138232350349426,0.11382323503494263,1
6907,recon_00006.tiff,114040,1,dense_fc,5,0.4006117582321167,0.5993882417678833,1,0.5993882417678833,0.0993882417678833,1
7162,recon_00006.tiff,119453,1,dense_fc,5,0.4806603491306305,0.5193396806716919,1,0.5193396806716919,0.019339650869369507,1
7172,recon_00006.tiff,119669,1,dense_fc,5,0.36919358372688293,0.6308064460754395,1,0.6308064460754395,0.13080641627311707,1
7213,recon_00006.tiff,120515,1,dense_fc,5,0.38353806734085083,0.6164619326591492,1,0.6164619326591492,0.11646193265914917,1
7255,recon_00006.tiff,121588,1,dense_fc,5,0.42929139733314514,0.5707086324691772,1,0.5707086324691772,0.07070860266685486,1
7422,recon_00006.tiff,128055,1,dense_fc,5,0.4736364781856537,0.5263634920120239,1,0.5263634920120239,0.026363521814346313,1
7434,recon_00006.tiff,128630,1,dense_fc,5,0.47615814208984375,0.5238418579101562,1,0.5238418579101562,0.02384185791015625,1
7467,recon_00006.tiff,129589,2,dense_fc,5,0.68666672706604,0.31333327293395996,2,0.68666672706604,0.18666672706604004,1
7547,recon_00006.tiff,131827,1,dense_fc,5,0.4367245137691498,0.5632754564285278,1,0.5632754564285278,0.06327548623085022,1
7556,recon_00006.tiff,132233,1,dense_fc,5,0.3987671732902527,0.6012328267097473,1,0.6012328267097473,0.10123282670974731,1
8047,recon_00006.tiff,144557,2,dense_fc,5,0.5432931184768677,0.4567068815231323,2,0.5432931184768677,0.043293118476867676,1
8287,recon_00006.tiff,149680,2,dense_fc,5,0.6751300096511841,0.3248699903488159,2,0.6751300096511841,0.17513000965118408,1
8291,recon_00006.tiff,149788,2,dense_fc,5,0.6352076530456543,0.3647923469543457,2,0.6352076530456543,0.1352076530456543,1
8298,recon_00006.tiff,150027,2,dense_fc,5,0.5625893473625183,0.4374106526374817,2,0.5625893473625183,0.06258934736251831,1
8301,recon_00006.tiff,150130,2,dense_fc,5,0.6225526928901672,0.37744730710983276,2,0.6225526928901672,0.12255269289016724,1
8304,recon_00006.tiff,150254,2,dense_fc,5,0.524224042892456,0.47577595710754395,2,0.524224042892456,0.024224042892456055,1
8505,recon_00006.tiff,156016,2,dense_fc,5,0.6102837920188904,0.3897162079811096,2,0.6102837920188904,0.11028379201889038,1
8506,recon_00006.tiff,156017,2,dense_fc,5,0.5575571656227112,0.4424428343772888,2,0.5575571656227112,0.05755716562271118,1
8559,recon_00006.tiff,157175,2,dense_fc,5,0.5398697257041931,0.4601302742958069,2,0.5398697257041931,0.039869725704193115,1
8924,recon_00006.tiff,166360,2,dense_fc,5,0.5781424641609192,0.4218575358390808,2,0.5781424641609192,0.07814246416091919,1
8959,recon_00006.tiff,167319,2,dense_fc,5,0.6023735404014587,0.39762645959854126,2,0.6023735404014587,0.10237354040145874,1
13063,recon_00006.tiff,257444,2,dense_fc,5,0.5319520831108093,0.4680479168891907,2,0.5319520831108093,0.031952083110809326,1
13408,recon_00006.tiff,263663,1,dense_fc,5,0.620294451713562,0.379705548286438,2,0.620294451713562,0.12029445171356201,0
13439,recon_00006.tiff,264370,1,dense_fc,5,0.5769209861755371,0.4230790138244629,2,0.5769209861755371,0.07692098617553711,0
13499,recon_00006.tiff,265358,1,dense_fc,5,0.37851542234420776,0.6214845776557922,1,0.6214845776557922,0.12148457765579224,1
13505,recon_00006.tiff,265424,1,dense_fc,5,0.3601935803890228,0.6398063898086548,1,0.6398063898086548,0.13980641961097717,1
13687,recon_00006.tiff,267822,2,dense_fc,5,0.6231192350387573,0.3768807649612427,2,0.6231192350387573,0.12311923503875732,1
13713,recon_00006.tiff,268338,1,dense_fc,5,0.47285914421081543,0.5271408557891846,1,0.5271408557891846,0.02714085578918457,1
13790,recon_00006.tiff,269487,1,dense_fc,5,0.4838809669017792,0.5161190032958984,1,0.5161190032958984,0.016119033098220825,1
13791,recon_00006.tiff,269488,1,dense_fc,5,0.48658156394958496,0.513418436050415,1,0.513418436050415,0.013418436050415039,1
13810,recon_00006.tiff,269730,2,dense_fc,5,0.6706904172897339,0.3293095827102661,2,0.6706904172897339,0.1706904172897339,1
13823,recon_00006.tiff,269883,2,dense_fc,5,0.6452181935310364,0.3547818064689636,2,0.6452181935310364,0.14521819353103638,1
13827,recon_00006.tiff,269954,2,dense_fc,5,0.6435821652412415,0.35641783475875854,2,0.6435821652412415,0.14358216524124146,1
13830,recon_00006.tiff,270026,1,dense_fc,5,0.49191969633102417,0.5080803036689758,1,0.5080803036689758,0.00808030366897583,1
13840,recon_00006.tiff,270182,2,dense_fc,5,0.634272038936615,0.365727961063385,2,0.634272038936615,0.134272038936615,1
13844,recon_00006.tiff,270254,1,dense_fc,5,0.43815773725509644,0.5618422627449036,1,0.5618422627449036,0.061842262744903564,1
13848,recon_00006.tiff,270323,2,dense_fc,5,0.650691568851471,0.34930843114852905,2,0.650691568851471,0.15069156885147095,1
13862,recon_00006.tiff,270597,2,dense_fc,5,0.6832089424133301,0.3167910575866699,2,0.6832089424133301,0.18320894241333008,1
13873,recon_00006.tiff,270797,1,dense_fc,5,0.4681195318698883,0.5318804979324341,1,0.5318804979324341,0.031880468130111694,1
13876,recon_00006.tiff,270877,2,dense_fc,5,0.6509588956832886,0.3490411043167114,2,0.6509588956832886,0.15095889568328857,1
13879,recon_00006.tiff,271021,2,dense_fc,5,0.6594821810722351,0.3405178189277649,2,0.6594821810722351,0.1594821810722351,1
14320,recon_00006.tiff,282549,1,dense_fc,5,0.4979373812675476,0.5020626187324524,1,0.5020626187324524,0.0020626187324523926,1
14334,recon_00006.tiff,289952,1,dense_fc,5,0.5153892636299133,0.48461073637008667,2,0.5153892636299133,0.01538926362991333,0
0,recon_00006.tiff,0,1,cnn2,5,0.061157841235399246,0.9388421773910522,1,0.9388421773910522,0.43884214758872986,1
1,recon_00006.tiff,38,1,cnn2,5,0.42734384536743164,0.5726561546325684,1,0.5726561546325684,0.07265615463256836,1
3711,recon_00006.tiff,55011,1,cnn2,5,0.07032594829797745,0.9296740293502808,1,0.9296740293502808,0.42967405915260315,1
3875,recon_00006.tiff,57491,1,cnn2,5,0.07441447675228119,0.9255855083465576,1,0.9255855083465576,0.4255855083465576,1
3928,recon_00006.tiff,58291,1,cnn2,5,0.017393307760357857,0.9826067090034485,1,0.9826067090034485,0.4826066792011261,1
4003,recon_00006.tiff,59420,1,cnn2,5,0.2859160006046295,0.7140840291976929,1,0.7140840291976929,0.21408399939537048,1
4047,recon_00006.tiff,59914,1,cnn2,5,0.15108804404735565,0.8489119410514832,1,0.8489119410514832,0.34891194105148315,1
5097,recon_00006.tiff,79143,1,cnn2,5,0.08857373893260956,0.9114262461662292,1,0.9114262461662292,0.41142624616622925,1
5123,recon_00006.tiff,79578,1,cnn2,5,0.08963428437709808,0.9103657007217407,1,0.9103657007217407,0.4103657007217407,1
5134,recon_00006.tiff,79801,1,cnn2,5,0.08938268572092056,0.9106172919273376,1,0.9106172919273376,0.41061732172966003,1
6220,recon_00006.tiff,101362,2,cnn2,5,0.7308613061904907,0.2691386938095093,2,0.7308613061904907,0.23086130619049072,1
6222,recon_00006.tiff,101364,2,cnn2,5,0.628376305103302,0.371623694896698,2,0.628376305103302,0.128376305103302,1
6302,recon_00006.tiff,103440,1,cnn2,5,0.0003464616311248392,0.9996535181999207,1,0.9996535181999207,0.49965354800224304,1
6363,recon_00006.tiff,104725,2,cnn2,5,0.5405040383338928,0.4594959616661072,2,0.5405040383338928,0.04050403833389282,1
6426,recon_00006.tiff,106355,2,cnn2,5,0.7762370705604553,0.22376292943954468,2,0.7762370705604553,0.2762370705604553,1
6545,recon_00006.tiff,108578,2,cnn2,5,0.7585220336914062,0.24147796630859375,2,0.7585220336914062,0.25852203369140625,1
6546,recon_00006.tiff,108579,1,cnn2,5,0.40906772017478943,0.5909322500228882,1,0.5909322500228882,0.09093227982521057,1
6561,recon_00006.tiff,108901,1,cnn2,5,0.06203899160027504,0.9379609823226929,1,0.9379609823226929,0.43796101212501526,1
6564,recon_00006.tiff,108922,2,cnn2,5,0.4324508309364319,0.5675491690635681,1,0.5675491690635681,0.06754916906356812,0
6588,recon_00006.tiff,109290,2,cnn2,5,0.8447117805480957,0.1552882194519043,2,0.8447117805480957,0.3447117805480957,1
6589,recon_00006.tiff,109292,1,cnn2,5,0.40541309118270874,0.5945869088172913,1,0.5945869088172913,0.09458690881729126,1
6665,recon_00006.tiff,110567,1,cnn2,5,0.1435413658618927,0.8564586639404297,1,0.8564586639404297,0.3564586341381073,1
6704,recon_00006.tiff,111140,1,cnn2,5,0.2074396312236786,0.792560338973999,1,0.792560338973999,0.2925603687763214,1
6745,recon_00006.tiff,111844,2,cnn2,5,0.9154818654060364,0.08451813459396362,2,0.9154818654060364,0.4154818654060364,1
6824,recon_00006.tiff,112974,2,cnn2,5,0.9068647623062134,0.09313523769378662,2,0.9068647623062134,0.4068647623062134,1
6907,recon_00006.tiff,114040,1,cnn2,5,0.24778428673744202,0.7522157430648804,1,0.7522157430648804,0.252215713262558,1
7162,recon_00006.tiff,119453,1,cnn2,5,0.5038958787918091,0.4961041212081909,2,0.5038958787918091,0.003895878791809082,0
7172,recon_00006.tiff,119669,1,cnn2,5,0.42755642533302307,0.5724436044692993,1,0.5724436044692993,0.07244357466697693,1
7213,recon_00006.tiff,120515,1,cnn2,5,0.30491310358047485,0.6950868964195251,1,0.6950868964195251,0.19508689641952515,1
7255,recon_00006.tiff,121588,1,cnn2,5,0.3577929437160492,0.6422070264816284,1,0.6422070264816284,0.1422070562839508,1
7422,recon_00006.tiff,128055,1,cnn2,5,0.08739599585533142,0.9126039743423462,1,0.9126039743423462,0.4126040041446686,1
7434,recon_00006.tiff,128630,1,cnn2,5,0.11236834526062012,0.8876316547393799,1,0.8876316547393799,0.3876316547393799,1
7467,recon_00006.tiff,129589,2,cnn2,5,0.5306625366210938,0.46933746337890625,2,0.5306625366210938,0.03066253662109375,1
7547,recon_00006.tiff,131827,1,cnn2,5,0.2065812051296234,0.7934187650680542,1,0.7934187650680542,0.2934187948703766,1
7556,recon_00006.tiff,132233,1,cnn2,5,0.2293730527162552,0.770626962184906,1,0.770626962184906,0.270626962184906,1
8047,recon_00006.tiff,144557,2,cnn2,5,0.10570909827947617,0.8942909240722656,1,0.8942909240722656,0.39429089426994324,0
8287,recon_00006.tiff,149680,2,cnn2,5,0.8813369870185852,0.1186630129814148,2,0.8813369870185852,0.3813369870185852,1
8291,recon_00006.tiff,149788,2,cnn2,5,0.8580202460289001,0.14197975397109985,2,0.8580202460289001,0.35802024602890015,1
8298,recon_00006.tiff,150027,2,cnn2,5,0.6945831775665283,0.3054168224334717,2,0.6945831775665283,0.19458317756652832,1
8301,recon_00006.tiff,150130,2,cnn2,5,0.9095279574394226,0.09047204256057739,2,0.9095279574394226,0.4095279574394226,1
8304,recon_00006.tiff,150254,2,cnn2,5,0.36643558740615845,0.6335644125938416,1,0.6335644125938416,0.13356441259384155,0
8505,recon_00006.tiff,156016,2,cnn2,5,0.7637153267860413,0.23628467321395874,2,0.7637153267860413,0.26371532678604126,1
8506,recon_00006.tiff,156017,2,cnn2,5,0.8474907875061035,0.15250921249389648,2,0.8474907875061035,0.3474907875061035,1
8559,recon_00006.tiff,157175,2,cnn2,5,0.7603371143341064,0.23966288566589355,2,0.7603371143341064,0.26033711433410645,1
8924,recon_00006.tiff,166360,2,cnn2,5,0.7641274333000183,0.2358725666999817,2,0.7641274333000183,0.2641274333000183,1
8959,recon_00006.tiff,167319,2,cnn2,5,0.7263603806495667,0.27363961935043335,2,0.7263603806495667,0.22636038064956665,1
13063,recon_00006.tiff,257444,2,cnn2,5,0.7632690072059631,0.23673099279403687,2,0.7632690072059631,0.26326900720596313,1
13408,recon_00006.tiff,263663,1,cnn2,5,0.7636679410934448,0.23633205890655518,2,0.7636679410934448,0.2636679410934448,0
13439,recon_00006.tiff,264370,1,cnn2,5,0.8838959336280823,0.11610406637191772,2,0.8838959336280823,0.3838959336280823,0
13499,recon_00006.tiff,265358,1,cnn2,5,0.305684894323349,0.6943150758743286,1,0.6943150758743286,0.194315105676651,1
13505,recon_00006.tiff,265424,1,cnn2,5,0.43765923380851746,0.5623407363891602,1,0.5623407363891602,0.062340766191482544,1
13687,recon_00006.tiff,267822,2,cnn2,5,0.6408456563949585,0.3591543436050415,2,0.6408456563949585,0.1408456563949585,1
13713,recon_00006.tiff,268338,1,cnn2,5,0.19189193844795227,0.8081080913543701,1,0.8081080913543701,0.30810806155204773,1
13790,recon_00006.tiff,269487,1,cnn2,5,0.20146092772483826,0.7985390424728394,1,0.7985390424728394,0.29853907227516174,1
13791,recon_00006.tiff,269488,1,cnn2,5,0.26564091444015503,0.734359085559845,1,0.734359085559845,0.23435908555984497,1
13810,recon_00006.tiff,269730,2,cnn2,5,0.8215369582176208,0.17846304178237915,2,0.8215369582176208,0.32153695821762085,1
13823,recon_00006.tiff,269883,2,cnn2,5,0.8044589161872864,0.19554108381271362,2,0.8044589161872864,0.3044589161872864,1
13827,recon_00006.tiff,269954,2,cnn2,5,0.7447412014007568,0.25525879859924316,2,0.7447412014007568,0.24474120140075684,1
13830,recon_00006.tiff,270026,1,cnn2,5,0.22070980072021484,0.7792901992797852,1,0.7792901992797852,0.27929019927978516,1
13840,recon_00006.tiff,270182,2,cnn2,5,0.6628320813179016,0.3371679186820984,2,0.6628320813179016,0.1628320813179016,1
13844,recon_00006.tiff,270254,1,cnn2,5,0.19881665706634521,0.8011833429336548,1,0.8011833429336548,0.3011833429336548,1
13848,recon_00006.tiff,270323,2,cnn2,5,0.721118152141571,0.27888184785842896,2,0.721118152141571,0.22111815214157104,1
13862,recon_00006.tiff,270597,2,cnn2,5,0.7201279997825623,0.27987200021743774,2,0.7201279997825623,0.22012799978256226,1
13873,recon_00006.tiff,270797,1,cnn2,5,0.2723116874694824,0.7276883125305176,1,0.7276883125305176,0.22768831253051758,1
13876,recon_00006.tiff,270877,2,cnn2,5,0.6739919781684875,0.32600802183151245,2,0.6739919781684875,0.17399197816848755,1
13879,recon_00006.tiff,271021,2,cnn2,5,0.8010092377662659,0.19899076223373413,2,0.8010092377662659,0.30100923776626587,1
14320,recon_00006.tiff,282549,1,cnn2,5,0.09891528636217117,0.9010847210884094,1,0.9010847210884094,0.4010847210884094,1
14334,recon_00006.tiff,289952,1,cnn2,5,0.16338735818862915,0.8366126418113708,1,0.8366126418113708,0.33661264181137085,1
0,recon_00006.tiff,0,1,cnn3,5,0.285317987203598,0.7146819829940796,1,0.7146819829940796,0.21468201279640198,1
1,recon_00006.tiff,38,1,cnn3,5,0.4965495467185974,0.5034504532814026,1,0.5034504532814026,0.003450453281402588,1
3711,recon_00006.tiff,55011,1,cnn3,5,0.1373320072889328,0.862667977809906,1,0.862667977809906,0.362667977809906,1
3875,recon_00006.tiff,57491,1,cnn3,5,0.2187962383031845,0.7812037467956543,1,0.7812037467956543,0.2812037467956543,1
3928,recon_00006.tiff,58291,1,cnn3,5,0.05412792041897774,0.9458720684051514,1,0.9458720684051514,0.44587206840515137,1
4003,recon_00006.tiff,59420,1,cnn3,5,0.2613978087902069,0.7386021614074707,1,0.7386021614074707,0.2386021912097931,1
4047,recon_00006.tiff,59914,1,cnn3,5,0.19637498259544373,0.8036249876022339,1,0.8036249876022339,0.3036250174045563,1
5097,recon_00006.tiff,79143,1,cnn3,5,0.22983376681804657,0.7701662182807922,1,0.7701662182807922,0.27016621828079224,1
5123,recon_00006.tiff,79578,1,cnn3,5,0.19899755716323853,0.8010024428367615,1,0.8010024428367615,0.3010024428367615,1
5134,recon_00006.tiff,79801,1,cnn3,5,0.18983575701713562,0.810164213180542,1,0.810164213180542,0.3101642429828644,1
6220,recon_00006.tiff,101362,2,cnn3,5,0.7615752220153809,0.23842477798461914,2,0.7615752220153809,0.26157522201538086,1
6222,recon_00006.tiff,101364,2,cnn3,5,0.8449315428733826,0.15506845712661743,2,0.8449315428733826,0.34493154287338257,1
6302,recon_00006.tiff,103440,1,cnn3,5,0.015172068029642105,0.9848279356956482,1,0.9848279356956482,0.4848279356956482,1
6363,recon_00006.tiff,104725,2,cnn3,5,0.7963864803314209,0.2036135196685791,2,0.7963864803314209,0.2963864803314209,1
6426,recon_00006.tiff,106355,2,cnn3,5,0.8007297515869141,0.19927024841308594,2,0.8007297515869141,0.30072975158691406,1
6545,recon_00006.tiff,108578,2,cnn3,5,0.8224153518676758,0.17758464813232422,2,0.8224153518676758,0.3224153518676758,1
6546,recon_00006.tiff,108579,1,cnn3,5,0.39802658557891846,0.6019734144210815,1,0.6019734144210815,0.10197341442108154,1
6561,recon_00006.tiff,108901,1,cnn3,5,0.25217270851135254,0.7478272914886475,1,0.7478272914886475,0.24782729148864746,1
6564,recon_00006.tiff,108922,2,cnn3,5,0.4137081801891327,0.5862917900085449,1,0.5862917900085449,0.08629181981086731,0
6588,recon_00006.tiff,109290,2,cnn3,5,0.7534018158912659,0.24659818410873413,2,0.7534018158912659,0.25340181589126587,1
6589,recon_00006.tiff,109292,1,cnn3,5,0.3955605626106262,0.6044394373893738,1,0.6044394373893738,0.10443943738937378,1
6665,recon_00006.tiff,110567,1,cnn3,5,0.18988840281963348,0.8101115822792053,1,0.8101115822792053,0.3101115822792053,1
6704,recon_00006.tiff,111140,1,cnn3,5,0.22139298915863037,0.7786070108413696,1,0.7786070108413696,0.27860701084136963,1
6745,recon_00006.tiff,111844,2,cnn3,5,0.9485098719596863,0.05149012804031372,2,0.9485098719596863,0.4485098719596863,1
6824,recon_00006.tiff,112974,2,cnn3,5,0.9399729371070862,0.06002706289291382,2,0.9399729371070862,0.4399729371070862,1
6907,recon_00006.tiff,114040,1,cnn3,5,0.3632269501686096,0.6367730498313904,1,0.6367730498313904,0.13677304983139038,1
7162,recon_00006.tiff,119453,1,cnn3,5,0.39476868510246277,0.6052312850952148,1,0.6052312850952148,0.10523131489753723,1
7172,recon_00006.tiff,119669,1,cnn3,5,0.2983455955982208,0.7016544342041016,1,0.7016544342041016,0.20165440440177917,1
7213,recon_00006.tiff,120515,1,cnn3,5,0.24501290917396545,0.7549871206283569,1,0.7549871206283569,0.25498709082603455,1
7255,recon_00006.tiff,121588,1,cnn3,5,0.39302706718444824,0.6069729328155518,1,0.6069729328155518,0.10697293281555176,1
7422,recon_00006.tiff,128055,1,cnn3,5,0.08528047055006027,0.9147195219993591,1,0.9147195219993591,0.41471952199935913,1
7434,recon_00006.tiff,128630,1,cnn3,5,0.10299194604158401,0.8970080614089966,1,0.8970080614089966,0.3970080614089966,1
7467,recon_00006.tiff,129589,2,cnn3,5,0.8048825860023499,0.19511741399765015,2,0.8048825860023499,0.30488258600234985,1
7547,recon_00006.tiff,131827,1,cnn3,5,0.18795551359653473,0.8120445013046265,1,0.8120445013046265,0.31204450130462646,1
7556,recon_00006.tiff,132233,1,cnn3,5,0.3175576329231262,0.6824423670768738,1,0.6824423670768738,0.18244236707687378,1
8047,recon_00006.tiff,144557,2,cnn3,5,0.6836567521095276,0.3163432478904724,2,0.6836567521095276,0.1836567521095276,1
8287,recon_00006.tiff,149680,2,cnn3,5,0.9229441285133362,0.07705587148666382,2,0.9229441285133362,0.4229441285133362,1
8291,recon_00006.tiff,149788,2,cnn3,5,0.9301350712776184,0.06986492872238159,2,0.9301350712776184,0.4301350712776184,1
8298,recon_00006.tiff,150027,2,cnn3,5,0.7395281791687012,0.26047182083129883,2,0.7395281791687012,0.23952817916870117,1
8301,recon_00006.tiff,150130,2,cnn3,5,0.9522375464439392,0.04776245355606079,2,0.9522375464439392,0.4522375464439392,1
8304,recon_00006.tiff,150254,2,cnn3,5,0.29801487922668457,0.7019851207733154,1,0.7019851207733154,0.20198512077331543,0
8505,recon_00006.tiff,156016,2,cnn3,5,0.84934401512146,0.15065598487854004,2,0.84934401512146,0.34934401512145996,1
8506,recon_00006.tiff,156017,2,cnn3,5,0.8162739872932434,0.1837260127067566,2,0.8162739872932434,0.3162739872932434,1
8559,recon_00006.tiff,157175,2,cnn3,5,0.8242871761322021,0.17571282386779785,2,0.8242871761322021,0.32428717613220215,1
8924,recon_00006.tiff,166360,2,cnn3,5,0.7997594475746155,0.20024055242538452,2,0.7997594475746155,0.2997594475746155,1
8959,recon_00006.tiff,167319,2,cnn3,5,0.6037670373916626,0.3962329626083374,2,0.6037670373916626,0.1037670373916626,1
13063,recon_00006.tiff,257444,2,cnn3,5,0.8057078719139099,0.1942921280860901,2,0.8057078719139099,0.3057078719139099,1
13408,recon_00006.tiff,263663,1,cnn3,5,0.840376615524292,0.159623384475708,2,0.840376615524292,0.340376615524292,0
13439,recon_00006.tiff,264370,1,cnn3,5,0.8655939698219299,0.13440603017807007,2,0.8655939698219299,0.36559396982192993,0
13499,recon_00006.tiff,265358,1,cnn3,5,0.35723677277565,0.6427632570266724,1,0.6427632570266724,0.14276322722434998,1
13505,recon_00006.tiff,265424,1,cnn3,5,0.38120684027671814,0.6187931299209595,1,0.6187931299209595,0.11879315972328186,1
13687,recon_00006.tiff,267822,2,cnn3,5,0.6808539628982544,0.3191460371017456,2,0.6808539628982544,0.1808539628982544,1
13713,recon_00006.tiff,268338,1,cnn3,5,0.14002662897109985,0.8599733710289001,1,0.8599733710289001,0.35997337102890015,1
13790,recon_00006.tiff,269487,1,cnn3,5,0.15916623175144196,0.8408337831497192,1,0.8408337831497192,0.34083378314971924,1
13791,recon_00006.tiff,269488,1,cnn3,5,0.21560482680797577,0.784395158290863,1,0.784395158290863,0.28439515829086304,1
13810,recon_00006.tiff,269730,2,cnn3,5,0.9067444205284119,0.09325557947158813,2,0.9067444205284119,0.40674442052841187,1
13823,recon_00006.tiff,269883,2,cnn3,5,0.8643878102302551,0.13561218976974487,2,0.8643878102302551,0.3643878102302551,1
13827,recon_00006.tiff,269954,2,cnn3,5,0.8357889652252197,0.16421103477478027,2,0.8357889652252197,0.3357889652252197,1
13830,recon_00006.tiff,270026,1,cnn3,5,0.20933698117733002,0.7906630039215088,1,0.7906630039215088,0.2906630039215088,1
13840,recon_00006.tiff,270182,2,cnn3,5,0.709802508354187,0.290197491645813,2,0.709802508354187,0.209802508354187,1
13844,recon_00006.tiff,270254,1,cnn3,5,0.18496231734752655,0.8150376677513123,1,0.8150376677513123,0.31503766775131226,1
13848,recon_00006.tiff,270323,2,cnn3,5,0.7751922607421875,0.2248077392578125,2,0.7751922607421875,0.2751922607421875,1
13862,recon_00006.tiff,270597,2,cnn3,5,0.7615523934364319,0.23844760656356812,2,0.7615523934364319,0.2615523934364319,1
13873,recon_00006.tiff,270797,1,cnn3,5,0.23765383660793304,0.7623461484909058,1,0.7623461484909058,0.26234614849090576,1
13876,recon_00006.tiff,270877,2,cnn3,5,0.6932581663131714,0.3067418336868286,2,0.6932581663131714,0.1932581663131714,1
13879,recon_00006.tiff,271021,2,cnn3,5,0.8599087595939636,0.14009124040603638,2,0.8599087595939636,0.3599087595939636,1
14320,recon_00006.tiff,282549,1,cnn3,5,0.11563282459974289,0.8843671679496765,1,0.8843671679496765,0.3843671679496765,1
14334,recon_00006.tiff,289952,1,cnn3,5,0.20756500959396362,0.7924349904060364,1,0.7924349904060364,0.2924349904060364,1
