source_row,slice,region_id,class,model,fold,prob_fg,prob_bg,predicted_class,confidence,margin_from_0_5,correct
0,recon_00026.tiff,0,1,random_forest,1,0.13067777777777778,0.8693222222222222,1,0.8693222222222222,0.3693222222222222,1
1396,recon_00026.tiff,19232,2,random_forest,1,0.8323547619047622,0.1676452380952378,2,0.8323547619047622,0.3323547619047622,1
4324,recon_00026.tiff,61342,2,random_forest,1,0.9872000000000001,0.012799999999999923,2,0.9872000000000001,0.4872000000000001,1
4379,recon_00026.tiff,62668,2,random_forest,1,0.9963333333333334,0.003666666666666596,2,0.9963333333333334,0.4963333333333334,1
4851,recon_00026.tiff,73305,1,random_forest,1,0.002,0.998,1,0.998,0.498,1
4964,recon_00026.tiff,75694,1,random_forest,1,0.006,0.994,1,0.994,0.494,1
5050,recon_00026.tiff,77014,2,random_forest,1,0.9605119047619048,0.039488095238095156,2,0.9605119047619048,0.46051190476190484,1
5506,recon_00026.tiff,87524,2,random_forest,1,0.9158261904761905,0.08417380952380948,2,0.9158261904761905,0.4158261904761905,1
5950,recon_00026.tiff,95344,1,random_forest,1,0.03072063492063492,0.9692793650793651,1,0.9692793650793651,0.4692793650793651,1
6026,recon_00026.tiff,97750,2,random_forest,1,0.782902380952381,0.21709761904761904,2,0.782902380952381,0.28290238095238096,1
7943,recon_00026.tiff,158082,2,random_forest,1,1.0,0.0,2,1.0,0.5,1
7955,recon_00026.tiff,158249,1,random_forest,1,0.0,1.0,1,1.0,0.5,1
7963,recon_00026.tiff,158355,2,random_forest,1,0.9956666666666666,0.004333333333333411,2,0.9956666666666666,0.4956666666666666,1
7964,recon_00026.tiff,158356,1,random_forest,1,0.0,1.0,1,1.0,0.5,1
7983,recon_00026.tiff,158732,2,random_forest,1,0.9776000000000001,0.022399999999999864,2,0.9776000000000001,0.47760000000000014,1
7988,recon_00026.tiff,158836,2,random_forest,1,0.993,0.007000000000000006,2,0.993,0.493,1
7989,recon_00026.tiff,158837,1,random_forest,1,0.04248095238095238,0.9575190476190476,1,0.9575190476190476,0.4575190476190476,1
7994,recon_00026.tiff,159037,1,random_forest,1,0.0,1.0,1,1.0,0.5,1
8008,recon_00026.tiff,159307,1,random_forest,1,0.001,0.999,1,0.999,0.499,1
8015,recon_00026.tiff,159417,2,random_forest,1,0.9993333333333334,0.0006666666666665932,2,0.9993333333333334,0.4993333333333334,1
8020,recon_00026.tiff,159510,1,random_forest,1,0.004,0.996,1,0.996,0.496,1
8046,recon_00026.tiff,160428,1,random_forest,1,0.0006666666666666666,0.9993333333333333,1,0.9993333333333333,0.49933333333333335,1
8067,recon_00026.tiff,161094,1,random_forest,1,0.015,0.985,1,0.985,0.485,1
8079,recon_00026.tiff,161379,1,random_forest,1,0.15293968253968254,0.8470603174603175,1,0.8470603174603175,0.34706031746031746,1
8085,recon_00026.tiff,161478,2,random_forest,1,0.9976666666666667,0.0023333333333332984,2,0.9976666666666667,0.4976666666666667,1
8107,recon_00026.tiff,161751,2,random_forest,1,1.0,0.0,2,1.0,0.5,1
8115,recon_00026.tiff,161934,2,random_forest,1,1.0,0.0,2,1.0,0.5,1
8118,recon_00026.tiff,162032,2,random_forest,1,1.0,0.0,2,1.0,0.5,1
8119,recon_00026.tiff,162033,2,random_forest,1,1.0,0.0,2,1.0,0.5,1
8233,recon_00026.tiff,165547,2,random_forest,1,0.9059095238095238,0.09409047619047617,2,0.9059095238095238,0.40590952380952383,1
8713,recon_00026.tiff,181209,2,random_forest,1,0.9995,0.0004999999999999449,2,0.9995,0.49950000000000006,1
8785,recon_00026.tiff,182594,2,random_forest,1,0.9375666666666664,0.06243333333333356,2,0.9375666666666664,0.43756666666666644,1
8817,recon_00026.tiff,183284,2,random_forest,1,0.9692,0.03080000000000005,2,0.9692,0.46919999999999995,1
8983,recon_00026.tiff,187471,1,random_forest,1,0.0,1.0,1,1.0,0.5,1
9011,recon_00026.tiff,187974,1,random_forest,1,0.023999999999999997,0.976,1,0.976,0.476,1
9158,recon_00026.tiff,191321,1,random_forest,1,0.02004285714285714,0.9799571428571429,1,0.9799571428571429,0.47995714285714286,1
9193,recon_00026.tiff,192137,1,random_forest,1,0.0,1.0,1,1.0,0.5,1
9199,recon_00026.tiff,192216,1,random_forest,1,0.0,1.0,1,1.0,0.5,1
9200,recon_00026.tiff,192217,1,random_forest,1,0.0,1.0,1,1.0,0.5,1
9205,recon_00026.tiff,192284,1,random_forest,1,0.002,0.998,1,0.998,0.498,1
9214,recon_00026.tiff,192450,1,random_forest,1,0.003,0.997,1,0.997,0.497,1
9270,recon_00026.tiff,193131,1,random_forest,1,0.0,1.0,1,1.0,0.5,1
9304,recon_00026.tiff,193558,1,random_forest,1,0.005,0.995,1,0.995,0.495,1
9363,recon_00026.tiff,194469,1,random_forest,1,0.0,1.0,1,1.0,0.5,1
9371,recon_00026.tiff,194548,1,random_forest,1,0.0,1.0,1,1.0,0.5,1
9384,recon_00026.tiff,194789,1,random_forest,1,0.0,1.0,1,1.0,0.5,1
9410,recon_00026.tiff,195204,1,random_forest,1,0.0,1.0,1,1.0,0.5,1
9424,recon_00026.tiff,195371,1,random_forest,1,0.004,0.996,1,0.996,0.496,1
9432,recon_00026.tiff,195474,1,random_forest,1,0.0,1.0,1,1.0,0.5,1
9435,recon_00026.tiff,195545,1,random_forest,1,0.0,1.0,1,1.0,0.5,1
9439,recon_00026.tiff,195551,1,random_forest,1,0.05871666666666668,0.9412833333333334,1,0.9412833333333334,0.4412833333333333,1
12680,recon_00100.tiff,17744,1,random_forest,1,0.2179238095238095,0.7820761904761905,1,0.7820761904761905,0.2820761904761905,1
12725,recon_00100.tiff,18158,1,random_forest,1,0.14802857142857143,0.8519714285714286,1,0.8519714285714286,0.3519714285714286,1
14277,recon_00100.tiff,36631,1,random_forest,1,0.18639047619047613,0.8136095238095239,1,0.8136095238095239,0.3136095238095239,1
15220,recon_00100.tiff,48411,1,random_forest,1,0.29159047619047623,0.7084095238095238,1,0.7084095238095238,0.20840952380952377,1
16788,recon_00100.tiff,81460,2,random_forest,1,0.436613492063492,0.563386507936508,1,0.563386507936508,0.06338650793650802,0
17237,recon_00100.tiff,94340,1,random_forest,1,0.2686904761904761,0.731309523809524,1,0.731309523809524,0.2313095238095239,1
17641,recon_00100.tiff,104267,1,random_forest,1,0.045695238095238094,0.9543047619047619,1,0.9543047619047619,0.4543047619047619,1
17692,recon_00100.tiff,105673,1,random_forest,1,0.008333333333333331,0.9916666666666667,1,0.9916666666666667,0.4916666666666667,1
17870,recon_00100.tiff,110361,1,random_forest,1,0.002,0.998,1,0.998,0.498,1
17926,recon_00100.tiff,111592,1,random_forest,1,0.1421238095238095,0.8578761904761905,1,0.8578761904761905,0.35787619047619046,1
17952,recon_00100.tiff,112314,1,random_forest,1,0.001,0.999,1,0.999,0.499,1
18021,recon_00100.tiff,113748,1,random_forest,1,0.0045,0.9955,1,0.9955,0.4955,1
18032,recon_00100.tiff,113921,1,random_forest,1,0.012833333333333332,0.9871666666666666,1,0.9871666666666666,0.4871666666666667,1
18085,recon_00100.tiff,114661,1,random_forest,1,0.024166666666666666,0.9758333333333333,1,0.9758333333333333,0.47583333333333333,1
18201,recon_00100.tiff,116920,2,random_forest,1,0.6750785714285716,0.32492142857142836,2,0.6750785714285716,0.17507857142857164,1
19056,recon_00100.tiff,142085,1,random_forest,1,0.013333333333333332,0.9866666666666667,1,0.9866666666666667,0.4866666666666667,1
19770,recon_00100.tiff,166286,1,random_forest,1,0.2539095238095239,0.7460904761904761,1,0.7460904761904761,0.24609047619047608,1
19988,recon_00100.tiff,172942,1,random_forest,1,0.06353333333333333,0.9364666666666667,1,0.9364666666666667,0.43646666666666667,1
20159,recon_00100.tiff,176110,1,random_forest,1,0.05406666666666667,0.9459333333333333,1,0.9459333333333333,0.44593333333333335,1
25184,recon_00086.tiff,40144,1,random_forest,1,0.1277,0.8723,1,0.8723,0.37229999999999996,1
25294,recon_00086.tiff,40997,1,random_forest,1,0.07233333333333333,0.9276666666666666,1,0.9276666666666666,0.42766666666666664,1
0,recon_00026.tiff,0,1,dense_fc,1,0.2548767328262329,0.7451232671737671,1,0.7451232671737671,0.2451232671737671,1
1396,recon_00026.tiff,19232,2,dense_fc,1,0.9780348539352417,0.0219651460647583,2,0.9780348539352417,0.4780348539352417,1
4324,recon_00026.tiff,61342,2,dense_fc,1,0.9459751844406128,0.05402481555938721,2,0.9459751844406128,0.4459751844406128,1
4379,recon_00026.tiff,62668,2,dense_fc,1,0.9728178977966309,0.02718210220336914,2,0.9728178977966309,0.47281789779663086,1
4851,recon_00026.tiff,73305,1,dense_fc,1,0.009792112745344639,0.9902079105377197,1,0.9902079105377197,0.49020788073539734,1
4964,recon_00026.tiff,75694,1,dense_fc,1,0.021495938301086426,0.9785040616989136,1,0.9785040616989136,0.4785040616989136,1
5050,recon_00026.tiff,77014,2,dense_fc,1,0.9345032572746277,0.06549674272537231,2,0.9345032572746277,0.4345032572746277,1
5506,recon_00026.tiff,87524,2,dense_fc,1,0.9071646928787231,0.09283530712127686,2,0.9071646928787231,0.40716469287872314,1
5950,recon_00026.tiff,95344,1,dense_fc,1,0.000956311181653291,0.9990437030792236,1,0.9990437030792236,0.49904370307922363,1
6026,recon_00026.tiff,97750,2,dense_fc,1,0.8877414464950562,0.11225855350494385,2,0.8877414464950562,0.38774144649505615,1
7943,recon_00026.tiff,158082,2,dense_fc,1,0.9785878658294678,0.021412134170532227,2,0.9785878658294678,0.4785878658294678,1
7955,recon_00026.tiff,158249,1,dense_fc,1,0.008655447512865067,0.9913445711135864,1,0.9913445711135864,0.49134454131126404,1
7963,recon_00026.tiff,158355,2,dense_fc,1,0.9845823049545288,0.015417695045471191,2,0.9845823049545288,0.4845823049545288,1
7964,recon_00026.tiff,158356,1,dense_fc,1,0.0026183035224676132,0.9973816871643066,1,0.9973816871643066,0.49738168716430664,1
7983,recon_00026.tiff,158732,2,dense_fc,1,0.9898419976234436,0.010158002376556396,2,0.9898419976234436,0.4898419976234436,1
7988,recon_00026.tiff,158836,2,dense_fc,1,0.9793508052825928,0.020649194717407227,2,0.9793508052825928,0.4793508052825928,1
7989,recon_00026.tiff,158837,1,dense_fc,1,0.01937209814786911,0.9806278944015503,1,0.9806278944015503,0.4806278944015503,1
7994,recon_00026.tiff,159037,1,dense_fc,1,0.008358106017112732,0.9916418790817261,1,0.9916418790817261,0.4916418790817261,1
8008,recon_00026.tiff,159307,1,dense_fc,1,0.002849587006494403,0.9971504211425781,1,0.9971504211425781,0.4971504211425781,1
8015,recon_00026.tiff,159417,2,dense_fc,1,0.9513209462165833,0.04867905378341675,2,0.9513209462165833,0.45132094621658325,1
8020,recon_00026.tiff,159510,1,dense_fc,1,0.015442927367985249,0.9845570921897888,1,0.9845570921897888,0.48455706238746643,1
8046,recon_00026.tiff,160428,1,dense_fc,1,0.002732272259891033,0.9972677230834961,1,0.9972677230834961,0.4972677230834961,1
8067,recon_00026.tiff,161094,1,dense_fc,1,0.0048348670825362206,0.9951651096343994,1,0.9951651096343994,0.4951651394367218,1
8079,recon_00026.tiff,161379,1,dense_fc,1,0.0002176355046685785,0.999782383441925,1,0.999782383441925,0.49978235363960266,1
8085,recon_00026.tiff,161478,2,dense_fc,1,0.9869102835655212,0.01308971643447876,2,0.9869102835655212,0.48691028356552124,1
8107,recon_00026.tiff,161751,2,dense_fc,1,0.98802649974823,0.01197350025177002,2,0.98802649974823,0.48802649974823,1
8115,recon_00026.tiff,161934,2,dense_fc,1,0.9677038788795471,0.03229612112045288,2,0.9677038788795471,0.4677038788795471,1
8118,recon_00026.tiff,162032,2,dense_fc,1,0.9495948553085327,0.050405144691467285,2,0.9495948553085327,0.4495948553085327,1
8119,recon_00026.tiff,162033,2,dense_fc,1,0.9870856404304504,0.01291435956954956,2,0.9870856404304504,0.48708564043045044,1
8233,recon_00026.tiff,165547,2,dense_fc,1,0.9587440490722656,0.041255950927734375,2,0.9587440490722656,0.4587440490722656,1
8713,recon_00026.tiff,181209,2,dense_fc,1,0.9690334796905518,0.030966520309448242,2,0.9690334796905518,0.46903347969055176,1
8785,recon_00026.tiff,182594,2,dense_fc,1,0.8261228799819946,0.17387712001800537,2,0.8261228799819946,0.32612287998199463,1
8817,recon_00026.tiff,183284,2,dense_fc,1,0.7478957772254944,0.2521042227745056,2,0.7478957772254944,0.24789577722549438,1
8983,recon_00026.tiff,187471,1,dense_fc,1,0.0036008968017995358,0.9963991045951843,1,0.9963991045951843,0.4963991045951843,1
9011,recon_00026.tiff,187974,1,dense_fc,1,0.01626266911625862,0.9837373495101929,1,0.9837373495101929,0.4837373197078705,1
9158,recon_00026.tiff,191321,1,dense_fc,1,4.940445796819404e-05,0.9999505877494812,1,0.9999505877494812,0.4999505877494812,1
9193,recon_00026.tiff,192137,1,dense_fc,1,0.0018265628023073077,0.9981734156608582,1,0.9981734156608582,0.49817344546318054,1
9199,recon_00026.tiff,192216,1,dense_fc,1,0.0053171562030911446,0.9946828484535217,1,0.9946828484535217,0.49468284845352173,1
9200,recon_00026.tiff,192217,1,dense_fc,1,0.0010215070797130466,0.9989784955978394,1,0.9989784955978394,0.49897849559783936,1
9205,recon_00026.tiff,192284,1,dense_fc,1,0.0007035284070298076,0.9992964863777161,1,0.9992964863777161,0.49929648637771606,1
9214,recon_00026.tiff,192450,1,dense_fc,1,0.0023165419697761536,0.9976834654808044,1,0.9976834654808044,0.49768346548080444,1
9270,recon_00026.tiff,193131,1,dense_fc,1,0.001993372803553939,0.9980066418647766,1,0.9980066418647766,0.4980066418647766,1
9304,recon_00026.tiff,193558,1,dense_fc,1,0.004065254237502813,0.9959347248077393,1,0.9959347248077393,0.49593475461006165,1
9363,recon_00026.tiff,194469,1,dense_fc,1,0.002053181640803814,0.9979467988014221,1,0.9979467988014221,0.4979468286037445,1
9371,recon_00026.tiff,194548,1,dense_fc,1,0.0034414988476783037,0.9965584874153137,1,0.9965584874153137,0.4965584874153137,1
9384,recon_00026.tiff,194789,1,dense_fc,1,0.0029676698613911867,0.9970323443412781,1,0.9970323443412781,0.4970323443412781,1
9410,recon_00026.tiff,195204,1,dense_fc,1,0.0022677502129226923,0.9977322220802307,1,0.9977322220802307,0.4977322518825531,1
9424,recon_00026.tiff,195371,1,dense_fc,1,0.0041072252206504345,0.9958927631378174,1,0.9958927631378174,0.4958927631378174,1
9432,recon_00026.tiff,195474,1,dense_fc,1,0.0021224389784038067,0.9978775382041931,1,0.9978775382041931,0.4978775680065155,1
9435,recon_00026.tiff,195545,1,dense_fc,1,0.0012690320145338774,0.9987309575080872,1,0.9987309575080872,0.49873095750808716,1
9439,recon_00026.tiff,195551,1,dense_fc,1,0.0016149653820320964,0.9983850121498108,1,0.9983850121498108,0.4983850419521332,1
12680,recon_00100.tiff,17744,1,dense_fc,1,0.024022787809371948,0.9759771823883057,1,0.9759771823883057,0.47597721219062805,1
12725,recon_00100.tiff,18158,1,dense_fc,1,0.01459676306694746,0.9854032397270203,1,0.9854032397270203,0.48540323972702026,1
14277,recon_00100.tiff,36631,1,dense_fc,1,0.12108411639928818,0.8789159059524536,1,0.8789159059524536,0.3789158761501312,1
15220,recon_00100.tiff,48411,1,dense_fc,1,0.28406447172164917,0.7159355282783508,1,0.7159355282783508,0.21593552827835083,1
16788,recon_00100.tiff,81460,2,dense_fc,1,0.7743049263954163,0.22569507360458374,2,0.7743049263954163,0.27430492639541626,1
17237,recon_00100.tiff,94340,1,dense_fc,1,0.02444314770400524,0.9755568504333496,1,0.9755568504333496,0.4755568504333496,1
17641,recon_00100.tiff,104267,1,dense_fc,1,0.09476352483034134,0.9052364826202393,1,0.9052364826202393,0.40523648262023926,1
17692,recon_00100.tiff,105673,1,dense_fc,1,0.1184644028544426,0.8815355896949768,1,0.8815355896949768,0.3815355896949768,1
17870,recon_00100.tiff,110361,1,dense_fc,1,0.00888865441083908,0.9911113381385803,1,0.9911113381385803,0.4911113381385803,1
17926,recon_00100.tiff,111592,1,dense_fc,1,0.1455896496772766,0.8544103503227234,1,0.8544103503227234,0.3544103503227234,1
17952,recon_00100.tiff,112314,1,dense_fc,1,0.014950173906981945,0.985049843788147,1,0.985049843788147,0.4850498139858246,1
18021,recon_00100.tiff,113748,1,dense_fc,1,0.02612588368356228,0.9738740921020508,1,0.9738740921020508,0.47387412190437317,1
18032,recon_00100.tiff,113921,1,dense_fc,1,0.023334234952926636,0.976665735244751,1,0.976665735244751,0.47666576504707336,1
18085,recon_00100.tiff,114661,1,dense_fc,1,0.0825476199388504,0.9174523949623108,1,0.9174523949623108,0.4174523949623108,1
18201,recon_00100.tiff,116920,2,dense_fc,1,0.7224268317222595,0.2775731682777405,2,0.7224268317222595,0.22242683172225952,1
19056,recon_00100.tiff,142085,1,dense_fc,1,0.01787498965859413,0.9821249842643738,1,0.9821249842643738,0.48212501406669617,1
19770,recon_00100.tiff,166286,1,dense_fc,1,0.09214580804109573,0.9078541994094849,1,0.9078541994094849,0.40785419940948486,1
19988,recon_00100.tiff,172942,1,dense_fc,1,0.006050956901162863,0.9939490556716919,1,0.9939490556716919,0.4939490556716919,1
20159,recon_00100.tiff,176110,1,dense_fc,1,0.0036663743667304516,0.9963335990905762,1,0.9963335990905762,0.49633362889289856,1
25184,recon_00086.tiff,40144,1,dense_fc,1,0.022043468430638313,0.9779565334320068,1,0.9779565334320068,0.47795653343200684,1
25294,recon_00086.tiff,40997,1,dense_fc,1,0.0041164434514939785,0.995883584022522,1,0.995883584022522,0.4958835542201996,1
0,recon_00026.tiff,0,1,cnn2,1,0.7209020256996155,0.2790979743003845,2,0.7209020256996155,0.22090202569961548,0
1396,recon_00026.tiff,19232,2,cnn2,1,0.788482666015625,0.211517333984375,2,0.788482666015625,0.288482666015625,1
4324,recon_00026.tiff,61342,2,cnn2,1,0.8112784028053284,0.18872159719467163,2,0.8112784028053284,0.31127840280532837,1
4379,recon_00026.tiff,62668,2,cnn2,1,0.5639089345932007,0.4360910654067993,2,0.5639089345932007,0.06390893459320068,1
4851,recon_00026.tiff,73305,1,cnn2,1,0.07775279134511948,0.9222472310066223,1,0.9222472310066223,0.4222472012042999,1
4964,recon_00026.tiff,75694,1,cnn2,1,0.06383294612169266,0.9361670613288879,1,0.9361670613288879,0.43616706132888794,1
5050,recon_00026.tiff,77014,2,cnn2,1,0.6342176795005798,0.36578232049942017,2,0.6342176795005798,0.13421767950057983,1
5506,recon_00026.tiff,87524,2,cnn2,1,0.6793941259384155,0.3206058740615845,2,0.6793941259384155,0.17939412593841553,1
5950,recon_00026.tiff,95344,1,cnn2,1,0.16463249921798706,0.8353675007820129,1,0.8353675007820129,0.33536750078201294,1
6026,recon_00026.tiff,97750,2,cnn2,1,0.569221019744873,0.43077898025512695,2,0.569221019744873,0.06922101974487305,1
7943,recon_00026.tiff,158082,2,cnn2,1,0.7482998371124268,0.25170016288757324,2,0.7482998371124268,0.24829983711242676,1
7955,recon_00026.tiff,158249,1,cnn2,1,0.19070833921432495,0.809291660785675,1,0.809291660785675,0.30929166078567505,1
7963,recon_00026.tiff,158355,2,cnn2,1,0.6622828841209412,0.33771711587905884,2,0.6622828841209412,0.16228288412094116,1
7964,recon_00026.tiff,158356,1,cnn2,1,0.12714296579360962,0.8728570342063904,1,0.8728570342063904,0.3728570342063904,1
7983,recon_00026.tiff,158732,2,cnn2,1,0.7769062519073486,0.22309374809265137,2,0.7769062519073486,0.27690625190734863,1
7988,recon_00026.tiff,158836,2,cnn2,1,0.6438878774642944,0.35611212253570557,2,0.6438878774642944,0.14388787746429443,1
7989,recon_00026.tiff,158837,1,cnn2,1,0.3408772945404053,0.6591227054595947,1,0.6591227054595947,0.15912270545959473,1
7994,recon_00026.tiff,159037,1,cnn2,1,0.2319226711988449,0.7680773138999939,1,0.7680773138999939,0.2680773138999939,1
8008,recon_00026.tiff,159307,1,cnn2,1,0.2777836322784424,0.7222163677215576,1,0.7222163677215576,0.22221636772155762,1
8015,recon_00026.tiff,159417,2,cnn2,1,0.6916009783744812,0.3083990216255188,2,0.6916009783744812,0.1916009783744812,1
8020,recon_00026.tiff,159510,1,cnn2,1,0.032258063554763794,0.9677419662475586,1,0.9677419662475586,0.4677419364452362,1
8046,recon_00026.tiff,160428,1,cnn2,1,0.5108069181442261,0.4891930818557739,2,0.5108069181442261,0.010806918144226074,0
8067,recon_00026.tiff,161094,1,cnn2,1,0.2449985146522522,0.7550014853477478,1,0.7550014853477478,0.2550014853477478,1
8079,recon_00026.tiff,161379,1,cnn2,1,0.1951490193605423,0.8048509955406189,1,0.8048509955406189,0.3048509955406189,1
8085,recon_00026.tiff,161478,2,cnn2,1,0.7152932286262512,0.2847067713737488,2,0.7152932286262512,0.21529322862625122,1
8107,recon_00026.tiff,161751,2,cnn2,1,0.7105068564414978,0.2894931435585022,2,0.7105068564414978,0.2105068564414978,1
8115,recon_00026.tiff,161934,2,cnn2,1,0.7094089388847351,0.2905910611152649,2,0.7094089388847351,0.2094089388847351,1
8118,recon_00026.tiff,162032,2,cnn2,1,0.6426956057548523,0.3573043942451477,2,0.6426956057548523,0.1426956057548523,1
8119,recon_00026.tiff,162033,2,cnn2,1,0.7729674577713013,0.22703254222869873,2,0.7729674577713013,0.27296745777130127,1
8233,recon_00026.tiff,165547,2,cnn2,1,0.8103966116905212,0.18960338830947876,2,0.8103966116905212,0.31039661169052124,1
8713,recon_00026.tiff,181209,2,cnn2,1,0.7320328950881958,0.2679671049118042,2,0.7320328950881958,0.2320328950881958,1
8785,recon_00026.tiff,182594,2,cnn2,1,0.6472606062889099,0.3527393937110901,2,0.6472606062889099,0.1472606062889099,1
8817,recon_00026.tiff,183284,2,cnn2,1,0.44204747676849365,0.5579525232315063,1,0.5579525232315063,0.05795252323150635,0
8983,recon_00026.tiff,187471,1,cnn2,1,0.2256283313035965,0.7743716835975647,1,0.7743716835975647,0.2743716835975647,1
9011,recon_00026.tiff,187974,1,cnn2,1,0.10027790814638138,0.8997220993041992,1,0.8997220993041992,0.3997220993041992,1
9158,recon_00026.tiff,191321,1,cnn2,1,0.26420339941978455,0.7357965707778931,1,0.7357965707778931,0.23579660058021545,1
9193,recon_00026.tiff,192137,1,cnn2,1,0.07833281904459,0.9216671586036682,1,0.9216671586036682,0.4216671884059906,1
9199,recon_00026.tiff,192216,1,cnn2,1,0.19689998030662537,0.8030999898910522,1,0.8030999898910522,0.30310001969337463,1
9200,recon_00026.tiff,192217,1,cnn2,1,0.08026876300573349,0.9197312593460083,1,0.9197312593460083,0.4197312295436859,1
9205,recon_00026.tiff,192284,1,cnn2,1,0.1688145250082016,0.8311854600906372,1,0.8311854600906372,0.3311854600906372,1
9214,recon_00026.tiff,192450,1,cnn2,1,0.1570243388414383,0.8429756760597229,1,0.8429756760597229,0.3429756760597229,1
9270,recon_00026.tiff,193131,1,cnn2,1,0.20972321927547455,0.7902767658233643,1,0.7902767658233643,0.29027676582336426,1
9304,recon_00026.tiff,193558,1,cnn2,1,0.08425527811050415,0.9157447218894958,1,0.9157447218894958,0.41574472188949585,1
9363,recon_00026.tiff,194469,1,cnn2,1,0.17716704308986664,0.8228329420089722,1,0.8228329420089722,0.32283294200897217,1
9371,recon_00026.tiff,194548,1,cnn2,1,0.35451540350914,0.6454845666885376,1,0.6454845666885376,0.14548459649085999,1
9384,recon_00026.tiff,194789,1,cnn2,1,0.39104560017585754,0.6089544296264648,1,0.6089544296264648,0.10895439982414246,1
9410,recon_00026.tiff,195204,1,cnn2,1,0.11609193682670593,0.8839080333709717,1,0.8839080333709717,0.38390806317329407,1
9424,recon_00026.tiff,195371,1,cnn2,1,0.33905574679374695,0.6609442234039307,1,0.6609442234039307,0.16094425320625305,1
9432,recon_00026.tiff,195474,1,cnn2,1,0.21948614716529846,0.7805138826370239,1,0.7805138826370239,0.28051385283470154,1
9435,recon_00026.tiff,195545,1,cnn2,1,0.11621498316526413,0.8837850093841553,1,0.8837850093841553,0.3837850093841553,1
9439,recon_00026.tiff,195551,1,cnn2,1,0.4425326883792877,0.5574673414230347,1,0.5574673414230347,0.05746731162071228,1
12680,recon_00100.tiff,17744,1,cnn2,1,0.34104618430137634,0.6589537858963013,1,0.6589537858963013,0.15895381569862366,1
12725,recon_00100.tiff,18158,1,cnn2,1,0.48980534076690674,0.5101946592330933,1,0.5101946592330933,0.010194659233093262,1
14277,recon_00100.tiff,36631,1,cnn2,1,0.5911830067634583,0.40881699323654175,2,0.5911830067634583,0.09118300676345825,0
15220,recon_00100.tiff,48411,1,cnn2,1,0.6349805593490601,0.36501944065093994,2,0.6349805593490601,0.13498055934906006,0
16788,recon_00100.tiff,81460,2,cnn2,1,0.29390549659729004,0.70609450340271,1,0.70609450340271,0.20609450340270996,0
17237,recon_00100.tiff,94340,1,cnn2,1,0.4497624933719635,0.5502375364303589,1,0.5502375364303589,0.0502375066280365,1
17641,recon_00100.tiff,104267,1,cnn2,1,0.019795116037130356,0.9802048802375793,1,0.9802048802375793,0.48020488023757935,1
17692,recon_00100.tiff,105673,1,cnn2,1,0.014081595465540886,0.985918402671814,1,0.985918402671814,0.48591840267181396,1
17870,recon_00100.tiff,110361,1,cnn2,1,0.061046190559864044,0.9389538168907166,1,0.9389538168907166,0.43895381689071655,1
17926,recon_00100.tiff,111592,1,cnn2,1,0.023772574961185455,0.9762274026870728,1,0.9762274026870728,0.47622743248939514,1
17952,recon_00100.tiff,112314,1,cnn2,1,0.033966630697250366,0.9660333395004272,1,0.9660333395004272,0.46603336930274963,1
18021,recon_00100.tiff,113748,1,cnn2,1,0.021552003920078278,0.9784479737281799,1,0.9784479737281799,0.4784480035305023,1
18032,recon_00100.tiff,113921,1,cnn2,1,0.05375436693429947,0.9462456107139587,1,0.9462456107139587,0.44624564051628113,1
18085,recon_00100.tiff,114661,1,cnn2,1,0.01824546791613102,0.9817545413970947,1,0.9817545413970947,0.4817545413970947,1
18201,recon_00100.tiff,116920,2,cnn2,1,0.30358853936195374,0.6964114904403687,1,0.6964114904403687,0.19641146063804626,0
19056,recon_00100.tiff,142085,1,cnn2,1,0.0475083626806736,0.9524916410446167,1,0.9524916410446167,0.4524916410446167,1
19770,recon_00100.tiff,166286,1,cnn2,1,0.31248027086257935,0.6875197291374207,1,0.6875197291374207,0.18751972913742065,1
19988,recon_00100.tiff,172942,1,cnn2,1,0.17683105170726776,0.823168933391571,1,0.823168933391571,0.32316893339157104,1
20159,recon_00100.tiff,176110,1,cnn2,1,0.24848082661628723,0.7515192031860352,1,0.7515192031860352,0.25151917338371277,1
25184,recon_00086.tiff,40144,1,cnn2,1,0.21887078881263733,0.7811292409896851,1,0.7811292409896851,0.28112921118736267,1
25294,recon_00086.tiff,40997,1,cnn2,1,0.3310103416442871,0.6689896583557129,1,0.6689896583557129,0.1689896583557129,1
0,recon_00026.tiff,0,1,cnn3,1,0.3632275462150574,0.6367724537849426,1,0.6367724537849426,0.13677245378494263,1
1396,recon_00026.tiff,19232,2,cnn3,1,0.053411439061164856,0.9465885758399963,1,0.9465885758399963,0.44658857583999634,0
4324,recon_00026.tiff,61342,2,cnn3,1,0.9501665234565735,0.049833476543426514,2,0.9501665234565735,0.4501665234565735,1
4379,recon_00026.tiff,62668,2,cnn3,1,0.7404142022132874,0.25958579778671265,2,0.7404142022132874,0.24041420221328735,1
4851,recon_00026.tiff,73305,1,cnn3,1,0.10419189184904099,0.8958081007003784,1,0.8958081007003784,0.3958081007003784,1
4964,recon_00026.tiff,75694,1,cnn3,1,0.111086405813694,0.8889135718345642,1,0.8889135718345642,0.3889136016368866,1
5050,recon_00026.tiff,77014,2,cnn3,1,0.8468329906463623,0.1531670093536377,2,0.8468329906463623,0.3468329906463623,1
5506,recon_00026.tiff,87524,2,cnn3,1,0.8585818409919739,0.14141815900802612,2,0.8585818409919739,0.3585818409919739,1
5950,recon_00026.tiff,95344,1,cnn3,1,0.0304944459348917,0.9695055484771729,1,0.9695055484771729,0.46950554847717285,1
6026,recon_00026.tiff,97750,2,cnn3,1,0.815396249294281,0.184603750705719,2,0.815396249294281,0.315396249294281,1
7943,recon_00026.tiff,158082,2,cnn3,1,0.9335934519767761,0.06640654802322388,2,0.9335934519767761,0.4335934519767761,1
7955,recon_00026.tiff,158249,1,cnn3,1,0.1354748159646988,0.8645251989364624,1,0.8645251989364624,0.3645251989364624,1
7963,recon_00026.tiff,158355,2,cnn3,1,0.780205249786377,0.21979475021362305,2,0.780205249786377,0.28020524978637695,1
7964,recon_00026.tiff,158356,1,cnn3,1,0.12041602283716202,0.8795839548110962,1,0.8795839548110962,0.3795839846134186,1
7983,recon_00026.tiff,158732,2,cnn3,1,0.970386266708374,0.029613733291625977,2,0.970386266708374,0.470386266708374,1
7988,recon_00026.tiff,158836,2,cnn3,1,0.8245816826820374,0.17541831731796265,2,0.8245816826820374,0.32458168268203735,1
7989,recon_00026.tiff,158837,1,cnn3,1,0.16646850109100342,0.8335314989089966,1,0.8335314989089966,0.3335314989089966,1
7994,recon_00026.tiff,159037,1,cnn3,1,0.08234924077987671,0.9176507592201233,1,0.9176507592201233,0.4176507592201233,1
8008,recon_00026.tiff,159307,1,cnn3,1,0.1921565979719162,0.8078433871269226,1,0.8078433871269226,0.3078433871269226,1
8015,recon_00026.tiff,159417,2,cnn3,1,0.945151150226593,0.05484884977340698,2,0.945151150226593,0.445151150226593,1
8020,recon_00026.tiff,159510,1,cnn3,1,0.09486381709575653,0.9051361680030823,1,0.9051361680030823,0.4051361680030823,1
8046,recon_00026.tiff,160428,1,cnn3,1,0.41845813393592834,0.581541895866394,1,0.581541895866394,0.08154186606407166,1
8067,recon_00026.tiff,161094,1,cnn3,1,0.09878171235322952,0.9012182950973511,1,0.9012182950973511,0.4012182950973511,1
8079,recon_00026.tiff,161379,1,cnn3,1,0.15623486042022705,0.843765139579773,1,0.843765139579773,0.34376513957977295,1
8085,recon_00026.tiff,161478,2,cnn3,1,0.9450865387916565,0.054913461208343506,2,0.9450865387916565,0.4450865387916565,1
8107,recon_00026.tiff,161751,2,cnn3,1,0.9500377178192139,0.04996228218078613,2,0.9500377178192139,0.45003771781921387,1
8115,recon_00026.tiff,161934,2,cnn3,1,0.9373262524604797,0.06267374753952026,2,0.9373262524604797,0.43732625246047974,1
8118,recon_00026.tiff,162032,2,cnn3,1,0.8838658332824707,0.1161341667175293,2,0.8838658332824707,0.3838658332824707,1
8119,recon_00026.tiff,162033,2,cnn3,1,0.9615319967269897,0.038468003273010254,2,0.9615319967269897,0.46153199672698975,1
8233,recon_00026.tiff,165547,2,cnn3,1,0.44524073600769043,0.5547592639923096,1,0.5547592639923096,0.05475926399230957,0
8713,recon_00026.tiff,181209,2,cnn3,1,0.8845934867858887,0.11540651321411133,2,0.8845934867858887,0.38459348678588867,1
8785,recon_00026.tiff,182594,2,cnn3,1,0.7840601801872253,0.21593981981277466,2,0.7840601801872253,0.28406018018722534,1
8817,recon_00026.tiff,183284,2,cnn3,1,0.4734147787094116,0.5265852212905884,1,0.5265852212905884,0.02658522129058838,0
8983,recon_00026.tiff,187471,1,cnn3,1,0.11515640467405319,0.8848435878753662,1,0.8848435878753662,0.3848435878753662,1
9011,recon_00026.tiff,187974,1,cnn3,1,0.1334746778011322,0.8665252923965454,1,0.8665252923965454,0.3665253221988678,1
9158,recon_00026.tiff,191321,1,cnn3,1,0.07740961760282516,0.9225903749465942,1,0.9225903749465942,0.42259037494659424,1
9193,recon_00026.tiff,192137,1,cnn3,1,0.10525193810462952,0.8947480916976929,1,0.8947480916976929,0.3947480618953705,1
9199,recon_00026.tiff,192216,1,cnn3,1,0.11359725147485733,0.8864027261734009,1,0.8864027261734009,0.38640275597572327,1
9200,recon_00026.tiff,192217,1,cnn3,1,0.1553993821144104,0.8446006178855896,1,0.8446006178855896,0.3446006178855896,1
9205,recon_00026.tiff,192284,1,cnn3,1,0.21338488161563873,0.7866151332855225,1,0.7866151332855225,0.28661513328552246,1
9214,recon_00026.tiff,192450,1,cnn3,1,0.061166200786828995,0.9388337731361389,1,0.9388337731361389,0.4388338029384613,1
9270,recon_00026.tiff,193131,1,cnn3,1,0.08046871423721313,0.9195312857627869,1,0.9195312857627869,0.41953128576278687,1
9304,recon_00026.tiff,193558,1,cnn3,1,0.06890442967414856,0.9310956001281738,1,0.9310956001281738,0.43109557032585144,1
9363,recon_00026.tiff,194469,1,cnn3,1,0.09988585859537125,0.900114119052887,1,0.900114119052887,0.40011414885520935,1
9371,recon_00026.tiff,194548,1,cnn3,1,0.19591094553470612,0.8040890693664551,1,0.8040890693664551,0.3040890693664551,1
9384,recon_00026.tiff,194789,1,cnn3,1,0.2031022161245346,0.7968977689743042,1,0.7968977689743042,0.2968977689743042,1
9410,recon_00026.tiff,195204,1,cnn3,1,0.10503389686346054,0.8949661254882812,1,0.8949661254882812,0.39496609568595886,1
9424,recon_00026.tiff,195371,1,cnn3,1,0.1840089112520218,0.8159911036491394,1,0.8159911036491394,0.3159911036491394,1
9432,recon_00026.tiff,195474,1,cnn3,1,0.10020215064287186,0.8997978568077087,1,0.8997978568077087,0.39979785680770874,1
9435,recon_00026.tiff,195545,1,cnn3,1,0.10824615508317947,0.8917538523674011,1,0.8917538523674011,0.3917538523674011,1
9439,recon_00026.tiff,195551,1,cnn3,1,0.14662568271160126,0.8533743023872375,1,0.8533743023872375,0.35337430238723755,1
12680,recon_00100.tiff,17744,1,cnn3,1,0.3255608379840851,0.6744391918182373,1,0.6744391918182373,0.17443916201591492,1
12725,recon_00100.tiff,18158,1,cnn3,1,0.4107627272605896,0.5892372727394104,1,0.5892372727394104,0.0892372727394104,1
14277,recon_00100.tiff,36631,1,cnn3,1,0.4280572533607483,0.5719427466392517,1,0.5719427466392517,0.07194274663925171,1
15220,recon_00100.tiff,48411,1,cnn3,1,0.5325384736061096,0.4674615263938904,2,0.5325384736061096,0.03253847360610962,0
16788,recon_00100.tiff,81460,2,cnn3,1,0.09918680787086487,0.9008132219314575,1,0.9008132219314575,0.40081319212913513,0
17237,recon_00100.tiff,94340,1,cnn3,1,0.4131682217121124,0.58683180809021,1,0.58683180809021,0.08683177828788757,1
17641,recon_00100.tiff,104267,1,cnn3,1,0.14487019181251526,0.8551298379898071,1,0.8551298379898071,0.35512980818748474,1
17692,recon_00100.tiff,105673,1,cnn3,1,0.08162989467382431,0.9183701276779175,1,0.9183701276779175,0.4183700978755951,1
17870,recon_00100.tiff,110361,1,cnn3,1,0.16213788092136383,0.8378621339797974,1,0.8378621339797974,0.33786213397979736,1
17926,recon_00100.tiff,111592,1,cnn3,1,0.0760480985045433,0.9239519238471985,1,0.9239519238471985,0.4239518940448761,1
17952,recon_00100.tiff,112314,1,cnn3,1,0.15969473123550415,0.8403052687644958,1,0.8403052687644958,0.34030526876449585,1
18021,recon_00100.tiff,113748,1,cnn3,1,0.11440308392047882,0.8855969309806824,1,0.8855969309806824,0.3855969309806824,1
18032,recon_00100.tiff,113921,1,cnn3,1,0.12485314905643463,0.8751468658447266,1,0.8751468658447266,0.37514686584472656,1
18085,recon_00100.tiff,114661,1,cnn3,1,0.08388345688581467,0.9161165356636047,1,0.9161165356636047,0.41611653566360474,1
18201,recon_00100.tiff,116920,2,cnn3,1,0.1629212349653244,0.8370787501335144,1,0.8370787501335144,0.3370787501335144,0
19056,recon_00100.tiff,142085,1,cnn3,1,0.13316206634044647,0.8668379187583923,1,0.8668379187583923,0.36683791875839233,1
19770,recon_00100.tiff,166286,1,cnn3,1,0.41886672377586365,0.581133246421814,1,0.581133246421814,0.08113327622413635,1
19988,recon_00100.tiff,172942,1,cnn3,1,0.1843891143798828,0.8156108856201172,1,0.8156108856201172,0.3156108856201172,1
20159,recon_00100.tiff,176110,1,cnn3,1,0.29231029748916626,0.7076897025108337,1,0.7076897025108337,0.20768970251083374,1
25184,recon_00086.tiff,40144,1,cnn3,1,0.24172496795654297,0.758275032043457,1,0.758275032043457,0.25827503204345703,1
25294,recon_00086.tiff,40997,1,cnn3,1,0.5351695418357849,0.4648304581642151,2,0.5351695418357849,0.03516954183578491,0
4869,recon_00026.tiff,73675,1,random_forest,2,0.0006666666666666666,0.9993333333333333,1,0.9993333333333333,0.49933333333333335,1
5080,recon_00026.tiff,77482,2,random_forest,2,0.998,0.0020000000000000018,2,0.998,0.498,1
5122,recon_00026.tiff,78579,2,random_forest,2,0.992,0.008000000000000007,2,0.992,0.492,1
5469,recon_00026.tiff,86384,2,random_forest,2,0.9932666666666666,0.006733333333333369,2,0.9932666666666666,0.49326666666666663,1
5628,recon_00026.tiff,89432,2,random_forest,2,0.9846,0.01539999999999997,2,0.9846,0.48460000000000003,1
5725,recon_00026.tiff,91047,2,random_forest,2,0.9227976190476191,0.07720238095238086,2,0.9227976190476191,0.42279761904761914,1
5741,recon_00026.tiff,91691,1,random_forest,2,0.028833333333333332,0.9711666666666666,1,0.9711666666666666,0.4711666666666667,1
5801,recon_00026.tiff,92900,2,random_forest,2,0.9543333333333335,0.04566666666666652,2,0.9543333333333335,0.4543333333333335,1
5929,recon_00026.tiff,94764,2,random_forest,2,0.9663333333333334,0.03366666666666662,2,0.9663333333333334,0.4663333333333334,1
5940,recon_00026.tiff,95059,2,random_forest,2,0.992,0.008000000000000007,2,0.992,0.492,1
7970,recon_00026.tiff,158462,1,random_forest,2,0.015633333333333332,0.9843666666666666,1,0.9843666666666666,0.48436666666666667,1
7996,recon_00026.tiff,159121,1,random_forest,2,0.04642857142857143,0.9535714285714285,1,0.9535714285714285,0.45357142857142857,1
8038,recon_00026.tiff,160062,1,random_forest,2,0.008,0.992,1,0.992,0.492,1
8052,recon_00026.tiff,160803,1,random_forest,2,0.0,1.0,1,1.0,0.5,1
8055,recon_00026.tiff,160904,2,random_forest,2,0.9971,0.0029000000000000137,2,0.9971,0.4971,1
8071,recon_00026.tiff,161184,2,random_forest,2,1.0,0.0,2,1.0,0.5,1
8073,recon_00026.tiff,161186,1,random_forest,2,0.0361,0.9639,1,0.9639,0.4639,1
8086,recon_00026.tiff,161479,2,random_forest,2,0.9777333333333333,0.022266666666666657,2,0.9777333333333333,0.47773333333333334,1
8087,recon_00026.tiff,161480,2,random_forest,2,0.8150333333333334,0.1849666666666666,2,0.8150333333333334,0.3150333333333334,1
8093,recon_00026.tiff,161560,2,random_forest,2,0.999,0.0010000000000000009,2,0.999,0.499,1
8098,recon_00026.tiff,161660,1,random_forest,2,0.0,1.0,1,1.0,0.5,1
8106,recon_00026.tiff,161750,2,random_forest,2,1.0,0.0,2,1.0,0.5,1
8111,recon_00026.tiff,161839,1,random_forest,2,0.0,1.0,1,1.0,0.5,1
8125,recon_00026.tiff,162132,2,random_forest,2,0.9975,0.0024999999999999467,2,0.9975,0.49750000000000005,1
8129,recon_00026.tiff,162230,2,random_forest,2,1.0,0.0,2,1.0,0.5,1
8489,recon_00026.tiff,173556,1,random_forest,2,0.06748333333333333,0.9325166666666667,1,0.9325166666666667,0.43251666666666666,1
8511,recon_00026.tiff,174195,1,random_forest,2,0.09125,0.90875,1,0.90875,0.40875,1
8630,recon_00026.tiff,178773,1,random_forest,2,0.2761904761904761,0.7238095238095239,1,0.7238095238095239,0.2238095238095239,1
8845,recon_00026.tiff,184008,2,random_forest,2,0.9303666666666668,0.06963333333333321,2,0.9303666666666668,0.4303666666666668,1
8962,recon_00026.tiff,187052,1,random_forest,2,0.0,1.0,1,1.0,0.5,1
9005,recon_00026.tiff,187796,1,random_forest,2,0.01,0.99,1,0.99,0.49,1
9015,recon_00026.tiff,188053,1,random_forest,2,0.13062857142857143,0.8693714285714286,1,0.8693714285714286,0.3693714285714286,1
9071,recon_00026.tiff,189362,1,random_forest,2,0.0,1.0,1,1.0,0.5,1
9221,recon_00026.tiff,192543,1,random_forest,2,0.0096,0.9904,1,0.9904,0.4904,1
9223,recon_00026.tiff,192549,2,random_forest,2,0.9621666666666667,0.037833333333333274,2,0.9621666666666667,0.4621666666666667,1
9242,recon_00026.tiff,192798,1,random_forest,2,0.07498333333333333,0.9250166666666667,1,0.9250166666666667,0.42501666666666665,1
9249,recon_00026.tiff,192872,1,random_forest,2,0.0,1.0,1,1.0,0.5,1
9258,recon_00026.tiff,192952,1,random_forest,2,0.0,1.0,1,1.0,0.5,1
9285,recon_00026.tiff,193288,1,random_forest,2,0.001,0.999,1,0.999,0.499,1
9380,recon_00026.tiff,194717,1,random_forest,2,0.0,1.0,1,1.0,0.5,1
9396,recon_00026.tiff,195028,1,random_forest,2,0.10132857142857142,0.8986714285714286,1,0.8986714285714286,0.39867142857142857,1
9402,recon_00026.tiff,195113,1,random_forest,2,0.13561666666666666,0.8643833333333333,1,0.8643833333333333,0.36438333333333334,1
9407,recon_00026.tiff,195118,1,random_forest,2,0.11209999999999999,0.8879,1,0.8879,0.3879,1
9414,recon_00026.tiff,195216,2,random_forest,2,0.9913333333333334,0.0086666666666666,2,0.9913333333333334,0.4913333333333334,1
9418,recon_00026.tiff,195281,1,random_forest,2,0.0,1.0,1,1.0,0.5,1
9450,recon_00026.tiff,195707,1,random_forest,2,0.0055,0.9945,1,0.9945,0.4945,1
11518,recon_00100.tiff,7800,1,random_forest,2,0.12267857142857144,0.8773214285714286,1,0.8773214285714286,0.3773214285714286,1
12471,recon_00100.tiff,15645,1,random_forest,2,0.09540000000000003,0.9046,1,0.9046,0.40459999999999996,1
14901,recon_00100.tiff,44393,1,random_forest,2,0.019433333333333334,0.9805666666666667,1,0.9805666666666667,0.48056666666666664,1
17264,recon_00100.tiff,94752,1,random_forest,2,0.0,1.0,1,1.0,0.5,1
17724,recon_00100.tiff,106397,1,random_forest,2,0.002,0.998,1,0.998,0.498,1
17911,recon_00100.tiff,111256,1,random_forest,2,0.06539285714285714,0.9346071428571429,1,0.9346071428571429,0.43460714285714286,1
17974,recon_00100.tiff,112811,1,random_forest,2,0.0013333333333333333,0.9986666666666667,1,0.9986666666666667,0.49866666666666665,1
17977,recon_00100.tiff,112901,1,random_forest,2,0.0,1.0,1,1.0,0.5,1
18005,recon_00100.tiff,113447,1,random_forest,2,0.007666666666666666,0.9923333333333333,1,0.9923333333333333,0.49233333333333335,1
18040,recon_00100.tiff,114029,1,random_forest,2,0.00625,0.99375,1,0.99375,0.49375,1
18240,recon_00100.tiff,117801,1,random_forest,2,0.14463333333333334,0.8553666666666666,1,0.8553666666666666,0.35536666666666666,1
18405,recon_00100.tiff,122901,1,random_forest,2,0.10026666666666667,0.8997333333333333,1,0.8997333333333333,0.39973333333333333,1
18639,recon_00100.tiff,129874,1,random_forest,2,0.0055,0.9945,1,0.9945,0.4945,1
18667,recon_00100.tiff,131004,1,random_forest,2,0.1730666666666667,0.8269333333333333,1,0.8269333333333333,0.3269333333333333,1
19031,recon_00100.tiff,141246,1,random_forest,2,0.07788571428571428,0.9221142857142857,1,0.9221142857142857,0.4221142857142857,1
19703,recon_00100.tiff,164503,1,random_forest,2,0.22908809523809517,0.7709119047619049,1,0.7709119047619049,0.27091190476190485,1
19777,recon_00100.tiff,166443,1,random_forest,2,0.8314500000000001,0.16854999999999987,2,0.8314500000000001,0.33145000000000013,0
20082,recon_00100.tiff,174557,2,random_forest,2,0.5379952380952381,0.4620047619047619,2,0.5379952380952381,0.03799523809523808,1
20160,recon_00100.tiff,176111,1,random_forest,2,0.0034999999999999996,0.9965,1,0.9965,0.4965,1
20313,recon_00100.tiff,179449,1,random_forest,2,0.42260714285714285,0.5773928571428572,1,0.5773928571428572,0.07739285714285715,1
20343,recon_00100.tiff,180187,1,random_forest,2,0.22057380952380953,0.7794261904761904,1,0.7794261904761904,0.27942619047619044,1
25266,recon_00086.tiff,40828,1,random_forest,2,0.5936476190476192,0.4063523809523808,2,0.5936476190476192,0.0936476190476192,0
25295,recon_00086.tiff,40998,1,random_forest,2,0.6016095238095239,0.3983904761904761,2,0.6016095238095239,0.10160952380952393,0
29583,recon_00086.tiff,127775,2,random_forest,2,0.4315539682539683,0.5684460317460317,1,0.5684460317460317,0.0684460317460317,0
29723,recon_00086.tiff,131969,2,random_forest,2,0.3594333333333333,0.6405666666666667,1,0.6405666666666667,0.14056666666666667,0
4869,recon_00026.tiff,73675,1,dense_fc,2,7.033208476059372e-06,0.9999929666519165,1,0.9999929666519165,0.4999929666519165,1
5080,recon_00026.tiff,77482,2,dense_fc,2,0.9521121382713318,0.04788786172866821,2,0.9521121382713318,0.4521121382713318,1
5122,recon_00026.tiff,78579,2,dense_fc,2,0.989779531955719,0.010220468044281006,2,0.989779531955719,0.489779531955719,1
5469,recon_00026.tiff,86384,2,dense_fc,2,0.9877837300300598,0.012216269969940186,2,0.9877837300300598,0.4877837300300598,1
5628,recon_00026.tiff,89432,2,dense_fc,2,0.9846711158752441,0.01532888412475586,2,0.9846711158752441,0.48467111587524414,1
5725,recon_00026.tiff,91047,2,dense_fc,2,0.9462355375289917,0.0537644624710083,2,0.9462355375289917,0.4462355375289917,1
5741,recon_00026.tiff,91691,1,dense_fc,2,7.304980866084179e-14,1.0,1,1.0,0.5,1
5801,recon_00026.tiff,92900,2,dense_fc,2,0.9792831540107727,0.020716845989227295,2,0.9792831540107727,0.4792831540107727,1
5929,recon_00026.tiff,94764,2,dense_fc,2,0.9901490211486816,0.00985097885131836,2,0.9901490211486816,0.49014902114868164,1
5940,recon_00026.tiff,95059,2,dense_fc,2,0.9949089884757996,0.0050910115242004395,2,0.9949089884757996,0.49490898847579956,1
7970,recon_00026.tiff,158462,1,dense_fc,2,3.6032528441865e-05,0.9999639391899109,1,0.9999639391899109,0.4999639689922333,1
7996,recon_00026.tiff,159121,1,dense_fc,2,3.618238406488672e-05,0.9999638199806213,1,0.9999638199806213,0.49996381998062134,1
8038,recon_00026.tiff,160062,1,dense_fc,2,0.0009771842742338777,0.9990228414535522,1,0.9990228414535522,0.49902281165122986,1
8052,recon_00026.tiff,160803,1,dense_fc,2,1.669003722781781e-05,0.9999833106994629,1,0.9999833106994629,0.4999833106994629,1
8055,recon_00026.tiff,160904,2,dense_fc,2,0.9883545637130737,0.01164543628692627,2,0.9883545637130737,0.48835456371307373,1
8071,recon_00026.tiff,161184,2,dense_fc,2,0.9287773966789246,0.07122260332107544,2,0.9287773966789246,0.42877739667892456,1
8073,recon_00026.tiff,161186,1,dense_fc,2,0.0005290862172842026,0.9994708895683289,1,0.9994708895683289,0.49947091937065125,1
8086,recon_00026.tiff,161479,2,dense_fc,2,0.9749968647956848,0.025003135204315186,2,0.9749968647956848,0.4749968647956848,1
8087,recon_00026.tiff,161480,2,dense_fc,2,0.9773662090301514,0.022633790969848633,2,0.9773662090301514,0.47736620903015137,1
8093,recon_00026.tiff,161560,2,dense_fc,2,0.9209150671958923,0.07908493280410767,2,0.9209150671958923,0.42091506719589233,1
8098,recon_00026.tiff,161660,1,dense_fc,2,0.00010174861381528899,0.9998982548713684,1,0.9998982548713684,0.4998982548713684,1
8106,recon_00026.tiff,161750,2,dense_fc,2,0.9711130857467651,0.028886914253234863,2,0.9711130857467651,0.47111308574676514,1
8111,recon_00026.tiff,161839,1,dense_fc,2,7.290926077985205e-06,0.9999927282333374,1,0.9999927282333374,0.499992698431015,1
8125,recon_00026.tiff,162132,2,dense_fc,2,0.9786997437477112,0.02130025625228882,2,0.9786997437477112,0.4786997437477112,1
8129,recon_00026.tiff,162230,2,dense_fc,2,0.9751586318016052,0.024841368198394775,2,0.9751586318016052,0.4751586318016052,1
8489,recon_00026.tiff,173556,1,dense_fc,2,0.0003026085323654115,0.9996973872184753,1,0.9996973872184753,0.49969738721847534,1
8511,recon_00026.tiff,174195,1,dense_fc,2,0.001080043031834066,0.9989199638366699,1,0.9989199638366699,0.4989199638366699,1
8630,recon_00026.tiff,178773,1,dense_fc,2,0.006900647655129433,0.9930993318557739,1,0.9930993318557739,0.4930993616580963,1
8845,recon_00026.tiff,184008,2,dense_fc,2,0.9956252574920654,0.00437474250793457,2,0.9956252574920654,0.49562525749206543,1
8962,recon_00026.tiff,187052,1,dense_fc,2,5.465777576318942e-06,0.9999945163726807,1,0.9999945163726807,0.49999454617500305,1
9005,recon_00026.tiff,187796,1,dense_fc,2,1.3538816347136162e-05,0.999986469745636,1,0.999986469745636,0.499986469745636,1
9015,recon_00026.tiff,188053,1,dense_fc,2,1.3589472473540809e-05,0.9999864101409912,1,0.9999864101409912,0.4999864101409912,1
9071,recon_00026.tiff,189362,1,dense_fc,2,1.2040298997817445e-06,0.9999988079071045,1,0.9999988079071045,0.4999988079071045,1
9221,recon_00026.tiff,192543,1,dense_fc,2,3.6073977298656246e-06,0.9999963641166687,1,0.9999963641166687,0.4999963939189911,1
9223,recon_00026.tiff,192549,2,dense_fc,2,0.9799032807350159,0.02009671926498413,2,0.9799032807350159,0.47990328073501587,1
9242,recon_00026.tiff,192798,1,dense_fc,2,4.3403062591096386e-05,0.9999566078186035,1,0.9999566078186035,0.4999566078186035,1
9249,recon_00026.tiff,192872,1,dense_fc,2,2.4656274035805836e-05,0.999975323677063,1,0.999975323677063,0.4999753534793854,1
9258,recon_00026.tiff,192952,1,dense_fc,2,2.031253643508535e-06,0.9999979734420776,1,0.9999979734420776,0.49999797344207764,1
9285,recon_00026.tiff,193288,1,dense_fc,2,5.036580114392564e-05,0.9999496340751648,1,0.9999496340751648,0.4999496340751648,1
9380,recon_00026.tiff,194717,1,dense_fc,2,3.2657774227118352e-06,0.9999967217445374,1,0.9999967217445374,0.49999672174453735,1
9396,recon_00026.tiff,195028,1,dense_fc,2,1.1326299897973513e-07,0.9999998807907104,1,0.9999998807907104,0.49999988079071045,1
9402,recon_00026.tiff,195113,1,dense_fc,2,1.8174366900325367e-08,1.0,1,1.0,0.4999999701976776,1
9407,recon_00026.tiff,195118,1,dense_fc,2,0.004181926138699055,0.9958180785179138,1,0.9958180785179138,0.4958180785179138,1
9414,recon_00026.tiff,195216,2,dense_fc,2,0.9864081144332886,0.013591885566711426,2,0.9864081144332886,0.4864081144332886,1
9418,recon_00026.tiff,195281,1,dense_fc,2,1.4528815199810197e-06,0.9999985694885254,1,0.9999985694885254,0.499998539686203,1
9450,recon_00026.tiff,195707,1,dense_fc,2,1.1173103303008247e-05,0.999988853931427,1,0.999988853931427,0.4999888241291046,1
11518,recon_00100.tiff,7800,1,dense_fc,2,0.0017944485880434513,0.9982055425643921,1,0.9982055425643921,0.4982055425643921,1
12471,recon_00100.tiff,15645,1,dense_fc,2,1.3836797734256834e-06,0.9999986290931702,1,0.9999986290931702,0.49999862909317017,1
14901,recon_00100.tiff,44393,1,dense_fc,2,1.1942506879247805e-11,1.0,1,1.0,0.5,1
17264,recon_00100.tiff,94752,1,dense_fc,2,1.602753582119476e-05,0.9999839663505554,1,0.9999839663505554,0.4999839663505554,1
17724,recon_00100.tiff,106397,1,dense_fc,2,0.000239025495829992,0.9997609853744507,1,0.9997609853744507,0.4997609853744507,1
17911,recon_00100.tiff,111256,1,dense_fc,2,0.022625675424933434,0.9773743152618408,1,0.9773743152618408,0.4773743152618408,1
17974,recon_00100.tiff,112811,1,dense_fc,2,0.0013405578210949898,0.9986594319343567,1,0.9986594319343567,0.4986594319343567,1
17977,recon_00100.tiff,112901,1,dense_fc,2,0.00028147560078650713,0.9997185468673706,1,0.9997185468673706,0.4997185170650482,1
18005,recon_00100.tiff,113447,1,dense_fc,2,0.0016701578861102462,0.9983298182487488,1,0.9983298182487488,0.49832984805107117,1
18040,recon_00100.tiff,114029,1,dense_fc,2,0.0009013824164867401,0.9990985989570618,1,0.9990985989570618,0.49909862875938416,1
18240,recon_00100.tiff,117801,1,dense_fc,2,0.04394042119383812,0.9560595750808716,1,0.9560595750808716,0.4560595750808716,1
18405,recon_00100.tiff,122901,1,dense_fc,2,0.0030946778133511543,0.9969053268432617,1,0.9969053268432617,0.4969053268432617,1
18639,recon_00100.tiff,129874,1,dense_fc,2,0.00021075944823678583,0.9997892379760742,1,0.9997892379760742,0.4997892379760742,1
18667,recon_00100.tiff,131004,1,dense_fc,2,0.007634059526026249,0.9923659563064575,1,0.9923659563064575,0.49236592650413513,1
19031,recon_00100.tiff,141246,1,dense_fc,2,0.0008850101148709655,0.999114990234375,1,0.999114990234375,0.499114990234375,1
19703,recon_00100.tiff,164503,1,dense_fc,2,0.025920987129211426,0.9740790128707886,1,0.9740790128707886,0.4740790128707886,1
19777,recon_00100.tiff,166443,1,dense_fc,2,0.8499312400817871,0.1500687599182129,2,0.8499312400817871,0.3499312400817871,0
20082,recon_00100.tiff,174557,2,dense_fc,2,0.460918664932251,0.539081335067749,1,0.539081335067749,0.03908133506774902,0
20160,recon_00100.tiff,176111,1,dense_fc,2,0.000661659927573055,0.9993383288383484,1,0.9993383288383484,0.4993383288383484,1
20313,recon_00100.tiff,179449,1,dense_fc,2,0.003175540594384074,0.9968244433403015,1,0.9968244433403015,0.4968244731426239,1
20343,recon_00100.tiff,180187,1,dense_fc,2,0.0009744596900418401,0.9990255236625671,1,0.9990255236625671,0.4990255534648895,1
25266,recon_00086.tiff,40828,1,dense_fc,2,0.12892214953899384,0.871077835559845,1,0.871077835559845,0.37107783555984497,1
25295,recon_00086.tiff,40998,1,dense_fc,2,0.12076696753501892,0.8792330026626587,1,0.8792330026626587,0.3792330324649811,1
29583,recon_00086.tiff,127775,2,dense_fc,2,0.8138304948806763,0.18616950511932373,2,0.8138304948806763,0.31383049488067627,1
29723,recon_00086.tiff,131969,2,dense_fc,2,4.477664788282709e-06,0.9999955296516418,1,0.9999955296516418,0.49999552965164185,0
4869,recon_00026.tiff,73675,1,cnn2,2,0.15059621632099152,0.8494037985801697,1,0.8494037985801697,0.3494037985801697,1
5080,recon_00026.tiff,77482,2,cnn2,2,0.6255568265914917,0.3744431734085083,2,0.6255568265914917,0.1255568265914917,1
5122,recon_00026.tiff,78579,2,cnn2,2,0.7462776899337769,0.25372231006622314,2,0.7462776899337769,0.24627768993377686,1
5469,recon_00026.tiff,86384,2,cnn2,2,0.5982066988945007,0.40179330110549927,2,0.5982066988945007,0.09820669889450073,1
5628,recon_00026.tiff,89432,2,cnn2,2,0.6242736577987671,0.3757263422012329,2,0.6242736577987671,0.12427365779876709,1
5725,recon_00026.tiff,91047,2,cnn2,2,0.26520785689353943,0.7347921133041382,1,0.7347921133041382,0.23479214310646057,0
5741,recon_00026.tiff,91691,1,cnn2,2,0.48245400190353394,0.5175459980964661,1,0.5175459980964661,0.017545998096466064,1
5801,recon_00026.tiff,92900,2,cnn2,2,0.6318572759628296,0.3681427240371704,2,0.6318572759628296,0.1318572759628296,1
5929,recon_00026.tiff,94764,2,cnn2,2,0.6895310282707214,0.31046897172927856,2,0.6895310282707214,0.18953102827072144,1
5940,recon_00026.tiff,95059,2,cnn2,2,0.7581537365913391,0.2418462634086609,2,0.7581537365913391,0.2581537365913391,1
7970,recon_00026.tiff,158462,1,cnn2,2,0.20332922041416168,0.7966707944869995,1,0.7966707944869995,0.2966707944869995,1
7996,recon_00026.tiff,159121,1,cnn2,2,0.3778097927570343,0.6221902370452881,1,0.6221902370452881,0.1221902072429657,1
8038,recon_00026.tiff,160062,1,cnn2,2,0.4118522107601166,0.588147759437561,1,0.588147759437561,0.08814778923988342,1
8052,recon_00026.tiff,160803,1,cnn2,2,0.4431523382663727,0.5568476915359497,1,0.5568476915359497,0.05684766173362732,1
8055,recon_00026.tiff,160904,2,cnn2,2,0.6669360399246216,0.3330639600753784,2,0.6669360399246216,0.16693603992462158,1
8071,recon_00026.tiff,161184,2,cnn2,2,0.7047514915466309,0.29524850845336914,2,0.7047514915466309,0.20475149154663086,1
8073,recon_00026.tiff,161186,1,cnn2,2,0.3602006435394287,0.6397993564605713,1,0.6397993564605713,0.1397993564605713,1
8086,recon_00026.tiff,161479,2,cnn2,2,0.7650437951087952,0.23495620489120483,2,0.7650437951087952,0.26504379510879517,1
8087,recon_00026.tiff,161480,2,cnn2,2,0.7332106828689575,0.2667893171310425,2,0.7332106828689575,0.23321068286895752,1
8093,recon_00026.tiff,161560,2,cnn2,2,0.6810012459754944,0.3189987540245056,2,0.6810012459754944,0.18100124597549438,1
8098,recon_00026.tiff,161660,1,cnn2,2,0.3503483533859253,0.6496516466140747,1,0.6496516466140747,0.1496516466140747,1
8106,recon_00026.tiff,161750,2,cnn2,2,0.681490957736969,0.318509042263031,2,0.681490957736969,0.181490957736969,1
8111,recon_00026.tiff,161839,1,cnn2,2,0.4589839279651642,0.5410161018371582,1,0.5410161018371582,0.041016072034835815,1
8125,recon_00026.tiff,162132,2,cnn2,2,0.6994829177856445,0.30051708221435547,2,0.6994829177856445,0.19948291778564453,1
8129,recon_00026.tiff,162230,2,cnn2,2,0.7016833424568176,0.2983166575431824,2,0.7016833424568176,0.20168334245681763,1
8489,recon_00026.tiff,173556,1,cnn2,2,0.4178827404975891,0.5821172595024109,1,0.5821172595024109,0.08211725950241089,1
8511,recon_00026.tiff,174195,1,cnn2,2,0.42005765438079834,0.5799423456192017,1,0.5799423456192017,0.07994234561920166,1
8630,recon_00026.tiff,178773,1,cnn2,2,0.3886982798576355,0.6113017201423645,1,0.6113017201423645,0.1113017201423645,1
8845,recon_00026.tiff,184008,2,cnn2,2,0.761795699596405,0.23820430040359497,2,0.761795699596405,0.26179569959640503,1
8962,recon_00026.tiff,187052,1,cnn2,2,0.14234772324562073,0.8576523065567017,1,0.8576523065567017,0.3576522767543793,1
9005,recon_00026.tiff,187796,1,cnn2,2,0.11853528022766113,0.8814647197723389,1,0.8814647197723389,0.38146471977233887,1
9015,recon_00026.tiff,188053,1,cnn2,2,0.35769954323768616,0.6423004865646362,1,0.6423004865646362,0.14230045676231384,1
9071,recon_00026.tiff,189362,1,cnn2,2,0.13901583850383759,0.8609841465950012,1,0.8609841465950012,0.3609841465950012,1
9221,recon_00026.tiff,192543,1,cnn2,2,0.29587724804878235,0.70412278175354,1,0.70412278175354,0.20412275195121765,1
9223,recon_00026.tiff,192549,2,cnn2,2,0.5795501470565796,0.4204498529434204,2,0.5795501470565796,0.07955014705657959,1
9242,recon_00026.tiff,192798,1,cnn2,2,0.44625988602638245,0.5537401437759399,1,0.5537401437759399,0.053740113973617554,1
9249,recon_00026.tiff,192872,1,cnn2,2,0.2503996789455414,0.7496002912521362,1,0.7496002912521362,0.24960032105445862,1
9258,recon_00026.tiff,192952,1,cnn2,2,0.1507275104522705,0.8492724895477295,1,0.8492724895477295,0.3492724895477295,1
9285,recon_00026.tiff,193288,1,cnn2,2,0.15615682303905487,0.8438431620597839,1,0.8438431620597839,0.34384316205978394,1
9380,recon_00026.tiff,194717,1,cnn2,2,0.1212078407406807,0.8787921667098999,1,0.8787921667098999,0.3787921667098999,1
9396,recon_00026.tiff,195028,1,cnn2,2,0.2740445137023926,0.7259554862976074,1,0.7259554862976074,0.22595548629760742,1
9402,recon_00026.tiff,195113,1,cnn2,2,0.5216796398162842,0.4783203601837158,2,0.5216796398162842,0.02167963981628418,0
9407,recon_00026.tiff,195118,1,cnn2,2,0.44971999526023865,0.550279974937439,1,0.550279974937439,0.05028000473976135,1
9414,recon_00026.tiff,195216,2,cnn2,2,0.5643944144248962,0.43560558557510376,2,0.5643944144248962,0.06439441442489624,1
9418,recon_00026.tiff,195281,1,cnn2,2,0.1437118649482727,0.8562881350517273,1,0.8562881350517273,0.3562881350517273,1
9450,recon_00026.tiff,195707,1,cnn2,2,0.3129737675189972,0.6870262622833252,1,0.6870262622833252,0.1870262324810028,1
11518,recon_00100.tiff,7800,1,cnn2,2,0.5696901679039001,0.43030983209609985,2,0.5696901679039001,0.06969016790390015,0
12471,recon_00100.tiff,15645,1,cnn2,2,0.3838786780834198,0.6161212921142578,1,0.6161212921142578,0.1161213219165802,1
14901,recon_00100.tiff,44393,1,cnn2,2,0.5073853135108948,0.4926146864891052,2,0.5073853135108948,0.007385313510894775,0
17264,recon_00100.tiff,94752,1,cnn2,2,0.10904530435800552,0.8909546732902527,1,0.8909546732902527,0.3909547030925751,1
17724,recon_00100.tiff,106397,1,cnn2,2,0.12609638273715973,0.8739036321640015,1,0.8739036321640015,0.37390363216400146,1
17911,recon_00100.tiff,111256,1,cnn2,2,0.03892314434051514,0.9610768556594849,1,0.9610768556594849,0.46107685565948486,1
17974,recon_00100.tiff,112811,1,cnn2,2,0.07740169763565063,0.9225983023643494,1,0.9225983023643494,0.42259830236434937,1
17977,recon_00100.tiff,112901,1,cnn2,2,0.0733664259314537,0.9266335964202881,1,0.9266335964202881,0.4266335666179657,1
18005,recon_00100.tiff,113447,1,cnn2,2,0.07842617481946945,0.92157381772995,1,0.92157381772995,0.42157381772994995,1
18040,recon_00100.tiff,114029,1,cnn2,2,0.08365155756473541,0.9163484573364258,1,0.9163484573364258,0.4163484573364258,1
18240,recon_00100.tiff,117801,1,cnn2,2,0.06442809849977493,0.9355719089508057,1,0.9355719089508057,0.43557190895080566,1
18405,recon_00100.tiff,122901,1,cnn2,2,0.07261320948600769,0.9273867607116699,1,0.9273867607116699,0.4273867905139923,1
18639,recon_00100.tiff,129874,1,cnn2,2,0.12814924120903015,0.8718507289886475,1,0.8718507289886475,0.37185075879096985,1
18667,recon_00100.tiff,131004,1,cnn2,2,0.09387612342834473,0.9061238765716553,1,0.9061238765716553,0.4061238765716553,1
19031,recon_00100.tiff,141246,1,cnn2,2,0.12687574326992035,0.8731242418289185,1,0.8731242418289185,0.37312424182891846,1
19703,recon_00100.tiff,164503,1,cnn2,2,0.47625476121902466,0.5237452387809753,1,0.5237452387809753,0.023745238780975342,1
19777,recon_00100.tiff,166443,1,cnn2,2,0.6115474700927734,0.38845252990722656,2,0.6115474700927734,0.11154747009277344,0
20082,recon_00100.tiff,174557,2,cnn2,2,0.3470781147480011,0.6529219150543213,1,0.6529219150543213,0.1529218852519989,0
20160,recon_00100.tiff,176111,1,cnn2,2,0.12427448481321335,0.875725507736206,1,0.875725507736206,0.37572550773620605,1
20313,recon_00100.tiff,179449,1,cnn2,2,0.2993320822715759,0.7006679177284241,1,0.7006679177284241,0.20066791772842407,1
20343,recon_00100.tiff,180187,1,cnn2,2,0.6344128847122192,0.36558711528778076,2,0.6344128847122192,0.13441288471221924,0
25266,recon_00086.tiff,40828,1,cnn2,2,0.53978431224823,0.46021568775177,2,0.53978431224823,0.03978431224822998,0
25295,recon_00086.tiff,40998,1,cnn2,2,0.5078116655349731,0.49218833446502686,2,0.5078116655349731,0.0078116655349731445,0
29583,recon_00086.tiff,127775,2,cnn2,2,0.21442347764968872,0.7855765223503113,1,0.7855765223503113,0.2855765223503113,0
29723,recon_00086.tiff,131969,2,cnn2,2,0.4585459530353546,0.5414540767669678,1,0.5414540767669678,0.041454046964645386,0
4869,recon_00026.tiff,73675,1,cnn3,2,0.2147073894739151,0.7852926254272461,1,0.7852926254272461,0.2852926254272461,1
5080,recon_00026.tiff,77482,2,cnn3,2,0.9779185652732849,0.022081434726715088,2,0.9779185652732849,0.4779185652732849,1
5122,recon_00026.tiff,78579,2,cnn3,2,0.9960823655128479,0.0039176344871521,2,0.9960823655128479,0.4960823655128479,1
5469,recon_00026.tiff,86384,2,cnn3,2,0.9989287257194519,0.0010712742805480957,2,0.9989287257194519,0.4989287257194519,1
5628,recon_00026.tiff,89432,2,cnn3,2,0.9933346509933472,0.006665349006652832,2,0.9933346509933472,0.49333465099334717,1
5725,recon_00026.tiff,91047,2,cnn3,2,0.8797141909599304,0.12028580904006958,2,0.8797141909599304,0.3797141909599304,1
5741,recon_00026.tiff,91691,1,cnn3,2,0.014683697372674942,0.985316276550293,1,0.985316276550293,0.48531630635261536,1
5801,recon_00026.tiff,92900,2,cnn3,2,0.9900842905044556,0.009915709495544434,2,0.9900842905044556,0.49008429050445557,1
5929,recon_00026.tiff,94764,2,cnn3,2,0.9910998940467834,0.008900105953216553,2,0.9910998940467834,0.49109989404678345,1
5940,recon_00026.tiff,95059,2,cnn3,2,0.9989078044891357,0.0010921955108642578,2,0.9989078044891357,0.49890780448913574,1
7970,recon_00026.tiff,158462,1,cnn3,2,0.03034784272313118,0.9696521759033203,1,0.9696521759033203,0.4696521461009979,1
7996,recon_00026.tiff,159121,1,cnn3,2,0.02945186197757721,0.970548152923584,1,0.970548152923584,0.470548152923584,1
8038,recon_00026.tiff,160062,1,cnn3,2,0.03589077666401863,0.9641092419624329,1,0.9641092419624329,0.4641092121601105,1
8052,recon_00026.tiff,160803,1,cnn3,2,0.01186692900955677,0.9881330728530884,1,0.9881330728530884,0.4881330728530884,1
8055,recon_00026.tiff,160904,2,cnn3,2,0.9896476864814758,0.01035231351852417,2,0.9896476864814758,0.48964768648147583,1
8071,recon_00026.tiff,161184,2,cnn3,2,0.9845325350761414,0.015467464923858643,2,0.9845325350761414,0.48453253507614136,1
8073,recon_00026.tiff,161186,1,cnn3,2,0.01718965917825699,0.9828103184700012,1,0.9828103184700012,0.4828103482723236,1
8086,recon_00026.tiff,161479,2,cnn3,2,0.9980227947235107,0.001977205276489258,2,0.9980227947235107,0.49802279472351074,1
8087,recon_00026.tiff,161480,2,cnn3,2,0.9805561900138855,0.019443809986114502,2,0.9805561900138855,0.4805561900138855,1
8093,recon_00026.tiff,161560,2,cnn3,2,0.9925187826156616,0.007481217384338379,2,0.9925187826156616,0.4925187826156616,1
8098,recon_00026.tiff,161660,1,cnn3,2,0.012793590314686298,0.9872063994407654,1,0.9872063994407654,0.4872063994407654,1
8106,recon_00026.tiff,161750,2,cnn3,2,0.9592779278755188,0.0407220721244812,2,0.9592779278755188,0.4592779278755188,1
8111,recon_00026.tiff,161839,1,cnn3,2,0.06910747289657593,0.9308925271034241,1,0.9308925271034241,0.4308925271034241,1
8125,recon_00026.tiff,162132,2,cnn3,2,0.990254819393158,0.009745180606842041,2,0.990254819393158,0.49025481939315796,1
8129,recon_00026.tiff,162230,2,cnn3,2,0.9943142533302307,0.005685746669769287,2,0.9943142533302307,0.4943142533302307,1
8489,recon_00026.tiff,173556,1,cnn3,2,0.16807834804058075,0.8319216370582581,1,0.8319216370582581,0.33192163705825806,1
8511,recon_00026.tiff,174195,1,cnn3,2,0.13955646753311157,0.8604435324668884,1,0.8604435324668884,0.3604435324668884,1
8630,recon_00026.tiff,178773,1,cnn3,2,0.5961289405822754,0.4038710594177246,2,0.5961289405822754,0.09612894058227539,0
8845,recon_00026.tiff,184008,2,cnn3,2,0.997962236404419,0.0020377635955810547,2,0.997962236404419,0.49796223640441895,1
8962,recon_00026.tiff,187052,1,cnn3,2,0.08415725082159042,0.9158427715301514,1,0.9158427715301514,0.415842741727829,1
9005,recon_00026.tiff,187796,1,cnn3,2,0.017780689522624016,0.9822193384170532,1,0.9822193384170532,0.48221930861473083,1
9015,recon_00026.tiff,188053,1,cnn3,2,0.10876118391752243,0.891238808631897,1,0.891238808631897,0.391238808631897,1
9071,recon_00026.tiff,189362,1,cnn3,2,0.03762552887201309,0.9623744487762451,1,0.9623744487762451,0.4623744785785675,1
9221,recon_00026.tiff,192543,1,cnn3,2,0.023272860795259476,0.9767271280288696,1,0.9767271280288696,0.47672712802886963,1
9223,recon_00026.tiff,192549,2,cnn3,2,0.985348641872406,0.014651358127593994,2,0.985348641872406,0.485348641872406,1
9242,recon_00026.tiff,192798,1,cnn3,2,0.08685414493083954,0.9131458401679993,1,0.9131458401679993,0.41314584016799927,1
9249,recon_00026.tiff,192872,1,cnn3,2,0.008204379118978977,0.9917955994606018,1,0.9917955994606018,0.4917956292629242,1
9258,recon_00026.tiff,192952,1,cnn3,2,0.13071151077747345,0.8692885041236877,1,0.8692885041236877,0.36928850412368774,1
9285,recon_00026.tiff,193288,1,cnn3,2,0.028650254011154175,0.9713497161865234,1,0.9713497161865234,0.4713497459888458,1
9380,recon_00026.tiff,194717,1,cnn3,2,0.02453211136162281,0.9754678606987,1,0.9754678606987,0.47546789050102234,1
9396,recon_00026.tiff,195028,1,cnn3,2,0.000356644915882498,0.9996433258056641,1,0.9996433258056641,0.49964335560798645,1
9402,recon_00026.tiff,195113,1,cnn3,2,0.556000292301178,0.443999707698822,2,0.556000292301178,0.05600029230117798,0
9407,recon_00026.tiff,195118,1,cnn3,2,0.13833579421043396,0.8616641759872437,1,0.8616641759872437,0.36166420578956604,1
9414,recon_00026.tiff,195216,2,cnn3,2,0.9915139079093933,0.00848609209060669,2,0.9915139079093933,0.4915139079093933,1
9418,recon_00026.tiff,195281,1,cnn3,2,0.0873592421412468,0.9126407504081726,1,0.9126407504081726,0.4126407504081726,1
9450,recon_00026.tiff,195707,1,cnn3,2,0.03938309848308563,0.9606168866157532,1,0.9606168866157532,0.4606168866157532,1
11518,recon_00100.tiff,7800,1,cnn3,2,0.1719324141740799,0.8280676007270813,1,0.8280676007270813,0.3280676007270813,1
12471,recon_00100.tiff,15645,1,cnn3,2,0.043919190764427185,0.9560807943344116,1,0.9560807943344116,0.4560807943344116,1
14901,recon_00100.tiff,44393,1,cnn3,2,0.20452865958213806,0.7954713106155396,1,0.7954713106155396,0.29547134041786194,1
17264,recon_00100.tiff,94752,1,cnn3,2,0.09345804154872894,0.9065419435501099,1,0.9065419435501099,0.40654194355010986,1
17724,recon_00100.tiff,106397,1,cnn3,2,0.1632767766714096,0.8367232084274292,1,0.8367232084274292,0.3367232084274292,1
17911,recon_00100.tiff,111256,1,cnn3,2,0.029023587703704834,0.9709764122962952,1,0.9709764122962952,0.47097641229629517,1
17974,recon_00100.tiff,112811,1,cnn3,2,0.019045190885663033,0.9809548258781433,1,0.9809548258781433,0.4809547960758209,1
17977,recon_00100.tiff,112901,1,cnn3,2,0.05067656561732292,0.9493234157562256,1,0.9493234157562256,0.449323445558548,1
18005,recon_00100.tiff,113447,1,cnn3,2,0.0580422542989254,0.9419577717781067,1,0.9419577717781067,0.4419577419757843,1
18040,recon_00100.tiff,114029,1,cnn3,2,0.16526052355766296,0.8347394466400146,1,0.8347394466400146,0.33473947644233704,1
18240,recon_00100.tiff,117801,1,cnn3,2,0.02765321172773838,0.9723467826843262,1,0.9723467826843262,0.47234678268432617,1
18405,recon_00100.tiff,122901,1,cnn3,2,0.03953314572572708,0.9604668617248535,1,0.9604668617248535,0.4604668617248535,1
18639,recon_00100.tiff,129874,1,cnn3,2,0.08425822854042053,0.9157418012619019,1,0.9157418012619019,0.41574177145957947,1
18667,recon_00100.tiff,131004,1,cnn3,2,0.08110550791025162,0.9188944697380066,1,0.9188944697380066,0.418894499540329,1
19031,recon_00100.tiff,141246,1,cnn3,2,0.08954502642154694,0.9104549884796143,1,0.9104549884796143,0.41045498847961426,1
19703,recon_00100.tiff,164503,1,cnn3,2,0.504755437374115,0.495244562625885,2,0.504755437374115,0.00475543737411499,0
19777,recon_00100.tiff,166443,1,cnn3,2,0.9897928237915039,0.010207176208496094,2,0.9897928237915039,0.4897928237915039,0
20082,recon_00100.tiff,174557,2,cnn3,2,0.5843617916107178,0.4156382083892822,2,0.5843617916107178,0.08436179161071777,1
20160,recon_00100.tiff,176111,1,cnn3,2,0.030578291043639183,0.9694216847419739,1,0.9694216847419739,0.46942171454429626,1
20313,recon_00100.tiff,179449,1,cnn3,2,0.33940932154655457,0.660590648651123,1,0.660590648651123,0.16059067845344543,1
20343,recon_00100.tiff,180187,1,cnn3,2,0.6845898628234863,0.31541013717651367,2,0.6845898628234863,0.18458986282348633,0
25266,recon_00086.tiff,40828,1,cnn3,2,0.7502425909042358,0.24975740909576416,2,0.7502425909042358,0.25024259090423584,0
25295,recon_00086.tiff,40998,1,cnn3,2,0.699977457523346,0.30002254247665405,2,0.699977457523346,0.19997745752334595,0
29583,recon_00086.tiff,127775,2,cnn3,2,0.04397265985608101,0.9560273289680481,1,0.9560273289680481,0.4560273289680481,0
29723,recon_00086.tiff,131969,2,cnn3,2,0.3327736258506775,0.6672263741493225,1,0.6672263741493225,0.1672263741493225,0
4200,recon_00026.tiff,58496,2,random_forest,3,0.9943333333333333,0.005666666666666709,2,0.9943333333333333,0.4943333333333333,1
4466,recon_00026.tiff,64637,2,random_forest,3,0.9721000000000001,0.027899999999999925,2,0.9721000000000001,0.4721000000000001,1
4946,recon_00026.tiff,75307,1,random_forest,3,0.13319999999999999,0.8668,1,0.8668,0.3668,1
5094,recon_00026.tiff,77767,2,random_forest,3,0.6928500000000001,0.3071499999999999,2,0.6928500000000001,0.19285000000000008,1
5121,recon_00026.tiff,78578,2,random_forest,3,0.999,0.0010000000000000009,2,0.999,0.499,1
5389,recon_00026.tiff,84385,2,random_forest,3,0.9943333333333333,0.005666666666666709,2,0.9943333333333333,0.4943333333333333,1
5404,recon_00026.tiff,84779,2,random_forest,3,0.9092761904761905,0.09072380952380954,2,0.9092761904761905,0.40927619047619046,1
5426,recon_00026.tiff,85233,2,random_forest,3,0.987647619047619,0.012352380952381004,2,0.987647619047619,0.487647619047619,1
5512,recon_00026.tiff,87719,2,random_forest,3,0.9871333333333332,0.012866666666666804,2,0.9871333333333332,0.4871333333333332,1
5629,recon_00026.tiff,89433,2,random_forest,3,0.9938666666666668,0.006133333333333213,2,0.9938666666666668,0.4938666666666668,1
5654,recon_00026.tiff,89813,2,random_forest,3,0.9778333333333332,0.02216666666666678,2,0.9778333333333332,0.4778333333333332,1
5680,recon_00026.tiff,90179,2,random_forest,3,0.9976666666666666,0.0023333333333334094,2,0.9976666666666666,0.4976666666666666,1
5758,recon_00026.tiff,92256,2,random_forest,3,0.8193809523809524,0.18061904761904757,2,0.8193809523809524,0.31938095238095243,1
5806,recon_00026.tiff,92994,2,random_forest,3,0.7533142857142858,0.24668571428571417,2,0.7533142857142858,0.2533142857142858,1
5959,recon_00026.tiff,95599,2,random_forest,3,0.9141666666666668,0.0858333333333332,2,0.9141666666666668,0.4141666666666668,1
7956,recon_00026.tiff,158250,1,random_forest,3,0.0013333333333333333,0.9986666666666667,1,0.9986666666666667,0.49866666666666665,1
7968,recon_00026.tiff,158460,1,random_forest,3,0.0,1.0,1,1.0,0.5,1
8002,recon_00026.tiff,159224,2,random_forest,3,0.9981666666666666,0.0018333333333333535,2,0.9981666666666666,0.49816666666666665,1
8003,recon_00026.tiff,159225,1,random_forest,3,0.009,0.991,1,0.991,0.491,1
8027,recon_00026.tiff,159692,1,random_forest,3,0.004,0.996,1,0.996,0.496,1
8051,recon_00026.tiff,160801,1,random_forest,3,0.0,1.0,1,1.0,0.5,1
8068,recon_00026.tiff,161095,2,random_forest,3,0.999,0.0010000000000000009,2,0.999,0.499,1
8072,recon_00026.tiff,161185,1,random_forest,3,0.008333333333333331,0.9916666666666667,1,0.9916666666666667,0.4916666666666667,1
8078,recon_00026.tiff,161378,2,random_forest,3,0.9963333333333333,0.003666666666666707,2,0.9963333333333333,0.4963333333333333,1
8083,recon_00026.tiff,161475,1,random_forest,3,0.002,0.998,1,0.998,0.498,1
8104,recon_00026.tiff,161748,2,random_forest,3,0.9993333333333333,0.0006666666666667043,2,0.9993333333333333,0.4993333333333333,1
8105,recon_00026.tiff,161749,1,random_forest,3,0.002333333333333333,0.9976666666666667,1,0.9976666666666667,0.49766666666666665,1
8569,recon_00026.tiff,176316,1,random_forest,3,0.06568333333333334,0.9343166666666667,1,0.9343166666666667,0.4343166666666667,1
8604,recon_00026.tiff,177590,2,random_forest,3,0.974047619047619,0.02595238095238095,2,0.974047619047619,0.47404761904761905,1
8621,recon_00026.tiff,178437,1,random_forest,3,0.09511666666666665,0.9048833333333334,1,0.9048833333333334,0.4048833333333334,1
8753,recon_00026.tiff,181905,2,random_forest,3,0.9954666666666667,0.004533333333333278,2,0.9954666666666667,0.4954666666666667,1
8770,recon_00026.tiff,182245,1,random_forest,3,0.06308333333333332,0.9369166666666666,1,0.9369166666666666,0.4369166666666667,1
8797,recon_00026.tiff,182847,1,random_forest,3,0.0757,0.9243,1,0.9243,0.4243,1
8852,recon_00026.tiff,184242,1,random_forest,3,0.10596666666666665,0.8940333333333333,1,0.8940333333333333,0.39403333333333335,1
8897,recon_00026.tiff,185634,1,random_forest,3,0.07655476190476193,0.923445238095238,1,0.923445238095238,0.42344523809523804,1
8966,recon_00026.tiff,187146,1,random_forest,3,0.10723333333333332,0.8927666666666667,1,0.8927666666666667,0.3927666666666667,1
8992,recon_00026.tiff,187627,1,random_forest,3,0.010266666666666665,0.9897333333333334,1,0.9897333333333334,0.48973333333333335,1
8993,recon_00026.tiff,187628,1,random_forest,3,0.0202,0.9798,1,0.9798,0.4798,1
9032,recon_00026.tiff,188462,1,random_forest,3,0.025,0.975,1,0.975,0.475,1
9087,recon_00026.tiff,189610,1,random_forest,3,0.003,0.997,1,0.997,0.497,1
9101,recon_00026.tiff,189771,1,random_forest,3,0.009628571428571429,0.9903714285714286,1,0.9903714285714286,0.49037142857142857,1
9250,recon_00026.tiff,192873,1,random_forest,3,0.19526666666666667,0.8047333333333333,1,0.8047333333333333,0.3047333333333333,1
9271,recon_00026.tiff,193132,1,random_forest,3,0.0,1.0,1,1.0,0.5,1
9341,recon_00026.tiff,194073,1,random_forest,3,0.044066666666666664,0.9559333333333333,1,0.9559333333333333,0.45593333333333336,1
9385,recon_00026.tiff,194866,1,random_forest,3,0.002,0.998,1,0.998,0.498,1
9390,recon_00026.tiff,194959,1,random_forest,3,0.001,0.999,1,0.999,0.499,1
9411,recon_00026.tiff,195205,1,random_forest,3,0.0026666666666666666,0.9973333333333333,1,0.9973333333333333,0.49733333333333335,1
9420,recon_00026.tiff,195283,1,random_forest,3,0.005333333333333333,0.9946666666666667,1,0.9946666666666667,0.49466666666666664,1
9436,recon_00026.tiff,195546,1,random_forest,3,0.002333333333333333,0.9976666666666667,1,0.9976666666666667,0.49766666666666665,1
9440,recon_00026.tiff,195560,1,random_forest,3,0.07859999999999999,0.9214,1,0.9214,0.4214,1
9445,recon_00026.tiff,195635,1,random_forest,3,0.001,0.999,1,0.999,0.499,1
9691,recon_00026.tiff,199563,1,random_forest,3,0.08338095238095236,0.9166190476190477,1,0.9166190476190477,0.41661904761904767,1
11453,recon_00026.tiff,238184,1,random_forest,3,0.16800000000000007,0.832,1,0.832,0.33199999999999996,1
12470,recon_00100.tiff,15644,2,random_forest,3,0.5327999999999999,0.46720000000000006,2,0.5327999999999999,0.03279999999999994,1
13957,recon_00100.tiff,32368,1,random_forest,3,0.26333333333333336,0.7366666666666666,1,0.7366666666666666,0.23666666666666664,1
14883,recon_00100.tiff,44225,2,random_forest,3,0.9802976190476191,0.01970238095238086,2,0.9802976190476191,0.48029761904761914,1
17650,recon_00100.tiff,104513,1,random_forest,3,0.17803333333333335,0.8219666666666666,1,0.8219666666666666,0.3219666666666666,1
17708,recon_00100.tiff,106032,1,random_forest,3,0.0013333333333333333,0.9986666666666667,1,0.9986666666666667,0.49866666666666665,1
17733,recon_00100.tiff,106562,1,random_forest,3,0.015799999999999998,0.9842,1,0.9842,0.4842,1
17968,recon_00100.tiff,112632,1,random_forest,3,0.004,0.996,1,0.996,0.496,1
18073,recon_00100.tiff,114484,1,random_forest,3,0.018,0.982,1,0.982,0.482,1
18321,recon_00100.tiff,120269,1,random_forest,3,0.08783809523809523,0.9121619047619047,1,0.9121619047619047,0.4121619047619048,1
18652,recon_00100.tiff,130417,1,random_forest,3,0.0006666666666666666,0.9993333333333333,1,0.9993333333333333,0.49933333333333335,1
19915,recon_00100.tiff,170596,1,random_forest,3,0.10876428571428572,0.8912357142857142,1,0.8912357142857142,0.3912357142857143,1
20207,recon_00100.tiff,176934,1,random_forest,3,0.07811190476190477,0.9218880952380952,1,0.9218880952380952,0.42188809523809523,1
20214,recon_00100.tiff,177070,1,random_forest,3,0.015399999999999999,0.9846,1,0.9846,0.4846,1
20219,recon_00100.tiff,177345,1,random_forest,3,0.02683333333333333,0.9731666666666666,1,0.9731666666666666,0.4731666666666667,1
20299,recon_00100.tiff,179243,1,random_forest,3,0.05973809523809524,0.9402619047619047,1,0.9402619047619047,0.44026190476190474,1
21930,recon_00100.tiff,213480,1,random_forest,3,0.2007666666666667,0.7992333333333332,1,0.7992333333333332,0.2992333333333333,1
25293,recon_00086.tiff,40996,1,random_forest,3,0.08376190476190476,0.9162380952380953,1,0.9162380952380953,0.41623809523809524,1
25321,recon_00086.tiff,41254,1,random_forest,3,0.20033333333333336,0.7996666666666666,1,0.7996666666666666,0.29966666666666664,1
4200,recon_00026.tiff,58496,2,dense_fc,3,0.9954583644866943,0.004541635513305664,2,0.9954583644866943,0.49545836448669434,1
4466,recon_00026.tiff,64637,2,dense_fc,3,0.93062424659729,0.06937575340270996,2,0.93062424659729,0.43062424659729004,1
4946,recon_00026.tiff,75307,1,dense_fc,3,0.02051961049437523,0.9794803857803345,1,0.9794803857803345,0.4794803857803345,1
5094,recon_00026.tiff,77767,2,dense_fc,3,0.8151347041130066,0.1848652958869934,2,0.8151347041130066,0.3151347041130066,1
5121,recon_00026.tiff,78578,2,dense_fc,3,0.9741025567054749,0.025897443294525146,2,0.9741025567054749,0.47410255670547485,1
5389,recon_00026.tiff,84385,2,dense_fc,3,0.9841182231903076,0.015881776809692383,2,0.9841182231903076,0.4841182231903076,1
5404,recon_00026.tiff,84779,2,dense_fc,3,0.9995191097259521,0.00048089027404785156,2,0.9995191097259521,0.49951910972595215,1
5426,recon_00026.tiff,85233,2,dense_fc,3,0.9958124756813049,0.004187524318695068,2,0.9958124756813049,0.49581247568130493,1
5512,recon_00026.tiff,87719,2,dense_fc,3,0.9787231683731079,0.02127683162689209,2,0.9787231683731079,0.4787231683731079,1
5629,recon_00026.tiff,89433,2,dense_fc,3,0.9986808896064758,0.00131911039352417,2,0.9986808896064758,0.49868088960647583,1
5654,recon_00026.tiff,89813,2,dense_fc,3,0.9661868214607239,0.03381317853927612,2,0.9661868214607239,0.4661868214607239,1
5680,recon_00026.tiff,90179,2,dense_fc,3,0.9727640151977539,0.027235984802246094,2,0.9727640151977539,0.4727640151977539,1
5758,recon_00026.tiff,92256,2,dense_fc,3,0.8392848968505859,0.16071510314941406,2,0.8392848968505859,0.33928489685058594,1
5806,recon_00026.tiff,92994,2,dense_fc,3,0.960076630115509,0.03992336988449097,2,0.960076630115509,0.46007663011550903,1
5959,recon_00026.tiff,95599,2,dense_fc,3,0.9689252376556396,0.03107476234436035,2,0.9689252376556396,0.46892523765563965,1
7956,recon_00026.tiff,158250,1,dense_fc,3,0.0011976035311818123,0.9988024234771729,1,0.9988024234771729,0.49880239367485046,1
7968,recon_00026.tiff,158460,1,dense_fc,3,0.00030513768433593214,0.9996948838233948,1,0.9996948838233948,0.4996948540210724,1
8002,recon_00026.tiff,159224,2,dense_fc,3,0.9925528168678284,0.007447183132171631,2,0.9925528168678284,0.49255281686782837,1
8003,recon_00026.tiff,159225,1,dense_fc,3,0.007497341837733984,0.9925026297569275,1,0.9925026297569275,0.4925026595592499,1
8027,recon_00026.tiff,159692,1,dense_fc,3,0.002717690309509635,0.9972823262214661,1,0.9972823262214661,0.4972822964191437,1
8051,recon_00026.tiff,160801,1,dense_fc,3,0.0007676530512981117,0.9992323517799377,1,0.9992323517799377,0.49923235177993774,1
8068,recon_00026.tiff,161095,2,dense_fc,3,0.9946999549865723,0.005300045013427734,2,0.9946999549865723,0.49469995498657227,1
8072,recon_00026.tiff,161185,1,dense_fc,3,0.0012229867279529572,0.9987770318984985,1,0.9987770318984985,0.49877700209617615,1
8078,recon_00026.tiff,161378,2,dense_fc,3,0.9893306493759155,0.010669350624084473,2,0.9893306493759155,0.4893306493759155,1
8083,recon_00026.tiff,161475,1,dense_fc,3,0.0012672528391703963,0.9987327456474304,1,0.9987327456474304,0.4987327456474304,1
8104,recon_00026.tiff,161748,2,dense_fc,3,0.9891216158866882,0.010878384113311768,2,0.9891216158866882,0.48912161588668823,1
8105,recon_00026.tiff,161749,1,dense_fc,3,0.0018650635611265898,0.9981349110603333,1,0.9981349110603333,0.49813494086265564,1
8569,recon_00026.tiff,176316,1,dense_fc,3,0.0006882206653244793,0.9993118047714233,1,0.9993118047714233,0.49931177496910095,1
8604,recon_00026.tiff,177590,2,dense_fc,3,0.8733575344085693,0.12664246559143066,2,0.8733575344085693,0.37335753440856934,1
8621,recon_00026.tiff,178437,1,dense_fc,3,2.1830939658684656e-05,0.9999781847000122,1,0.9999781847000122,0.4999781548976898,1
8753,recon_00026.tiff,181905,2,dense_fc,3,0.9872645139694214,0.012735486030578613,2,0.9872645139694214,0.4872645139694214,1
8770,recon_00026.tiff,182245,1,dense_fc,3,0.0013491875724866986,0.9986507892608643,1,0.9986507892608643,0.49865081906318665,1
8797,recon_00026.tiff,182847,1,dense_fc,3,0.00012972518743481487,0.9998703002929688,1,0.9998703002929688,0.49987027049064636,1
8852,recon_00026.tiff,184242,1,dense_fc,3,0.0003923102340195328,0.9996076822280884,1,0.9996076822280884,0.4996076822280884,1
8897,recon_00026.tiff,185634,1,dense_fc,3,2.0371860500745242e-06,0.9999979734420776,1,0.9999979734420776,0.49999797344207764,1
8966,recon_00026.tiff,187146,1,dense_fc,3,0.017712704837322235,0.9822872877120972,1,0.9822872877120972,0.48228728771209717,1
8992,recon_00026.tiff,187627,1,dense_fc,3,0.0010155105264857411,0.9989845156669617,1,0.9989845156669617,0.4989844858646393,1
8993,recon_00026.tiff,187628,1,dense_fc,3,0.0019426820799708366,0.9980573058128357,1,0.9980573058128357,0.4980573058128357,1
9032,recon_00026.tiff,188462,1,dense_fc,3,0.0004840616893488914,0.999515950679779,1,0.999515950679779,0.49951595067977905,1
9087,recon_00026.tiff,189610,1,dense_fc,3,0.00024045800091698766,0.9997595548629761,1,0.9997595548629761,0.4997595548629761,1
9101,recon_00026.tiff,189771,1,dense_fc,3,0.00033901529968716204,0.9996609687805176,1,0.9996609687805176,0.49966099858283997,1
9250,recon_00026.tiff,192873,1,dense_fc,3,0.0253602322191,0.9746397733688354,1,0.9746397733688354,0.47463977336883545,1
9271,recon_00026.tiff,193132,1,dense_fc,3,0.000746494741179049,0.999253511428833,1,0.999253511428833,0.499253511428833,1
9341,recon_00026.tiff,194073,1,dense_fc,3,0.00026671832893043756,0.9997332692146301,1,0.9997332692146301,0.4997332692146301,1
9385,recon_00026.tiff,194866,1,dense_fc,3,0.0007525932742282748,0.9992474317550659,1,0.9992474317550659,0.49924740195274353,1
9390,recon_00026.tiff,194959,1,dense_fc,3,9.087567741516978e-05,0.9999091029167175,1,0.9999091029167175,0.4999091327190399,1
9411,recon_00026.tiff,195205,1,dense_fc,3,0.0005021210527047515,0.9994978904724121,1,0.9994978904724121,0.4994978904724121,1
9420,recon_00026.tiff,195283,1,dense_fc,3,0.0005154867540113628,0.9994845390319824,1,0.9994845390319824,0.49948450922966003,1
9436,recon_00026.tiff,195546,1,dense_fc,3,0.00024187583767343313,0.9997581243515015,1,0.9997581243515015,0.49975812435150146,1
9440,recon_00026.tiff,195560,1,dense_fc,3,0.002786693861708045,0.9972133040428162,1,0.9972133040428162,0.49721330404281616,1
9445,recon_00026.tiff,195635,1,dense_fc,3,0.00038645524182356894,0.9996135234832764,1,0.9996135234832764,0.49961355328559875,1
9691,recon_00026.tiff,199563,1,dense_fc,3,7.394403382932069e-07,0.9999992847442627,1,0.9999992847442627,0.4999992549419403,1
11453,recon_00026.tiff,238184,1,dense_fc,3,0.022766420617699623,0.9772335886955261,1,0.9772335886955261,0.4772335886955261,1
12470,recon_00100.tiff,15644,2,dense_fc,3,0.8296756148338318,0.1703243851661682,2,0.8296756148338318,0.3296756148338318,1
13957,recon_00100.tiff,32368,1,dense_fc,3,0.8892282247543335,0.1107717752456665,2,0.8892282247543335,0.3892282247543335,0
14883,recon_00100.tiff,44225,2,dense_fc,3,0.9838184714317322,0.016181528568267822,2,0.9838184714317322,0.4838184714317322,1
17650,recon_00100.tiff,104513,1,dense_fc,3,0.07249840348958969,0.9275016188621521,1,0.9275016188621521,0.4275015890598297,1
17708,recon_00100.tiff,106032,1,dense_fc,3,0.03726488724350929,0.962735116481781,1,0.962735116481781,0.462735116481781,1
17733,recon_00100.tiff,106562,1,dense_fc,3,0.008894596248865128,0.9911053776741028,1,0.9911053776741028,0.49110540747642517,1
17968,recon_00100.tiff,112632,1,dense_fc,3,0.008538758382201195,0.9914612174034119,1,0.9914612174034119,0.49146124720573425,1
18073,recon_00100.tiff,114484,1,dense_fc,3,0.006160569377243519,0.99383944272995,1,0.99383944272995,0.49383944272994995,1
18321,recon_00100.tiff,120269,1,dense_fc,3,0.04935774952173233,0.9506422281265259,1,0.9506422281265259,0.45064225792884827,1
18652,recon_00100.tiff,130417,1,dense_fc,3,0.0019042260246351361,0.9980957508087158,1,0.9980957508087158,0.4980957806110382,1
19915,recon_00100.tiff,170596,1,dense_fc,3,0.00565775902941823,0.9943422675132751,1,0.9943422675132751,0.49434223771095276,1
20207,recon_00100.tiff,176934,1,dense_fc,3,0.01149473711848259,0.9885052442550659,1,0.9885052442550659,0.4885052740573883,1
20214,recon_00100.tiff,177070,1,dense_fc,3,0.004955299664288759,0.9950447082519531,1,0.9950447082519531,0.4950447082519531,1
20219,recon_00100.tiff,177345,1,dense_fc,3,0.007088338956236839,0.9929116368293762,1,0.9929116368293762,0.4929116666316986,1
20299,recon_00100.tiff,179243,1,dense_fc,3,0.012205447070300579,0.9877945780754089,1,0.9877945780754089,0.48779454827308655,1
21930,recon_00100.tiff,213480,1,dense_fc,3,0.12617260217666626,0.8738273978233337,1,0.8738273978233337,0.37382739782333374,1
25293,recon_00086.tiff,40996,1,dense_fc,3,0.0006008025957271457,0.9993991851806641,1,0.9993991851806641,0.49939918518066406,1
25321,recon_00086.tiff,41254,1,dense_fc,3,0.004708499647676945,0.9952914714813232,1,0.9952914714813232,0.49529150128364563,1
4200,recon_00026.tiff,58496,2,cnn2,3,0.617065966129303,0.382934033870697,2,0.617065966129303,0.11706596612930298,1
4466,recon_00026.tiff,64637,2,cnn2,3,0.5628451704978943,0.4371548295021057,2,0.5628451704978943,0.06284517049789429,1
4946,recon_00026.tiff,75307,1,cnn2,3,0.3313581645488739,0.6686418056488037,1,0.6686418056488037,0.1686418354511261,1
5094,recon_00026.tiff,77767,2,cnn2,3,0.5572943687438965,0.4427056312561035,2,0.5572943687438965,0.057294368743896484,1
5121,recon_00026.tiff,78578,2,cnn2,3,0.5088345408439636,0.4911654591560364,2,0.5088345408439636,0.008834540843963623,1
5389,recon_00026.tiff,84385,2,cnn2,3,0.5531052947044373,0.44689470529556274,2,0.5531052947044373,0.053105294704437256,1
5404,recon_00026.tiff,84779,2,cnn2,3,0.7079700231552124,0.2920299768447876,2,0.7079700231552124,0.2079700231552124,1
5426,recon_00026.tiff,85233,2,cnn2,3,0.6072993278503418,0.3927006721496582,2,0.6072993278503418,0.1072993278503418,1
5512,recon_00026.tiff,87719,2,cnn2,3,0.608238935470581,0.39176106452941895,2,0.608238935470581,0.10823893547058105,1
5629,recon_00026.tiff,89433,2,cnn2,3,0.67793208360672,0.32206791639328003,2,0.67793208360672,0.17793208360671997,1
5654,recon_00026.tiff,89813,2,cnn2,3,0.47653451561927795,0.5234655141830444,1,0.5234655141830444,0.023465484380722046,0
5680,recon_00026.tiff,90179,2,cnn2,3,0.5306689739227295,0.4693310260772705,2,0.5306689739227295,0.030668973922729492,1
5758,recon_00026.tiff,92256,2,cnn2,3,0.32092058658599854,0.6790794134140015,1,0.6790794134140015,0.17907941341400146,0
5806,recon_00026.tiff,92994,2,cnn2,3,0.5464941263198853,0.45350587368011475,2,0.5464941263198853,0.046494126319885254,1
5959,recon_00026.tiff,95599,2,cnn2,3,0.45017024874687195,0.5498297214508057,1,0.5498297214508057,0.04982975125312805,0
7956,recon_00026.tiff,158250,1,cnn2,3,0.3954452574253082,0.6045547723770142,1,0.6045547723770142,0.10455474257469177,1
7968,recon_00026.tiff,158460,1,cnn2,3,0.4362393021583557,0.5637606978416443,1,0.5637606978416443,0.06376069784164429,1
8002,recon_00026.tiff,159224,2,cnn2,3,0.5767168402671814,0.4232831597328186,2,0.5767168402671814,0.0767168402671814,1
8003,recon_00026.tiff,159225,1,cnn2,3,0.37717264890670776,0.6228273510932922,1,0.6228273510932922,0.12282735109329224,1
8027,recon_00026.tiff,159692,1,cnn2,3,0.332745760679245,0.6672542095184326,1,0.6672542095184326,0.167254239320755,1
8051,recon_00026.tiff,160801,1,cnn2,3,0.49202269315719604,0.507977306842804,1,0.507977306842804,0.007977306842803955,1
8068,recon_00026.tiff,161095,2,cnn2,3,0.6174039244651794,0.38259607553482056,2,0.6174039244651794,0.11740392446517944,1
8072,recon_00026.tiff,161185,1,cnn2,3,0.477830171585083,0.522169828414917,1,0.522169828414917,0.022169828414916992,1
8078,recon_00026.tiff,161378,2,cnn2,3,0.6082382798194885,0.3917617201805115,2,0.6082382798194885,0.10823827981948853,1
8083,recon_00026.tiff,161475,1,cnn2,3,0.4083709418773651,0.5916290283203125,1,0.5916290283203125,0.09162905812263489,1
8104,recon_00026.tiff,161748,2,cnn2,3,0.5676493048667908,0.43235069513320923,2,0.5676493048667908,0.06764930486679077,1
8105,recon_00026.tiff,161749,1,cnn2,3,0.4778459966182709,0.5221539735794067,1,0.5221539735794067,0.022154003381729126,1
8569,recon_00026.tiff,176316,1,cnn2,3,0.5057893991470337,0.4942106008529663,2,0.5057893991470337,0.005789399147033691,0
8604,recon_00026.tiff,177590,2,cnn2,3,0.6303656101226807,0.36963438987731934,2,0.6303656101226807,0.13036561012268066,1
8621,recon_00026.tiff,178437,1,cnn2,3,0.730657696723938,0.269342303276062,2,0.730657696723938,0.230657696723938,0
8753,recon_00026.tiff,181905,2,cnn2,3,0.4728330075740814,0.5271669626235962,1,0.5271669626235962,0.02716699242591858,0
8770,recon_00026.tiff,182245,1,cnn2,3,0.5302326083183289,0.46976739168167114,2,0.5302326083183289,0.030232608318328857,0
8797,recon_00026.tiff,182847,1,cnn2,3,0.6533610820770264,0.34663891792297363,2,0.6533610820770264,0.15336108207702637,0
8852,recon_00026.tiff,184242,1,cnn2,3,0.6067378520965576,0.3932621479034424,2,0.6067378520965576,0.10673785209655762,0
8897,recon_00026.tiff,185634,1,cnn2,3,0.7813079357147217,0.21869206428527832,2,0.7813079357147217,0.2813079357147217,0
8966,recon_00026.tiff,187146,1,cnn2,3,0.5349765419960022,0.4650234580039978,2,0.5349765419960022,0.0349765419960022,0
8992,recon_00026.tiff,187627,1,cnn2,3,0.3633419871330261,0.6366580128669739,1,0.6366580128669739,0.13665801286697388,1
8993,recon_00026.tiff,187628,1,cnn2,3,0.30780553817749023,0.6921944618225098,1,0.6921944618225098,0.19219446182250977,1
9032,recon_00026.tiff,188462,1,cnn2,3,0.3410879969596863,0.6589120030403137,1,0.6589120030403137,0.15891200304031372,1
9087,recon_00026.tiff,189610,1,cnn2,3,0.40671655535697937,0.5932834148406982,1,0.5932834148406982,0.09328344464302063,1
9101,recon_00026.tiff,189771,1,cnn2,3,0.44679880142211914,0.5532011985778809,1,0.5532011985778809,0.05320119857788086,1
9250,recon_00026.tiff,192873,1,cnn2,3,0.538770318031311,0.46122968196868896,2,0.538770318031311,0.038770318031311035,0
9271,recon_00026.tiff,193132,1,cnn2,3,0.33596745133399963,0.6640325784683228,1,0.6640325784683228,0.16403254866600037,1
9341,recon_00026.tiff,194073,1,cnn2,3,0.6481593251228333,0.35184067487716675,2,0.6481593251228333,0.14815932512283325,0
9385,recon_00026.tiff,194866,1,cnn2,3,0.3368403911590576,0.6631596088409424,1,0.6631596088409424,0.16315960884094238,1
9390,recon_00026.tiff,194959,1,cnn2,3,0.5159112215042114,0.4840887784957886,2,0.5159112215042114,0.015911221504211426,0
9411,recon_00026.tiff,195205,1,cnn2,3,0.5049867033958435,0.4950132966041565,2,0.5049867033958435,0.004986703395843506,0
9420,recon_00026.tiff,195283,1,cnn2,3,0.48272010684013367,0.517279863357544,1,0.517279863357544,0.017279893159866333,1
9436,recon_00026.tiff,195546,1,cnn2,3,0.41210034489631653,0.5878996849060059,1,0.5878996849060059,0.08789965510368347,1
9440,recon_00026.tiff,195560,1,cnn2,3,0.48955029249191284,0.5104497075080872,1,0.5104497075080872,0.010449707508087158,1
9445,recon_00026.tiff,195635,1,cnn2,3,0.3766729235649109,0.6233270764350891,1,0.6233270764350891,0.12332707643508911,1
9691,recon_00026.tiff,199563,1,cnn2,3,0.6795254349708557,0.3204745650291443,2,0.6795254349708557,0.1795254349708557,0
11453,recon_00026.tiff,238184,1,cnn2,3,0.6494073867797852,0.35059261322021484,2,0.6494073867797852,0.14940738677978516,0
12470,recon_00100.tiff,15644,2,cnn2,3,0.46284720301628113,0.5371527671813965,1,0.5371527671813965,0.03715279698371887,0
13957,recon_00100.tiff,32368,1,cnn2,3,0.47987470030784607,0.5201252698898315,1,0.5201252698898315,0.02012529969215393,1
14883,recon_00100.tiff,44225,2,cnn2,3,0.5558283925056458,0.44417160749435425,2,0.5558283925056458,0.05582839250564575,1
17650,recon_00100.tiff,104513,1,cnn2,3,0.34664687514305115,0.6533530950546265,1,0.6533530950546265,0.15335312485694885,1
17708,recon_00100.tiff,106032,1,cnn2,3,0.25909873843193054,0.7409012317657471,1,0.7409012317657471,0.24090126156806946,1
17733,recon_00100.tiff,106562,1,cnn2,3,0.2815425992012024,0.7184574007987976,1,0.7184574007987976,0.2184574007987976,1
17968,recon_00100.tiff,112632,1,cnn2,3,0.29877108335494995,0.70122891664505,1,0.70122891664505,0.20122891664505005,1
18073,recon_00100.tiff,114484,1,cnn2,3,0.26715460419654846,0.7328454256057739,1,0.7328454256057739,0.23284539580345154,1
18321,recon_00100.tiff,120269,1,cnn2,3,0.2776120901107788,0.7223879098892212,1,0.7223879098892212,0.2223879098892212,1
18652,recon_00100.tiff,130417,1,cnn2,3,0.3137475848197937,0.6862524151802063,1,0.6862524151802063,0.1862524151802063,1
19915,recon_00100.tiff,170596,1,cnn2,3,0.340358704328537,0.6596412658691406,1,0.6596412658691406,0.159641295671463,1
20207,recon_00100.tiff,176934,1,cnn2,3,0.35586875677108765,0.6441312432289124,1,0.6441312432289124,0.14413124322891235,1
20214,recon_00100.tiff,177070,1,cnn2,3,0.35924673080444336,0.6407532691955566,1,0.6407532691955566,0.14075326919555664,1
20219,recon_00100.tiff,177345,1,cnn2,3,0.4014064371585846,0.5985935926437378,1,0.5985935926437378,0.0985935628414154,1
20299,recon_00100.tiff,179243,1,cnn2,3,0.3347328007221222,0.6652672290802002,1,0.6652672290802002,0.1652671992778778,1
21930,recon_00100.tiff,213480,1,cnn2,3,0.6581757664680481,0.3418242335319519,2,0.6581757664680481,0.1581757664680481,0
25293,recon_00086.tiff,40996,1,cnn2,3,0.5509229898452759,0.4490770101547241,2,0.5509229898452759,0.05092298984527588,0
25321,recon_00086.tiff,41254,1,cnn2,3,0.6364408135414124,0.36355918645858765,2,0.6364408135414124,0.13644081354141235,0
4200,recon_00026.tiff,58496,2,cnn3,3,0.8928545713424683,0.10714542865753174,2,0.8928545713424683,0.39285457134246826,1
4466,recon_00026.tiff,64637,2,cnn3,3,0.9408223032951355,0.0591776967048645,2,0.9408223032951355,0.4408223032951355,1
4946,recon_00026.tiff,75307,1,cnn3,3,0.1628047227859497,0.8371952772140503,1,0.8371952772140503,0.3371952772140503,1
5094,recon_00026.tiff,77767,2,cnn3,3,0.8771559596061707,0.12284404039382935,2,0.8771559596061707,0.37715595960617065,1
5121,recon_00026.tiff,78578,2,cnn3,3,0.801519513130188,0.198480486869812,2,0.801519513130188,0.301519513130188,1
5389,recon_00026.tiff,84385,2,cnn3,3,0.9356553554534912,0.06434464454650879,2,0.9356553554534912,0.4356553554534912,1
5404,recon_00026.tiff,84779,2,cnn3,3,0.9208465218544006,0.07915347814559937,2,0.9208465218544006,0.42084652185440063,1
5426,recon_00026.tiff,85233,2,cnn3,3,0.9543161392211914,0.045683860778808594,2,0.9543161392211914,0.4543161392211914,1
5512,recon_00026.tiff,87719,2,cnn3,3,0.950508177280426,0.049491822719573975,2,0.950508177280426,0.450508177280426,1
5629,recon_00026.tiff,89433,2,cnn3,3,0.9100238680839539,0.08997613191604614,2,0.9100238680839539,0.41002386808395386,1
5654,recon_00026.tiff,89813,2,cnn3,3,0.9229887127876282,0.07701128721237183,2,0.9229887127876282,0.4229887127876282,1
5680,recon_00026.tiff,90179,2,cnn3,3,0.9131559729576111,0.08684402704238892,2,0.9131559729576111,0.4131559729576111,1
5758,recon_00026.tiff,92256,2,cnn3,3,0.0890914648771286,0.9109085202217102,1,0.9109085202217102,0.4109085202217102,0
5806,recon_00026.tiff,92994,2,cnn3,3,0.7316202521324158,0.26837974786758423,2,0.7316202521324158,0.23162025213241577,1
5959,recon_00026.tiff,95599,2,cnn3,3,0.7279300689697266,0.27206993103027344,2,0.7279300689697266,0.22793006896972656,1
7956,recon_00026.tiff,158250,1,cnn3,3,0.05105694755911827,0.9489430785179138,1,0.9489430785179138,0.44894304871559143,1
7968,recon_00026.tiff,158460,1,cnn3,3,0.0548073872923851,0.9451926350593567,1,0.9451926350593567,0.4451926052570343,1
8002,recon_00026.tiff,159224,2,cnn3,3,0.7880377173423767,0.2119622826576233,2,0.7880377173423767,0.2880377173423767,1
8003,recon_00026.tiff,159225,1,cnn3,3,0.009006825275719166,0.9909932017326355,1,0.9909932017326355,0.4909931719303131,1
8027,recon_00026.tiff,159692,1,cnn3,3,0.03187452629208565,0.9681254625320435,1,0.9681254625320435,0.46812546253204346,1
8051,recon_00026.tiff,160801,1,cnn3,3,0.17490753531455994,0.8250924348831177,1,0.8250924348831177,0.32509246468544006,1
8068,recon_00026.tiff,161095,2,cnn3,3,0.8195863962173462,0.1804136037826538,2,0.8195863962173462,0.3195863962173462,1
8072,recon_00026.tiff,161185,1,cnn3,3,0.11263357102870941,0.8873664140701294,1,0.8873664140701294,0.3873664140701294,1
8078,recon_00026.tiff,161378,2,cnn3,3,0.8221526145935059,0.17784738540649414,2,0.8221526145935059,0.32215261459350586,1
8083,recon_00026.tiff,161475,1,cnn3,3,0.03382096067070961,0.9661790132522583,1,0.9661790132522583,0.4661790430545807,1
8104,recon_00026.tiff,161748,2,cnn3,3,0.7838299870491028,0.21617001295089722,2,0.7838299870491028,0.2838299870491028,1
8105,recon_00026.tiff,161749,1,cnn3,3,0.12768959999084473,0.8723104000091553,1,0.8723104000091553,0.3723104000091553,1
8569,recon_00026.tiff,176316,1,cnn3,3,0.20823289453983307,0.7917671203613281,1,0.7917671203613281,0.2917671203613281,1
8604,recon_00026.tiff,177590,2,cnn3,3,0.8604739904403687,0.13952600955963135,2,0.8604739904403687,0.36047399044036865,1
8621,recon_00026.tiff,178437,1,cnn3,3,0.021456539630889893,0.9785434603691101,1,0.9785434603691101,0.4785434603691101,1
8753,recon_00026.tiff,181905,2,cnn3,3,0.19296059012413025,0.8070393800735474,1,0.8070393800735474,0.30703940987586975,0
8770,recon_00026.tiff,182245,1,cnn3,3,0.3532060980796814,0.6467939019203186,1,0.6467939019203186,0.1467939019203186,1
8797,recon_00026.tiff,182847,1,cnn3,3,0.14287076890468597,0.8571292161941528,1,0.8571292161941528,0.35712921619415283,1
8852,recon_00026.tiff,184242,1,cnn3,3,0.18986688554286957,0.8101330995559692,1,0.8101330995559692,0.31013309955596924,1
8897,recon_00026.tiff,185634,1,cnn3,3,0.022470423951745033,0.9775295853614807,1,0.9775295853614807,0.4775295853614807,1
8966,recon_00026.tiff,187146,1,cnn3,3,0.29999321699142456,0.7000067830085754,1,0.7000067830085754,0.20000678300857544,1
8992,recon_00026.tiff,187627,1,cnn3,3,0.023188401013612747,0.9768115878105164,1,0.9768115878105164,0.47681158781051636,1
8993,recon_00026.tiff,187628,1,cnn3,3,0.06523203104734421,0.9347679615020752,1,0.9347679615020752,0.4347679615020752,1
9032,recon_00026.tiff,188462,1,cnn3,3,0.04724615067243576,0.9527538418769836,1,0.9527538418769836,0.45275384187698364,1
9087,recon_00026.tiff,189610,1,cnn3,3,0.016820089891552925,0.9831799268722534,1,0.9831799268722534,0.48317989706993103,1
9101,recon_00026.tiff,189771,1,cnn3,3,0.009994670748710632,0.9900053143501282,1,0.9900053143501282,0.4900053143501282,1
9250,recon_00026.tiff,192873,1,cnn3,3,0.32513412833213806,0.6748658418655396,1,0.6748658418655396,0.17486587166786194,1
9271,recon_00026.tiff,193132,1,cnn3,3,0.12020470201969147,0.8797953128814697,1,0.8797953128814697,0.3797953128814697,1
9341,recon_00026.tiff,194073,1,cnn3,3,0.10821813344955444,0.8917818665504456,1,0.8917818665504456,0.39178186655044556,1
9385,recon_00026.tiff,194866,1,cnn3,3,0.04587554186582565,0.9541244506835938,1,0.9541244506835938,0.45412445068359375,1
9390,recon_00026.tiff,194959,1,cnn3,3,0.09811002761125565,0.901889979839325,1,0.901889979839325,0.40188997983932495,1
9411,recon_00026.tiff,195205,1,cnn3,3,0.09404127299785614,0.9059587121009827,1,0.9059587121009827,0.40595871210098267,1
9420,recon_00026.tiff,195283,1,cnn3,3,0.05767475441098213,0.942325234413147,1,0.942325234413147,0.442325234413147,1
9436,recon_00026.tiff,195546,1,cnn3,3,0.05204373970627785,0.9479562640190125,1,0.9479562640190125,0.44795626401901245,1
9440,recon_00026.tiff,195560,1,cnn3,3,0.6176255941390991,0.3823744058609009,2,0.6176255941390991,0.11762559413909912,0
9445,recon_00026.tiff,195635,1,cnn3,3,0.03718017786741257,0.9628198146820068,1,0.9628198146820068,0.46281981468200684,1
9691,recon_00026.tiff,199563,1,cnn3,3,0.06141657754778862,0.9385834336280823,1,0.9385834336280823,0.4385834336280823,1
11453,recon_00026.tiff,238184,1,cnn3,3,0.2783823311328888,0.7216176986694336,1,0.7216176986694336,0.2216176688671112,1
12470,recon_00100.tiff,15644,2,cnn3,3,0.2566129267215729,0.7433871030807495,1,0.7433871030807495,0.24338707327842712,0
13957,recon_00100.tiff,32368,1,cnn3,3,0.1708100438117981,0.8291899561882019,1,0.8291899561882019,0.3291899561882019,1
14883,recon_00100.tiff,44225,2,cnn3,3,0.8719004988670349,0.1280995011329651,2,0.8719004988670349,0.3719004988670349,1
17650,recon_00100.tiff,104513,1,cnn3,3,0.17868982255458832,0.8213101625442505,1,0.8213101625442505,0.3213101625442505,1
17708,recon_00100.tiff,106032,1,cnn3,3,0.030882159247994423,0.9691178202629089,1,0.9691178202629089,0.4691178500652313,1
17733,recon_00100.tiff,106562,1,cnn3,3,0.08254431188106537,0.9174556732177734,1,0.9174556732177734,0.41745567321777344,1
17968,recon_00100.tiff,112632,1,cnn3,3,0.10394503176212311,0.8960549831390381,1,0.8960549831390381,0.3960549831390381,1
18073,recon_00100.tiff,114484,1,cnn3,3,0.018351960927248,0.9816480278968811,1,0.9816480278968811,0.4816480278968811,1
18321,recon_00100.tiff,120269,1,cnn3,3,0.03957819938659668,0.9604218006134033,1,0.9604218006134033,0.4604218006134033,1
18652,recon_00100.tiff,130417,1,cnn3,3,0.14456120133399963,0.8554388284683228,1,0.8554388284683228,0.35543879866600037,1
19915,recon_00100.tiff,170596,1,cnn3,3,0.12065143138170242,0.8793485760688782,1,0.8793485760688782,0.3793485760688782,1
20207,recon_00100.tiff,176934,1,cnn3,3,0.1502843052148819,0.8497157096862793,1,0.8497157096862793,0.3497157096862793,1
20214,recon_00100.tiff,177070,1,cnn3,3,0.1946871131658554,0.8053128719329834,1,0.8053128719329834,0.3053128719329834,1
20219,recon_00100.tiff,177345,1,cnn3,3,0.2839524745941162,0.7160475254058838,1,0.7160475254058838,0.2160475254058838,1
20299,recon_00100.tiff,179243,1,cnn3,3,0.08180146664381027,0.9181985259056091,1,0.9181985259056091,0.41819852590560913,1
21930,recon_00100.tiff,213480,1,cnn3,3,0.3590909540653229,0.6409090757369995,1,0.6409090757369995,0.14090904593467712,1
25293,recon_00086.tiff,40996,1,cnn3,3,0.26338186860084534,0.736618161201477,1,0.736618161201477,0.23661813139915466,1
25321,recon_00086.tiff,41254,1,cnn3,3,0.27964067459106445,0.7203593254089355,1,0.7203593254089355,0.22035932540893555,1
4323,recon_00026.tiff,61341,2,random_forest,4,0.997,0.0030000000000000027,2,0.997,0.497,1
4363,recon_00026.tiff,62289,2,random_forest,4,0.6363,0.3637,2,0.6363,0.13629999999999998,1
4395,recon_00026.tiff,62926,2,random_forest,4,0.40571904761904765,0.5942809523809524,1,0.5942809523809524,0.09428095238095235,0
4462,recon_00026.tiff,64458,2,random_forest,4,0.7064555555555555,0.2935444444444445,2,0.7064555555555555,0.2064555555555555,1
4468,recon_00026.tiff,64640,2,random_forest,4,0.4714142857142858,0.5285857142857142,1,0.5285857142857142,0.028585714285714214,0
4692,recon_00026.tiff,69972,2,random_forest,4,0.998,0.0020000000000000018,2,0.998,0.498,1
4858,recon_00026.tiff,73483,1,random_forest,4,0.008933333333333333,0.9910666666666667,1,0.9910666666666667,0.49106666666666665,1
4870,recon_00026.tiff,73678,1,random_forest,4,0.0979968253968254,0.9020031746031746,1,0.9020031746031746,0.4020031746031746,1
4877,recon_00026.tiff,73773,1,random_forest,4,0.07872539682539685,0.9212746031746032,1,0.9212746031746032,0.42127460317460313,1
4886,recon_00026.tiff,73927,1,random_forest,4,0.009833333333333333,0.9901666666666666,1,0.9901666666666666,0.49016666666666664,1
4987,recon_00026.tiff,76074,2,random_forest,4,0.7289428571428576,0.27105714285714244,2,0.7289428571428576,0.22894285714285756,1
5445,recon_00026.tiff,85780,1,random_forest,4,0.05826666666666667,0.9417333333333333,1,0.9417333333333333,0.4417333333333333,1
5485,recon_00026.tiff,86969,2,random_forest,4,0.998,0.0020000000000000018,2,0.998,0.498,1
5935,recon_00026.tiff,94863,2,random_forest,4,0.9970000000000001,0.0029999999999998916,2,0.9970000000000001,0.4970000000000001,1
5995,recon_00026.tiff,96929,1,random_forest,4,0.06553333333333333,0.9344666666666667,1,0.9344666666666667,0.43446666666666667,1
6040,recon_00026.tiff,98130,2,random_forest,4,0.9817666666666668,0.018233333333333213,2,0.9817666666666668,0.4817666666666668,1
7949,recon_00026.tiff,158168,2,random_forest,4,1.0,0.0,2,1.0,0.5,1
7967,recon_00026.tiff,158459,2,random_forest,4,0.8717523809523812,0.12824761904761883,2,0.8717523809523812,0.37175238095238117,1
7974,recon_00026.tiff,158549,2,random_forest,4,0.8742380952380956,0.1257619047619044,2,0.8742380952380956,0.3742380952380956,1
7976,recon_00026.tiff,158551,1,random_forest,4,0.0045,0.9955,1,0.9955,0.4955,1
8045,recon_00026.tiff,160427,2,random_forest,4,0.9548000000000001,0.04519999999999991,2,0.9548000000000001,0.4548000000000001,1
8053,recon_00026.tiff,160804,2,random_forest,4,0.9944333333333333,0.00556666666666672,2,0.9944333333333333,0.4944333333333333,1
8064,recon_00026.tiff,161014,1,random_forest,4,0.001,0.999,1,0.999,0.499,1
8074,recon_00026.tiff,161187,1,random_forest,4,0.06570000000000001,0.9343,1,0.9343,0.4343,1
8076,recon_00026.tiff,161281,2,random_forest,4,0.9993333333333334,0.0006666666666665932,2,0.9993333333333334,0.4993333333333334,1
8081,recon_00026.tiff,161381,1,random_forest,4,0.031966666666666664,0.9680333333333333,1,0.9680333333333333,0.46803333333333336,1
8084,recon_00026.tiff,161476,1,random_forest,4,0.004,0.996,1,0.996,0.496,1
8094,recon_00026.tiff,161561,2,random_forest,4,0.998,0.0020000000000000018,2,0.998,0.498,1
8102,recon_00026.tiff,161746,2,random_forest,4,0.9883380952380953,0.011661904761904651,2,0.9883380952380953,0.48833809523809535,1
8110,recon_00026.tiff,161838,1,random_forest,4,0.002,0.998,1,0.998,0.498,1
8116,recon_00026.tiff,161935,2,random_forest,4,0.9965,0.0034999999999999476,2,0.9965,0.49650000000000005,1
8117,recon_00026.tiff,161936,2,random_forest,4,0.9993333333333334,0.0006666666666665932,2,0.9993333333333334,0.4993333333333334,1
8130,recon_00026.tiff,162232,2,random_forest,4,0.997,0.0030000000000000027,2,0.997,0.497,1
8484,recon_00026.tiff,173448,1,random_forest,4,0.0536095238095238,0.9463904761904762,1,0.9463904761904762,0.4463904761904762,1
8803,recon_00026.tiff,183029,1,random_forest,4,0.0409,0.9591,1,0.9591,0.4591,1
9065,recon_00026.tiff,189202,1,random_forest,4,0.002,0.998,1,0.998,0.498,1
9210,recon_00026.tiff,192369,1,random_forest,4,0.0,1.0,1,1.0,0.5,1
9222,recon_00026.tiff,192545,1,random_forest,4,0.022255555555555556,0.9777444444444444,1,0.9777444444444444,0.4777444444444444,1
9257,recon_00026.tiff,192950,1,random_forest,4,0.0,1.0,1,1.0,0.5,1
9272,recon_00026.tiff,193136,1,random_forest,4,0.040299999999999996,0.9597,1,0.9597,0.4597,1
9296,recon_00026.tiff,193475,1,random_forest,4,0.006055555555555555,0.9939444444444444,1,0.9939444444444444,0.49394444444444446,1
9325,recon_00026.tiff,193834,1,random_forest,4,0.003,0.997,1,0.997,0.497,1
9340,recon_00026.tiff,194067,1,random_forest,4,0.01,0.99,1,0.99,0.49,1
9394,recon_00026.tiff,195026,1,random_forest,4,0.0281,0.9719,1,0.9719,0.4719,1
9395,recon_00026.tiff,195027,1,random_forest,4,0.0,1.0,1,1.0,0.5,1
9403,recon_00026.tiff,195114,1,random_forest,4,0.0026666666666666666,0.9973333333333333,1,0.9973333333333333,0.49733333333333335,1
9404,recon_00026.tiff,195115,1,random_forest,4,0.001,0.999,1,0.999,0.499,1
9419,recon_00026.tiff,195282,1,random_forest,4,0.0,1.0,1,1.0,0.5,1
9444,recon_00026.tiff,195634,1,random_forest,4,0.0,1.0,1,1.0,0.5,1
11460,recon_00100.tiff,63,1,random_forest,4,0.16549999999999998,0.8345,1,0.8345,0.3345,1
12704,recon_00100.tiff,17988,1,random_forest,4,0.5002714285714285,0.4997285714285715,2,0.5002714285714285,0.0002714285714284781,0
14690,recon_00100.tiff,41571,1,random_forest,4,0.23150952380952383,0.7684904761904762,1,0.7684904761904762,0.26849047619047617,1
14872,recon_00100.tiff,44146,1,random_forest,4,0.07590000000000001,0.9241,1,0.9241,0.4241,1
17621,recon_00100.tiff,103719,1,random_forest,4,0.21900000000000003,0.7809999999999999,1,0.7809999999999999,0.28099999999999997,1
17655,recon_00100.tiff,104669,1,random_forest,4,0.16084285714285715,0.8391571428571428,1,0.8391571428571428,0.3391571428571428,1
17807,recon_00100.tiff,109175,1,random_forest,4,0.0,1.0,1,1.0,0.5,1
17897,recon_00100.tiff,111017,1,random_forest,4,0.004,0.996,1,0.996,0.496,1
17956,recon_00100.tiff,112483,1,random_forest,4,0.0,1.0,1,1.0,0.5,1
18137,recon_00100.tiff,115835,1,random_forest,4,0.06982380952380952,0.9301761904761905,1,0.9301761904761905,0.4301761904761905,1
18867,recon_00100.tiff,136153,1,random_forest,4,0.010666666666666666,0.9893333333333333,1,0.9893333333333333,0.48933333333333334,1
18899,recon_00100.tiff,136864,2,random_forest,4,0.9798000000000002,0.020199999999999774,2,0.9798000000000002,0.4798000000000002,1
18930,recon_00100.tiff,137915,1,random_forest,4,0.0107,0.9893,1,0.9893,0.4893,1
19017,recon_00100.tiff,140687,1,random_forest,4,0.003,0.997,1,0.997,0.497,1
19793,recon_00100.tiff,166739,1,random_forest,4,0.01969047619047619,0.9803095238095239,1,0.9803095238095239,0.4803095238095238,1
19855,recon_00100.tiff,168394,1,random_forest,4,0.03782380952380952,0.9621761904761905,1,0.9621761904761905,0.46217619047619046,1
19870,recon_00100.tiff,169044,1,random_forest,4,0.03032380952380953,0.9696761904761905,1,0.9696761904761905,0.46967619047619047,1
20049,recon_00100.tiff,174010,1,random_forest,4,0.006888888888888888,0.9931111111111112,1,0.9931111111111112,0.4931111111111111,1
20177,recon_00100.tiff,176476,1,random_forest,4,0.013333333333333332,0.9866666666666667,1,0.9866666666666667,0.4866666666666667,1
20210,recon_00100.tiff,176997,1,random_forest,4,0.012866666666666667,0.9871333333333333,1,0.9871333333333333,0.4871333333333333,1
25232,recon_00086.tiff,40567,1,random_forest,4,0.5372571428571428,0.46274285714285723,2,0.5372571428571428,0.037257142857142767,0
25302,recon_00086.tiff,41072,1,random_forest,4,0.13055396825396823,0.8694460317460317,1,0.8694460317460317,0.36944603174603174,1
4323,recon_00026.tiff,61341,2,dense_fc,4,0.9872581362724304,0.01274186372756958,2,0.9872581362724304,0.4872581362724304,1
4363,recon_00026.tiff,62289,2,dense_fc,4,0.9241460561752319,0.07585394382476807,2,0.9241460561752319,0.42414605617523193,1
4395,recon_00026.tiff,62926,2,dense_fc,4,0.08743017166852951,0.9125698208808899,1,0.9125698208808899,0.4125698208808899,0
4462,recon_00026.tiff,64458,2,dense_fc,4,0.9533805847167969,0.046619415283203125,2,0.9533805847167969,0.4533805847167969,1
4468,recon_00026.tiff,64640,2,dense_fc,4,0.7131233811378479,0.2868766188621521,2,0.7131233811378479,0.2131233811378479,1
4692,recon_00026.tiff,69972,2,dense_fc,4,0.993598222732544,0.006401777267456055,2,0.993598222732544,0.49359822273254395,1
4858,recon_00026.tiff,73483,1,dense_fc,4,0.0034003285691142082,0.9965996742248535,1,0.9965996742248535,0.4965996742248535,1
4870,recon_00026.tiff,73678,1,dense_fc,4,0.011108999140560627,0.9888910055160522,1,0.9888910055160522,0.48889100551605225,1
4877,recon_00026.tiff,73773,1,dense_fc,4,1.8508751509216381e-06,0.999998152256012,1,0.999998152256012,0.49999815225601196,1
4886,recon_00026.tiff,73927,1,dense_fc,4,0.0024715696927160025,0.9975284337997437,1,0.9975284337997437,0.49752843379974365,1
4987,recon_00026.tiff,76074,2,dense_fc,4,0.9999454021453857,5.459785461425781e-05,2,0.9999454021453857,0.49994540214538574,1
5445,recon_00026.tiff,85780,1,dense_fc,4,0.018554959446191788,0.9814450144767761,1,0.9814450144767761,0.4814450442790985,1
5485,recon_00026.tiff,86969,2,dense_fc,4,0.9969257712364197,0.0030742287635803223,2,0.9969257712364197,0.4969257712364197,1
5935,recon_00026.tiff,94863,2,dense_fc,4,0.9998531341552734,0.0001468658447265625,2,0.9998531341552734,0.49985313415527344,1
5995,recon_00026.tiff,96929,1,dense_fc,4,0.0011758801992982626,0.9988241195678711,1,0.9988241195678711,0.4988241195678711,1
6040,recon_00026.tiff,98130,2,dense_fc,4,0.9985018968582153,0.001498103141784668,2,0.9985018968582153,0.49850189685821533,1
7949,recon_00026.tiff,158168,2,dense_fc,4,0.9998143315315247,0.0001856684684753418,2,0.9998143315315247,0.49981433153152466,1
7967,recon_00026.tiff,158459,2,dense_fc,4,0.9999078512191772,9.21487808227539e-05,2,0.9999078512191772,0.49990785121917725,1
7974,recon_00026.tiff,158549,2,dense_fc,4,0.9999749660491943,2.5033950805664062e-05,2,0.9999749660491943,0.49997496604919434,1
7976,recon_00026.tiff,158551,1,dense_fc,4,0.005574665032327175,0.994425356388092,1,0.994425356388092,0.49442532658576965,1
8045,recon_00026.tiff,160427,2,dense_fc,4,0.9997710585594177,0.0002289414405822754,2,0.9997710585594177,0.4997710585594177,1
8053,recon_00026.tiff,160804,2,dense_fc,4,0.9998812675476074,0.00011873245239257812,2,0.9998812675476074,0.4998812675476074,1
8064,recon_00026.tiff,161014,1,dense_fc,4,0.014021663926541805,0.985978364944458,1,0.985978364944458,0.4859783351421356,1
8074,recon_00026.tiff,161187,1,dense_fc,4,0.026925494894385338,0.9730744957923889,1,0.9730744957923889,0.4730744957923889,1
8076,recon_00026.tiff,161281,2,dense_fc,4,0.9998021721839905,0.00019782781600952148,2,0.9998021721839905,0.4998021721839905,1
8081,recon_00026.tiff,161381,1,dense_fc,4,0.0032064849510788918,0.9967935085296631,1,0.9967935085296631,0.4967935085296631,1
8084,recon_00026.tiff,161476,1,dense_fc,4,0.006295186001807451,0.9937047958374023,1,0.9937047958374023,0.49370482563972473,1
8094,recon_00026.tiff,161561,2,dense_fc,4,0.9997950196266174,0.00020498037338256836,2,0.9997950196266174,0.49979501962661743,1
8102,recon_00026.tiff,161746,2,dense_fc,4,0.999424934387207,0.0005750656127929688,2,0.999424934387207,0.49942493438720703,1
8110,recon_00026.tiff,161838,1,dense_fc,4,0.001610957900993526,0.9983890652656555,1,0.9983890652656555,0.49838903546333313,1
8116,recon_00026.tiff,161935,2,dense_fc,4,0.9986764788627625,0.0013235211372375488,2,0.9986764788627625,0.49867647886276245,1
8117,recon_00026.tiff,161936,2,dense_fc,4,0.9997363686561584,0.00026363134384155273,2,0.9997363686561584,0.49973636865615845,1
8130,recon_00026.tiff,162232,2,dense_fc,4,0.9988633394241333,0.0011366605758666992,2,0.9988633394241333,0.4988633394241333,1
8484,recon_00026.tiff,173448,1,dense_fc,4,0.001832425594329834,0.9981675744056702,1,0.9981675744056702,0.49816757440567017,1
8803,recon_00026.tiff,183029,1,dense_fc,4,1.5825251011847286e-06,0.9999983906745911,1,0.9999983906745911,0.49999842047691345,1
9065,recon_00026.tiff,189202,1,dense_fc,4,0.0006495561101473868,0.9993504285812378,1,0.9993504285812378,0.4993504583835602,1
9210,recon_00026.tiff,192369,1,dense_fc,4,0.0005007524159736931,0.9994992613792419,1,0.9994992613792419,0.49949926137924194,1
9222,recon_00026.tiff,192545,1,dense_fc,4,0.001242216327227652,0.9987577795982361,1,0.9987577795982361,0.4987577795982361,1
9257,recon_00026.tiff,192950,1,dense_fc,4,0.009243841283023357,0.9907561540603638,1,0.9907561540603638,0.49075615406036377,1
9272,recon_00026.tiff,193136,1,dense_fc,4,0.00038163739372976124,0.9996183514595032,1,0.9996183514595032,0.4996183514595032,1
9296,recon_00026.tiff,193475,1,dense_fc,4,0.001733174780383706,0.9982668161392212,1,0.9982668161392212,0.4982668161392212,1
9325,recon_00026.tiff,193834,1,dense_fc,4,0.003927163779735565,0.9960728287696838,1,0.9960728287696838,0.49607282876968384,1
9340,recon_00026.tiff,194067,1,dense_fc,4,0.016402818262577057,0.9835971593856812,1,0.9835971593856812,0.48359718918800354,1
9394,recon_00026.tiff,195026,1,dense_fc,4,3.720643144333735e-05,0.9999628067016602,1,0.9999628067016602,0.49996280670166016,1
9395,recon_00026.tiff,195027,1,dense_fc,4,0.001458474900573492,0.998541533946991,1,0.998541533946991,0.49854153394699097,1
9403,recon_00026.tiff,195114,1,dense_fc,4,0.0001792898547137156,0.9998207092285156,1,0.9998207092285156,0.4998207092285156,1
9404,recon_00026.tiff,195115,1,dense_fc,4,0.0001312175882048905,0.9998688101768494,1,0.9998688101768494,0.499868780374527,1
9419,recon_00026.tiff,195282,1,dense_fc,4,0.00024332493194378912,0.9997566938400269,1,0.9997566938400269,0.49975666403770447,1
9444,recon_00026.tiff,195634,1,dense_fc,4,0.0003066363569814712,0.9996933341026306,1,0.9996933341026306,0.499693363904953,1
11460,recon_00100.tiff,63,1,dense_fc,4,0.43260759115219116,0.5673924088478088,1,0.5673924088478088,0.06739240884780884,1
12704,recon_00100.tiff,17988,1,dense_fc,4,0.002200901275500655,0.9977990984916687,1,0.9977990984916687,0.4977990984916687,1
14690,recon_00100.tiff,41571,1,dense_fc,4,0.15848664939403534,0.8415133357048035,1,0.8415133357048035,0.34151333570480347,1
14872,recon_00100.tiff,44146,1,dense_fc,4,0.0262234415858984,0.9737765789031982,1,0.9737765789031982,0.47377654910087585,1
17621,recon_00100.tiff,103719,1,dense_fc,4,0.22870567440986633,0.771294355392456,1,0.771294355392456,0.27129432559013367,1
17655,recon_00100.tiff,104669,1,dense_fc,4,0.008800674229860306,0.9911993145942688,1,0.9911993145942688,0.4911993145942688,1
17807,recon_00100.tiff,109175,1,dense_fc,4,0.010945619083940983,0.9890543818473816,1,0.9890543818473816,0.4890543818473816,1
17897,recon_00100.tiff,111017,1,dense_fc,4,0.01077710185199976,0.9892228841781616,1,0.9892228841781616,0.4892228841781616,1
17956,recon_00100.tiff,112483,1,dense_fc,4,0.0021515400148928165,0.9978484511375427,1,0.9978484511375427,0.4978484511375427,1
18137,recon_00100.tiff,115835,1,dense_fc,4,0.020179715007543564,0.9798203110694885,1,0.9798203110694885,0.47982028126716614,1
18867,recon_00100.tiff,136153,1,dense_fc,4,0.010234445333480835,0.9897655248641968,1,0.9897655248641968,0.48976555466651917,1
18899,recon_00100.tiff,136864,2,dense_fc,4,0.9997612833976746,0.00023871660232543945,2,0.9997612833976746,0.49976128339767456,1
18930,recon_00100.tiff,137915,1,dense_fc,4,0.002829885808750987,0.997170090675354,1,0.997170090675354,0.4971701204776764,1
19017,recon_00100.tiff,140687,1,dense_fc,4,0.008235380984842777,0.9917646050453186,1,0.9917646050453186,0.4917646050453186,1
19793,recon_00100.tiff,166739,1,dense_fc,4,0.017528105527162552,0.9824718832969666,1,0.9824718832969666,0.48247188329696655,1
19855,recon_00100.tiff,168394,1,dense_fc,4,0.005783423315733671,0.9942165613174438,1,0.9942165613174438,0.49421659111976624,1
19870,recon_00100.tiff,169044,1,dense_fc,4,0.006477459333837032,0.9935225248336792,1,0.9935225248336792,0.4935225546360016,1
20049,recon_00100.tiff,174010,1,dense_fc,4,0.006900601554661989,0.9930993914604187,1,0.9930993914604187,0.4930993914604187,1
20177,recon_00100.tiff,176476,1,dense_fc,4,0.001067898701876402,0.9989321231842041,1,0.9989321231842041,0.4989320933818817,1
20210,recon_00100.tiff,176997,1,dense_fc,4,0.004667184315621853,0.9953328371047974,1,0.9953328371047974,0.495332807302475,1
25232,recon_00086.tiff,40567,1,dense_fc,4,0.6989309191703796,0.30106908082962036,2,0.6989309191703796,0.19893091917037964,0
25302,recon_00086.tiff,41072,1,dense_fc,4,0.003040284151211381,0.9969596862792969,1,0.9969596862792969,0.49695971608161926,1
4323,recon_00026.tiff,61341,2,cnn2,4,0.7704423069953918,0.22955769300460815,2,0.7704423069953918,0.27044230699539185,1
4363,recon_00026.tiff,62289,2,cnn2,4,0.13565219938755035,0.8643478155136108,1,0.8643478155136108,0.36434781551361084,0
4395,recon_00026.tiff,62926,2,cnn2,4,0.33083608746528625,0.6691639423370361,1,0.6691639423370361,0.16916391253471375,0
4462,recon_00026.tiff,64458,2,cnn2,4,0.4478089213371277,0.5521910786628723,1,0.5521910786628723,0.052191078662872314,0
4468,recon_00026.tiff,64640,2,cnn2,4,0.18026401102542877,0.8197360038757324,1,0.8197360038757324,0.3197360038757324,0
4692,recon_00026.tiff,69972,2,cnn2,4,0.6539039611816406,0.3460960388183594,2,0.6539039611816406,0.15390396118164062,1
4858,recon_00026.tiff,73483,1,cnn2,4,0.1429358869791031,0.8570641279220581,1,0.8570641279220581,0.3570641279220581,1
4870,recon_00026.tiff,73678,1,cnn2,4,0.5350417494773865,0.4649582505226135,2,0.5350417494773865,0.035041749477386475,0
4877,recon_00026.tiff,73773,1,cnn2,4,0.6142107844352722,0.3857892155647278,2,0.6142107844352722,0.11421078443527222,0
4886,recon_00026.tiff,73927,1,cnn2,4,0.15370313823223114,0.8462968468666077,1,0.8462968468666077,0.34629684686660767,1
4987,recon_00026.tiff,76074,2,cnn2,4,0.6217442154884338,0.37825578451156616,2,0.6217442154884338,0.12174421548843384,1
5445,recon_00026.tiff,85780,1,cnn2,4,0.5042998790740967,0.4957001209259033,2,0.5042998790740967,0.00429987907409668,0
5485,recon_00026.tiff,86969,2,cnn2,4,0.6507856845855713,0.3492143154144287,2,0.6507856845855713,0.1507856845855713,1
5935,recon_00026.tiff,94863,2,cnn2,4,0.8557189702987671,0.1442810297012329,2,0.8557189702987671,0.3557189702987671,1
5995,recon_00026.tiff,96929,1,cnn2,4,0.5659468770027161,0.43405312299728394,2,0.5659468770027161,0.06594687700271606,0
6040,recon_00026.tiff,98130,2,cnn2,4,0.800361156463623,0.19963884353637695,2,0.800361156463623,0.30036115646362305,1
7949,recon_00026.tiff,158168,2,cnn2,4,0.6987883448600769,0.3012116551399231,2,0.6987883448600769,0.1987883448600769,1
7967,recon_00026.tiff,158459,2,cnn2,4,0.7149280309677124,0.2850719690322876,2,0.7149280309677124,0.2149280309677124,1
7974,recon_00026.tiff,158549,2,cnn2,4,0.7173857092857361,0.2826142907142639,2,0.7173857092857361,0.21738570928573608,1
7976,recon_00026.tiff,158551,1,cnn2,4,0.3880172371864319,0.6119827628135681,1,0.6119827628135681,0.11198276281356812,1
8045,recon_00026.tiff,160427,2,cnn2,4,0.6777174472808838,0.3222825527191162,2,0.6777174472808838,0.1777174472808838,1
8053,recon_00026.tiff,160804,2,cnn2,4,0.6933302283287048,0.30666977167129517,2,0.6933302283287048,0.19333022832870483,1
8064,recon_00026.tiff,161014,1,cnn2,4,0.4862343370914459,0.5137656927108765,1,0.5137656927108765,0.013765662908554077,1
8074,recon_00026.tiff,161187,1,cnn2,4,0.4529496431350708,0.5470503568649292,1,0.5470503568649292,0.0470503568649292,1
8076,recon_00026.tiff,161281,2,cnn2,4,0.722870945930481,0.27712905406951904,2,0.722870945930481,0.22287094593048096,1
8081,recon_00026.tiff,161381,1,cnn2,4,0.3524538278579712,0.6475461721420288,1,0.6475461721420288,0.1475461721420288,1
8084,recon_00026.tiff,161476,1,cnn2,4,0.3283957540988922,0.6716042757034302,1,0.6716042757034302,0.1716042459011078,1
8094,recon_00026.tiff,161561,2,cnn2,4,0.7182095050811768,0.28179049491882324,2,0.7182095050811768,0.21820950508117676,1
8102,recon_00026.tiff,161746,2,cnn2,4,0.7794100642204285,0.22058993577957153,2,0.7794100642204285,0.27941006422042847,1
8110,recon_00026.tiff,161838,1,cnn2,4,0.3221406042575836,0.6778594255447388,1,0.6778594255447388,0.17785939574241638,1
8116,recon_00026.tiff,161935,2,cnn2,4,0.6624258756637573,0.3375741243362427,2,0.6624258756637573,0.16242587566375732,1
8117,recon_00026.tiff,161936,2,cnn2,4,0.6934863924980164,0.30651360750198364,2,0.6934863924980164,0.19348639249801636,1
8130,recon_00026.tiff,162232,2,cnn2,4,0.6695009469985962,0.3304990530014038,2,0.6695009469985962,0.1695009469985962,1
8484,recon_00026.tiff,173448,1,cnn2,4,0.5202842950820923,0.4797157049179077,2,0.5202842950820923,0.020284295082092285,0
8803,recon_00026.tiff,183029,1,cnn2,4,0.60041743516922,0.39958256483078003,2,0.60041743516922,0.10041743516921997,0
9065,recon_00026.tiff,189202,1,cnn2,4,0.3877560794353485,0.6122438907623291,1,0.6122438907623291,0.11224392056465149,1
9210,recon_00026.tiff,192369,1,cnn2,4,0.20766781270503998,0.7923321723937988,1,0.7923321723937988,0.29233217239379883,1
9222,recon_00026.tiff,192545,1,cnn2,4,0.12971387803554535,0.8702861070632935,1,0.8702861070632935,0.37028610706329346,1
9257,recon_00026.tiff,192950,1,cnn2,4,0.2526959180831909,0.7473040819168091,1,0.7473040819168091,0.24730408191680908,1
9272,recon_00026.tiff,193136,1,cnn2,4,0.623900830745697,0.376099169254303,2,0.623900830745697,0.12390083074569702,0
9296,recon_00026.tiff,193475,1,cnn2,4,0.11485696583986282,0.8851430416107178,1,0.8851430416107178,0.3851430416107178,1
9325,recon_00026.tiff,193834,1,cnn2,4,0.22641810774803162,0.773581862449646,1,0.773581862449646,0.2735818922519684,1
9340,recon_00026.tiff,194067,1,cnn2,4,0.24716006219387054,0.7528399229049683,1,0.7528399229049683,0.25283992290496826,1
9394,recon_00026.tiff,195026,1,cnn2,4,0.3612191081047058,0.6387808918952942,1,0.6387808918952942,0.1387808918952942,1
9395,recon_00026.tiff,195027,1,cnn2,4,0.1337115317583084,0.8662884831428528,1,0.8662884831428528,0.3662884831428528,1
9403,recon_00026.tiff,195114,1,cnn2,4,0.26601654291152954,0.7339834570884705,1,0.7339834570884705,0.23398345708847046,1
9404,recon_00026.tiff,195115,1,cnn2,4,0.5844489336013794,0.4155510663986206,2,0.5844489336013794,0.0844489336013794,0
9419,recon_00026.tiff,195282,1,cnn2,4,0.18498706817626953,0.8150129318237305,1,0.8150129318237305,0.31501293182373047,1
9444,recon_00026.tiff,195634,1,cnn2,4,0.21755419671535492,0.7824457883834839,1,0.7824457883834839,0.2824457883834839,1
11460,recon_00100.tiff,63,1,cnn2,4,0.7062463760375977,0.29375362396240234,2,0.7062463760375977,0.20624637603759766,0
12704,recon_00100.tiff,17988,1,cnn2,4,0.8585823774337769,0.14141762256622314,2,0.8585823774337769,0.35858237743377686,0
14690,recon_00100.tiff,41571,1,cnn2,4,0.698521614074707,0.30147838592529297,2,0.698521614074707,0.19852161407470703,0
14872,recon_00100.tiff,44146,1,cnn2,4,0.5525268912315369,0.44747310876846313,2,0.5525268912315369,0.052526891231536865,0
17621,recon_00100.tiff,103719,1,cnn2,4,0.07865086197853088,0.9213491678237915,1,0.9213491678237915,0.4213491380214691,1
17655,recon_00100.tiff,104669,1,cnn2,4,0.3468085825443268,0.6531914472579956,1,0.6531914472579956,0.15319141745567322,1
17807,recon_00100.tiff,109175,1,cnn2,4,0.029345618560910225,0.9706543684005737,1,0.9706543684005737,0.47065436840057373,1
17897,recon_00100.tiff,111017,1,cnn2,4,0.05257344990968704,0.9474265575408936,1,0.9474265575408936,0.44742655754089355,1
17956,recon_00100.tiff,112483,1,cnn2,4,0.07648373395204544,0.9235162734985352,1,0.9235162734985352,0.42351627349853516,1
18137,recon_00100.tiff,115835,1,cnn2,4,0.12174072861671448,0.8782593011856079,1,0.8782593011856079,0.3782592713832855,1
18867,recon_00100.tiff,136153,1,cnn2,4,0.09273767471313477,0.9072623252868652,1,0.9072623252868652,0.40726232528686523,1
18899,recon_00100.tiff,136864,2,cnn2,4,0.7821035981178284,0.21789640188217163,2,0.7821035981178284,0.28210359811782837,1
18930,recon_00100.tiff,137915,1,cnn2,4,0.19132843613624573,0.8086715936660767,1,0.8086715936660767,0.3086715638637543,1
19017,recon_00100.tiff,140687,1,cnn2,4,0.09940748661756516,0.9005925059318542,1,0.9005925059318542,0.40059250593185425,1
19793,recon_00100.tiff,166739,1,cnn2,4,0.1152985468506813,0.8847014307975769,1,0.8847014307975769,0.3847014605998993,1
19855,recon_00100.tiff,168394,1,cnn2,4,0.12618796527385712,0.8738120198249817,1,0.8738120198249817,0.3738120198249817,1
19870,recon_00100.tiff,169044,1,cnn2,4,0.13018181920051575,0.8698182106018066,1,0.8698182106018066,0.36981818079948425,1
20049,recon_00100.tiff,174010,1,cnn2,4,0.1294584572315216,0.8705415725708008,1,0.8705415725708008,0.3705415427684784,1
20177,recon_00100.tiff,176476,1,cnn2,4,0.17990055680274963,0.8200994729995728,1,0.8200994729995728,0.32009944319725037,1
20210,recon_00100.tiff,176997,1,cnn2,4,0.12649737298488617,0.8735026121139526,1,0.8735026121139526,0.37350261211395264,1
25232,recon_00086.tiff,40567,1,cnn2,4,0.6013684868812561,0.3986315131187439,2,0.6013684868812561,0.1013684868812561,0
25302,recon_00086.tiff,41072,1,cnn2,4,0.5906831622123718,0.4093168377876282,2,0.5906831622123718,0.09068316221237183,0
4323,recon_00026.tiff,61341,2,cnn3,4,0.9102107882499695,0.08978921175003052,2,0.9102107882499695,0.4102107882499695,1
4363,recon_00026.tiff,62289,2,cnn3,4,0.07582027465105057,0.92417973279953,1,0.92417973279953,0.42417973279953003,0
4395,recon_00026.tiff,62926,2,cnn3,4,0.23841845989227295,0.761581540107727,1,0.761581540107727,0.26158154010772705,0
4462,recon_00026.tiff,64458,2,cnn3,4,0.2260025590658188,0.77399742603302,1,0.77399742603302,0.27399742603302,0
4468,recon_00026.tiff,64640,2,cnn3,4,0.21222221851348877,0.7877777814865112,1,0.7877777814865112,0.28777778148651123,0
4692,recon_00026.tiff,69972,2,cnn3,4,0.9130168557167053,0.08698314428329468,2,0.9130168557167053,0.4130168557167053,1
4858,recon_00026.tiff,73483,1,cnn3,4,0.017156589776277542,0.9828433990478516,1,0.9828433990478516,0.48284339904785156,1
4870,recon_00026.tiff,73678,1,cnn3,4,0.009991463273763657,0.990008533000946,1,0.990008533000946,0.49000853300094604,1
4877,recon_00026.tiff,73773,1,cnn3,4,0.09916753321886063,0.90083247423172,1,0.90083247423172,0.40083247423171997,1
4886,recon_00026.tiff,73927,1,cnn3,4,0.07070612907409668,0.9292938709259033,1,0.9292938709259033,0.4292938709259033,1
4987,recon_00026.tiff,76074,2,cnn3,4,0.8058452606201172,0.1941547393798828,2,0.8058452606201172,0.3058452606201172,1
5445,recon_00026.tiff,85780,1,cnn3,4,0.23381832242012024,0.7661817073822021,1,0.7661817073822021,0.26618167757987976,1
5485,recon_00026.tiff,86969,2,cnn3,4,0.9400264620780945,0.05997353792190552,2,0.9400264620780945,0.4400264620780945,1
5935,recon_00026.tiff,94863,2,cnn3,4,0.8838356733322144,0.11616432666778564,2,0.8838356733322144,0.38383567333221436,1
5995,recon_00026.tiff,96929,1,cnn3,4,0.4775320589542389,0.5224679708480835,1,0.5224679708480835,0.02246794104576111,1
6040,recon_00026.tiff,98130,2,cnn3,4,0.9495143294334412,0.05048567056655884,2,0.9495143294334412,0.44951432943344116,1
7949,recon_00026.tiff,158168,2,cnn3,4,0.9803391098976135,0.019660890102386475,2,0.9803391098976135,0.4803391098976135,1
7967,recon_00026.tiff,158459,2,cnn3,4,0.9376233816146851,0.06237661838531494,2,0.9376233816146851,0.43762338161468506,1
7974,recon_00026.tiff,158549,2,cnn3,4,0.9157662987709045,0.08423370122909546,2,0.9157662987709045,0.41576629877090454,1
7976,recon_00026.tiff,158551,1,cnn3,4,0.05163602903485298,0.9483639597892761,1,0.9483639597892761,0.4483639597892761,1
8045,recon_00026.tiff,160427,2,cnn3,4,0.9202753305435181,0.07972466945648193,2,0.9202753305435181,0.42027533054351807,1
8053,recon_00026.tiff,160804,2,cnn3,4,0.9730721712112427,0.026927828788757324,2,0.9730721712112427,0.4730721712112427,1
8064,recon_00026.tiff,161014,1,cnn3,4,0.1524878293275833,0.8475121855735779,1,0.8475121855735779,0.3475121855735779,1
8074,recon_00026.tiff,161187,1,cnn3,4,0.047140125185251236,0.9528598785400391,1,0.9528598785400391,0.45285987854003906,1
8076,recon_00026.tiff,161281,2,cnn3,4,0.9811479449272156,0.018852055072784424,2,0.9811479449272156,0.4811479449272156,1
8081,recon_00026.tiff,161381,1,cnn3,4,0.03491870313882828,0.9650812745094299,1,0.9650812745094299,0.4650813043117523,1
8084,recon_00026.tiff,161476,1,cnn3,4,0.03585924208164215,0.964140772819519,1,0.964140772819519,0.46414077281951904,1
8094,recon_00026.tiff,161561,2,cnn3,4,0.9872087836265564,0.012791216373443604,2,0.9872087836265564,0.4872087836265564,1
8102,recon_00026.tiff,161746,2,cnn3,4,0.9247936606407166,0.07520633935928345,2,0.9247936606407166,0.42479366064071655,1
8110,recon_00026.tiff,161838,1,cnn3,4,0.14812223613262177,0.851877748966217,1,0.851877748966217,0.35187774896621704,1
8116,recon_00026.tiff,161935,2,cnn3,4,0.9543405771255493,0.045659422874450684,2,0.9543405771255493,0.4543405771255493,1
8117,recon_00026.tiff,161936,2,cnn3,4,0.9682028293609619,0.031797170639038086,2,0.9682028293609619,0.4682028293609619,1
8130,recon_00026.tiff,162232,2,cnn3,4,0.9472798109054565,0.05272018909454346,2,0.9472798109054565,0.44727981090545654,1
8484,recon_00026.tiff,173448,1,cnn3,4,0.14698265492916107,0.8530173301696777,1,0.8530173301696777,0.35301733016967773,1
8803,recon_00026.tiff,183029,1,cnn3,4,0.048550091683864594,0.9514499306678772,1,0.9514499306678772,0.4514499008655548,1
9065,recon_00026.tiff,189202,1,cnn3,4,0.10640376061201096,0.8935962319374084,1,0.8935962319374084,0.39359623193740845,1
9210,recon_00026.tiff,192369,1,cnn3,4,0.015788931399583817,0.9842110872268677,1,0.9842110872268677,0.4842110574245453,1
9222,recon_00026.tiff,192545,1,cnn3,4,0.04870027303695679,0.9512997269630432,1,0.9512997269630432,0.4512997269630432,1
9257,recon_00026.tiff,192950,1,cnn3,4,0.038756538182497025,0.9612434506416321,1,0.9612434506416321,0.4612434506416321,1
9272,recon_00026.tiff,193136,1,cnn3,4,0.08319466561079025,0.9168053269386292,1,0.9168053269386292,0.41680532693862915,1
9296,recon_00026.tiff,193475,1,cnn3,4,0.03545738384127617,0.9645426273345947,1,0.9645426273345947,0.4645426273345947,1
9325,recon_00026.tiff,193834,1,cnn3,4,0.06222568824887276,0.9377743005752563,1,0.9377743005752563,0.43777430057525635,1
9340,recon_00026.tiff,194067,1,cnn3,4,0.054832469671964645,0.9451675415039062,1,0.9451675415039062,0.44516754150390625,1
9394,recon_00026.tiff,195026,1,cnn3,4,0.1091231107711792,0.8908768892288208,1,0.8908768892288208,0.3908768892288208,1
9395,recon_00026.tiff,195027,1,cnn3,4,0.017734995111823082,0.9822649955749512,1,0.9822649955749512,0.48226499557495117,1
9403,recon_00026.tiff,195114,1,cnn3,4,0.0783957839012146,0.9216042160987854,1,0.9216042160987854,0.4216042160987854,1
9404,recon_00026.tiff,195115,1,cnn3,4,0.14039263129234314,0.8596073389053345,1,0.8596073389053345,0.35960736870765686,1
9419,recon_00026.tiff,195282,1,cnn3,4,0.052687402814626694,0.947312593460083,1,0.947312593460083,0.447312593460083,1
9444,recon_00026.tiff,195634,1,cnn3,4,0.05462583154439926,0.9453741908073425,1,0.9453741908073425,0.44537416100502014,1
11460,recon_00100.tiff,63,1,cnn3,4,0.15549567341804504,0.8445043563842773,1,0.8445043563842773,0.34450432658195496,1
12704,recon_00100.tiff,17988,1,cnn3,4,0.1879388391971588,0.8120611906051636,1,0.8120611906051636,0.3120611608028412,1
14690,recon_00100.tiff,41571,1,cnn3,4,0.4210933446884155,0.5789066553115845,1,0.5789066553115845,0.07890665531158447,1
14872,recon_00100.tiff,44146,1,cnn3,4,0.3292267918586731,0.6707732081413269,1,0.6707732081413269,0.1707732081413269,1
17621,recon_00100.tiff,103719,1,cnn3,4,0.07592213898897171,0.9240778684616089,1,0.9240778684616089,0.4240778684616089,1
17655,recon_00100.tiff,104669,1,cnn3,4,0.3762996196746826,0.6237003803253174,1,0.6237003803253174,0.12370038032531738,1
17807,recon_00100.tiff,109175,1,cnn3,4,0.010126272216439247,0.9898737072944641,1,0.9898737072944641,0.4898737370967865,1
17897,recon_00100.tiff,111017,1,cnn3,4,0.009724636562168598,0.9902753829956055,1,0.9902753829956055,0.4902753531932831,1
17956,recon_00100.tiff,112483,1,cnn3,4,0.05811353027820587,0.9418864846229553,1,0.9418864846229553,0.4418864846229553,1
18137,recon_00100.tiff,115835,1,cnn3,4,0.06429903954267502,0.9357009530067444,1,0.9357009530067444,0.4357009530067444,1
18867,recon_00100.tiff,136153,1,cnn3,4,0.04184725508093834,0.9581527709960938,1,0.9581527709960938,0.45815274119377136,1
18899,recon_00100.tiff,136864,2,cnn3,4,0.9328123331069946,0.06718766689300537,2,0.9328123331069946,0.43281233310699463,1
18930,recon_00100.tiff,137915,1,cnn3,4,0.23220598697662354,0.7677940130233765,1,0.7677940130233765,0.26779401302337646,1
19017,recon_00100.tiff,140687,1,cnn3,4,0.04926731809973717,0.9507327079772949,1,0.9507327079772949,0.45073267817497253,1
19793,recon_00100.tiff,166739,1,cnn3,4,0.03502260148525238,0.9649773836135864,1,0.9649773836135864,0.4649773836135864,1
19855,recon_00100.tiff,168394,1,cnn3,4,0.0629233568906784,0.9370766282081604,1,0.9370766282081604,0.4370766282081604,1
19870,recon_00100.tiff,169044,1,cnn3,4,0.038376275449991226,0.9616237282752991,1,0.9616237282752991,0.4616237282752991,1
20049,recon_00100.tiff,174010,1,cnn3,4,0.0503593310713768,0.949640691280365,1,0.949640691280365,0.4496406614780426,1
20177,recon_00100.tiff,176476,1,cnn3,4,0.16765756905078888,0.8323424458503723,1,0.8323424458503723,0.3323424458503723,1
20210,recon_00100.tiff,176997,1,cnn3,4,0.13192729651927948,0.8680726885795593,1,0.8680726885795593,0.3680726885795593,1
25232,recon_00086.tiff,40567,1,cnn3,4,0.45049989223480225,0.5495001077651978,1,0.5495001077651978,0.049500107765197754,1
25302,recon_00086.tiff,41072,1,cnn3,4,0.20905297994613647,0.7909470200538635,1,0.7909470200538635,0.2909470200538635,1
4194,recon_00026.tiff,58401,2,random_forest,5,0.999,0.0010000000000000009,2,0.999,0.499,1
4195,recon_00026.tiff,58402,2,random_forest,5,0.1620619047619047,0.8379380952380953,1,0.8379380952380953,0.33793809523809526,0
4236,recon_00026.tiff,59181,2,random_forest,5,0.23886666666666667,0.7611333333333333,1,0.7611333333333333,0.26113333333333333,0
4256,recon_00026.tiff,59557,2,random_forest,5,0.48965238095238095,0.510347619047619,1,0.510347619047619,0.01034761904761905,0
4400,recon_00026.tiff,63023,2,random_forest,5,0.19647142857142852,0.8035285714285715,1,0.8035285714285715,0.3035285714285715,0
4603,recon_00026.tiff,68487,2,random_forest,5,0.22126190476190477,0.7787380952380952,1,0.7787380952380952,0.27873809523809523,0
4934,recon_00026.tiff,75040,2,random_forest,5,0.9925,0.007499999999999951,2,0.9925,0.49250000000000005,1
4970,recon_00026.tiff,75786,1,random_forest,5,0.0887666666666667,0.9112333333333333,1,0.9112333333333333,0.4112333333333333,1
4994,recon_00026.tiff,76182,1,random_forest,5,0.1397142857142857,0.8602857142857143,1,0.8602857142857143,0.3602857142857143,1
5036,recon_00026.tiff,76740,1,random_forest,5,0.007666666666666666,0.9923333333333333,1,0.9923333333333333,0.49233333333333335,1
5037,recon_00026.tiff,76743,2,random_forest,5,0.997,0.0030000000000000027,2,0.997,0.497,1
5104,recon_00026.tiff,78117,1,random_forest,5,0.001,0.999,1,0.999,0.499,1
5427,recon_00026.tiff,85234,2,random_forest,5,0.9986666666666666,0.0013333333333334085,2,0.9986666666666666,0.4986666666666666,1
5461,recon_00026.tiff,86184,2,random_forest,5,0.9870476190476192,0.012952380952380826,2,0.9870476190476192,0.4870476190476192,1
5748,recon_00026.tiff,91972,1,random_forest,5,0.0505,0.9495,1,0.9495,0.4495,1
5898,recon_00026.tiff,94288,1,random_forest,5,0.07070000000000001,0.9293,1,0.9293,0.4293,1
5974,recon_00026.tiff,95986,2,random_forest,5,0.5381904761904761,0.4618095238095239,2,0.5381904761904761,0.03819047619047611,1
7932,recon_00026.tiff,157893,2,random_forest,5,1.0,0.0,2,1.0,0.5,1
7933,recon_00026.tiff,157894,2,random_forest,5,1.0,0.0,2,1.0,0.5,1
7954,recon_00026.tiff,158248,2,random_forest,5,0.9930999999999999,0.006900000000000128,2,0.9930999999999999,0.49309999999999987,1
7975,recon_00026.tiff,158550,1,random_forest,5,0.0036,0.9964,1,0.9964,0.4964,1
7979,recon_00026.tiff,158646,1,random_forest,5,0.010333333333333332,0.9896666666666667,1,0.9896666666666667,0.4896666666666667,1
7997,recon_00026.tiff,159123,1,random_forest,5,0.11196190476190476,0.8880380952380953,1,0.8880380952380953,0.38803809523809524,1
7998,recon_00026.tiff,159125,1,random_forest,5,0.015250000000000001,0.98475,1,0.98475,0.48475,1
8019,recon_00026.tiff,159507,1,random_forest,5,0.005,0.995,1,0.995,0.495,1
8031,recon_00026.tiff,159871,1,random_forest,5,0.001,0.999,1,0.999,0.499,1
8048,recon_00026.tiff,160518,1,random_forest,5,0.02903333333333333,0.9709666666666666,1,0.9709666666666666,0.47096666666666664,1
8080,recon_00026.tiff,161380,1,random_forest,5,0.016,0.984,1,0.984,0.484,1
8082,recon_00026.tiff,161382,1,random_forest,5,0.0016,0.9984,1,0.9984,0.4984,1
8097,recon_00026.tiff,161659,1,random_forest,5,0.0046,0.9954,1,0.9954,0.4954,1
8103,recon_00026.tiff,161747,2,random_forest,5,1.0,0.0,2,1.0,0.5,1
8579,recon_00026.tiff,176809,1,random_forest,5,0.2254976190476191,0.7745023809523809,1,0.7745023809523809,0.2745023809523809,1
8627,recon_00026.tiff,178693,2,random_forest,5,0.6787619047619049,0.3212380952380951,2,0.6787619047619049,0.1787619047619049,1
8759,recon_00026.tiff,182088,1,random_forest,5,0.03688095238095238,0.9631190476190477,1,0.9631190476190477,0.4631190476190476,1
8771,recon_00026.tiff,182246,2,random_forest,5,0.9907000000000001,0.009299999999999864,2,0.9907000000000001,0.49070000000000014,1
8860,recon_00026.tiff,184413,2,random_forest,5,0.9979999999999999,0.002000000000000113,2,0.9979999999999999,0.4979999999999999,1
9056,recon_00026.tiff,189019,1,random_forest,5,0.0,1.0,1,1.0,0.5,1
9072,recon_00026.tiff,189364,1,random_forest,5,0.0,1.0,1,1.0,0.5,1
9093,recon_00026.tiff,189694,1,random_forest,5,0.01633333333333333,0.9836666666666667,1,0.9836666666666667,0.4836666666666667,1
9229,recon_00026.tiff,192625,1,random_forest,5,0.050133333333333335,0.9498666666666666,1,0.9498666666666666,0.44986666666666664,1
9319,recon_00026.tiff,193740,1,random_forest,5,0.0837,0.9163,1,0.9163,0.4163,1
9431,recon_00026.tiff,195473,1,random_forest,5,0.0,1.0,1,1.0,0.5,1
9433,recon_00026.tiff,195475,1,random_forest,5,0.009933333333333334,0.9900666666666667,1,0.9900666666666667,0.49006666666666665,1
11459,recon_00100.tiff,0,1,random_forest,5,0.2255619047619047,0.7744380952380953,1,0.7744380952380953,0.27443809523809526,1
11874,recon_00100.tiff,10354,1,random_forest,5,0.08040000000000001,0.9196,1,0.9196,0.4196,1
12532,recon_00100.tiff,16226,2,random_forest,5,0.9582619047619049,0.04173809523809513,2,0.9582619047619049,0.45826190476190487,1
14941,recon_00100.tiff,44759,2,random_forest,5,0.9884285714285713,0.011571428571428677,2,0.9884285714285713,0.4884285714285713,1
15684,recon_00100.tiff,54486,1,random_forest,5,0.1147666666666667,0.8852333333333333,1,0.8852333333333333,0.3852333333333333,1
17608,recon_00100.tiff,103256,1,random_forest,5,0.022,0.978,1,0.978,0.478,1
17778,recon_00100.tiff,107777,1,random_forest,5,0.0,1.0,1,1.0,0.5,1
17831,recon_00100.tiff,109607,1,random_forest,5,0.015,0.985,1,0.985,0.485,1
17927,recon_00100.tiff,111593,1,random_forest,5,0.9841666666666667,0.015833333333333255,2,0.9841666666666667,0.48416666666666675,0
17991,recon_00100.tiff,113085,1,random_forest,5,0.0,1.0,1,1.0,0.5,1
17998,recon_00100.tiff,113274,1,random_forest,5,0.0,1.0,1,1.0,0.5,1
18052,recon_00100.tiff,114211,1,random_forest,5,0.002,0.998,1,0.998,0.498,1
18309,recon_00100.tiff,119933,1,random_forest,5,0.1884952380952381,0.811504761904762,1,0.811504761904762,0.3115047619047619,1
18354,recon_00100.tiff,121321,1,random_forest,5,0.7108285714285719,0.2891714285714281,2,0.7108285714285719,0.21082857142857192,0
18355,recon_00100.tiff,121430,1,random_forest,5,0.02263333333333333,0.9773666666666667,1,0.9773666666666667,0.47736666666666666,1
18678,recon_00100.tiff,131241,1,random_forest,5,0.0,1.0,1,1.0,0.5,1
18896,recon_00100.tiff,136778,2,random_forest,5,0.9961666666666666,0.0038333333333333552,2,0.9961666666666666,0.49616666666666664,1
18904,recon_00100.tiff,137125,1,random_forest,5,0.0,1.0,1,1.0,0.5,1
18964,recon_00100.tiff,138923,1,random_forest,5,0.005666666666666666,0.9943333333333333,1,0.9943333333333333,0.49433333333333335,1
18988,recon_00100.tiff,139651,1,random_forest,5,0.028000000000000004,0.972,1,0.972,0.472,1
19788,recon_00100.tiff,166672,1,random_forest,5,0.2391595238095239,0.7608404761904761,1,0.7608404761904761,0.2608404761904761,1
19806,recon_00100.tiff,167061,1,random_forest,5,0.2907023809523809,0.7092976190476191,1,0.7092976190476191,0.20929761904761912,1
20107,recon_00100.tiff,175139,1,random_forest,5,0.03214285714285714,0.9678571428571429,1,0.9678571428571429,0.46785714285714286,1
20331,recon_00100.tiff,179830,1,random_forest,5,0.015342857142857144,0.9846571428571429,1,0.9846571428571429,0.48465714285714284,1
20344,recon_00100.tiff,180188,1,random_forest,5,0.005833333333333334,0.9941666666666666,1,0.9941666666666666,0.49416666666666664,1
20353,recon_00100.tiff,180436,1,random_forest,5,0.02308333333333333,0.9769166666666667,1,0.9769166666666667,0.47691666666666666,1
25019,recon_00086.tiff,38695,1,random_forest,5,0.16287619047619042,0.8371238095238096,1,0.8371238095238096,0.3371238095238096,1
31518,recon_00086.tiff,178698,2,random_forest,5,0.9498142857142858,0.05018571428571417,2,0.9498142857142858,0.44981428571428583,1
4194,recon_00026.tiff,58401,2,dense_fc,5,0.9186531901359558,0.08134680986404419,2,0.9186531901359558,0.4186531901359558,1
4195,recon_00026.tiff,58402,2,dense_fc,5,0.5920677781105042,0.40793222188949585,2,0.5920677781105042,0.09206777811050415,1
4236,recon_00026.tiff,59181,2,dense_fc,5,0.6810386776924133,0.31896132230758667,2,0.6810386776924133,0.18103867769241333,1
4256,recon_00026.tiff,59557,2,dense_fc,5,0.6383582353591919,0.3616417646408081,2,0.6383582353591919,0.1383582353591919,1
4400,recon_00026.tiff,63023,2,dense_fc,5,0.45265355706214905,0.5473464727401733,1,0.5473464727401733,0.04734644293785095,0
4603,recon_00026.tiff,68487,2,dense_fc,5,0.6738123893737793,0.3261876106262207,2,0.6738123893737793,0.1738123893737793,1
4934,recon_00026.tiff,75040,2,dense_fc,5,0.9592249989509583,0.04077500104904175,2,0.9592249989509583,0.45922499895095825,1
4970,recon_00026.tiff,75786,1,dense_fc,5,0.0014923651469871402,0.9985076189041138,1,0.9985076189041138,0.49850764870643616,1
4994,recon_00026.tiff,76182,1,dense_fc,5,0.0015850246418267488,0.9984149932861328,1,0.9984149932861328,0.4984149634838104,1
5036,recon_00026.tiff,76740,1,dense_fc,5,0.14683014154434204,0.853169858455658,1,0.853169858455658,0.35316985845565796,1
5037,recon_00026.tiff,76743,2,dense_fc,5,0.9406605958938599,0.05933940410614014,2,0.9406605958938599,0.44066059589385986,1
5104,recon_00026.tiff,78117,1,dense_fc,5,0.10786040127277374,0.8921396136283875,1,0.8921396136283875,0.39213961362838745,1
5427,recon_00026.tiff,85234,2,dense_fc,5,0.9953568577766418,0.004643142223358154,2,0.9953568577766418,0.49535685777664185,1
5461,recon_00026.tiff,86184,2,dense_fc,5,0.8454434275627136,0.15455657243728638,2,0.8454434275627136,0.3454434275627136,1
5748,recon_00026.tiff,91972,1,dense_fc,5,0.02322893962264061,0.9767710566520691,1,0.9767710566520691,0.4767710566520691,1
5898,recon_00026.tiff,94288,1,dense_fc,5,0.06057186424732208,0.9394281506538391,1,0.9394281506538391,0.4394281506538391,1
5974,recon_00026.tiff,95986,2,dense_fc,5,0.7577608227729797,0.24223917722702026,2,0.7577608227729797,0.25776082277297974,1
7932,recon_00026.tiff,157893,2,dense_fc,5,0.9945741295814514,0.005425870418548584,2,0.9945741295814514,0.4945741295814514,1
7933,recon_00026.tiff,157894,2,dense_fc,5,0.9954211115837097,0.004578888416290283,2,0.9954211115837097,0.4954211115837097,1
7954,recon_00026.tiff,158248,2,dense_fc,5,0.9979224801063538,0.0020775198936462402,2,0.9979224801063538,0.49792248010635376,1
7975,recon_00026.tiff,158550,1,dense_fc,5,0.07038819044828415,0.9296118021011353,1,0.9296118021011353,0.42961180210113525,1
7979,recon_00026.tiff,158646,1,dense_fc,5,0.07786449790000916,0.9221354722976685,1,0.9221354722976685,0.42213550209999084,1
7997,recon_00026.tiff,159123,1,dense_fc,5,0.2362079918384552,0.7637920379638672,1,0.7637920379638672,0.2637920081615448,1
7998,recon_00026.tiff,159125,1,dense_fc,5,0.09256358444690704,0.9074364304542542,1,0.9074364304542542,0.40743643045425415,1
8019,recon_00026.tiff,159507,1,dense_fc,5,0.06113296002149582,0.9388670325279236,1,0.9388670325279236,0.4388670325279236,1
8031,recon_00026.tiff,159871,1,dense_fc,5,0.08865699172019958,0.911342978477478,1,0.911342978477478,0.4113430082798004,1
8048,recon_00026.tiff,160518,1,dense_fc,5,0.05438092723488808,0.9456190466880798,1,0.9456190466880798,0.4456190764904022,1
8080,recon_00026.tiff,161380,1,dense_fc,5,0.052498430013656616,0.947501540184021,1,0.947501540184021,0.4475015699863434,1
8082,recon_00026.tiff,161382,1,dense_fc,5,0.06861195713281631,0.9313880205154419,1,0.9313880205154419,0.4313880503177643,1
8097,recon_00026.tiff,161659,1,dense_fc,5,0.06535957753658295,0.9346404075622559,1,0.9346404075622559,0.43464040756225586,1
8103,recon_00026.tiff,161747,2,dense_fc,5,0.9968782663345337,0.0031217336654663086,2,0.9968782663345337,0.4968782663345337,1
8579,recon_00026.tiff,176809,1,dense_fc,5,0.5132431387901306,0.4867568612098694,2,0.5132431387901306,0.013243138790130615,0
8627,recon_00026.tiff,178693,2,dense_fc,5,0.9444779753684998,0.055522024631500244,2,0.9444779753684998,0.44447797536849976,1
8759,recon_00026.tiff,182088,1,dense_fc,5,0.01647743210196495,0.9835225939750671,1,0.9835225939750671,0.48352256417274475,1
8771,recon_00026.tiff,182246,2,dense_fc,5,0.9375322461128235,0.062467753887176514,2,0.9375322461128235,0.4375322461128235,1
8860,recon_00026.tiff,184413,2,dense_fc,5,0.9777141809463501,0.022285819053649902,2,0.9777141809463501,0.4777141809463501,1
9056,recon_00026.tiff,189019,1,dense_fc,5,0.05143023282289505,0.9485697746276855,1,0.9485697746276855,0.44856977462768555,1
9072,recon_00026.tiff,189364,1,dense_fc,5,0.06489292532205582,0.9351070523262024,1,0.9351070523262024,0.4351070821285248,1
9093,recon_00026.tiff,189694,1,dense_fc,5,0.06989407539367676,0.9301059246063232,1,0.9301059246063232,0.43010592460632324,1
9229,recon_00026.tiff,192625,1,dense_fc,5,0.08350717276334763,0.9164928197860718,1,0.9164928197860718,0.4164928197860718,1
9319,recon_00026.tiff,193740,1,dense_fc,5,0.31137165427207947,0.6886283159255981,1,0.6886283159255981,0.18862834572792053,1
9431,recon_00026.tiff,195473,1,dense_fc,5,0.10643436014652252,0.8935656547546387,1,0.8935656547546387,0.39356565475463867,1
9433,recon_00026.tiff,195475,1,dense_fc,5,0.04294734075665474,0.9570526480674744,1,0.9570526480674744,0.45705264806747437,1
11459,recon_00100.tiff,0,1,dense_fc,5,0.8051273226737976,0.1948726773262024,2,0.8051273226737976,0.3051273226737976,0
11874,recon_00100.tiff,10354,1,dense_fc,5,0.3404403626918793,0.6595596075057983,1,0.6595596075057983,0.15955963730812073,1
12532,recon_00100.tiff,16226,2,dense_fc,5,0.937345027923584,0.06265497207641602,2,0.937345027923584,0.437345027923584,1
14941,recon_00100.tiff,44759,2,dense_fc,5,0.9837995767593384,0.01620042324066162,2,0.9837995767593384,0.4837995767593384,1
15684,recon_00100.tiff,54486,1,dense_fc,5,0.0014722062041983008,0.9985277652740479,1,0.9985277652740479,0.49852779507637024,1
17608,recon_00100.tiff,103256,1,dense_fc,5,0.3885570466518402,0.6114429235458374,1,0.6114429235458374,0.11144295334815979,1
17778,recon_00100.tiff,107777,1,dense_fc,5,0.19250261783599854,0.8074973821640015,1,0.8074973821640015,0.30749738216400146,1
17831,recon_00100.tiff,109607,1,dense_fc,5,0.23484668135643005,0.7651532888412476,1,0.7651532888412476,0.26515331864356995,1
17927,recon_00100.tiff,111593,1,dense_fc,5,0.9989141225814819,0.0010858774185180664,2,0.9989141225814819,0.49891412258148193,0
17991,recon_00100.tiff,113085,1,dense_fc,5,0.2809699475765228,0.7190300226211548,1,0.7190300226211548,0.21903005242347717,1
17998,recon_00100.tiff,113274,1,dense_fc,5,0.27958521246910095,0.7204147577285767,1,0.7204147577285767,0.22041478753089905,1
18052,recon_00100.tiff,114211,1,dense_fc,5,0.2739092707633972,0.7260907292366028,1,0.7260907292366028,0.22609072923660278,1
18309,recon_00100.tiff,119933,1,dense_fc,5,0.6397910714149475,0.3602089285850525,2,0.6397910714149475,0.1397910714149475,0
18354,recon_00100.tiff,121321,1,dense_fc,5,0.856419563293457,0.14358043670654297,2,0.856419563293457,0.35641956329345703,0
18355,recon_00100.tiff,121430,1,dense_fc,5,0.23043672740459442,0.7695632576942444,1,0.7695632576942444,0.2695632576942444,1
18678,recon_00100.tiff,131241,1,dense_fc,5,0.16899347305297852,0.8310065269470215,1,0.8310065269470215,0.3310065269470215,1
18896,recon_00100.tiff,136778,2,dense_fc,5,0.9497815370559692,0.05021846294403076,2,0.9497815370559692,0.44978153705596924,1
18904,recon_00100.tiff,137125,1,dense_fc,5,0.22619126737117767,0.7738087177276611,1,0.7738087177276611,0.27380871772766113,1
18964,recon_00100.tiff,138923,1,dense_fc,5,0.23683291673660278,0.7631670832633972,1,0.7631670832633972,0.2631670832633972,1
18988,recon_00100.tiff,139651,1,dense_fc,5,0.26440098881721497,0.7355990409851074,1,0.7355990409851074,0.23559901118278503,1
19788,recon_00100.tiff,166672,1,dense_fc,5,0.5644511580467224,0.4355488419532776,2,0.5644511580467224,0.06445115804672241,0
19806,recon_00100.tiff,167061,1,dense_fc,5,0.6473767161369324,0.3526232838630676,2,0.6473767161369324,0.14737671613693237,0
20107,recon_00100.tiff,175139,1,dense_fc,5,0.2706005871295929,0.7293994426727295,1,0.7293994426727295,0.2293994128704071,1
20331,recon_00100.tiff,179830,1,dense_fc,5,0.2393074780702591,0.7606925368309021,1,0.7606925368309021,0.2606925368309021,1
20344,recon_00100.tiff,180188,1,dense_fc,5,0.23616284132003784,0.7638371586799622,1,0.7638371586799622,0.26383715867996216,1
20353,recon_00100.tiff,180436,1,dense_fc,5,0.19578203558921814,0.8042179346084595,1,0.8042179346084595,0.30421796441078186,1
25019,recon_00086.tiff,38695,1,dense_fc,5,0.22181925177574158,0.778180718421936,1,0.778180718421936,0.2781807482242584,1
31518,recon_00086.tiff,178698,2,dense_fc,5,0.9272852540016174,0.07271474599838257,2,0.9272852540016174,0.42728525400161743,1
4194,recon_00026.tiff,58401,2,cnn2,5,0.552761971950531,0.447238028049469,2,0.552761971950531,0.052761971950531006,1
4195,recon_00026.tiff,58402,2,cnn2,5,0.15414752066135406,0.8458524942398071,1,0.8458524942398071,0.34585249423980713,0
4236,recon_00026.tiff,59181,2,cnn2,5,0.12638838589191437,0.8736116290092468,1,0.8736116290092468,0.3736116290092468,0
4256,recon_00026.tiff,59557,2,cnn2,5,0.1148371696472168,0.8851628303527832,1,0.8851628303527832,0.3851628303527832,0
4400,recon_00026.tiff,63023,2,cnn2,5,0.21769076585769653,0.7823092341423035,1,0.7823092341423035,0.28230923414230347,0
4603,recon_00026.tiff,68487,2,cnn2,5,0.2688726484775543,0.7311273813247681,1,0.7311273813247681,0.23112735152244568,0
4934,recon_00026.tiff,75040,2,cnn2,5,0.8172480463981628,0.18275195360183716,2,0.8172480463981628,0.31724804639816284,1
4970,recon_00026.tiff,75786,1,cnn2,5,0.3370705544948578,0.6629294157028198,1,0.6629294157028198,0.1629294455051422,1
4994,recon_00026.tiff,76182,1,cnn2,5,0.4482402205467224,0.5517597794532776,1,0.5517597794532776,0.05175977945327759,1
5036,recon_00026.tiff,76740,1,cnn2,5,0.0865655317902565,0.9134344458580017,1,0.9134344458580017,0.4134344756603241,1
5037,recon_00026.tiff,76743,2,cnn2,5,0.8671040534973145,0.13289594650268555,2,0.8671040534973145,0.36710405349731445,1
5104,recon_00026.tiff,78117,1,cnn2,5,0.08701927959918976,0.9129807353019714,1,0.9129807353019714,0.41298073530197144,1
5427,recon_00026.tiff,85234,2,cnn2,5,0.8554357290267944,0.14456427097320557,2,0.8554357290267944,0.35543572902679443,1
5461,recon_00026.tiff,86184,2,cnn2,5,0.6871476173400879,0.3128523826599121,2,0.6871476173400879,0.1871476173400879,1
5748,recon_00026.tiff,91972,1,cnn2,5,0.44919562339782715,0.5508043766021729,1,0.5508043766021729,0.05080437660217285,1
5898,recon_00026.tiff,94288,1,cnn2,5,0.5014231204986572,0.4985768795013428,2,0.5014231204986572,0.0014231204986572266,0
5974,recon_00026.tiff,95986,2,cnn2,5,0.049071721732616425,0.950928270816803,1,0.950928270816803,0.450928270816803,0
7932,recon_00026.tiff,157893,2,cnn2,5,0.7991889715194702,0.20081102848052979,2,0.7991889715194702,0.2991889715194702,1
7933,recon_00026.tiff,157894,2,cnn2,5,0.7698094248771667,0.23019057512283325,2,0.7698094248771667,0.26980942487716675,1
7954,recon_00026.tiff,158248,2,cnn2,5,0.8091771006584167,0.19082289934158325,2,0.8091771006584167,0.30917710065841675,1
7975,recon_00026.tiff,158550,1,cnn2,5,0.32378795742988586,0.6762120723724365,1,0.6762120723724365,0.17621204257011414,1
7979,recon_00026.tiff,158646,1,cnn2,5,0.21915531158447266,0.7808446884155273,1,0.7808446884155273,0.28084468841552734,1
7997,recon_00026.tiff,159123,1,cnn2,5,0.49438977241516113,0.5056102275848389,1,0.5056102275848389,0.005610227584838867,1
7998,recon_00026.tiff,159125,1,cnn2,5,0.4036245346069336,0.5963754653930664,1,0.5963754653930664,0.0963754653930664,1
8019,recon_00026.tiff,159507,1,cnn2,5,0.16822202503681183,0.8317779898643494,1,0.8317779898643494,0.33177798986434937,1
8031,recon_00026.tiff,159871,1,cnn2,5,0.09859182685613632,0.9014081954956055,1,0.9014081954956055,0.4014081656932831,1
8048,recon_00026.tiff,160518,1,cnn2,5,0.46856269240379333,0.5314372777938843,1,0.5314372777938843,0.031437307596206665,1
8080,recon_00026.tiff,161380,1,cnn2,5,0.3150223195552826,0.684977650642395,1,0.684977650642395,0.1849776804447174,1
8082,recon_00026.tiff,161382,1,cnn2,5,0.20990070700645447,0.7900992631912231,1,0.7900992631912231,0.29009929299354553,1
8097,recon_00026.tiff,161659,1,cnn2,5,0.2561217248439789,0.7438782453536987,1,0.7438782453536987,0.24387827515602112,1
8103,recon_00026.tiff,161747,2,cnn2,5,0.7521246075630188,0.2478753924369812,2,0.7521246075630188,0.2521246075630188,1
8579,recon_00026.tiff,176809,1,cnn2,5,0.36476466059684753,0.6352353096008301,1,0.6352353096008301,0.13523533940315247,1
8627,recon_00026.tiff,178693,2,cnn2,5,0.5391924381256104,0.46080756187438965,2,0.5391924381256104,0.03919243812561035,1
8759,recon_00026.tiff,182088,1,cnn2,5,0.5109147429466248,0.48908525705337524,2,0.5109147429466248,0.010914742946624756,0
8771,recon_00026.tiff,182246,2,cnn2,5,0.6030495166778564,0.39695048332214355,2,0.6030495166778564,0.10304951667785645,1
8860,recon_00026.tiff,184413,2,cnn2,5,0.8615006804466248,0.13849931955337524,2,0.8615006804466248,0.36150068044662476,1
9056,recon_00026.tiff,189019,1,cnn2,5,0.12965381145477295,0.870346188545227,1,0.870346188545227,0.37034618854522705,1
9072,recon_00026.tiff,189364,1,cnn2,5,0.2729436755180359,0.7270563244819641,1,0.7270563244819641,0.2270563244819641,1
9093,recon_00026.tiff,189694,1,cnn2,5,0.3372078835964203,0.6627920866012573,1,0.6627920866012573,0.1627921164035797,1
9229,recon_00026.tiff,192625,1,cnn2,5,0.2590901255607605,0.7409098744392395,1,0.7409098744392395,0.2409098744392395,1
9319,recon_00026.tiff,193740,1,cnn2,5,0.16882584989070892,0.8311741352081299,1,0.8311741352081299,0.3311741352081299,1
9431,recon_00026.tiff,195473,1,cnn2,5,0.05269444361329079,0.9473055601119995,1,0.9473055601119995,0.4473055601119995,1
9433,recon_00026.tiff,195475,1,cnn2,5,0.39676207304000854,0.6032379269599915,1,0.6032379269599915,0.10323792695999146,1
11459,recon_00100.tiff,0,1,cnn2,5,0.6641497015953064,0.3358502984046936,2,0.6641497015953064,0.1641497015953064,0
11874,recon_00100.tiff,10354,1,cnn2,5,0.6036170721054077,0.3963829278945923,2,0.6036170721054077,0.10361707210540771,0
12532,recon_00100.tiff,16226,2,cnn2,5,0.6650562882423401,0.3349437117576599,2,0.6650562882423401,0.1650562882423401,1
14941,recon_00100.tiff,44759,2,cnn2,5,0.6072402596473694,0.3927597403526306,2,0.6072402596473694,0.10724025964736938,1
15684,recon_00100.tiff,54486,1,cnn2,5,0.28564515709877014,0.7143548727035522,1,0.7143548727035522,0.21435484290122986,1
17608,recon_00100.tiff,103256,1,cnn2,5,0.027727758511900902,0.9722722172737122,1,0.9722722172737122,0.47227224707603455,1
17778,recon_00100.tiff,107777,1,cnn2,5,0.0139082046225667,0.9860917925834656,1,0.9860917925834656,0.4860917925834656,1
17831,recon_00100.tiff,109607,1,cnn2,5,0.07904930412769318,0.920950710773468,1,0.920950710773468,0.420950710773468,1
17927,recon_00100.tiff,111593,1,cnn2,5,0.6610567569732666,0.3389432430267334,2,0.6610567569732666,0.1610567569732666,0
17991,recon_00100.tiff,113085,1,cnn2,5,0.015731045976281166,0.9842689633369446,1,0.9842689633369446,0.4842689633369446,1
17998,recon_00100.tiff,113274,1,cnn2,5,0.02470882050693035,0.9752911925315857,1,0.9752911925315857,0.4752911925315857,1
18052,recon_00100.tiff,114211,1,cnn2,5,0.01759410835802555,0.9824059009552002,1,0.9824059009552002,0.4824059009552002,1
18309,recon_00100.tiff,119933,1,cnn2,5,0.06321792304515839,0.9367820620536804,1,0.9367820620536804,0.4367820620536804,1
18354,recon_00100.tiff,121321,1,cnn2,5,0.19140265882015228,0.8085973262786865,1,0.8085973262786865,0.3085973262786865,1
18355,recon_00100.tiff,121430,1,cnn2,5,0.13502104580402374,0.8649789690971375,1,0.8649789690971375,0.36497896909713745,1
18678,recon_00100.tiff,131241,1,cnn2,5,0.036572664976119995,0.9634273052215576,1,0.9634273052215576,0.46342733502388,1
18896,recon_00100.tiff,136778,2,cnn2,5,0.8330075144767761,0.16699248552322388,2,0.8330075144767761,0.3330075144767761,1
18904,recon_00100.tiff,137125,1,cnn2,5,0.08751999586820602,0.9124799966812134,1,0.9124799966812134,0.4124799966812134,1
18964,recon_00100.tiff,138923,1,cnn2,5,0.06588117778301239,0.9341188073158264,1,0.9341188073158264,0.4341188073158264,1
18988,recon_00100.tiff,139651,1,cnn2,5,0.1690444052219391,0.8309556245803833,1,0.8309556245803833,0.3309555947780609,1
19788,recon_00100.tiff,166672,1,cnn2,5,0.37099114060401917,0.6290088891983032,1,0.6290088891983032,0.12900885939598083,1
19806,recon_00100.tiff,167061,1,cnn2,5,0.2742495536804199,0.7257504463195801,1,0.7257504463195801,0.22575044631958008,1
20107,recon_00100.tiff,175139,1,cnn2,5,0.10254397243261337,0.8974560499191284,1,0.8974560499191284,0.39745602011680603,1
20331,recon_00100.tiff,179830,1,cnn2,5,0.17129534482955933,0.8287046551704407,1,0.8287046551704407,0.3287046551704407,1
20344,recon_00100.tiff,180188,1,cnn2,5,0.11854486912488937,0.88145512342453,1,0.88145512342453,0.38145512342453003,1
20353,recon_00100.tiff,180436,1,cnn2,5,0.15293721854686737,0.8470627665519714,1,0.8470627665519714,0.34706276655197144,1
25019,recon_00086.tiff,38695,1,cnn2,5,0.5060911178588867,0.4939088821411133,2,0.5060911178588867,0.006091117858886719,0
31518,recon_00086.tiff,178698,2,cnn2,5,0.7804436087608337,0.21955639123916626,2,0.7804436087608337,0.28044360876083374,1
4194,recon_00026.tiff,58401,2,cnn3,5,0.9457627534866333,0.0542372465133667,2,0.9457627534866333,0.4457627534866333,1
4195,recon_00026.tiff,58402,2,cnn3,5,0.11487408727407455,0.8851259350776672,1,0.8851259350776672,0.38512590527534485,0
4236,recon_00026.tiff,59181,2,cnn3,5,0.10802613198757172,0.8919738531112671,1,0.8919738531112671,0.3919738531112671,0
4256,recon_00026.tiff,59557,2,cnn3,5,0.12008288502693176,0.8799171447753906,1,0.8799171447753906,0.37991711497306824,0
4400,recon_00026.tiff,63023,2,cnn3,5,0.10881161689758301,0.891188383102417,1,0.891188383102417,0.391188383102417,0
4603,recon_00026.tiff,68487,2,cnn3,5,0.1339045912027359,0.8660954236984253,1,0.8660954236984253,0.3660954236984253,0
4934,recon_00026.tiff,75040,2,cnn3,5,0.983248233795166,0.016751766204833984,2,0.983248233795166,0.483248233795166,1
4970,recon_00026.tiff,75786,1,cnn3,5,0.1395845115184784,0.8604154586791992,1,0.8604154586791992,0.3604154884815216,1
4994,recon_00026.tiff,76182,1,cnn3,5,0.12189381569623947,0.8781061768531799,1,0.8781061768531799,0.37810617685317993,1
5036,recon_00026.tiff,76740,1,cnn3,5,0.09611791372299194,0.9038820862770081,1,0.9038820862770081,0.40388208627700806,1
5037,recon_00026.tiff,76743,2,cnn3,5,0.9848076105117798,0.015192389488220215,2,0.9848076105117798,0.4848076105117798,1
5104,recon_00026.tiff,78117,1,cnn3,5,0.08030858635902405,0.9196914434432983,1,0.9196914434432983,0.41969141364097595,1
5427,recon_00026.tiff,85234,2,cnn3,5,0.9889744520187378,0.011025547981262207,2,0.9889744520187378,0.4889744520187378,1
5461,recon_00026.tiff,86184,2,cnn3,5,0.9631994366645813,0.0368005633354187,2,0.9631994366645813,0.4631994366645813,1
5748,recon_00026.tiff,91972,1,cnn3,5,0.36251041293144226,0.6374895572662354,1,0.6374895572662354,0.13748958706855774,1
5898,recon_00026.tiff,94288,1,cnn3,5,0.4148598313331604,0.5851401686668396,1,0.5851401686668396,0.0851401686668396,1
5974,recon_00026.tiff,95986,2,cnn3,5,0.07634081691503525,0.9236592054367065,1,0.9236592054367065,0.42365917563438416,0
7932,recon_00026.tiff,157893,2,cnn3,5,0.9820127487182617,0.01798725128173828,2,0.9820127487182617,0.4820127487182617,1
7933,recon_00026.tiff,157894,2,cnn3,5,0.9890729784965515,0.010927021503448486,2,0.9890729784965515,0.4890729784965515,1
7954,recon_00026.tiff,158248,2,cnn3,5,0.981071412563324,0.018928587436676025,2,0.981071412563324,0.481071412563324,1
7975,recon_00026.tiff,158550,1,cnn3,5,0.11440932750701904,0.885590672492981,1,0.885590672492981,0.38559067249298096,1
7979,recon_00026.tiff,158646,1,cnn3,5,0.07482864707708359,0.9251713752746582,1,0.9251713752746582,0.4251713454723358,1
7997,recon_00026.tiff,159123,1,cnn3,5,0.2276466190814972,0.7723534107208252,1,0.7723534107208252,0.2723533809185028,1
7998,recon_00026.tiff,159125,1,cnn3,5,0.19128848612308502,0.8087115287780762,1,0.8087115287780762,0.30871152877807617,1
8019,recon_00026.tiff,159507,1,cnn3,5,0.06794874370098114,0.9320512413978577,1,0.9320512413978577,0.43205124139785767,1
8031,recon_00026.tiff,159871,1,cnn3,5,0.06231869384646416,0.9376813173294067,1,0.9376813173294067,0.43768131732940674,1
8048,recon_00026.tiff,160518,1,cnn3,5,0.05971542373299599,0.9402845501899719,1,0.9402845501899719,0.4402845799922943,1
8080,recon_00026.tiff,161380,1,cnn3,5,0.12592309713363647,0.8740769028663635,1,0.8740769028663635,0.3740769028663635,1
8082,recon_00026.tiff,161382,1,cnn3,5,0.1163143590092659,0.8836856484413147,1,0.8836856484413147,0.3836856484413147,1
8097,recon_00026.tiff,161659,1,cnn3,5,0.1465434432029724,0.8534565567970276,1,0.8534565567970276,0.3534565567970276,1
8103,recon_00026.tiff,161747,2,cnn3,5,0.9936435222625732,0.006356477737426758,2,0.9936435222625732,0.49364352226257324,1
8579,recon_00026.tiff,176809,1,cnn3,5,0.8002665042877197,0.19973349571228027,2,0.8002665042877197,0.3002665042877197,0
8627,recon_00026.tiff,178693,2,cnn3,5,0.8223126530647278,0.17768734693527222,2,0.8223126530647278,0.3223126530647278,1
8759,recon_00026.tiff,182088,1,cnn3,5,0.4930809736251831,0.5069190263748169,1,0.5069190263748169,0.0069190263748168945,1
8771,recon_00026.tiff,182246,2,cnn3,5,0.8117461204528809,0.18825387954711914,2,0.8117461204528809,0.31174612045288086,1
8860,recon_00026.tiff,184413,2,cnn3,5,0.9929834604263306,0.007016539573669434,2,0.9929834604263306,0.49298346042633057,1
9056,recon_00026.tiff,189019,1,cnn3,5,0.11378362029790878,0.886216402053833,1,0.886216402053833,0.3862163722515106,1
9072,recon_00026.tiff,189364,1,cnn3,5,0.08536215126514435,0.9146378636360168,1,0.9146378636360168,0.41463786363601685,1
9093,recon_00026.tiff,189694,1,cnn3,5,0.11326704919338226,0.8867329359054565,1,0.8867329359054565,0.38673293590545654,1
9229,recon_00026.tiff,192625,1,cnn3,5,0.2524767220020294,0.747523307800293,1,0.747523307800293,0.24752327799797058,1
9319,recon_00026.tiff,193740,1,cnn3,5,0.11699125915765762,0.8830087184906006,1,0.8830087184906006,0.383008748292923,1
9431,recon_00026.tiff,195473,1,cnn3,5,0.04804001376032829,0.9519599676132202,1,0.9519599676132202,0.4519599974155426,1
9433,recon_00026.tiff,195475,1,cnn3,5,0.14875616133213043,0.8512438535690308,1,0.8512438535690308,0.35124385356903076,1
11459,recon_00100.tiff,0,1,cnn3,5,0.7159837484359741,0.2840162515640259,2,0.7159837484359741,0.21598374843597412,0
11874,recon_00100.tiff,10354,1,cnn3,5,0.2593047022819519,0.7406952977180481,1,0.7406952977180481,0.2406952977180481,1
12532,recon_00100.tiff,16226,2,cnn3,5,0.9405032396316528,0.05949676036834717,2,0.9405032396316528,0.44050323963165283,1
14941,recon_00100.tiff,44759,2,cnn3,5,0.9079651236534119,0.09203487634658813,2,0.9079651236534119,0.40796512365341187,1
15684,recon_00100.tiff,54486,1,cnn3,5,0.10061129182577133,0.8993887305259705,1,0.8993887305259705,0.39938870072364807,1
17608,recon_00100.tiff,103256,1,cnn3,5,0.02497919276356697,0.9750208258628845,1,0.9750208258628845,0.47502079606056213,1
17778,recon_00100.tiff,107777,1,cnn3,5,0.01819663681089878,0.9818033576011658,1,0.9818033576011658,0.48180335760116577,1
17831,recon_00100.tiff,109607,1,cnn3,5,0.07616350799798965,0.9238364696502686,1,0.9238364696502686,0.42383649945259094,1
17927,recon_00100.tiff,111593,1,cnn3,5,0.9773545861244202,0.022645413875579834,2,0.9773545861244202,0.47735458612442017,0
17991,recon_00100.tiff,113085,1,cnn3,5,0.022317061200737953,0.9776829481124878,1,0.9776829481124878,0.4776829481124878,1
17998,recon_00100.tiff,113274,1,cnn3,5,0.0266873762011528,0.9733126163482666,1,0.9733126163482666,0.4733126163482666,1
18052,recon_00100.tiff,114211,1,cnn3,5,0.023941466584801674,0.9760585427284241,1,0.9760585427284241,0.4760585427284241,1
18309,recon_00100.tiff,119933,1,cnn3,5,0.06140336021780968,0.9385966658592224,1,0.9385966658592224,0.4385966360569,1
18354,recon_00100.tiff,121321,1,cnn3,5,0.33664244413375854,0.6633575558662415,1,0.6633575558662415,0.16335755586624146,1
18355,recon_00100.tiff,121430,1,cnn3,5,0.1031280905008316,0.8968719244003296,1,0.8968719244003296,0.3968719244003296,1
18678,recon_00100.tiff,131241,1,cnn3,5,0.048019733279943466,0.9519802927970886,1,0.9519802927970886,0.45198026299476624,1
18896,recon_00100.tiff,136778,2,cnn3,5,0.9827120304107666,0.0172879695892334,2,0.9827120304107666,0.4827120304107666,1
18904,recon_00100.tiff,137125,1,cnn3,5,0.08652768284082413,0.9134722948074341,1,0.9134722948074341,0.41347232460975647,1
18964,recon_00100.tiff,138923,1,cnn3,5,0.06284468621015549,0.9371553063392639,1,0.9371553063392639,0.4371553063392639,1
18988,recon_00100.tiff,139651,1,cnn3,5,0.11871785670518875,0.8812821507453918,1,0.8812821507453918,0.38128215074539185,1
19788,recon_00100.tiff,166672,1,cnn3,5,0.7104319930076599,0.2895680069923401,2,0.7104319930076599,0.2104319930076599,0
19806,recon_00100.tiff,167061,1,cnn3,5,0.4300606846809387,0.5699393153190613,1,0.5699393153190613,0.06993931531906128,1
20107,recon_00100.tiff,175139,1,cnn3,5,0.13361471891403198,0.866385281085968,1,0.866385281085968,0.366385281085968,1
20331,recon_00100.tiff,179830,1,cnn3,5,0.11046896874904633,0.8895310163497925,1,0.8895310163497925,0.3895310163497925,1
20344,recon_00100.tiff,180188,1,cnn3,5,0.08198535442352295,0.918014645576477,1,0.918014645576477,0.41801464557647705,1
20353,recon_00100.tiff,180436,1,cnn3,5,0.0866505578160286,0.913349449634552,1,0.913349449634552,0.413349449634552,1
25019,recon_00086.tiff,38695,1,cnn3,5,0.26454684138298035,0.7354531288146973,1,0.7354531288146973,0.23545315861701965,1
31518,recon_00086.tiff,178698,2,cnn3,5,0.9965129494667053,0.0034870505332946777,2,0.9965129494667053,0.4965129494667053,1
