source_row,slice,region_id,class,model,fold,prob_fg,prob_bg,predicted_class,confidence,margin_from_0_5,correct
0,recon_00026.tiff,0,1,random_forest,1,0.13665238095238097,0.863347619047619,1,0.863347619047619,0.36334761904761903,1
1396,recon_00026.tiff,19232,2,random_forest,1,0.8559190476190477,0.1440809523809523,2,0.8559190476190477,0.3559190476190477,1
4324,recon_00026.tiff,61342,2,random_forest,1,0.9886666666666667,0.011333333333333306,2,0.9886666666666667,0.4886666666666667,1
4379,recon_00026.tiff,62668,2,random_forest,1,0.998,0.0020000000000000018,2,0.998,0.498,1
4851,recon_00026.tiff,73305,1,random_forest,1,0.003,0.997,1,0.997,0.497,1
4964,recon_00026.tiff,75694,1,random_forest,1,0.004,0.996,1,0.996,0.496,1
5050,recon_00026.tiff,77014,2,random_forest,1,0.9703666666666666,0.0296333333333334,2,0.9703666666666666,0.4703666666666666,1
5506,recon_00026.tiff,87524,2,random_forest,1,0.9099848484848487,0.09001515151515127,2,0.9099848484848487,0.40998484848484873,1
5950,recon_00026.tiff,95344,1,random_forest,1,0.03985238095238095,0.960147619047619,1,0.960147619047619,0.460147619047619,1
6026,recon_00026.tiff,97750,2,random_forest,1,0.768865800865801,0.23113419913419897,2,0.768865800865801,0.26886580086580103,1
7943,recon_00026.tiff,158082,2,random_forest,1,1.0,0.0,2,1.0,0.5,1
7955,recon_00026.tiff,158249,1,random_forest,1,0.0035,0.9965,1,0.9965,0.4965,1
7963,recon_00026.tiff,158355,2,random_forest,1,0.9938285714285714,0.0061714285714286055,2,0.9938285714285714,0.4938285714285714,1
7964,recon_00026.tiff,158356,1,random_forest,1,0.0,1.0,1,1.0,0.5,1
7983,recon_00026.tiff,158732,2,random_forest,1,0.9807809523809524,0.01921904761904758,2,0.9807809523809524,0.4807809523809524,1
7988,recon_00026.tiff,158836,2,random_forest,1,0.9913619047619049,0.008638095238095111,2,0.9913619047619049,0.4913619047619049,1
7989,recon_00026.tiff,158837,1,random_forest,1,0.041466666666666666,0.9585333333333333,1,0.9585333333333333,0.45853333333333335,1
7994,recon_00026.tiff,159037,1,random_forest,1,0.002,0.998,1,0.998,0.498,1
8008,recon_00026.tiff,159307,1,random_forest,1,0.0,1.0,1,1.0,0.5,1
8015,recon_00026.tiff,159417,2,random_forest,1,1.0,0.0,2,1.0,0.5,1
8020,recon_00026.tiff,159510,1,random_forest,1,0.002,0.998,1,0.998,0.498,1
8046,recon_00026.tiff,160428,1,random_forest,1,0.008666666666666666,0.9913333333333333,1,0.9913333333333333,0.49133333333333334,1
8067,recon_00026.tiff,161094,1,random_forest,1,0.012333333333333333,0.9876666666666667,1,0.9876666666666667,0.4876666666666667,1
8079,recon_00026.tiff,161379,1,random_forest,1,0.13986580086580086,0.8601341991341991,1,0.8601341991341991,0.36013419913419914,1
8085,recon_00026.tiff,161478,2,random_forest,1,0.9966333333333334,0.003366666666666629,2,0.9966333333333334,0.49663333333333337,1
8107,recon_00026.tiff,161751,2,random_forest,1,1.0,0.0,2,1.0,0.5,1
8115,recon_00026.tiff,161934,2,random_forest,1,0.996,0.0040000000000000036,2,0.996,0.496,1
8118,recon_00026.tiff,162032,2,random_forest,1,1.0,0.0,2,1.0,0.5,1
8119,recon_00026.tiff,162033,2,random_forest,1,1.0,0.0,2,1.0,0.5,1
8233,recon_00026.tiff,165547,2,random_forest,1,0.9127000000000002,0.08729999999999982,2,0.9127000000000002,0.4127000000000002,1
8713,recon_00026.tiff,181209,2,random_forest,1,1.0,0.0,2,1.0,0.5,1
8785,recon_00026.tiff,182594,2,random_forest,1,0.9451000000000002,0.05489999999999984,2,0.9451000000000002,0.44510000000000016,1
8817,recon_00026.tiff,183284,2,random_forest,1,0.9431666666666666,0.0568333333333334,2,0.9431666666666666,0.4431666666666666,1
8983,recon_00026.tiff,187471,1,random_forest,1,0.0015,0.9985,1,0.9985,0.4985,1
9011,recon_00026.tiff,187974,1,random_forest,1,0.027999999999999997,0.972,1,0.972,0.472,1
9158,recon_00026.tiff,191321,1,random_forest,1,0.01971904761904762,0.9802809523809524,1,0.9802809523809524,0.48028095238095236,1
9193,recon_00026.tiff,192137,1,random_forest,1,0.0,1.0,1,1.0,0.5,1
9199,recon_00026.tiff,192216,1,random_forest,1,0.006666666666666666,0.9933333333333333,1,0.9933333333333333,0.49333333333333335,1
9200,recon_00026.tiff,192217,1,random_forest,1,0.0,1.0,1,1.0,0.5,1
9205,recon_00026.tiff,192284,1,random_forest,1,0.003,0.997,1,0.997,0.497,1
9214,recon_00026.tiff,192450,1,random_forest,1,0.0,1.0,1,1.0,0.5,1
9270,recon_00026.tiff,193131,1,random_forest,1,0.0,1.0,1,1.0,0.5,1
9304,recon_00026.tiff,193558,1,random_forest,1,0.0,1.0,1,1.0,0.5,1
9363,recon_00026.tiff,194469,1,random_forest,1,0.0,1.0,1,1.0,0.5,1
9371,recon_00026.tiff,194548,1,random_forest,1,0.004333333333333333,0.9956666666666667,1,0.9956666666666667,0.49566666666666664,1
9384,recon_00026.tiff,194789,1,random_forest,1,0.004333333333333333,0.9956666666666667,1,0.9956666666666667,0.49566666666666664,1
9410,recon_00026.tiff,195204,1,random_forest,1,0.002,0.998,1,0.998,0.498,1
9424,recon_00026.tiff,195371,1,random_forest,1,0.007666666666666667,0.9923333333333333,1,0.9923333333333333,0.49233333333333335,1
9432,recon_00026.tiff,195474,1,random_forest,1,0.0,1.0,1,1.0,0.5,1
9435,recon_00026.tiff,195545,1,random_forest,1,0.0,1.0,1,1.0,0.5,1
9439,recon_00026.tiff,195551,1,random_forest,1,0.0627,0.9373,1,0.9373,0.4373,1
12680,recon_00100.tiff,17744,1,random_forest,1,0.182595238095238,0.817404761904762,1,0.817404761904762,0.31740476190476197,1
12725,recon_00100.tiff,18158,1,random_forest,1,0.1108952380952381,0.8891047619047618,1,0.8891047619047618,0.3891047619047619,1
14277,recon_00100.tiff,36631,1,random_forest,1,0.1759119047619048,0.8240880952380952,1,0.8240880952380952,0.32408809523809523,1
15220,recon_00100.tiff,48411,1,random_forest,1,0.27827857142857143,0.7217214285714286,1,0.7217214285714286,0.22172142857142857,1
16788,recon_00100.tiff,81460,2,random_forest,1,0.45431190476190475,0.5456880952380952,1,0.5456880952380952,0.04568809523809525,0
17237,recon_00100.tiff,94340,1,random_forest,1,0.22715000000000007,0.7728499999999999,1,0.7728499999999999,0.2728499999999999,1
17641,recon_00100.tiff,104267,1,random_forest,1,0.05615714285714286,0.9438428571428571,1,0.9438428571428571,0.44384285714285715,1
17692,recon_00100.tiff,105673,1,random_forest,1,0.005666666666666666,0.9943333333333333,1,0.9943333333333333,0.49433333333333335,1
17870,recon_00100.tiff,110361,1,random_forest,1,0.0,1.0,1,1.0,0.5,1
17926,recon_00100.tiff,111592,1,random_forest,1,0.12418333333333333,0.8758166666666667,1,0.8758166666666667,0.3758166666666667,1
17952,recon_00100.tiff,112314,1,random_forest,1,0.003428571428571429,0.9965714285714286,1,0.9965714285714286,0.49657142857142855,1
18021,recon_00100.tiff,113748,1,random_forest,1,0.007999999999999998,0.992,1,0.992,0.492,1
18032,recon_00100.tiff,113921,1,random_forest,1,0.016666666666666663,0.9833333333333334,1,0.9833333333333334,0.48333333333333334,1
18085,recon_00100.tiff,114661,1,random_forest,1,0.021250000000000005,0.97875,1,0.97875,0.47875,1
18201,recon_00100.tiff,116920,2,random_forest,1,0.6910506493506493,0.3089493506493507,2,0.6910506493506493,0.1910506493506493,1
19056,recon_00100.tiff,142085,1,random_forest,1,0.019649999999999997,0.98035,1,0.98035,0.48035,1
19770,recon_00100.tiff,166286,1,random_forest,1,0.24540000000000006,0.7545999999999999,1,0.7545999999999999,0.25459999999999994,1
19988,recon_00100.tiff,172942,1,random_forest,1,0.06761666666666667,0.9323833333333333,1,0.9323833333333333,0.43238333333333334,1
20159,recon_00100.tiff,176110,1,random_forest,1,0.07223333333333333,0.9277666666666666,1,0.9277666666666666,0.4277666666666667,1
25184,recon_00086.tiff,40144,1,random_forest,1,0.1249,0.8751,1,0.8751,0.3751,1
25294,recon_00086.tiff,40997,1,random_forest,1,0.06786666666666666,0.9321333333333334,1,0.9321333333333334,0.43213333333333337,1
0,recon_00026.tiff,0,1,dense_fc,1,0.08612517267465591,0.9138748049736023,1,0.9138748049736023,0.4138748347759247,1
1396,recon_00026.tiff,19232,2,dense_fc,1,0.9094943404197693,0.09050565958023071,2,0.9094943404197693,0.4094943404197693,1
4324,recon_00026.tiff,61342,2,dense_fc,1,0.9843823313713074,0.015617668628692627,2,0.9843823313713074,0.4843823313713074,1
4379,recon_00026.tiff,62668,2,dense_fc,1,0.9896584153175354,0.0103415846824646,2,0.9896584153175354,0.4896584153175354,1
4851,recon_00026.tiff,73305,1,dense_fc,1,0.006024353206157684,0.9939756393432617,1,0.9939756393432617,0.4939756393432617,1
4964,recon_00026.tiff,75694,1,dense_fc,1,0.013136246241629124,0.9868637323379517,1,0.9868637323379517,0.48686376214027405,1
5050,recon_00026.tiff,77014,2,dense_fc,1,0.9564465284347534,0.04355347156524658,2,0.9564465284347534,0.4564465284347534,1
5506,recon_00026.tiff,87524,2,dense_fc,1,0.9603425860404968,0.039657413959503174,2,0.9603425860404968,0.4603425860404968,1
5950,recon_00026.tiff,95344,1,dense_fc,1,0.00284340581856668,0.9971566200256348,1,0.9971566200256348,0.4971565902233124,1
6026,recon_00026.tiff,97750,2,dense_fc,1,0.9325041770935059,0.06749582290649414,2,0.9325041770935059,0.43250417709350586,1
7943,recon_00026.tiff,158082,2,dense_fc,1,0.9884381890296936,0.011561810970306396,2,0.9884381890296936,0.4884381890296936,1
7955,recon_00026.tiff,158249,1,dense_fc,1,0.01324621681123972,0.9867537617683411,1,0.9867537617683411,0.48675379157066345,1
7963,recon_00026.tiff,158355,2,dense_fc,1,0.9906730055809021,0.0093269944190979,2,0.9906730055809021,0.4906730055809021,1
7964,recon_00026.tiff,158356,1,dense_fc,1,0.0039978185668587685,0.996002197265625,1,0.996002197265625,0.4960021674633026,1
7983,recon_00026.tiff,158732,2,dense_fc,1,0.9967240691184998,0.003275930881500244,2,0.9967240691184998,0.49672406911849976,1
7988,recon_00026.tiff,158836,2,dense_fc,1,0.9881986379623413,0.011801362037658691,2,0.9881986379623413,0.4881986379623413,1
7989,recon_00026.tiff,158837,1,dense_fc,1,0.02793244644999504,0.9720675349235535,1,0.9720675349235535,0.47206756472587585,1
7994,recon_00026.tiff,159037,1,dense_fc,1,0.014389469288289547,0.9856105446815491,1,0.9856105446815491,0.4856105446815491,1
8008,recon_00026.tiff,159307,1,dense_fc,1,0.006129589397460222,0.9938704371452332,1,0.9938704371452332,0.49387040734291077,1
8015,recon_00026.tiff,159417,2,dense_fc,1,0.955247700214386,0.044752299785614014,2,0.955247700214386,0.455247700214386,1
8020,recon_00026.tiff,159510,1,dense_fc,1,0.022261643782258034,0.9777383804321289,1,0.9777383804321289,0.4777383506298065,1
8046,recon_00026.tiff,160428,1,dense_fc,1,0.004804293625056744,0.9951956868171692,1,0.9951956868171692,0.4951957166194916,1
8067,recon_00026.tiff,161094,1,dense_fc,1,0.009583339095115662,0.9904166460037231,1,0.9904166460037231,0.49041664600372314,1
8079,recon_00026.tiff,161379,1,dense_fc,1,0.0005018929950892925,0.9994981288909912,1,0.9994981288909912,0.4994980990886688,1
8085,recon_00026.tiff,161478,2,dense_fc,1,0.9901360869407654,0.00986391305923462,2,0.9901360869407654,0.4901360869407654,1
8107,recon_00026.tiff,161751,2,dense_fc,1,0.9931477904319763,0.006852209568023682,2,0.9931477904319763,0.4931477904319763,1
8115,recon_00026.tiff,161934,2,dense_fc,1,0.9754392504692078,0.024560749530792236,2,0.9754392504692078,0.47543925046920776,1
8118,recon_00026.tiff,162032,2,dense_fc,1,0.9519952535629272,0.048004746437072754,2,0.9519952535629272,0.45199525356292725,1
8119,recon_00026.tiff,162033,2,dense_fc,1,0.9922500848770142,0.00774991512298584,2,0.9922500848770142,0.49225008487701416,1
8233,recon_00026.tiff,165547,2,dense_fc,1,0.9748674631118774,0.02513253688812256,2,0.9748674631118774,0.47486746311187744,1
8713,recon_00026.tiff,181209,2,dense_fc,1,0.9851731061935425,0.01482689380645752,2,0.9851731061935425,0.4851731061935425,1
8785,recon_00026.tiff,182594,2,dense_fc,1,0.9151486158370972,0.08485138416290283,2,0.9151486158370972,0.41514861583709717,1
8817,recon_00026.tiff,183284,2,dense_fc,1,0.8108512163162231,0.18914878368377686,2,0.8108512163162231,0.31085121631622314,1
8983,recon_00026.tiff,187471,1,dense_fc,1,0.0065900241024792194,0.9934099912643433,1,0.9934099912643433,0.4934099614620209,1
9011,recon_00026.tiff,187974,1,dense_fc,1,0.026649724692106247,0.9733502864837646,1,0.9733502864837646,0.47335028648376465,1
9158,recon_00026.tiff,191321,1,dense_fc,1,0.00015639758203178644,0.9998435974121094,1,0.9998435974121094,0.4998435974121094,1
9193,recon_00026.tiff,192137,1,dense_fc,1,0.0029376153834164143,0.9970623850822449,1,0.9970623850822449,0.4970623850822449,1
9199,recon_00026.tiff,192216,1,dense_fc,1,0.0067248037084937096,0.9932752251625061,1,0.9932752251625061,0.4932751953601837,1
9200,recon_00026.tiff,192217,1,dense_fc,1,0.0019247055752202868,0.9980753064155579,1,0.9980753064155579,0.49807530641555786,1
9205,recon_00026.tiff,192284,1,dense_fc,1,0.0011923301499336958,0.9988076686859131,1,0.9988076686859131,0.4988076686859131,1
9214,recon_00026.tiff,192450,1,dense_fc,1,0.004920498002320528,0.995079517364502,1,0.995079517364502,0.49507948756217957,1
9270,recon_00026.tiff,193131,1,dense_fc,1,0.004324271343648434,0.9956757426261902,1,0.9956757426261902,0.4956757426261902,1
9304,recon_00026.tiff,193558,1,dense_fc,1,0.0073636253364384174,0.9926363825798035,1,0.9926363825798035,0.49263638257980347,1
9363,recon_00026.tiff,194469,1,dense_fc,1,0.0032603773288428783,0.9967396259307861,1,0.9967396259307861,0.49673962593078613,1
9371,recon_00026.tiff,194548,1,dense_fc,1,0.004500047769397497,0.9954999685287476,1,0.9954999685287476,0.49549993872642517,1
9384,recon_00026.tiff,194789,1,dense_fc,1,0.005250546615570784,0.9947494268417358,1,0.9947494268417358,0.4947494566440582,1
9410,recon_00026.tiff,195204,1,dense_fc,1,0.00451452424749732,0.9954854846000671,1,0.9954854846000671,0.49548548460006714,1
9424,recon_00026.tiff,195371,1,dense_fc,1,0.007252168841660023,0.9927478432655334,1,0.9927478432655334,0.49274784326553345,1
9432,recon_00026.tiff,195474,1,dense_fc,1,0.0031829150393605232,0.9968171119689941,1,0.9968171119689941,0.49681708216667175,1
9435,recon_00026.tiff,195545,1,dense_fc,1,0.002027081558480859,0.9979729056358337,1,0.9979729056358337,0.49797290563583374,1
9439,recon_00026.tiff,195551,1,dense_fc,1,0.0009414199739694595,0.9990586042404175,1,0.9990586042404175,0.4990585744380951,1
12680,recon_00100.tiff,17744,1,dense_fc,1,0.025561708956956863,0.9744383096694946,1,0.9744383096694946,0.47443827986717224,1
12725,recon_00100.tiff,18158,1,dense_fc,1,0.021269775927066803,0.9787302017211914,1,0.9787302017211914,0.4787302315235138,1
14277,recon_00100.tiff,36631,1,dense_fc,1,0.06713943183422089,0.9328605532646179,1,0.9328605532646179,0.4328605532646179,1
15220,recon_00100.tiff,48411,1,dense_fc,1,0.17703492939472198,0.8229650855064392,1,0.8229650855064392,0.3229650855064392,1
16788,recon_00100.tiff,81460,2,dense_fc,1,0.7279558777809143,0.2720441222190857,2,0.7279558777809143,0.2279558777809143,1
17237,recon_00100.tiff,94340,1,dense_fc,1,0.02214350551366806,0.9778565168380737,1,0.9778565168380737,0.47785648703575134,1
17641,recon_00100.tiff,104267,1,dense_fc,1,0.06723785400390625,0.9327621459960938,1,0.9327621459960938,0.43276214599609375,1
17692,recon_00100.tiff,105673,1,dense_fc,1,0.06829074025154114,0.9317092895507812,1,0.9317092895507812,0.43170925974845886,1
17870,recon_00100.tiff,110361,1,dense_fc,1,0.006431021261960268,0.9935689568519592,1,0.9935689568519592,0.4935689866542816,1
17926,recon_00100.tiff,111592,1,dense_fc,1,0.07747027277946472,0.9225296974182129,1,0.9225296974182129,0.4225297272205353,1
17952,recon_00100.tiff,112314,1,dense_fc,1,0.011571099981665611,0.9884288907051086,1,0.9884288907051086,0.48842889070510864,1
18021,recon_00100.tiff,113748,1,dense_fc,1,0.01790374144911766,0.982096254825592,1,0.982096254825592,0.48209625482559204,1
18032,recon_00100.tiff,113921,1,dense_fc,1,0.01612488180398941,0.9838750958442688,1,0.9838750958442688,0.4838751256465912,1
18085,recon_00100.tiff,114661,1,dense_fc,1,0.04237956926226616,0.9576204419136047,1,0.9576204419136047,0.45762044191360474,1
18201,recon_00100.tiff,116920,2,dense_fc,1,0.7761441469192505,0.2238558530807495,2,0.7761441469192505,0.2761441469192505,1
19056,recon_00100.tiff,142085,1,dense_fc,1,0.014724725857377052,0.9852752685546875,1,0.9852752685546875,0.4852752685546875,1
19770,recon_00100.tiff,166286,1,dense_fc,1,0.07560324668884277,0.9243967533111572,1,0.9243967533111572,0.4243967533111572,1
19988,recon_00100.tiff,172942,1,dense_fc,1,0.005749979522079229,0.9942499995231628,1,0.9942499995231628,0.49425002932548523,1
20159,recon_00100.tiff,176110,1,dense_fc,1,0.0039864275604486465,0.9960135817527771,1,0.9960135817527771,0.4960135817527771,1
25184,recon_00086.tiff,40144,1,dense_fc,1,0.01508072204887867,0.9849192500114441,1,0.9849192500114441,0.4849192798137665,1
25294,recon_00086.tiff,40997,1,dense_fc,1,0.005549491383135319,0.9944505095481873,1,0.9944505095481873,0.49445050954818726,1
0,recon_00026.tiff,0,1,cnn2,1,0.7646684050559998,0.23533159494400024,2,0.7646684050559998,0.26466840505599976,0
1396,recon_00026.tiff,19232,2,cnn2,1,0.8357329964637756,0.16426700353622437,2,0.8357329964637756,0.33573299646377563,1
4324,recon_00026.tiff,61342,2,cnn2,1,0.5875123143196106,0.4124876856803894,2,0.5875123143196106,0.0875123143196106,1
4379,recon_00026.tiff,62668,2,cnn2,1,0.4792422354221344,0.520757794380188,1,0.520757794380188,0.0207577645778656,0
4851,recon_00026.tiff,73305,1,cnn2,1,0.1704891175031662,0.8295108675956726,1,0.8295108675956726,0.3295108675956726,1
4964,recon_00026.tiff,75694,1,cnn2,1,0.15118715167045593,0.8488128185272217,1,0.8488128185272217,0.34881284832954407,1
5050,recon_00026.tiff,77014,2,cnn2,1,0.5184740424156189,0.4815259575843811,2,0.5184740424156189,0.018474042415618896,1
5506,recon_00026.tiff,87524,2,cnn2,1,0.6161094903945923,0.3838905096054077,2,0.6161094903945923,0.11610949039459229,1
5950,recon_00026.tiff,95344,1,cnn2,1,0.7219566702842712,0.27804332971572876,2,0.7219566702842712,0.22195667028427124,0
6026,recon_00026.tiff,97750,2,cnn2,1,0.5554918050765991,0.4445081949234009,2,0.5554918050765991,0.05549180507659912,1
7943,recon_00026.tiff,158082,2,cnn2,1,0.5874861478805542,0.4125138521194458,2,0.5874861478805542,0.0874861478805542,1
7955,recon_00026.tiff,158249,1,cnn2,1,0.284422904253006,0.7155771255493164,1,0.7155771255493164,0.21557709574699402,1
7963,recon_00026.tiff,158355,2,cnn2,1,0.6666551232337952,0.33334487676620483,2,0.6666551232337952,0.16665512323379517,1
7964,recon_00026.tiff,158356,1,cnn2,1,0.2335205227136612,0.7664794921875,1,0.7664794921875,0.2664794921875,1
7983,recon_00026.tiff,158732,2,cnn2,1,0.656018078327179,0.34398192167282104,2,0.656018078327179,0.15601807832717896,1
7988,recon_00026.tiff,158836,2,cnn2,1,0.6310669779777527,0.3689330220222473,2,0.6310669779777527,0.13106697797775269,1
7989,recon_00026.tiff,158837,1,cnn2,1,0.46652883291244507,0.5334711670875549,1,0.5334711670875549,0.03347116708755493,1
7994,recon_00026.tiff,159037,1,cnn2,1,0.34359946846961975,0.6564005613327026,1,0.6564005613327026,0.15640053153038025,1
8008,recon_00026.tiff,159307,1,cnn2,1,0.38331353664398193,0.6166864633560181,1,0.6166864633560181,0.11668646335601807,1
8015,recon_00026.tiff,159417,2,cnn2,1,0.48122116923332214,0.5187788009643555,1,0.5187788009643555,0.018778830766677856,0
8020,recon_00026.tiff,159510,1,cnn2,1,0.12403924763202667,0.8759607672691345,1,0.8759607672691345,0.3759607672691345,1
8046,recon_00026.tiff,160428,1,cnn2,1,0.5333384275436401,0.46666157245635986,2,0.5333384275436401,0.03333842754364014,0
8067,recon_00026.tiff,161094,1,cnn2,1,0.3983723819255829,0.6016275882720947,1,0.6016275882720947,0.10162761807441711,1
8079,recon_00026.tiff,161379,1,cnn2,1,0.6538611650466919,0.3461388349533081,2,0.6538611650466919,0.1538611650466919,0
8085,recon_00026.tiff,161478,2,cnn2,1,0.5992552638053894,0.4007447361946106,2,0.5992552638053894,0.0992552638053894,1
8107,recon_00026.tiff,161751,2,cnn2,1,0.5736667513847351,0.4263332486152649,2,0.5736667513847351,0.07366675138473511,1
8115,recon_00026.tiff,161934,2,cnn2,1,0.5524513721466064,0.44754862785339355,2,0.5524513721466064,0.052451372146606445,1
8118,recon_00026.tiff,162032,2,cnn2,1,0.5255665183067322,0.4744334816932678,2,0.5255665183067322,0.025566518306732178,1
8119,recon_00026.tiff,162033,2,cnn2,1,0.6288796663284302,0.3711203336715698,2,0.6288796663284302,0.12887966632843018,1
8233,recon_00026.tiff,165547,2,cnn2,1,0.7482119798660278,0.25178802013397217,2,0.7482119798660278,0.24821197986602783,1
8713,recon_00026.tiff,181209,2,cnn2,1,0.5182748436927795,0.48172515630722046,2,0.5182748436927795,0.01827484369277954,1
8785,recon_00026.tiff,182594,2,cnn2,1,0.5281798839569092,0.4718201160430908,2,0.5281798839569092,0.02817988395690918,1
8817,recon_00026.tiff,183284,2,cnn2,1,0.35497960448265076,0.6450203657150269,1,0.6450203657150269,0.14502039551734924,0
8983,recon_00026.tiff,187471,1,cnn2,1,0.3220345079898834,0.677965521812439,1,0.677965521812439,0.17796549201011658,1
9011,recon_00026.tiff,187974,1,cnn2,1,0.2106636017560959,0.7893363833427429,1,0.7893363833427429,0.2893363833427429,1
9158,recon_00026.tiff,191321,1,cnn2,1,0.674121081829071,0.32587891817092896,2,0.674121081829071,0.17412108182907104,0
9193,recon_00026.tiff,192137,1,cnn2,1,0.17357389628887177,0.826426088809967,1,0.826426088809967,0.32642608880996704,1
9199,recon_00026.tiff,192216,1,cnn2,1,0.28761377930641174,0.7123862504959106,1,0.7123862504959106,0.21238622069358826,1
9200,recon_00026.tiff,192217,1,cnn2,1,0.1772700846195221,0.8227299451828003,1,0.8227299451828003,0.3227299153804779,1
9205,recon_00026.tiff,192284,1,cnn2,1,0.25169098377227783,0.7483090162277222,1,0.7483090162277222,0.24830901622772217,1
9214,recon_00026.tiff,192450,1,cnn2,1,0.294665664434433,0.7053343057632446,1,0.7053343057632446,0.20533433556556702,1
9270,recon_00026.tiff,193131,1,cnn2,1,0.31420809030532837,0.6857919096946716,1,0.6857919096946716,0.18579190969467163,1
9304,recon_00026.tiff,193558,1,cnn2,1,0.21536703407764435,0.7846329808235168,1,0.7846329808235168,0.28463298082351685,1
9363,recon_00026.tiff,194469,1,cnn2,1,0.27639418840408325,0.7236058115959167,1,0.7236058115959167,0.22360581159591675,1
9371,recon_00026.tiff,194548,1,cnn2,1,0.443915992975235,0.5560840368270874,1,0.5560840368270874,0.056084007024765015,1
9384,recon_00026.tiff,194789,1,cnn2,1,0.4819278419017792,0.5180721282958984,1,0.5180721282958984,0.018072158098220825,1
9410,recon_00026.tiff,195204,1,cnn2,1,0.2150469273328781,0.7849530577659607,1,0.7849530577659607,0.2849530577659607,1
9424,recon_00026.tiff,195371,1,cnn2,1,0.46010205149650574,0.5398979187011719,1,0.5398979187011719,0.03989794850349426,1
9432,recon_00026.tiff,195474,1,cnn2,1,0.34289905428886414,0.6571009159088135,1,0.6571009159088135,0.15710094571113586,1
9435,recon_00026.tiff,195545,1,cnn2,1,0.22602157294750214,0.7739784121513367,1,0.7739784121513367,0.27397841215133667,1
9439,recon_00026.tiff,195551,1,cnn2,1,0.6202424764633179,0.37975752353668213,2,0.6202424764633179,0.12024247646331787,0
12680,recon_00100.tiff,17744,1,cnn2,1,0.5388803482055664,0.4611196517944336,2,0.5388803482055664,0.038880348205566406,0
12725,recon_00100.tiff,18158,1,cnn2,1,0.6295954585075378,0.37040454149246216,2,0.6295954585075378,0.12959545850753784,0
14277,recon_00100.tiff,36631,1,cnn2,1,0.5654095411300659,0.4345904588699341,2,0.5654095411300659,0.06540954113006592,0
15220,recon_00100.tiff,48411,1,cnn2,1,0.5908136367797852,0.40918636322021484,2,0.5908136367797852,0.09081363677978516,0
16788,recon_00100.tiff,81460,2,cnn2,1,0.6472733020782471,0.35272669792175293,2,0.6472733020782471,0.14727330207824707,1
17237,recon_00100.tiff,94340,1,cnn2,1,0.4920549690723419,0.5079450607299805,1,0.5079450607299805,0.007945030927658081,1
17641,recon_00100.tiff,104267,1,cnn2,1,0.08577339351177216,0.9142265915870667,1,0.9142265915870667,0.41422659158706665,1
17692,recon_00100.tiff,105673,1,cnn2,1,0.07285331189632416,0.9271466732025146,1,0.9271466732025146,0.42714667320251465,1
17870,recon_00100.tiff,110361,1,cnn2,1,0.13634788990020752,0.8636521100997925,1,0.8636521100997925,0.3636521100997925,1
17926,recon_00100.tiff,111592,1,cnn2,1,0.09436896443367004,0.9056310653686523,1,0.9056310653686523,0.40563103556632996,1
17952,recon_00100.tiff,112314,1,cnn2,1,0.10448082536458969,0.8955191969871521,1,0.8955191969871521,0.3955191671848297,1
18021,recon_00100.tiff,113748,1,cnn2,1,0.08858264982700348,0.9114173650741577,1,0.9114173650741577,0.4114173650741577,1
18032,recon_00100.tiff,113921,1,cnn2,1,0.1321571320295334,0.8678428530693054,1,0.8678428530693054,0.3678428530693054,1
18085,recon_00100.tiff,114661,1,cnn2,1,0.08215148746967316,0.917848527431488,1,0.917848527431488,0.41784852743148804,1
18201,recon_00100.tiff,116920,2,cnn2,1,0.4391236901283264,0.5608763098716736,1,0.5608763098716736,0.060876309871673584,0
19056,recon_00100.tiff,142085,1,cnn2,1,0.11845827847719193,0.8815417289733887,1,0.8815417289733887,0.38154172897338867,1
19770,recon_00100.tiff,166286,1,cnn2,1,0.3815430700778961,0.6184569597244263,1,0.6184569597244263,0.11845692992210388,1
19988,recon_00100.tiff,172942,1,cnn2,1,0.21646644175052643,0.7835335731506348,1,0.7835335731506348,0.28353357315063477,1
20159,recon_00100.tiff,176110,1,cnn2,1,0.2947859764099121,0.7052140235900879,1,0.7052140235900879,0.2052140235900879,1
25184,recon_00086.tiff,40144,1,cnn2,1,0.33583498001098633,0.6641650199890137,1,0.6641650199890137,0.16416501998901367,1
25294,recon_00086.tiff,40997,1,cnn2,1,0.4506740868091583,0.5493259429931641,1,0.5493259429931641,0.049325913190841675,1
0,recon_00026.tiff,0,1,cnn3,1,0.8674115538597107,0.1325884461402893,2,0.8674115538597107,0.3674115538597107,0
1396,recon_00026.tiff,19232,2,cnn3,1,0.2652811110019684,0.734718918800354,1,0.734718918800354,0.23471888899803162,0
4324,recon_00026.tiff,61342,2,cnn3,1,0.9939470291137695,0.006052970886230469,2,0.9939470291137695,0.49394702911376953,1
4379,recon_00026.tiff,62668,2,cnn3,1,0.8182762265205383,0.18172377347946167,2,0.8182762265205383,0.31827622652053833,1
4851,recon_00026.tiff,73305,1,cnn3,1,0.1459721326828003,0.8540278673171997,1,0.8540278673171997,0.3540278673171997,1
4964,recon_00026.tiff,75694,1,cnn3,1,0.17278511822223663,0.8272148966789246,1,0.8272148966789246,0.32721489667892456,1
5050,recon_00026.tiff,77014,2,cnn3,1,0.9450655579566956,0.05493444204330444,2,0.9450655579566956,0.44506555795669556,1
5506,recon_00026.tiff,87524,2,cnn3,1,0.9221646189689636,0.07783538103103638,2,0.9221646189689636,0.4221646189689636,1
5950,recon_00026.tiff,95344,1,cnn3,1,0.015255489386618137,0.9847444891929626,1,0.9847444891929626,0.48474451899528503,1
6026,recon_00026.tiff,97750,2,cnn3,1,0.8824712038040161,0.11752879619598389,2,0.8824712038040161,0.3824712038040161,1
7943,recon_00026.tiff,158082,2,cnn3,1,0.9861695766448975,0.013830423355102539,2,0.9861695766448975,0.48616957664489746,1
7955,recon_00026.tiff,158249,1,cnn3,1,0.06327283382415771,0.9367271661758423,1,0.9367271661758423,0.4367271661758423,1
7963,recon_00026.tiff,158355,2,cnn3,1,0.983352780342102,0.01664721965789795,2,0.983352780342102,0.48335278034210205,1
7964,recon_00026.tiff,158356,1,cnn3,1,0.1220616027712822,0.8779383897781372,1,0.8779383897781372,0.3779383897781372,1
7983,recon_00026.tiff,158732,2,cnn3,1,0.9961458444595337,0.0038541555404663086,2,0.9961458444595337,0.4961458444595337,1
7988,recon_00026.tiff,158836,2,cnn3,1,0.9909623265266418,0.009037673473358154,2,0.9909623265266418,0.49096232652664185,1
7989,recon_00026.tiff,158837,1,cnn3,1,0.06014479324221611,0.9398552179336548,1,0.9398552179336548,0.4398552179336548,1
7994,recon_00026.tiff,159037,1,cnn3,1,0.018951667472720146,0.9810483455657959,1,0.9810483455657959,0.4810483455657959,1
8008,recon_00026.tiff,159307,1,cnn3,1,0.09218883514404297,0.907811164855957,1,0.907811164855957,0.40781116485595703,1
8015,recon_00026.tiff,159417,2,cnn3,1,0.9910833835601807,0.008916616439819336,2,0.9910833835601807,0.49108338356018066,1
8020,recon_00026.tiff,159510,1,cnn3,1,0.2586436867713928,0.7413563132286072,1,0.7413563132286072,0.24135631322860718,1
8046,recon_00026.tiff,160428,1,cnn3,1,0.1163329929113388,0.8836669921875,1,0.8836669921875,0.3836669921875,1
8067,recon_00026.tiff,161094,1,cnn3,1,0.020064426586031914,0.9799355864524841,1,0.9799355864524841,0.47993558645248413,1
8079,recon_00026.tiff,161379,1,cnn3,1,0.032443128526210785,0.967556893825531,1,0.967556893825531,0.4675568640232086,1
8085,recon_00026.tiff,161478,2,cnn3,1,0.9939080476760864,0.006091952323913574,2,0.9939080476760864,0.4939080476760864,1
8107,recon_00026.tiff,161751,2,cnn3,1,0.996595561504364,0.0034044384956359863,2,0.996595561504364,0.496595561504364,1
8115,recon_00026.tiff,161934,2,cnn3,1,0.9893746376037598,0.010625362396240234,2,0.9893746376037598,0.48937463760375977,1
8118,recon_00026.tiff,162032,2,cnn3,1,0.9646392464637756,0.035360753536224365,2,0.9646392464637756,0.46463924646377563,1
8119,recon_00026.tiff,162033,2,cnn3,1,0.9981358051300049,0.0018641948699951172,2,0.9981358051300049,0.4981358051300049,1
8233,recon_00026.tiff,165547,2,cnn3,1,0.9399537444114685,0.060046255588531494,2,0.9399537444114685,0.4399537444114685,1
8713,recon_00026.tiff,181209,2,cnn3,1,0.9877884984016418,0.012211501598358154,2,0.9877884984016418,0.48778849840164185,1
8785,recon_00026.tiff,182594,2,cnn3,1,0.9472457766532898,0.052754223346710205,2,0.9472457766532898,0.4472457766532898,1
8817,recon_00026.tiff,183284,2,cnn3,1,0.6623319983482361,0.3376680016517639,2,0.6623319983482361,0.16233199834823608,1
8983,recon_00026.tiff,187471,1,cnn3,1,0.05697073042392731,0.9430292844772339,1,0.9430292844772339,0.4430292844772339,1
9011,recon_00026.tiff,187974,1,cnn3,1,0.1380908340215683,0.8619091510772705,1,0.8619091510772705,0.3619091510772705,1
9158,recon_00026.tiff,191321,1,cnn3,1,0.042540404945611954,0.957459568977356,1,0.957459568977356,0.45745959877967834,1
9193,recon_00026.tiff,192137,1,cnn3,1,0.09166711568832397,0.908332884311676,1,0.908332884311676,0.408332884311676,1
9199,recon_00026.tiff,192216,1,cnn3,1,0.0835045799612999,0.9164954423904419,1,0.9164954423904419,0.4164954125881195,1
9200,recon_00026.tiff,192217,1,cnn3,1,0.24183255434036255,0.7581674456596375,1,0.7581674456596375,0.25816744565963745,1
9205,recon_00026.tiff,192284,1,cnn3,1,0.23497401177883148,0.7650259733200073,1,0.7650259733200073,0.2650259733200073,1
9214,recon_00026.tiff,192450,1,cnn3,1,0.03553459420800209,0.9644653797149658,1,0.9644653797149658,0.4644654095172882,1
9270,recon_00026.tiff,193131,1,cnn3,1,0.034872349351644516,0.9651276469230652,1,0.9651276469230652,0.4651276469230652,1
9304,recon_00026.tiff,193558,1,cnn3,1,0.10207021981477737,0.8979297876358032,1,0.8979297876358032,0.3979297876358032,1
9363,recon_00026.tiff,194469,1,cnn3,1,0.053654853254556656,0.9463451504707336,1,0.9463451504707336,0.44634515047073364,1
9371,recon_00026.tiff,194548,1,cnn3,1,0.04783383384346962,0.9521661400794983,1,0.9521661400794983,0.4521661698818207,1
9384,recon_00026.tiff,194789,1,cnn3,1,0.019371947273612022,0.9806280732154846,1,0.9806280732154846,0.48062804341316223,1
9410,recon_00026.tiff,195204,1,cnn3,1,0.13409428298473358,0.8659057021141052,1,0.8659057021141052,0.3659057021141052,1
9424,recon_00026.tiff,195371,1,cnn3,1,0.18637755513191223,0.8136224746704102,1,0.8136224746704102,0.31362244486808777,1
9432,recon_00026.tiff,195474,1,cnn3,1,0.035152338445186615,0.9648476839065552,1,0.9648476839065552,0.4648476541042328,1
9435,recon_00026.tiff,195545,1,cnn3,1,0.15350762009620667,0.8464924097061157,1,0.8464924097061157,0.34649237990379333,1
9439,recon_00026.tiff,195551,1,cnn3,1,0.023585421964526176,0.9764145612716675,1,0.9764145612716675,0.47641459107398987,1
12680,recon_00100.tiff,17744,1,cnn3,1,0.4149624705314636,0.5850375294685364,1,0.5850375294685364,0.08503752946853638,1
12725,recon_00100.tiff,18158,1,cnn3,1,0.34977656602859497,0.650223433971405,1,0.650223433971405,0.15022343397140503,1
14277,recon_00100.tiff,36631,1,cnn3,1,0.1649148315191269,0.8350851535797119,1,0.8350851535797119,0.3350851535797119,1
15220,recon_00100.tiff,48411,1,cnn3,1,0.2638278305530548,0.7361721992492676,1,0.7361721992492676,0.2361721694469452,1
16788,recon_00100.tiff,81460,2,cnn3,1,0.025295542553067207,0.9747044444084167,1,0.9747044444084167,0.47470444440841675,0
17237,recon_00100.tiff,94340,1,cnn3,1,0.2708759605884552,0.7291240692138672,1,0.7291240692138672,0.2291240394115448,1
17641,recon_00100.tiff,104267,1,cnn3,1,0.3020811975002289,0.6979187726974487,1,0.6979187726974487,0.19791880249977112,1
17692,recon_00100.tiff,105673,1,cnn3,1,0.21213778853416443,0.7878621816635132,1,0.7878621816635132,0.28786221146583557,1
17870,recon_00100.tiff,110361,1,cnn3,1,0.12208671122789383,0.8779132962226868,1,0.8779132962226868,0.37791329622268677,1
17926,recon_00100.tiff,111592,1,cnn3,1,0.14390438795089722,0.8560956120491028,1,0.8560956120491028,0.3560956120491028,1
17952,recon_00100.tiff,112314,1,cnn3,1,0.23916511237621307,0.7608348727226257,1,0.7608348727226257,0.26083487272262573,1
18021,recon_00100.tiff,113748,1,cnn3,1,0.2205796092748642,0.7794203758239746,1,0.7794203758239746,0.2794203758239746,1
18032,recon_00100.tiff,113921,1,cnn3,1,0.1581730991601944,0.8418269157409668,1,0.8418269157409668,0.3418269157409668,1
18085,recon_00100.tiff,114661,1,cnn3,1,0.17260371148586273,0.8273962736129761,1,0.8273962736129761,0.3273962736129761,1
18201,recon_00100.tiff,116920,2,cnn3,1,0.20392799377441406,0.7960720062255859,1,0.7960720062255859,0.29607200622558594,0
19056,recon_00100.tiff,142085,1,cnn3,1,0.1521752029657364,0.8478248119354248,1,0.8478248119354248,0.3478248119354248,1
19770,recon_00100.tiff,166286,1,cnn3,1,0.22291705012321472,0.7770829200744629,1,0.7770829200744629,0.2770829498767853,1
19988,recon_00100.tiff,172942,1,cnn3,1,0.11285364627838135,0.8871463537216187,1,0.8871463537216187,0.38714635372161865,1
20159,recon_00100.tiff,176110,1,cnn3,1,0.24621903896331787,0.7537809610366821,1,0.7537809610366821,0.25378096103668213,1
25184,recon_00086.tiff,40144,1,cnn3,1,0.32079190015792847,0.6792080998420715,1,0.6792080998420715,0.17920809984207153,1
25294,recon_00086.tiff,40997,1,cnn3,1,0.8424543738365173,0.15754562616348267,2,0.8424543738365173,0.34245437383651733,0
4869,recon_00026.tiff,73675,1,random_forest,2,0.0,1.0,1,1.0,0.5,1
5080,recon_00026.tiff,77482,2,random_forest,2,0.998,0.0020000000000000018,2,0.998,0.498,1
5122,recon_00026.tiff,78579,2,random_forest,2,0.996,0.0040000000000000036,2,0.996,0.496,1
5469,recon_00026.tiff,86384,2,random_forest,2,0.9835,0.01649999999999996,2,0.9835,0.48350000000000004,1
5628,recon_00026.tiff,89432,2,random_forest,2,0.9851904761904763,0.014809523809523717,2,0.9851904761904763,0.4851904761904763,1
5725,recon_00026.tiff,91047,2,random_forest,2,0.9179888888888891,0.08201111111111092,2,0.9179888888888891,0.4179888888888891,1
5741,recon_00026.tiff,91691,1,random_forest,2,0.0375952380952381,0.9624047619047619,1,0.9624047619047619,0.4624047619047619,1
5801,recon_00026.tiff,92900,2,random_forest,2,0.9575333333333336,0.04246666666666643,2,0.9575333333333336,0.45753333333333357,1
5929,recon_00026.tiff,94764,2,random_forest,2,0.9709333333333333,0.029066666666666685,2,0.9709333333333333,0.4709333333333333,1
5940,recon_00026.tiff,95059,2,random_forest,2,0.998,0.0020000000000000018,2,0.998,0.498,1
7970,recon_00026.tiff,158462,1,random_forest,2,0.012,0.988,1,0.988,0.488,1
7996,recon_00026.tiff,159121,1,random_forest,2,0.03703333333333334,0.9629666666666666,1,0.9629666666666666,0.46296666666666664,1
8038,recon_00026.tiff,160062,1,random_forest,2,0.012666666666666668,0.9873333333333333,1,0.9873333333333333,0.48733333333333334,1
8052,recon_00026.tiff,160803,1,random_forest,2,0.0,1.0,1,1.0,0.5,1
8055,recon_00026.tiff,160904,2,random_forest,2,0.9895666666666666,0.010433333333333406,2,0.9895666666666666,0.4895666666666666,1
8071,recon_00026.tiff,161184,2,random_forest,2,1.0,0.0,2,1.0,0.5,1
8073,recon_00026.tiff,161186,1,random_forest,2,0.052399999999999995,0.9476,1,0.9476,0.4476,1
8086,recon_00026.tiff,161479,2,random_forest,2,0.9716619047619048,0.028338095238095162,2,0.9716619047619048,0.47166190476190484,1
8087,recon_00026.tiff,161480,2,random_forest,2,0.8608952380952385,0.1391047619047615,2,0.8608952380952385,0.3608952380952385,1
8093,recon_00026.tiff,161560,2,random_forest,2,0.9993333333333334,0.0006666666666665932,2,0.9993333333333334,0.4993333333333334,1
8098,recon_00026.tiff,161660,1,random_forest,2,0.0,1.0,1,1.0,0.5,1
8106,recon_00026.tiff,161750,2,random_forest,2,1.0,0.0,2,1.0,0.5,1
8111,recon_00026.tiff,161839,1,random_forest,2,0.0,1.0,1,1.0,0.5,1
8125,recon_00026.tiff,162132,2,random_forest,2,0.9966666666666667,0.0033333333333332993,2,0.9966666666666667,0.4966666666666667,1
8129,recon_00026.tiff,162230,2,random_forest,2,1.0,0.0,2,1.0,0.5,1
8489,recon_00026.tiff,173556,1,random_forest,2,0.0893666666666667,0.9106333333333333,1,0.9106333333333333,0.4106333333333333,1
8511,recon_00026.tiff,174195,1,random_forest,2,0.08338095238095239,0.9166190476190477,1,0.9166190476190477,0.4166190476190476,1
8630,recon_00026.tiff,178773,1,random_forest,2,0.28245,0.71755,1,0.71755,0.21755000000000002,1
8845,recon_00026.tiff,184008,2,random_forest,2,0.9382666666666669,0.061733333333333085,2,0.9382666666666669,0.4382666666666669,1
8962,recon_00026.tiff,187052,1,random_forest,2,0.0,1.0,1,1.0,0.5,1
9005,recon_00026.tiff,187796,1,random_forest,2,0.0036666666666666666,0.9963333333333333,1,0.9963333333333333,0.49633333333333335,1
9015,recon_00026.tiff,188053,1,random_forest,2,0.10922857142857145,0.8907714285714285,1,0.8907714285714285,0.39077142857142855,1
9071,recon_00026.tiff,189362,1,random_forest,2,0.0,1.0,1,1.0,0.5,1
9221,recon_00026.tiff,192543,1,random_forest,2,0.020647619047619054,0.979352380952381,1,0.979352380952381,0.479352380952381,1
9223,recon_00026.tiff,192549,2,random_forest,2,0.9579666666666667,0.042033333333333256,2,0.9579666666666667,0.45796666666666674,1
9242,recon_00026.tiff,192798,1,random_forest,2,0.052899999999999996,0.9471,1,0.9471,0.4471,1
9249,recon_00026.tiff,192872,1,random_forest,2,0.0,1.0,1,1.0,0.5,1
9258,recon_00026.tiff,192952,1,random_forest,2,0.002,0.998,1,0.998,0.498,1
9285,recon_00026.tiff,193288,1,random_forest,2,0.0,1.0,1,1.0,0.5,1
9380,recon_00026.tiff,194717,1,random_forest,2,0.0,1.0,1,1.0,0.5,1
9396,recon_00026.tiff,195028,1,random_forest,2,0.11426428571428573,0.8857357142857143,1,0.8857357142857143,0.3857357142857143,1
9402,recon_00026.tiff,195113,1,random_forest,2,0.21940714285714286,0.7805928571428571,1,0.7805928571428571,0.28059285714285714,1
9407,recon_00026.tiff,195118,1,random_forest,2,0.11854761904761904,0.881452380952381,1,0.881452380952381,0.381452380952381,1
9414,recon_00026.tiff,195216,2,random_forest,2,0.9874666666666667,0.012533333333333285,2,0.9874666666666667,0.4874666666666667,1
9418,recon_00026.tiff,195281,1,random_forest,2,0.002,0.998,1,0.998,0.498,1
9450,recon_00026.tiff,195707,1,random_forest,2,0.007,0.993,1,0.993,0.493,1
11518,recon_00100.tiff,7800,1,random_forest,2,0.11936666666666666,0.8806333333333334,1,0.8806333333333334,0.3806333333333333,1
12471,recon_00100.tiff,15645,1,random_forest,2,0.10689285714285714,0.8931071428571429,1,0.8931071428571429,0.3931071428571429,1
14901,recon_00100.tiff,44393,1,random_forest,2,0.019499999999999997,0.9805,1,0.9805,0.4805,1
17264,recon_00100.tiff,94752,1,random_forest,2,0.0,1.0,1,1.0,0.5,1
17724,recon_00100.tiff,106397,1,random_forest,2,0.001,0.999,1,0.999,0.499,1
17911,recon_00100.tiff,111256,1,random_forest,2,0.07593333333333334,0.9240666666666667,1,0.9240666666666667,0.42406666666666665,1
17974,recon_00100.tiff,112811,1,random_forest,2,0.0035,0.9965,1,0.9965,0.4965,1
17977,recon_00100.tiff,112901,1,random_forest,2,0.0,1.0,1,1.0,0.5,1
18005,recon_00100.tiff,113447,1,random_forest,2,0.009,0.991,1,0.991,0.491,1
18040,recon_00100.tiff,114029,1,random_forest,2,0.007166666666666667,0.9928333333333333,1,0.9928333333333333,0.49283333333333335,1
18240,recon_00100.tiff,117801,1,random_forest,2,0.10230000000000003,0.8976999999999999,1,0.8976999999999999,0.39769999999999994,1
18405,recon_00100.tiff,122901,1,random_forest,2,0.08893333333333334,0.9110666666666667,1,0.9110666666666667,0.4110666666666667,1
18639,recon_00100.tiff,129874,1,random_forest,2,0.0065,0.9935,1,0.9935,0.4935,1
18667,recon_00100.tiff,131004,1,random_forest,2,0.15725714285714287,0.8427428571428571,1,0.8427428571428571,0.3427428571428571,1
19031,recon_00100.tiff,141246,1,random_forest,2,0.09059999999999999,0.9094,1,0.9094,0.4094,1
19703,recon_00100.tiff,164503,1,random_forest,2,0.24871190476190477,0.7512880952380953,1,0.7512880952380953,0.25128809523809525,1
19777,recon_00100.tiff,166443,1,random_forest,2,0.8259000000000003,0.1740999999999997,2,0.8259000000000003,0.3259000000000003,0
20082,recon_00100.tiff,174557,2,random_forest,2,0.4988666666666665,0.5011333333333334,1,0.5011333333333334,0.001133333333333486,0
20160,recon_00100.tiff,176111,1,random_forest,2,0.006,0.994,1,0.994,0.494,1
20313,recon_00100.tiff,179449,1,random_forest,2,0.41689285714285707,0.5831071428571429,1,0.5831071428571429,0.08310714285714293,1
20343,recon_00100.tiff,180187,1,random_forest,2,0.2204785714285714,0.7795214285714286,1,0.7795214285714286,0.2795214285714286,1
25266,recon_00086.tiff,40828,1,random_forest,2,0.5813126984126985,0.4186873015873015,2,0.5813126984126985,0.0813126984126985,0
25295,recon_00086.tiff,40998,1,random_forest,2,0.5933460317460317,0.40665396825396827,2,0.5933460317460317,0.09334603174603173,0
29583,recon_00086.tiff,127775,2,random_forest,2,0.4446396103896103,0.5553603896103897,1,0.5553603896103897,0.05536038961038969,0
29723,recon_00086.tiff,131969,2,random_forest,2,0.34398095238095244,0.6560190476190475,1,0.6560190476190475,0.15601904761904756,0
4869,recon_00026.tiff,73675,1,dense_fc,2,3.5340406611794606e-05,0.9999646544456482,1,0.9999646544456482,0.4999646544456482,1
5080,recon_00026.tiff,77482,2,dense_fc,2,0.9902517795562744,0.009748220443725586,2,0.9902517795562744,0.4902517795562744,1
5122,recon_00026.tiff,78579,2,dense_fc,2,0.9912323355674744,0.008767664432525635,2,0.9912323355674744,0.49123233556747437,1
5469,recon_00026.tiff,86384,2,dense_fc,2,0.9874752163887024,0.012524783611297607,2,0.9874752163887024,0.4874752163887024,1
5628,recon_00026.tiff,89432,2,dense_fc,2,0.9815110564231873,0.018488943576812744,2,0.9815110564231873,0.48151105642318726,1
5725,recon_00026.tiff,91047,2,dense_fc,2,0.9058193564414978,0.0941806435585022,2,0.9058193564414978,0.4058193564414978,1
5741,recon_00026.tiff,91691,1,dense_fc,2,1.75647636626447e-13,1.0,1,1.0,0.5,1
5801,recon_00026.tiff,92900,2,dense_fc,2,0.9574421048164368,0.04255789518356323,2,0.9574421048164368,0.45744210481643677,1
5929,recon_00026.tiff,94764,2,dense_fc,2,0.9718999862670898,0.028100013732910156,2,0.9718999862670898,0.47189998626708984,1
5940,recon_00026.tiff,95059,2,dense_fc,2,0.9948645234107971,0.005135476589202881,2,0.9948645234107971,0.4948645234107971,1
7970,recon_00026.tiff,158462,1,dense_fc,2,0.00019476021407172084,0.999805212020874,1,0.999805212020874,0.4998052418231964,1
7996,recon_00026.tiff,159121,1,dense_fc,2,0.00016863875498529524,0.9998313784599304,1,0.9998313784599304,0.49983134865760803,1
8038,recon_00026.tiff,160062,1,dense_fc,2,0.004983560182154179,0.9950164556503296,1,0.9950164556503296,0.4950164258480072,1
8052,recon_00026.tiff,160803,1,dense_fc,2,0.00011062140401918441,0.9998893737792969,1,0.9998893737792969,0.4998893737792969,1
8055,recon_00026.tiff,160904,2,dense_fc,2,0.9954843521118164,0.004515647888183594,2,0.9954843521118164,0.4954843521118164,1
8071,recon_00026.tiff,161184,2,dense_fc,2,0.9807116389274597,0.019288361072540283,2,0.9807116389274597,0.4807116389274597,1
8073,recon_00026.tiff,161186,1,dense_fc,2,0.0016189119778573513,0.9983810782432556,1,0.9983810782432556,0.4983810782432556,1
8086,recon_00026.tiff,161479,2,dense_fc,2,0.9875926375389099,0.012407362461090088,2,0.9875926375389099,0.4875926375389099,1
8087,recon_00026.tiff,161480,2,dense_fc,2,0.987179696559906,0.012820303440093994,2,0.987179696559906,0.487179696559906,1
8093,recon_00026.tiff,161560,2,dense_fc,2,0.968194305896759,0.03180569410324097,2,0.968194305896759,0.46819430589675903,1
8098,recon_00026.tiff,161660,1,dense_fc,2,0.0005182693712413311,0.999481737613678,1,0.999481737613678,0.499481737613678,1
8106,recon_00026.tiff,161750,2,dense_fc,2,0.9867000579833984,0.013299942016601562,2,0.9867000579833984,0.48670005798339844,1
8111,recon_00026.tiff,161839,1,dense_fc,2,4.3535135773709044e-05,0.999956488609314,1,0.999956488609314,0.4999564588069916,1
8125,recon_00026.tiff,162132,2,dense_fc,2,0.9923088550567627,0.007691144943237305,2,0.9923088550567627,0.4923088550567627,1
8129,recon_00026.tiff,162230,2,dense_fc,2,0.9851998090744019,0.014800190925598145,2,0.9851998090744019,0.48519980907440186,1
8489,recon_00026.tiff,173556,1,dense_fc,2,0.0002248837408842519,0.9997751116752625,1,0.9997751116752625,0.49977511167526245,1
8511,recon_00026.tiff,174195,1,dense_fc,2,0.00042586144991219044,0.9995741248130798,1,0.9995741248130798,0.49957412481307983,1
8630,recon_00026.tiff,178773,1,dense_fc,2,0.004037690348923206,0.9959623217582703,1,0.9959623217582703,0.49596232175827026,1
8845,recon_00026.tiff,184008,2,dense_fc,2,0.9930349588394165,0.006965041160583496,2,0.9930349588394165,0.4930349588394165,1
8962,recon_00026.tiff,187052,1,dense_fc,2,2.944399784610141e-05,0.999970555305481,1,0.999970555305481,0.49997055530548096,1
9005,recon_00026.tiff,187796,1,dense_fc,2,2.7145948479301296e-05,0.9999728798866272,1,0.9999728798866272,0.4999728500843048,1
9015,recon_00026.tiff,188053,1,dense_fc,2,1.978938416868914e-05,0.9999802112579346,1,0.9999802112579346,0.49998021125793457,1
9071,recon_00026.tiff,189362,1,dense_fc,2,4.848716798733221e-06,0.9999951720237732,1,0.9999951720237732,0.4999951422214508,1
9221,recon_00026.tiff,192543,1,dense_fc,2,2.742190918070264e-05,0.9999725818634033,1,0.9999725818634033,0.4999725818634033,1
9223,recon_00026.tiff,192549,2,dense_fc,2,0.9393443465232849,0.06065565347671509,2,0.9393443465232849,0.4393443465232849,1
9242,recon_00026.tiff,192798,1,dense_fc,2,0.0003880293224938214,0.9996119737625122,1,0.9996119737625122,0.4996119737625122,1
9249,recon_00026.tiff,192872,1,dense_fc,2,0.00010519778152229264,0.9998947978019714,1,0.9998947978019714,0.49989479780197144,1
9258,recon_00026.tiff,192952,1,dense_fc,2,9.229700481228065e-06,0.9999907612800598,1,0.9999907612800598,0.4999907612800598,1
9285,recon_00026.tiff,193288,1,dense_fc,2,0.00015594087017234415,0.9998440742492676,1,0.9998440742492676,0.4998440444469452,1
9380,recon_00026.tiff,194717,1,dense_fc,2,1.6051273632911034e-05,0.9999839663505554,1,0.9999839663505554,0.49998393654823303,1
9396,recon_00026.tiff,195028,1,dense_fc,2,2.4261203179776203e-07,0.9999997615814209,1,0.9999997615814209,0.4999997615814209,1
9402,recon_00026.tiff,195113,1,dense_fc,2,5.262510285319877e-07,0.999999463558197,1,0.999999463558197,0.499999463558197,1
9407,recon_00026.tiff,195118,1,dense_fc,2,0.003929381724447012,0.9960706233978271,1,0.9960706233978271,0.49607062339782715,1
9414,recon_00026.tiff,195216,2,dense_fc,2,0.9945310950279236,0.005468904972076416,2,0.9945310950279236,0.4945310950279236,1
9418,recon_00026.tiff,195281,1,dense_fc,2,8.702996638021432e-06,0.9999912977218628,1,0.9999912977218628,0.4999912977218628,1
9450,recon_00026.tiff,195707,1,dense_fc,2,6.028063944540918e-05,0.9999397397041321,1,0.9999397397041321,0.4999397099018097,1
11518,recon_00100.tiff,7800,1,dense_fc,2,0.004492193926125765,0.9955077767372131,1,0.9955077767372131,0.4955078065395355,1
12471,recon_00100.tiff,15645,1,dense_fc,2,4.7613280003133696e-06,0.999995231628418,1,0.999995231628418,0.49999523162841797,1
14901,recon_00100.tiff,44393,1,dense_fc,2,2.24144014460137e-09,1.0,1,1.0,0.5,1
17264,recon_00100.tiff,94752,1,dense_fc,2,4.91821083414834e-05,0.9999508261680603,1,0.9999508261680603,0.4999508261680603,1
17724,recon_00100.tiff,106397,1,dense_fc,2,0.0006196570466272533,0.999380350112915,1,0.999380350112915,0.49938035011291504,1
17911,recon_00100.tiff,111256,1,dense_fc,2,0.05692620202898979,0.9430738091468811,1,0.9430738091468811,0.4430738091468811,1
17974,recon_00100.tiff,112811,1,dense_fc,2,0.0040288507007062435,0.995971143245697,1,0.995971143245697,0.495971143245697,1
17977,recon_00100.tiff,112901,1,dense_fc,2,0.0005697997403331101,0.9994301795959473,1,0.9994301795959473,0.49943020939826965,1
18005,recon_00100.tiff,113447,1,dense_fc,2,0.005604710895568132,0.9943953156471252,1,0.9943953156471252,0.49439528584480286,1
18040,recon_00100.tiff,114029,1,dense_fc,2,0.0019864996429532766,0.9980134963989258,1,0.9980134963989258,0.4980134963989258,1
18240,recon_00100.tiff,117801,1,dense_fc,2,0.08745887875556946,0.9125411510467529,1,0.9125411510467529,0.41254112124443054,1
18405,recon_00100.tiff,122901,1,dense_fc,2,0.007587503641843796,0.9924125075340271,1,0.9924125075340271,0.4924125075340271,1
18639,recon_00100.tiff,129874,1,dense_fc,2,0.0011518503306433558,0.9988481402397156,1,0.9988481402397156,0.4988481402397156,1
18667,recon_00100.tiff,131004,1,dense_fc,2,0.03022780828177929,0.969772219657898,1,0.969772219657898,0.46977218985557556,1
19031,recon_00100.tiff,141246,1,dense_fc,2,0.0043744416907429695,0.9956255555152893,1,0.9956255555152893,0.4956255555152893,1
19703,recon_00100.tiff,164503,1,dense_fc,2,0.00989195704460144,0.9901080131530762,1,0.9901080131530762,0.49010804295539856,1
19777,recon_00100.tiff,166443,1,dense_fc,2,0.7690612077713013,0.23093879222869873,2,0.7690612077713013,0.26906120777130127,0
20082,recon_00100.tiff,174557,2,dense_fc,2,0.41331520676612854,0.5866848230361938,1,0.5866848230361938,0.08668479323387146,0
20160,recon_00100.tiff,176111,1,dense_fc,2,0.002157070906832814,0.9978429079055786,1,0.9978429079055786,0.497842937707901,1
20313,recon_00100.tiff,179449,1,dense_fc,2,0.013428488746285439,0.9865714907646179,1,0.9865714907646179,0.4865715205669403,1
20343,recon_00100.tiff,180187,1,dense_fc,2,0.0014929097378626466,0.9985070824623108,1,0.9985070824623108,0.4985070824623108,1
25266,recon_00086.tiff,40828,1,dense_fc,2,0.5209713578224182,0.4790286421775818,2,0.5209713578224182,0.020971357822418213,0
25295,recon_00086.tiff,40998,1,dense_fc,2,0.40236854553222656,0.5976314544677734,1,0.5976314544677734,0.09763145446777344,1
29583,recon_00086.tiff,127775,2,dense_fc,2,0.8455919623374939,0.1544080376625061,2,0.8455919623374939,0.3455919623374939,1
29723,recon_00086.tiff,131969,2,dense_fc,2,0.0006010941579006612,0.9993988871574402,1,0.9993988871574402,0.4993989169597626,0
4869,recon_00026.tiff,73675,1,cnn2,2,0.18701855838298798,0.8129814267158508,1,0.8129814267158508,0.31298142671585083,1
5080,recon_00026.tiff,77482,2,cnn2,2,0.6100506782531738,0.38994932174682617,2,0.6100506782531738,0.11005067825317383,1
5122,recon_00026.tiff,78579,2,cnn2,2,0.7450790405273438,0.25492095947265625,2,0.7450790405273438,0.24507904052734375,1
5469,recon_00026.tiff,86384,2,cnn2,2,0.5915225744247437,0.40847742557525635,2,0.5915225744247437,0.09152257442474365,1
5628,recon_00026.tiff,89432,2,cnn2,2,0.6648412346839905,0.3351587653160095,2,0.6648412346839905,0.16484123468399048,1
5725,recon_00026.tiff,91047,2,cnn2,2,0.2895492613315582,0.7104507684707642,1,0.7104507684707642,0.21045073866844177,0
5741,recon_00026.tiff,91691,1,cnn2,2,0.5787731409072876,0.4212268590927124,2,0.5787731409072876,0.0787731409072876,0
5801,recon_00026.tiff,92900,2,cnn2,2,0.6427775025367737,0.3572224974632263,2,0.6427775025367737,0.14277750253677368,1
5929,recon_00026.tiff,94764,2,cnn2,2,0.6903903484344482,0.30960965156555176,2,0.6903903484344482,0.19039034843444824,1
5940,recon_00026.tiff,95059,2,cnn2,2,0.7519203424453735,0.24807965755462646,2,0.7519203424453735,0.25192034244537354,1
7970,recon_00026.tiff,158462,1,cnn2,2,0.21798667311668396,0.7820132970809937,1,0.7820132970809937,0.28201332688331604,1
7996,recon_00026.tiff,159121,1,cnn2,2,0.4036501944065094,0.596349835395813,1,0.596349835395813,0.0963498055934906,1
8038,recon_00026.tiff,160062,1,cnn2,2,0.4292548894882202,0.5707451105117798,1,0.5707451105117798,0.07074511051177979,1
8052,recon_00026.tiff,160803,1,cnn2,2,0.4555056095123291,0.5444943904876709,1,0.5444943904876709,0.0444943904876709,1
8055,recon_00026.tiff,160904,2,cnn2,2,0.656935453414917,0.343064546585083,2,0.656935453414917,0.156935453414917,1
8071,recon_00026.tiff,161184,2,cnn2,2,0.6701098680496216,0.3298901319503784,2,0.6701098680496216,0.17010986804962158,1
8073,recon_00026.tiff,161186,1,cnn2,2,0.35971203446388245,0.6402879953384399,1,0.6402879953384399,0.14028796553611755,1
8086,recon_00026.tiff,161479,2,cnn2,2,0.7373149991035461,0.26268500089645386,2,0.7373149991035461,0.23731499910354614,1
8087,recon_00026.tiff,161480,2,cnn2,2,0.7292600274085999,0.27073997259140015,2,0.7292600274085999,0.22926002740859985,1
8093,recon_00026.tiff,161560,2,cnn2,2,0.6347672343254089,0.36523276567459106,2,0.6347672343254089,0.13476723432540894,1
8098,recon_00026.tiff,161660,1,cnn2,2,0.35707971453666687,0.6429202556610107,1,0.6429202556610107,0.14292028546333313,1
8106,recon_00026.tiff,161750,2,cnn2,2,0.6402683854103088,0.35973161458969116,2,0.6402683854103088,0.14026838541030884,1
8111,recon_00026.tiff,161839,1,cnn2,2,0.45792561769485474,0.5420743823051453,1,0.5420743823051453,0.042074382305145264,1
8125,recon_00026.tiff,162132,2,cnn2,2,0.6820884346961975,0.3179115653038025,2,0.6820884346961975,0.1820884346961975,1
8129,recon_00026.tiff,162230,2,cnn2,2,0.6585614085197449,0.3414385914802551,2,0.6585614085197449,0.15856140851974487,1
8489,recon_00026.tiff,173556,1,cnn2,2,0.4807705879211426,0.5192294120788574,1,0.5192294120788574,0.019229412078857422,1
8511,recon_00026.tiff,174195,1,cnn2,2,0.46621423959732056,0.5337857604026794,1,0.5337857604026794,0.03378576040267944,1
8630,recon_00026.tiff,178773,1,cnn2,2,0.42498236894607544,0.5750176310539246,1,0.5750176310539246,0.07501763105392456,1
8845,recon_00026.tiff,184008,2,cnn2,2,0.7605170607566833,0.23948293924331665,2,0.7605170607566833,0.26051706075668335,1
8962,recon_00026.tiff,187052,1,cnn2,2,0.16310201585292816,0.8368979692459106,1,0.8368979692459106,0.33689796924591064,1
9005,recon_00026.tiff,187796,1,cnn2,2,0.15112660825252533,0.8488733768463135,1,0.8488733768463135,0.3488733768463135,1
9015,recon_00026.tiff,188053,1,cnn2,2,0.4099566340446472,0.5900433659553528,1,0.5900433659553528,0.09004336595535278,1
9071,recon_00026.tiff,189362,1,cnn2,2,0.17191998660564423,0.8280799984931946,1,0.8280799984931946,0.3280799984931946,1
9221,recon_00026.tiff,192543,1,cnn2,2,0.32579028606414795,0.674209713935852,1,0.674209713935852,0.17420971393585205,1
9223,recon_00026.tiff,192549,2,cnn2,2,0.5772235989570618,0.42277640104293823,2,0.5772235989570618,0.07722359895706177,1
9242,recon_00026.tiff,192798,1,cnn2,2,0.44720470905303955,0.5527952909469604,1,0.5527952909469604,0.05279529094696045,1
9249,recon_00026.tiff,192872,1,cnn2,2,0.26587942242622375,0.7341206073760986,1,0.7341206073760986,0.23412057757377625,1
9258,recon_00026.tiff,192952,1,cnn2,2,0.17897984385490417,0.8210201263427734,1,0.8210201263427734,0.3210201561450958,1
9285,recon_00026.tiff,193288,1,cnn2,2,0.17960472404956818,0.820395290851593,1,0.820395290851593,0.320395290851593,1
9380,recon_00026.tiff,194717,1,cnn2,2,0.1485578417778015,0.8514421582221985,1,0.8514421582221985,0.3514421582221985,1
9396,recon_00026.tiff,195028,1,cnn2,2,0.4506618082523346,0.5493382215499878,1,0.5493382215499878,0.049338191747665405,1
9402,recon_00026.tiff,195113,1,cnn2,2,0.5575828552246094,0.4424171447753906,2,0.5575828552246094,0.057582855224609375,0
9407,recon_00026.tiff,195118,1,cnn2,2,0.51456618309021,0.48543381690979004,2,0.51456618309021,0.014566183090209961,0
9414,recon_00026.tiff,195216,2,cnn2,2,0.5823268294334412,0.41767317056655884,2,0.5823268294334412,0.08232682943344116,1
9418,recon_00026.tiff,195281,1,cnn2,2,0.17742939293384552,0.8225706219673157,1,0.8225706219673157,0.3225706219673157,1
9450,recon_00026.tiff,195707,1,cnn2,2,0.32227951288223267,0.6777204871177673,1,0.6777204871177673,0.17772048711776733,1
11518,recon_00100.tiff,7800,1,cnn2,2,0.5789124369621277,0.4210875630378723,2,0.5789124369621277,0.07891243696212769,0
12471,recon_00100.tiff,15645,1,cnn2,2,0.5003427863121033,0.49965721368789673,2,0.5003427863121033,0.0003427863121032715,0
14901,recon_00100.tiff,44393,1,cnn2,2,0.6026883721351624,0.39731162786483765,2,0.6026883721351624,0.10268837213516235,0
17264,recon_00100.tiff,94752,1,cnn2,2,0.13205766677856445,0.8679423332214355,1,0.8679423332214355,0.36794233322143555,1
17724,recon_00100.tiff,106397,1,cnn2,2,0.1473895162343979,0.8526104688644409,1,0.8526104688644409,0.3526104688644409,1
17911,recon_00100.tiff,111256,1,cnn2,2,0.04802162945270538,0.9519783854484558,1,0.9519783854484558,0.4519783854484558,1
17974,recon_00100.tiff,112811,1,cnn2,2,0.09410367161035538,0.9058963060379028,1,0.9058963060379028,0.4058963358402252,1
17977,recon_00100.tiff,112901,1,cnn2,2,0.09023764729499817,0.9097623825073242,1,0.9097623825073242,0.40976235270500183,1
18005,recon_00100.tiff,113447,1,cnn2,2,0.09364895522594452,0.9063510298728943,1,0.9063510298728943,0.4063510298728943,1
18040,recon_00100.tiff,114029,1,cnn2,2,0.09957082569599152,0.9004291892051697,1,0.9004291892051697,0.4004291892051697,1
18240,recon_00100.tiff,117801,1,cnn2,2,0.08188476413488388,0.9181152582168579,1,0.9181152582168579,0.4181152284145355,1
18405,recon_00100.tiff,122901,1,cnn2,2,0.089396633207798,0.9106033444404602,1,0.9106033444404602,0.4106033742427826,1
18639,recon_00100.tiff,129874,1,cnn2,2,0.15054379403591156,0.8494561910629272,1,0.8494561910629272,0.34945619106292725,1
18667,recon_00100.tiff,131004,1,cnn2,2,0.11424537748098373,0.8857546448707581,1,0.8857546448707581,0.38575461506843567,1
19031,recon_00100.tiff,141246,1,cnn2,2,0.14813488721847534,0.8518651127815247,1,0.8518651127815247,0.35186511278152466,1
19703,recon_00100.tiff,164503,1,cnn2,2,0.4970731735229492,0.5029268264770508,1,0.5029268264770508,0.0029268264770507812,1
19777,recon_00100.tiff,166443,1,cnn2,2,0.6140069961547852,0.38599300384521484,2,0.6140069961547852,0.11400699615478516,0
20082,recon_00100.tiff,174557,2,cnn2,2,0.38642603158950806,0.6135739684104919,1,0.6135739684104919,0.11357396841049194,0
20160,recon_00100.tiff,176111,1,cnn2,2,0.14561296999454498,0.8543870449066162,1,0.8543870449066162,0.3543870449066162,1
20313,recon_00100.tiff,179449,1,cnn2,2,0.3210330903530121,0.6789668798446655,1,0.6789668798446655,0.17896690964698792,1
20343,recon_00100.tiff,180187,1,cnn2,2,0.6266922354698181,0.3733077645301819,2,0.6266922354698181,0.12669223546981812,0
25266,recon_00086.tiff,40828,1,cnn2,2,0.5300335884094238,0.46996641159057617,2,0.5300335884094238,0.030033588409423828,0
25295,recon_00086.tiff,40998,1,cnn2,2,0.500415563583374,0.499584436416626,2,0.500415563583374,0.00041556358337402344,0
29583,recon_00086.tiff,127775,2,cnn2,2,0.25076961517333984,0.7492303848266602,1,0.7492303848266602,0.24923038482666016,0
29723,recon_00086.tiff,131969,2,cnn2,2,0.5235455632209778,0.4764544367790222,2,0.5235455632209778,0.023545563220977783,1
4869,recon_00026.tiff,73675,1,cnn3,2,0.23466986417770386,0.7653301358222961,1,0.7653301358222961,0.26533013582229614,1
5080,recon_00026.tiff,77482,2,cnn3,2,0.9332588911056519,0.06674110889434814,2,0.9332588911056519,0.43325889110565186,1
5122,recon_00026.tiff,78579,2,cnn3,2,0.9895613789558411,0.010438621044158936,2,0.9895613789558411,0.48956137895584106,1
5469,recon_00026.tiff,86384,2,cnn3,2,0.99539715051651,0.00460284948348999,2,0.99539715051651,0.49539715051651,1
5628,recon_00026.tiff,89432,2,cnn3,2,0.9865911602973938,0.013408839702606201,2,0.9865911602973938,0.4865911602973938,1
5725,recon_00026.tiff,91047,2,cnn3,2,0.8086954355239868,0.19130456447601318,2,0.8086954355239868,0.3086954355239868,1
5741,recon_00026.tiff,91691,1,cnn3,2,0.11340191960334778,0.8865981101989746,1,0.8865981101989746,0.3865980803966522,1
5801,recon_00026.tiff,92900,2,cnn3,2,0.9706400632858276,0.029359936714172363,2,0.9706400632858276,0.47064006328582764,1
5929,recon_00026.tiff,94764,2,cnn3,2,0.9770339131355286,0.022966086864471436,2,0.9770339131355286,0.47703391313552856,1
5940,recon_00026.tiff,95059,2,cnn3,2,0.9961798191070557,0.003820180892944336,2,0.9961798191070557,0.49617981910705566,1
7970,recon_00026.tiff,158462,1,cnn3,2,0.05590108036994934,0.944098949432373,1,0.944098949432373,0.44409891963005066,1
7996,recon_00026.tiff,159121,1,cnn3,2,0.06582244485616684,0.934177577495575,1,0.934177577495575,0.43417754769325256,1
8038,recon_00026.tiff,160062,1,cnn3,2,0.08927273750305176,0.9107272624969482,1,0.9107272624969482,0.41072726249694824,1
8052,recon_00026.tiff,160803,1,cnn3,2,0.03239735588431358,0.9676026701927185,1,0.9676026701927185,0.4676026403903961,1
8055,recon_00026.tiff,160904,2,cnn3,2,0.9723486304283142,0.02765136957168579,2,0.9723486304283142,0.4723486304283142,1
8071,recon_00026.tiff,161184,2,cnn3,2,0.9656603932380676,0.03433960676193237,2,0.9656603932380676,0.4656603932380676,1
8073,recon_00026.tiff,161186,1,cnn3,2,0.0378374420106411,0.9621625542640686,1,0.9621625542640686,0.4621625542640686,1
8086,recon_00026.tiff,161479,2,cnn3,2,0.991730272769928,0.008269727230072021,2,0.991730272769928,0.491730272769928,1
8087,recon_00026.tiff,161480,2,cnn3,2,0.8767179250717163,0.12328207492828369,2,0.8767179250717163,0.3767179250717163,1
8093,recon_00026.tiff,161560,2,cnn3,2,0.9757476449012756,0.024252355098724365,2,0.9757476449012756,0.47574764490127563,1
8098,recon_00026.tiff,161660,1,cnn3,2,0.026039356365799904,0.9739606380462646,1,0.9739606380462646,0.47396063804626465,1
8106,recon_00026.tiff,161750,2,cnn3,2,0.9562070965766907,0.043792903423309326,2,0.9562070965766907,0.4562070965766907,1
8111,recon_00026.tiff,161839,1,cnn3,2,0.2102067470550537,0.7897932529449463,1,0.7897932529449463,0.2897932529449463,1
8125,recon_00026.tiff,162132,2,cnn3,2,0.9813253879547119,0.018674612045288086,2,0.9813253879547119,0.4813253879547119,1
8129,recon_00026.tiff,162230,2,cnn3,2,0.9778737425804138,0.02212625741958618,2,0.9778737425804138,0.4778737425804138,1
8489,recon_00026.tiff,173556,1,cnn3,2,0.21888191998004913,0.7811180949211121,1,0.7811180949211121,0.28111809492111206,1
8511,recon_00026.tiff,174195,1,cnn3,2,0.21500380337238312,0.7849962115287781,1,0.7849962115287781,0.2849962115287781,1
8630,recon_00026.tiff,178773,1,cnn3,2,0.30512863397598267,0.6948713660240173,1,0.6948713660240173,0.19487136602401733,1
8845,recon_00026.tiff,184008,2,cnn3,2,0.9923838973045349,0.007616102695465088,2,0.9923838973045349,0.4923838973045349,1
8962,recon_00026.tiff,187052,1,cnn3,2,0.12745463848114014,0.8725453615188599,1,0.8725453615188599,0.37254536151885986,1
9005,recon_00026.tiff,187796,1,cnn3,2,0.040408533066511154,0.9595914483070374,1,0.9595914483070374,0.45959147810935974,1
9015,recon_00026.tiff,188053,1,cnn3,2,0.2857699990272522,0.7142300009727478,1,0.7142300009727478,0.2142300009727478,1
9071,recon_00026.tiff,189362,1,cnn3,2,0.06515385210514069,0.9348461627960205,1,0.9348461627960205,0.4348461627960205,1
9221,recon_00026.tiff,192543,1,cnn3,2,0.0306108295917511,0.9693892002105713,1,0.9693892002105713,0.4693891704082489,1
9223,recon_00026.tiff,192549,2,cnn3,2,0.9550452828407288,0.04495471715927124,2,0.9550452828407288,0.45504528284072876,1
9242,recon_00026.tiff,192798,1,cnn3,2,0.13062697649002075,0.8693730235099792,1,0.8693730235099792,0.36937302350997925,1
9249,recon_00026.tiff,192872,1,cnn3,2,0.017988424748182297,0.9820115566253662,1,0.9820115566253662,0.4820115864276886,1
9258,recon_00026.tiff,192952,1,cnn3,2,0.181993305683136,0.818006694316864,1,0.818006694316864,0.318006694316864,1
9285,recon_00026.tiff,193288,1,cnn3,2,0.04193590581417084,0.958064079284668,1,0.958064079284668,0.45806407928466797,1
9380,recon_00026.tiff,194717,1,cnn3,2,0.06494317203760147,0.9350568056106567,1,0.9350568056106567,0.4350568354129791,1
9396,recon_00026.tiff,195028,1,cnn3,2,0.004143881611526012,0.9958561062812805,1,0.9958561062812805,0.4958561062812805,1
9402,recon_00026.tiff,195113,1,cnn3,2,0.13305489718914032,0.8669450879096985,1,0.8669450879096985,0.3669450879096985,1
9407,recon_00026.tiff,195118,1,cnn3,2,0.12994687259197235,0.8700531125068665,1,0.8700531125068665,0.37005311250686646,1
9414,recon_00026.tiff,195216,2,cnn3,2,0.9745656847953796,0.02543431520462036,2,0.9745656847953796,0.47456568479537964,1
9418,recon_00026.tiff,195281,1,cnn3,2,0.20464566349983215,0.7953543663024902,1,0.7953543663024902,0.29535433650016785,1
9450,recon_00026.tiff,195707,1,cnn3,2,0.08900755643844604,0.910992443561554,1,0.910992443561554,0.41099244356155396,1
11518,recon_00100.tiff,7800,1,cnn3,2,0.15362410247325897,0.8463758826255798,1,0.8463758826255798,0.34637588262557983,1
12471,recon_00100.tiff,15645,1,cnn3,2,0.2255265861749649,0.7744734287261963,1,0.7744734287261963,0.2744734287261963,1
14901,recon_00100.tiff,44393,1,cnn3,2,0.36003637313842773,0.6399636268615723,1,0.6399636268615723,0.13996362686157227,1
17264,recon_00100.tiff,94752,1,cnn3,2,0.11596795171499252,0.8840320706367493,1,0.8840320706367493,0.3840320408344269,1
17724,recon_00100.tiff,106397,1,cnn3,2,0.23968541622161865,0.7603145837783813,1,0.7603145837783813,0.26031458377838135,1
17911,recon_00100.tiff,111256,1,cnn3,2,0.039400938898324966,0.9605990648269653,1,0.9605990648269653,0.46059906482696533,1
17974,recon_00100.tiff,112811,1,cnn3,2,0.09880241006612778,0.901197612285614,1,0.901197612285614,0.4011975824832916,1
17977,recon_00100.tiff,112901,1,cnn3,2,0.10192139446735382,0.8980786204338074,1,0.8980786204338074,0.3980786204338074,1
18005,recon_00100.tiff,113447,1,cnn3,2,0.1609489917755127,0.8390510082244873,1,0.8390510082244873,0.3390510082244873,1
18040,recon_00100.tiff,114029,1,cnn3,2,0.2469651997089386,0.7530348300933838,1,0.7530348300933838,0.2530348002910614,1
18240,recon_00100.tiff,117801,1,cnn3,2,0.0668649673461914,0.9331350326538086,1,0.9331350326538086,0.4331350326538086,1
18405,recon_00100.tiff,122901,1,cnn3,2,0.06405488401651382,0.9359450936317444,1,0.9359450936317444,0.4359451234340668,1
18639,recon_00100.tiff,129874,1,cnn3,2,0.19608332216739655,0.8039166927337646,1,0.8039166927337646,0.30391669273376465,1
18667,recon_00100.tiff,131004,1,cnn3,2,0.07462461292743683,0.9253754019737244,1,0.9253754019737244,0.42537540197372437,1
19031,recon_00100.tiff,141246,1,cnn3,2,0.1798914521932602,0.8201085329055786,1,0.8201085329055786,0.3201085329055786,1
19703,recon_00100.tiff,164503,1,cnn3,2,0.4143480062484741,0.5856519937515259,1,0.5856519937515259,0.08565199375152588,1
19777,recon_00100.tiff,166443,1,cnn3,2,0.9715936183929443,0.028406381607055664,2,0.9715936183929443,0.47159361839294434,0
20082,recon_00100.tiff,174557,2,cnn3,2,0.5274995565414429,0.47250044345855713,2,0.5274995565414429,0.02749955654144287,1
20160,recon_00100.tiff,176111,1,cnn3,2,0.11129207909107208,0.8887079358100891,1,0.8887079358100891,0.3887079358100891,1
20313,recon_00100.tiff,179449,1,cnn3,2,0.5196781158447266,0.48032188415527344,2,0.5196781158447266,0.019678115844726562,0
20343,recon_00100.tiff,180187,1,cnn3,2,0.4233192801475525,0.5766807198524475,1,0.5766807198524475,0.07668071985244751,1
25266,recon_00086.tiff,40828,1,cnn3,2,0.41419878602027893,0.5858012437820435,1,0.5858012437820435,0.08580121397972107,1
25295,recon_00086.tiff,40998,1,cnn3,2,0.38809677958488464,0.611903190612793,1,0.611903190612793,0.11190322041511536,1
29583,recon_00086.tiff,127775,2,cnn3,2,0.09348256140947342,0.9065174460411072,1,0.9065174460411072,0.4065174460411072,0
29723,recon_00086.tiff,131969,2,cnn3,2,0.5251427888870239,0.4748572111129761,2,0.5251427888870239,0.025142788887023926,1
4200,recon_00026.tiff,58496,2,random_forest,3,0.998,0.0020000000000000018,2,0.998,0.498,1
4466,recon_00026.tiff,64637,2,random_forest,3,0.9858333333333333,0.01416666666666666,2,0.9858333333333333,0.48583333333333334,1
4946,recon_00026.tiff,75307,1,random_forest,3,0.12733333333333333,0.8726666666666667,1,0.8726666666666667,0.3726666666666667,1
5094,recon_00026.tiff,77767,2,random_forest,3,0.6679848484848485,0.3320151515151515,2,0.6679848484848485,0.16798484848484851,1
5121,recon_00026.tiff,78578,2,random_forest,3,1.0,0.0,2,1.0,0.5,1
5389,recon_00026.tiff,84385,2,random_forest,3,0.99175,0.00824999999999998,2,0.99175,0.49175,1
5404,recon_00026.tiff,84779,2,random_forest,3,0.9095142857142857,0.09048571428571428,2,0.9095142857142857,0.4095142857142857,1
5426,recon_00026.tiff,85233,2,random_forest,3,0.9806333333333332,0.019366666666666754,2,0.9806333333333332,0.48063333333333325,1
5512,recon_00026.tiff,87719,2,random_forest,3,0.9881666666666666,0.011833333333333362,2,0.9881666666666666,0.48816666666666664,1
5629,recon_00026.tiff,89433,2,random_forest,3,0.9898333333333333,0.010166666666666657,2,0.9898333333333333,0.48983333333333334,1
5654,recon_00026.tiff,89813,2,random_forest,3,0.9905,0.009499999999999953,2,0.9905,0.49050000000000005,1
5680,recon_00026.tiff,90179,2,random_forest,3,0.998,0.0020000000000000018,2,0.998,0.498,1
5758,recon_00026.tiff,92256,2,random_forest,3,0.8362095238095238,0.16379047619047615,2,0.8362095238095238,0.33620952380952385,1
5806,recon_00026.tiff,92994,2,random_forest,3,0.7330142857142858,0.26698571428571416,2,0.7330142857142858,0.23301428571428584,1
5959,recon_00026.tiff,95599,2,random_forest,3,0.9208666666666668,0.07913333333333317,2,0.9208666666666668,0.42086666666666683,1
7956,recon_00026.tiff,158250,1,random_forest,3,0.0015,0.9985,1,0.9985,0.4985,1
7968,recon_00026.tiff,158460,1,random_forest,3,0.0,1.0,1,1.0,0.5,1
8002,recon_00026.tiff,159224,2,random_forest,3,0.9967666666666667,0.0032333333333333103,2,0.9967666666666667,0.4967666666666667,1
8003,recon_00026.tiff,159225,1,random_forest,3,0.010833333333333334,0.9891666666666666,1,0.9891666666666666,0.48916666666666664,1
8027,recon_00026.tiff,159692,1,random_forest,3,0.004333333333333333,0.9956666666666667,1,0.9956666666666667,0.49566666666666664,1
8051,recon_00026.tiff,160801,1,random_forest,3,0.001,0.999,1,0.999,0.499,1
8068,recon_00026.tiff,161095,2,random_forest,3,1.0,0.0,2,1.0,0.5,1
8072,recon_00026.tiff,161185,1,random_forest,3,0.002,0.998,1,0.998,0.498,1
8078,recon_00026.tiff,161378,2,random_forest,3,0.9943333333333333,0.005666666666666709,2,0.9943333333333333,0.4943333333333333,1
8083,recon_00026.tiff,161475,1,random_forest,3,0.001,0.999,1,0.999,0.499,1
8104,recon_00026.tiff,161748,2,random_forest,3,1.0,0.0,2,1.0,0.5,1
8105,recon_00026.tiff,161749,1,random_forest,3,0.0015,0.9985,1,0.9985,0.4985,1
8569,recon_00026.tiff,176316,1,random_forest,3,0.08156666666666668,0.9184333333333333,1,0.9184333333333333,0.4184333333333333,1
8604,recon_00026.tiff,177590,2,random_forest,3,0.9791666666666666,0.02083333333333337,2,0.9791666666666666,0.47916666666666663,1
8621,recon_00026.tiff,178437,1,random_forest,3,0.1060396825396825,0.8939603174603175,1,0.8939603174603175,0.3939603174603175,1
8753,recon_00026.tiff,181905,2,random_forest,3,0.9958333333333333,0.004166666666666652,2,0.9958333333333333,0.49583333333333335,1
8770,recon_00026.tiff,182245,1,random_forest,3,0.056380952380952386,0.9436190476190476,1,0.9436190476190476,0.44361904761904764,1
8797,recon_00026.tiff,182847,1,random_forest,3,0.07749682539682537,0.9225031746031747,1,0.9225031746031747,0.42250317460317466,1
8852,recon_00026.tiff,184242,1,random_forest,3,0.10161587301587299,0.8983841269841271,1,0.8983841269841271,0.398384126984127,1
8897,recon_00026.tiff,185634,1,random_forest,3,0.09624761904761904,0.903752380952381,1,0.903752380952381,0.403752380952381,1
8966,recon_00026.tiff,187146,1,random_forest,3,0.10624999999999998,0.89375,1,0.89375,0.39375000000000004,1
8992,recon_00026.tiff,187627,1,random_forest,3,0.0034571428571428574,0.9965428571428572,1,0.9965428571428572,0.4965428571428571,1
8993,recon_00026.tiff,187628,1,random_forest,3,0.016,0.984,1,0.984,0.484,1
9032,recon_00026.tiff,188462,1,random_forest,3,0.009790476190476191,0.9902095238095238,1,0.9902095238095238,0.4902095238095238,1
9087,recon_00026.tiff,189610,1,random_forest,3,0.003,0.997,1,0.997,0.497,1
9101,recon_00026.tiff,189771,1,random_forest,3,0.0095,0.9905,1,0.9905,0.4905,1
9250,recon_00026.tiff,192873,1,random_forest,3,0.19005,0.80995,1,0.80995,0.30995,1
9271,recon_00026.tiff,193132,1,random_forest,3,0.0013333333333333333,0.9986666666666667,1,0.9986666666666667,0.49866666666666665,1
9341,recon_00026.tiff,194073,1,random_forest,3,0.03502380952380952,0.9649761904761904,1,0.9649761904761904,0.4649761904761905,1
9385,recon_00026.tiff,194866,1,random_forest,3,0.002,0.998,1,0.998,0.498,1
9390,recon_00026.tiff,194959,1,random_forest,3,0.002,0.998,1,0.998,0.498,1
9411,recon_00026.tiff,195205,1,random_forest,3,0.004,0.996,1,0.996,0.496,1
9420,recon_00026.tiff,195283,1,random_forest,3,0.003,0.997,1,0.997,0.497,1
9436,recon_00026.tiff,195546,1,random_forest,3,0.0013333333333333333,0.9986666666666667,1,0.9986666666666667,0.49866666666666665,1
9440,recon_00026.tiff,195560,1,random_forest,3,0.0665,0.9335,1,0.9335,0.4335,1
9445,recon_00026.tiff,195635,1,random_forest,3,0.002,0.998,1,0.998,0.498,1
9691,recon_00026.tiff,199563,1,random_forest,3,0.07471587301587301,0.925284126984127,1,0.925284126984127,0.425284126984127,1
11453,recon_00026.tiff,238184,1,random_forest,3,0.16655714285714285,0.8334428571428572,1,0.8334428571428572,0.33344285714285715,1
12470,recon_00100.tiff,15644,2,random_forest,3,0.5223952380952381,0.47760476190476187,2,0.5223952380952381,0.022395238095238135,1
13957,recon_00100.tiff,32368,1,random_forest,3,0.2775452380952381,0.7224547619047619,1,0.7224547619047619,0.22245476190476188,1
14883,recon_00100.tiff,44225,2,random_forest,3,0.9658952380952384,0.03410476190476164,2,0.9658952380952384,0.46589523809523836,1
17650,recon_00100.tiff,104513,1,random_forest,3,0.1851333333333333,0.8148666666666667,1,0.8148666666666667,0.31486666666666674,1
17708,recon_00100.tiff,106032,1,random_forest,3,0.007933333333333332,0.9920666666666667,1,0.9920666666666667,0.49206666666666665,1
17733,recon_00100.tiff,106562,1,random_forest,3,0.014166666666666666,0.9858333333333333,1,0.9858333333333333,0.48583333333333334,1
17968,recon_00100.tiff,112632,1,random_forest,3,0.001,0.999,1,0.999,0.499,1
18073,recon_00100.tiff,114484,1,random_forest,3,0.012,0.988,1,0.988,0.488,1
18321,recon_00100.tiff,120269,1,random_forest,3,0.11313333333333334,0.8868666666666667,1,0.8868666666666667,0.3868666666666667,1
18652,recon_00100.tiff,130417,1,random_forest,3,0.0,1.0,1,1.0,0.5,1
19915,recon_00100.tiff,170596,1,random_forest,3,0.09416666666666668,0.9058333333333333,1,0.9058333333333333,0.4058333333333333,1
20207,recon_00100.tiff,176934,1,random_forest,3,0.09532380952380953,0.9046761904761904,1,0.9046761904761904,0.40467619047619047,1
20214,recon_00100.tiff,177070,1,random_forest,3,0.0116,0.9884,1,0.9884,0.4884,1
20219,recon_00100.tiff,177345,1,random_forest,3,0.023233333333333335,0.9767666666666667,1,0.9767666666666667,0.47676666666666667,1
20299,recon_00100.tiff,179243,1,random_forest,3,0.027133333333333332,0.9728666666666667,1,0.9728666666666667,0.47286666666666666,1
21930,recon_00100.tiff,213480,1,random_forest,3,0.19988571428571428,0.8001142857142858,1,0.8001142857142858,0.3001142857142857,1
25293,recon_00086.tiff,40996,1,random_forest,3,0.09969523809523806,0.9003047619047619,1,0.9003047619047619,0.40030476190476194,1
25321,recon_00086.tiff,41254,1,random_forest,3,0.18964523809523812,0.8103547619047619,1,0.8103547619047619,0.31035476190476186,1
4200,recon_00026.tiff,58496,2,dense_fc,3,0.9947519898414612,0.005248010158538818,2,0.9947519898414612,0.4947519898414612,1
4466,recon_00026.tiff,64637,2,dense_fc,3,0.9902300238609314,0.009769976139068604,2,0.9902300238609314,0.4902300238609314,1
4946,recon_00026.tiff,75307,1,dense_fc,3,0.00011919497046619654,0.9998807907104492,1,0.9998807907104492,0.4998807907104492,1
5094,recon_00026.tiff,77767,2,dense_fc,3,0.03862445801496506,0.9613755345344543,1,0.9613755345344543,0.46137553453445435,0
5121,recon_00026.tiff,78578,2,dense_fc,3,0.8639699220657349,0.13603007793426514,2,0.8639699220657349,0.36396992206573486,1
5389,recon_00026.tiff,84385,2,dense_fc,3,0.9974363446235657,0.002563655376434326,2,0.9974363446235657,0.4974363446235657,1
5404,recon_00026.tiff,84779,2,dense_fc,3,0.9994687438011169,0.0005312561988830566,2,0.9994687438011169,0.49946874380111694,1
5426,recon_00026.tiff,85233,2,dense_fc,3,0.9976080656051636,0.0023919343948364258,2,0.9976080656051636,0.4976080656051636,1
5512,recon_00026.tiff,87719,2,dense_fc,3,0.9988865256309509,0.0011134743690490723,2,0.9988865256309509,0.4988865256309509,1
5629,recon_00026.tiff,89433,2,dense_fc,3,0.9986705780029297,0.0013294219970703125,2,0.9986705780029297,0.4986705780029297,1
5654,recon_00026.tiff,89813,2,dense_fc,3,0.9903546571731567,0.009645342826843262,2,0.9903546571731567,0.49035465717315674,1
5680,recon_00026.tiff,90179,2,dense_fc,3,0.9663181900978088,0.03368180990219116,2,0.9663181900978088,0.46631819009780884,1
5758,recon_00026.tiff,92256,2,dense_fc,3,0.948864758014679,0.051135241985321045,2,0.948864758014679,0.44886475801467896,1
5806,recon_00026.tiff,92994,2,dense_fc,3,0.9652209877967834,0.03477901220321655,2,0.9652209877967834,0.46522098779678345,1
5959,recon_00026.tiff,95599,2,dense_fc,3,0.991929292678833,0.008070707321166992,2,0.991929292678833,0.491929292678833,1
7956,recon_00026.tiff,158250,1,dense_fc,3,1.3789078366244212e-05,0.9999862313270569,1,0.9999862313270569,0.4999862015247345,1
7968,recon_00026.tiff,158460,1,dense_fc,3,9.266566962651268e-07,0.9999990463256836,1,0.9999990463256836,0.499999076128006,1
8002,recon_00026.tiff,159224,2,dense_fc,3,0.9983194470405579,0.0016805529594421387,2,0.9983194470405579,0.49831944704055786,1
8003,recon_00026.tiff,159225,1,dense_fc,3,0.00027186365332454443,0.9997281432151794,1,0.9997281432151794,0.49972814321517944,1
8027,recon_00026.tiff,159692,1,dense_fc,3,6.370251412590733e-06,0.999993622303009,1,0.999993622303009,0.49999362230300903,1
8051,recon_00026.tiff,160801,1,dense_fc,3,1.1613012247835286e-05,0.9999883770942688,1,0.9999883770942688,0.4999883770942688,1
8068,recon_00026.tiff,161095,2,dense_fc,3,0.9973053932189941,0.0026946067810058594,2,0.9973053932189941,0.49730539321899414,1
8072,recon_00026.tiff,161185,1,dense_fc,3,3.472907701507211e-05,0.999965250492096,1,0.999965250492096,0.49996528029441833,1
8078,recon_00026.tiff,161378,2,dense_fc,3,0.987633228302002,0.012366771697998047,2,0.987633228302002,0.48763322830200195,1
8083,recon_00026.tiff,161475,1,dense_fc,3,2.9775146686006337e-06,0.9999970197677612,1,0.9999970197677612,0.49999701976776123,1
8104,recon_00026.tiff,161748,2,dense_fc,3,0.9920781254768372,0.007921874523162842,2,0.9920781254768372,0.49207812547683716,1
8105,recon_00026.tiff,161749,1,dense_fc,3,0.0001210873742820695,0.9998788833618164,1,0.9998788833618164,0.4998789131641388,1
8569,recon_00026.tiff,176316,1,dense_fc,3,3.0930143566365587e-06,0.9999969005584717,1,0.9999969005584717,0.4999969005584717,1
8604,recon_00026.tiff,177590,2,dense_fc,3,0.9980950951576233,0.001904904842376709,2,0.9980950951576233,0.4980950951576233,1
8621,recon_00026.tiff,178437,1,dense_fc,3,2.1389266746663083e-10,1.0,1,1.0,0.5,1
8753,recon_00026.tiff,181905,2,dense_fc,3,0.9973478317260742,0.0026521682739257812,2,0.9973478317260742,0.4973478317260742,1
8770,recon_00026.tiff,182245,1,dense_fc,3,1.6776679956365115e-07,0.9999998211860657,1,0.9999998211860657,0.4999998211860657,1
8797,recon_00026.tiff,182847,1,dense_fc,3,4.485859239622414e-09,1.0,1,1.0,0.5,1
8852,recon_00026.tiff,184242,1,dense_fc,3,9.239758469448134e-07,0.9999990463256836,1,0.9999990463256836,0.499999076128006,1
8897,recon_00026.tiff,185634,1,dense_fc,3,8.877606205714983e-09,1.0,1,1.0,0.5,1
8966,recon_00026.tiff,187146,1,dense_fc,3,1.4540638630933245e-06,0.9999985694885254,1,0.9999985694885254,0.499998539686203,1
8992,recon_00026.tiff,187627,1,dense_fc,3,1.820668899199518e-06,0.999998152256012,1,0.999998152256012,0.49999818205833435,1
8993,recon_00026.tiff,187628,1,dense_fc,3,1.223883191414643e-05,0.999987781047821,1,0.999987781047821,0.49998775124549866,1
9032,recon_00026.tiff,188462,1,dense_fc,3,3.530603578383307e-07,0.9999996423721313,1,0.9999996423721313,0.49999964237213135,1
9087,recon_00026.tiff,189610,1,dense_fc,3,4.982439349987544e-07,0.9999995231628418,1,0.9999995231628418,0.4999994933605194,1
9101,recon_00026.tiff,189771,1,dense_fc,3,1.688407223809918e-06,0.9999983310699463,1,0.9999983310699463,0.4999983012676239,1
9250,recon_00026.tiff,192873,1,dense_fc,3,2.368288733123336e-06,0.999997615814209,1,0.999997615814209,0.49999764561653137,1
9271,recon_00026.tiff,193132,1,dense_fc,3,1.5668307185023878e-07,0.9999998211860657,1,0.9999998211860657,0.49999985098838806,1
9341,recon_00026.tiff,194073,1,dense_fc,3,1.8303421001064635e-09,1.0,1,1.0,0.5,1
9385,recon_00026.tiff,194866,1,dense_fc,3,3.5806658615911147e-07,0.9999996423721313,1,0.9999996423721313,0.49999964237213135,1
9390,recon_00026.tiff,194959,1,dense_fc,3,5.954583457423723e-07,0.9999994039535522,1,0.9999994039535522,0.49999940395355225,1
9411,recon_00026.tiff,195205,1,dense_fc,3,1.603421515028458e-05,0.9999839663505554,1,0.9999839663505554,0.4999839663505554,1
9420,recon_00026.tiff,195283,1,dense_fc,3,4.997180894861231e-06,0.9999949932098389,1,0.9999949932098389,0.49999499320983887,1
9436,recon_00026.tiff,195546,1,dense_fc,3,5.314640247888747e-07,0.999999463558197,1,0.999999463558197,0.499999463558197,1
9440,recon_00026.tiff,195560,1,dense_fc,3,3.1401227715832647e-06,0.9999968409538269,1,0.9999968409538269,0.4999968707561493,1
9445,recon_00026.tiff,195635,1,dense_fc,3,5.414976840256713e-07,0.999999463558197,1,0.999999463558197,0.499999463558197,1
9691,recon_00026.tiff,199563,1,dense_fc,3,5.769396071997335e-11,1.0,1,1.0,0.5,1
11453,recon_00026.tiff,238184,1,dense_fc,3,0.0013162355171516538,0.998683750629425,1,0.998683750629425,0.49868375062942505,1
12470,recon_00100.tiff,15644,2,dense_fc,3,0.9138477444648743,0.08615225553512573,2,0.9138477444648743,0.41384774446487427,1
13957,recon_00100.tiff,32368,1,dense_fc,3,0.4308870732784271,0.5691128969192505,1,0.5691128969192505,0.06911292672157288,1
14883,recon_00100.tiff,44225,2,dense_fc,3,0.9782946705818176,0.021705329418182373,2,0.9782946705818176,0.4782946705818176,1
17650,recon_00100.tiff,104513,1,dense_fc,3,0.00040857738349586725,0.9995914101600647,1,0.9995914101600647,0.4995914101600647,1
17708,recon_00100.tiff,106032,1,dense_fc,3,0.00086636480409652,0.9991336464881897,1,0.9991336464881897,0.4991336464881897,1
17733,recon_00100.tiff,106562,1,dense_fc,3,3.352414205437526e-05,0.9999665021896362,1,0.9999665021896362,0.49996647238731384,1
17968,recon_00100.tiff,112632,1,dense_fc,3,2.2760306819691323e-05,0.9999772310256958,1,0.9999772310256958,0.4999772310256958,1
18073,recon_00100.tiff,114484,1,dense_fc,3,0.0002825004339683801,0.9997174739837646,1,0.9997174739837646,0.49971750378608704,1
18321,recon_00100.tiff,120269,1,dense_fc,3,0.0008280210895463824,0.9991719722747803,1,0.9991719722747803,0.4991719722747803,1
18652,recon_00100.tiff,130417,1,dense_fc,3,1.4136937807052163e-06,0.9999985694885254,1,0.9999985694885254,0.4999985992908478,1
19915,recon_00100.tiff,170596,1,dense_fc,3,5.584076643572189e-05,0.9999441504478455,1,0.9999441504478455,0.49994415044784546,1
20207,recon_00100.tiff,176934,1,dense_fc,3,4.111226007808e-05,0.999958872795105,1,0.999958872795105,0.49995890259742737,1
20214,recon_00100.tiff,177070,1,dense_fc,3,4.539087058219593e-06,0.9999954700469971,1,0.9999954700469971,0.49999547004699707,1
20219,recon_00100.tiff,177345,1,dense_fc,3,6.125137588242069e-06,0.9999938607215881,1,0.9999938607215881,0.49999386072158813,1
20299,recon_00100.tiff,179243,1,dense_fc,3,4.987989450455643e-05,0.999950110912323,1,0.999950110912323,0.499950110912323,1
21930,recon_00100.tiff,213480,1,dense_fc,3,0.00559900002554059,0.9944009780883789,1,0.9944009780883789,0.4944010078907013,1
25293,recon_00086.tiff,40996,1,dense_fc,3,7.743333085841186e-09,1.0,1,1.0,0.5,1
25321,recon_00086.tiff,41254,1,dense_fc,3,2.9388376177053033e-08,1.0,1,1.0,0.4999999701976776,1
4200,recon_00026.tiff,58496,2,cnn2,3,0.689470648765564,0.31052935123443604,2,0.689470648765564,0.18947064876556396,1
4466,recon_00026.tiff,64637,2,cnn2,3,0.5866079926490784,0.41339200735092163,2,0.5866079926490784,0.08660799264907837,1
4946,recon_00026.tiff,75307,1,cnn2,3,0.21810433268547058,0.781895637512207,1,0.781895637512207,0.2818956673145294,1
5094,recon_00026.tiff,77767,2,cnn2,3,0.5992626547813416,0.40073734521865845,2,0.5992626547813416,0.09926265478134155,1
5121,recon_00026.tiff,78578,2,cnn2,3,0.5236241817474365,0.4763758182525635,2,0.5236241817474365,0.023624181747436523,1
5389,recon_00026.tiff,84385,2,cnn2,3,0.5930140614509583,0.40698593854904175,2,0.5930140614509583,0.09301406145095825,1
5404,recon_00026.tiff,84779,2,cnn2,3,0.7656537890434265,0.2343462109565735,2,0.7656537890434265,0.2656537890434265,1
5426,recon_00026.tiff,85233,2,cnn2,3,0.6967494487762451,0.3032505512237549,2,0.6967494487762451,0.19674944877624512,1
5512,recon_00026.tiff,87719,2,cnn2,3,0.605245053768158,0.39475494623184204,2,0.605245053768158,0.10524505376815796,1
5629,recon_00026.tiff,89433,2,cnn2,3,0.7616149187088013,0.23838508129119873,2,0.7616149187088013,0.26161491870880127,1
5654,recon_00026.tiff,89813,2,cnn2,3,0.4736207127571106,0.5263792872428894,1,0.5263792872428894,0.026379287242889404,0
5680,recon_00026.tiff,90179,2,cnn2,3,0.5737395286560059,0.42626047134399414,2,0.5737395286560059,0.07373952865600586,1
5758,recon_00026.tiff,92256,2,cnn2,3,0.19161653518676758,0.8083834648132324,1,0.8083834648132324,0.3083834648132324,0
5806,recon_00026.tiff,92994,2,cnn2,3,0.5636836290359497,0.4363163709640503,2,0.5636836290359497,0.06368362903594971,1
5959,recon_00026.tiff,95599,2,cnn2,3,0.42388564348220825,0.5761143565177917,1,0.5761143565177917,0.07611435651779175,0
7956,recon_00026.tiff,158250,1,cnn2,3,0.30340561270713806,0.6965943574905396,1,0.6965943574905396,0.19659438729286194,1
7968,recon_00026.tiff,158460,1,cnn2,3,0.386583536863327,0.6134164333343506,1,0.6134164333343506,0.11341646313667297,1
8002,recon_00026.tiff,159224,2,cnn2,3,0.6138732433319092,0.3861267566680908,2,0.6138732433319092,0.11387324333190918,1
8003,recon_00026.tiff,159225,1,cnn2,3,0.27574947476387024,0.7242505550384521,1,0.7242505550384521,0.22425052523612976,1
8027,recon_00026.tiff,159692,1,cnn2,3,0.21855096518993378,0.781449019908905,1,0.781449019908905,0.28144901990890503,1
8051,recon_00026.tiff,160801,1,cnn2,3,0.4861893057823181,0.5138106942176819,1,0.5138106942176819,0.013810694217681885,1
8068,recon_00026.tiff,161095,2,cnn2,3,0.6700634956359863,0.32993650436401367,2,0.6700634956359863,0.17006349563598633,1
8072,recon_00026.tiff,161185,1,cnn2,3,0.44681259989738464,0.553187370300293,1,0.553187370300293,0.053187400102615356,1
8078,recon_00026.tiff,161378,2,cnn2,3,0.6581194996833801,0.3418805003166199,2,0.6581194996833801,0.15811949968338013,1
8083,recon_00026.tiff,161475,1,cnn2,3,0.33437052369117737,0.665629506111145,1,0.665629506111145,0.16562947630882263,1
8104,recon_00026.tiff,161748,2,cnn2,3,0.5929368734359741,0.4070631265640259,2,0.5929368734359741,0.09293687343597412,1
8105,recon_00026.tiff,161749,1,cnn2,3,0.4529685080051422,0.5470315217971802,1,0.5470315217971802,0.04703149199485779,1
8569,recon_00026.tiff,176316,1,cnn2,3,0.4680222272872925,0.5319777727127075,1,0.5319777727127075,0.03197777271270752,1
8604,recon_00026.tiff,177590,2,cnn2,3,0.5733357071876526,0.4266642928123474,2,0.5733357071876526,0.07333570718765259,1
8621,recon_00026.tiff,178437,1,cnn2,3,0.7190592288970947,0.2809407711029053,2,0.7190592288970947,0.21905922889709473,0
8753,recon_00026.tiff,181905,2,cnn2,3,0.4425146281719208,0.5574853420257568,1,0.5574853420257568,0.057485371828079224,0
8770,recon_00026.tiff,182245,1,cnn2,3,0.519033670425415,0.48096632957458496,2,0.519033670425415,0.01903367042541504,0
8797,recon_00026.tiff,182847,1,cnn2,3,0.6654636859893799,0.3345363140106201,2,0.6654636859893799,0.16546368598937988,0
8852,recon_00026.tiff,184242,1,cnn2,3,0.6227232813835144,0.3772767186164856,2,0.6227232813835144,0.1227232813835144,0
8897,recon_00026.tiff,185634,1,cnn2,3,0.7772586941719055,0.22274130582809448,2,0.7772586941719055,0.2772586941719055,0
8966,recon_00026.tiff,187146,1,cnn2,3,0.5825762748718262,0.41742372512817383,2,0.5825762748718262,0.08257627487182617,0
8992,recon_00026.tiff,187627,1,cnn2,3,0.2688141465187073,0.7311858534812927,1,0.7311858534812927,0.23118585348129272,1
8993,recon_00026.tiff,187628,1,cnn2,3,0.17321361601352692,0.8267863988876343,1,0.8267863988876343,0.3267863988876343,1
9032,recon_00026.tiff,188462,1,cnn2,3,0.2504991888999939,0.7495008111000061,1,0.7495008111000061,0.2495008111000061,1
9087,recon_00026.tiff,189610,1,cnn2,3,0.35446131229400635,0.6455386877059937,1,0.6455386877059937,0.14553868770599365,1
9101,recon_00026.tiff,189771,1,cnn2,3,0.41017547249794006,0.5898245573043823,1,0.5898245573043823,0.08982452750205994,1
9250,recon_00026.tiff,192873,1,cnn2,3,0.562333881855011,0.437666118144989,2,0.562333881855011,0.062333881855010986,0
9271,recon_00026.tiff,193132,1,cnn2,3,0.22103257477283478,0.7789674401283264,1,0.7789674401283264,0.2789674401283264,1
9341,recon_00026.tiff,194073,1,cnn2,3,0.6488127708435059,0.35118722915649414,2,0.6488127708435059,0.14881277084350586,0
9385,recon_00026.tiff,194866,1,cnn2,3,0.21174916625022888,0.7882508039474487,1,0.7882508039474487,0.2882508337497711,1
9390,recon_00026.tiff,194959,1,cnn2,3,0.5188460946083069,0.4811539053916931,2,0.5188460946083069,0.018846094608306885,0
9411,recon_00026.tiff,195205,1,cnn2,3,0.483547180891037,0.5164527893066406,1,0.5164527893066406,0.016452819108963013,1
9420,recon_00026.tiff,195283,1,cnn2,3,0.44865381717681885,0.5513461828231812,1,0.5513461828231812,0.05134618282318115,1
9436,recon_00026.tiff,195546,1,cnn2,3,0.33912089467048645,0.6608791351318359,1,0.6608791351318359,0.16087910532951355,1
9440,recon_00026.tiff,195560,1,cnn2,3,0.4683331251144409,0.5316668748855591,1,0.5316668748855591,0.03166687488555908,1
9445,recon_00026.tiff,195635,1,cnn2,3,0.2864219844341278,0.7135779857635498,1,0.7135779857635498,0.2135780155658722,1
9691,recon_00026.tiff,199563,1,cnn2,3,0.6760241985321045,0.3239758014678955,2,0.6760241985321045,0.1760241985321045,0
11453,recon_00026.tiff,238184,1,cnn2,3,0.6867114901542664,0.31328850984573364,2,0.6867114901542664,0.18671149015426636,0
12470,recon_00100.tiff,15644,2,cnn2,3,0.3928552269935608,0.6071447730064392,1,0.6071447730064392,0.10714477300643921,0
13957,recon_00100.tiff,32368,1,cnn2,3,0.4011553227901459,0.5988446474075317,1,0.5988446474075317,0.09884467720985413,1
14883,recon_00100.tiff,44225,2,cnn2,3,0.5967965722084045,0.40320342779159546,2,0.5967965722084045,0.09679657220840454,1
17650,recon_00100.tiff,104513,1,cnn2,3,0.24509498476982117,0.7549049854278564,1,0.7549049854278564,0.25490501523017883,1
17708,recon_00100.tiff,106032,1,cnn2,3,0.1103106290102005,0.8896893858909607,1,0.8896893858909607,0.3896893858909607,1
17733,recon_00100.tiff,106562,1,cnn2,3,0.14406214654445648,0.8559378385543823,1,0.8559378385543823,0.3559378385543823,1
17968,recon_00100.tiff,112632,1,cnn2,3,0.16302916407585144,0.8369708061218262,1,0.8369708061218262,0.33697083592414856,1
18073,recon_00100.tiff,114484,1,cnn2,3,0.11875417083501816,0.8812458515167236,1,0.8812458515167236,0.38124582171440125,1
18321,recon_00100.tiff,120269,1,cnn2,3,0.13538260757923126,0.8646174073219299,1,0.8646174073219299,0.36461740732192993,1
18652,recon_00100.tiff,130417,1,cnn2,3,0.1882714331150055,0.8117285966873169,1,0.8117285966873169,0.3117285668849945,1
19915,recon_00100.tiff,170596,1,cnn2,3,0.2123999446630478,0.787600040435791,1,0.787600040435791,0.287600040435791,1
20207,recon_00100.tiff,176934,1,cnn2,3,0.25012561678886414,0.7498743534088135,1,0.7498743534088135,0.24987438321113586,1
20214,recon_00100.tiff,177070,1,cnn2,3,0.2519797086715698,0.7480202913284302,1,0.7480202913284302,0.24802029132843018,1
20219,recon_00100.tiff,177345,1,cnn2,3,0.3318028450012207,0.6681971549987793,1,0.6681971549987793,0.1681971549987793,1
20299,recon_00100.tiff,179243,1,cnn2,3,0.22102412581443787,0.7789758443832397,1,0.7789758443832397,0.27897587418556213,1
21930,recon_00100.tiff,213480,1,cnn2,3,0.6897047758102417,0.3102952241897583,2,0.6897047758102417,0.1897047758102417,0
25293,recon_00086.tiff,40996,1,cnn2,3,0.567371129989624,0.432628870010376,2,0.567371129989624,0.06737112998962402,0
25321,recon_00086.tiff,41254,1,cnn2,3,0.704409122467041,0.295590877532959,2,0.704409122467041,0.20440912246704102,0
4200,recon_00026.tiff,58496,2,cnn3,3,0.9525116086006165,0.047488391399383545,2,0.9525116086006165,0.45251160860061646,1
4466,recon_00026.tiff,64637,2,cnn3,3,0.973818302154541,0.026181697845458984,2,0.973818302154541,0.473818302154541,1
4946,recon_00026.tiff,75307,1,cnn3,3,0.09273121505975723,0.907268762588501,1,0.907268762588501,0.40726879239082336,1
5094,recon_00026.tiff,77767,2,cnn3,3,0.9478740096092224,0.05212599039077759,2,0.9478740096092224,0.4478740096092224,1
5121,recon_00026.tiff,78578,2,cnn3,3,0.8612081408500671,0.13879185914993286,2,0.8612081408500671,0.36120814085006714,1
5389,recon_00026.tiff,84385,2,cnn3,3,0.9829760789871216,0.017023921012878418,2,0.9829760789871216,0.4829760789871216,1
5404,recon_00026.tiff,84779,2,cnn3,3,0.9747920632362366,0.025207936763763428,2,0.9747920632362366,0.4747920632362366,1
5426,recon_00026.tiff,85233,2,cnn3,3,0.9871323108673096,0.01286768913269043,2,0.9871323108673096,0.48713231086730957,1
5512,recon_00026.tiff,87719,2,cnn3,3,0.9953778982162476,0.004622101783752441,2,0.9953778982162476,0.49537789821624756,1
5629,recon_00026.tiff,89433,2,cnn3,3,0.9490869045257568,0.050913095474243164,2,0.9490869045257568,0.44908690452575684,1
5654,recon_00026.tiff,89813,2,cnn3,3,0.9698799252510071,0.03012007474899292,2,0.9698799252510071,0.4698799252510071,1
5680,recon_00026.tiff,90179,2,cnn3,3,0.942698061466217,0.05730193853378296,2,0.942698061466217,0.44269806146621704,1
5758,recon_00026.tiff,92256,2,cnn3,3,0.08464621752500534,0.9153537750244141,1,0.9153537750244141,0.41535377502441406,0
5806,recon_00026.tiff,92994,2,cnn3,3,0.8097856640815735,0.1902143359184265,2,0.8097856640815735,0.3097856640815735,1
5959,recon_00026.tiff,95599,2,cnn3,3,0.7802746295928955,0.2197253704071045,2,0.7802746295928955,0.2802746295928955,1
7956,recon_00026.tiff,158250,1,cnn3,3,0.012558246962726116,0.9874417781829834,1,0.9874417781829834,0.487441748380661,1
7968,recon_00026.tiff,158460,1,cnn3,3,0.010853107087314129,0.989146888256073,1,0.989146888256073,0.489146888256073,1
8002,recon_00026.tiff,159224,2,cnn3,3,0.920175313949585,0.07982468605041504,2,0.920175313949585,0.42017531394958496,1
8003,recon_00026.tiff,159225,1,cnn3,3,0.0027310834266245365,0.9972689151763916,1,0.9972689151763916,0.4972689151763916,1
8027,recon_00026.tiff,159692,1,cnn3,3,0.009959825314581394,0.9900401830673218,1,0.9900401830673218,0.4900401830673218,1
8051,recon_00026.tiff,160801,1,cnn3,3,0.05722774192690849,0.9427722692489624,1,0.9427722692489624,0.4427722692489624,1
8068,recon_00026.tiff,161095,2,cnn3,3,0.8991011381149292,0.1008988618850708,2,0.8991011381149292,0.3991011381149292,1
8072,recon_00026.tiff,161185,1,cnn3,3,0.033879682421684265,0.9661203026771545,1,0.9661203026771545,0.46612030267715454,1
8078,recon_00026.tiff,161378,2,cnn3,3,0.897834837436676,0.10216516256332397,2,0.897834837436676,0.397834837436676,1
8083,recon_00026.tiff,161475,1,cnn3,3,0.009668933227658272,0.9903310537338257,1,0.9903310537338257,0.4903310537338257,1
8104,recon_00026.tiff,161748,2,cnn3,3,0.8861726522445679,0.11382734775543213,2,0.8861726522445679,0.38617265224456787,1
8105,recon_00026.tiff,161749,1,cnn3,3,0.03326210752129555,0.9667378664016724,1,0.9667378664016724,0.46673789620399475,1
8569,recon_00026.tiff,176316,1,cnn3,3,0.04927866905927658,0.9507213234901428,1,0.9507213234901428,0.4507213234901428,1
8604,recon_00026.tiff,177590,2,cnn3,3,0.9713985323905945,0.028601467609405518,2,0.9713985323905945,0.4713985323905945,1
8621,recon_00026.tiff,178437,1,cnn3,3,0.009388504549860954,0.9906114935874939,1,0.9906114935874939,0.4906114935874939,1
8753,recon_00026.tiff,181905,2,cnn3,3,0.11372758448123932,0.8862724304199219,1,0.8862724304199219,0.3862724304199219,0
8770,recon_00026.tiff,182245,1,cnn3,3,0.26870298385620117,0.7312970161437988,1,0.7312970161437988,0.23129701614379883,1
8797,recon_00026.tiff,182847,1,cnn3,3,0.06268443167209625,0.9373155832290649,1,0.9373155832290649,0.43731558322906494,1
8852,recon_00026.tiff,184242,1,cnn3,3,0.06800607591867447,0.9319939017295837,1,0.9319939017295837,0.43199393153190613,1
8897,recon_00026.tiff,185634,1,cnn3,3,0.004702427890151739,0.9952975511550903,1,0.9952975511550903,0.4952975809574127,1
8966,recon_00026.tiff,187146,1,cnn3,3,0.17275917530059814,0.8272408246994019,1,0.8272408246994019,0.32724082469940186,1
8992,recon_00026.tiff,187627,1,cnn3,3,0.007061082869768143,0.9929389357566833,1,0.9929389357566833,0.49293890595436096,1
8993,recon_00026.tiff,187628,1,cnn3,3,0.0241833608597517,0.9758166670799255,1,0.9758166670799255,0.47581663727760315,1
9032,recon_00026.tiff,188462,1,cnn3,3,0.024110548198223114,0.9758894443511963,1,0.9758894443511963,0.4758894443511963,1
9087,recon_00026.tiff,189610,1,cnn3,3,0.00495422538369894,0.9950457811355591,1,0.9950457811355591,0.4950457811355591,1
9101,recon_00026.tiff,189771,1,cnn3,3,0.002740629017353058,0.9972593784332275,1,0.9972593784332275,0.49725937843322754,1
9250,recon_00026.tiff,192873,1,cnn3,3,0.3178362548351288,0.6821637153625488,1,0.6821637153625488,0.18216374516487122,1
9271,recon_00026.tiff,193132,1,cnn3,3,0.0836709588766098,0.916329026222229,1,0.916329026222229,0.416329026222229,1
9341,recon_00026.tiff,194073,1,cnn3,3,0.04945947974920273,0.9505405426025391,1,0.9505405426025391,0.4505405128002167,1
9385,recon_00026.tiff,194866,1,cnn3,3,0.014341559261083603,0.9856584668159485,1,0.9856584668159485,0.4856584370136261,1
9390,recon_00026.tiff,194959,1,cnn3,3,0.01677866093814373,0.9832213521003723,1,0.9832213521003723,0.4832213521003723,1
9411,recon_00026.tiff,195205,1,cnn3,3,0.021749164909124374,0.9782508611679077,1,0.9782508611679077,0.4782508313655853,1
9420,recon_00026.tiff,195283,1,cnn3,3,0.014872497878968716,0.9851275086402893,1,0.9851275086402893,0.4851275086402893,1
9436,recon_00026.tiff,195546,1,cnn3,3,0.012907246127724648,0.9870927333831787,1,0.9870927333831787,0.4870927631855011,1
9440,recon_00026.tiff,195560,1,cnn3,3,0.6209539771080017,0.3790460228919983,2,0.6209539771080017,0.12095397710800171,0
9445,recon_00026.tiff,195635,1,cnn3,3,0.008228366263210773,0.9917716383934021,1,0.9917716383934021,0.4917716383934021,1
9691,recon_00026.tiff,199563,1,cnn3,3,0.014917501248419285,0.9850825071334839,1,0.9850825071334839,0.4850825071334839,1
11453,recon_00026.tiff,238184,1,cnn3,3,0.013555045239627361,0.9864449501037598,1,0.9864449501037598,0.48644495010375977,1
12470,recon_00100.tiff,15644,2,cnn3,3,0.36028948426246643,0.639710545539856,1,0.639710545539856,0.13971051573753357,0
13957,recon_00100.tiff,32368,1,cnn3,3,0.05241144075989723,0.9475885629653931,1,0.9475885629653931,0.44758856296539307,1
14883,recon_00100.tiff,44225,2,cnn3,3,0.871839702129364,0.128160297870636,2,0.871839702129364,0.371839702129364,1
17650,recon_00100.tiff,104513,1,cnn3,3,0.12943275272846222,0.870567262172699,1,0.870567262172699,0.370567262172699,1
17708,recon_00100.tiff,106032,1,cnn3,3,0.008648796938359737,0.9913511872291565,1,0.9913511872291565,0.4913512170314789,1
17733,recon_00100.tiff,106562,1,cnn3,3,0.04612595960497856,0.9538740515708923,1,0.9538740515708923,0.45387405157089233,1
17968,recon_00100.tiff,112632,1,cnn3,3,0.0678013265132904,0.9321986436843872,1,0.9321986436843872,0.4321986734867096,1
18073,recon_00100.tiff,114484,1,cnn3,3,0.006334907375276089,0.9936650991439819,1,0.9936650991439819,0.49366509914398193,1
18321,recon_00100.tiff,120269,1,cnn3,3,0.00948746595531702,0.9905125498771667,1,0.9905125498771667,0.49051252007484436,1
18652,recon_00100.tiff,130417,1,cnn3,3,0.10429035872220993,0.8957096338272095,1,0.8957096338272095,0.3957096338272095,1
19915,recon_00100.tiff,170596,1,cnn3,3,0.04895024001598358,0.9510497450828552,1,0.9510497450828552,0.4510497450828552,1
20207,recon_00100.tiff,176934,1,cnn3,3,0.0435248427093029,0.9564751386642456,1,0.9564751386642456,0.456475168466568,1
20214,recon_00100.tiff,177070,1,cnn3,3,0.08706490695476532,0.9129350781440735,1,0.9129350781440735,0.4129350781440735,1
20219,recon_00100.tiff,177345,1,cnn3,3,0.15914152562618256,0.8408584594726562,1,0.8408584594726562,0.34085845947265625,1
20299,recon_00100.tiff,179243,1,cnn3,3,0.024537956342101097,0.975462019443512,1,0.975462019443512,0.47546204924583435,1
21930,recon_00100.tiff,213480,1,cnn3,3,0.017954939976334572,0.98204505443573,1,0.98204505443573,0.48204505443573,1
25293,recon_00086.tiff,40996,1,cnn3,3,0.3310018479824066,0.668998122215271,1,0.668998122215271,0.16899815201759338,1
25321,recon_00086.tiff,41254,1,cnn3,3,0.19303159415721893,0.8069683909416199,1,0.8069683909416199,0.3069683909416199,1
4323,recon_00026.tiff,61341,2,random_forest,4,0.998,0.0020000000000000018,2,0.998,0.498,1
4363,recon_00026.tiff,62289,2,random_forest,4,0.6446380952380952,0.35536190476190477,2,0.6446380952380952,0.14463809523809523,1
4395,recon_00026.tiff,62926,2,random_forest,4,0.3762666666666667,0.6237333333333333,1,0.6237333333333333,0.1237333333333333,0
4462,recon_00026.tiff,64458,2,random_forest,4,0.7223317460317461,0.2776682539682539,2,0.7223317460317461,0.2223317460317461,1
4468,recon_00026.tiff,64640,2,random_forest,4,0.4953809523809523,0.5046190476190477,1,0.5046190476190477,0.004619047619047689,0
4692,recon_00026.tiff,69972,2,random_forest,4,0.9956666666666666,0.004333333333333411,2,0.9956666666666666,0.4956666666666666,1
4858,recon_00026.tiff,73483,1,random_forest,4,0.022433333333333333,0.9775666666666667,1,0.9775666666666667,0.4775666666666667,1
4870,recon_00026.tiff,73678,1,random_forest,4,0.09663968253968253,0.9033603174603175,1,0.9033603174603175,0.4033603174603175,1
4877,recon_00026.tiff,73773,1,random_forest,4,0.06746349206349207,0.9325365079365079,1,0.9325365079365079,0.43253650793650794,1
4886,recon_00026.tiff,73927,1,random_forest,4,0.022999999999999996,0.977,1,0.977,0.477,1
4987,recon_00026.tiff,76074,2,random_forest,4,0.7313952380952382,0.2686047619047618,2,0.7313952380952382,0.2313952380952382,1
5445,recon_00026.tiff,85780,1,random_forest,4,0.056933333333333336,0.9430666666666667,1,0.9430666666666667,0.44306666666666666,1
5485,recon_00026.tiff,86969,2,random_forest,4,0.9966666666666666,0.0033333333333334103,2,0.9966666666666666,0.4966666666666666,1
5935,recon_00026.tiff,94863,2,random_forest,4,0.9933333333333334,0.006666666666666599,2,0.9933333333333334,0.4933333333333334,1
5995,recon_00026.tiff,96929,1,random_forest,4,0.055766666666666666,0.9442333333333334,1,0.9442333333333334,0.4442333333333333,1
6040,recon_00026.tiff,98130,2,random_forest,4,0.9854666666666667,0.014533333333333287,2,0.9854666666666667,0.4854666666666667,1
7949,recon_00026.tiff,158168,2,random_forest,4,0.999,0.0010000000000000009,2,0.999,0.499,1
7967,recon_00026.tiff,158459,2,random_forest,4,0.8751666666666669,0.12483333333333313,2,0.8751666666666669,0.37516666666666687,1
7974,recon_00026.tiff,158549,2,random_forest,4,0.8824000000000003,0.1175999999999997,2,0.8824000000000003,0.3824000000000003,1
7976,recon_00026.tiff,158551,1,random_forest,4,0.0016666666666666666,0.9983333333333333,1,0.9983333333333333,0.49833333333333335,1
8045,recon_00026.tiff,160427,2,random_forest,4,0.959066666666667,0.040933333333333044,2,0.959066666666667,0.45906666666666696,1
8053,recon_00026.tiff,160804,2,random_forest,4,0.9979333333333333,0.002066666666666661,2,0.9979333333333333,0.49793333333333334,1
8064,recon_00026.tiff,161014,1,random_forest,4,0.0045,0.9955,1,0.9955,0.4955,1
8074,recon_00026.tiff,161187,1,random_forest,4,0.04050000000000001,0.9595,1,0.9595,0.4595,1
8076,recon_00026.tiff,161281,2,random_forest,4,0.9993333333333333,0.0006666666666667043,2,0.9993333333333333,0.4993333333333333,1
8081,recon_00026.tiff,161381,1,random_forest,4,0.03916666666666666,0.9608333333333333,1,0.9608333333333333,0.4608333333333333,1
8084,recon_00026.tiff,161476,1,random_forest,4,0.015666666666666666,0.9843333333333333,1,0.9843333333333333,0.48433333333333334,1
8094,recon_00026.tiff,161561,2,random_forest,4,0.9973333333333334,0.002666666666666595,2,0.9973333333333334,0.4973333333333334,1
8102,recon_00026.tiff,161746,2,random_forest,4,0.9893666666666667,0.010633333333333272,2,0.9893666666666667,0.4893666666666667,1
8110,recon_00026.tiff,161838,1,random_forest,4,0.006333333333333333,0.9936666666666667,1,0.9936666666666667,0.49366666666666664,1
8116,recon_00026.tiff,161935,2,random_forest,4,1.0,0.0,2,1.0,0.5,1
8117,recon_00026.tiff,161936,2,random_forest,4,0.9973333333333333,0.002666666666666706,2,0.9973333333333333,0.4973333333333333,1
8130,recon_00026.tiff,162232,2,random_forest,4,0.999,0.0010000000000000009,2,0.999,0.499,1
8484,recon_00026.tiff,173448,1,random_forest,4,0.04488095238095239,0.9551190476190476,1,0.9551190476190476,0.4551190476190476,1
8803,recon_00026.tiff,183029,1,random_forest,4,0.04471190476190477,0.9552880952380952,1,0.9552880952380952,0.4552880952380952,1
9065,recon_00026.tiff,189202,1,random_forest,4,0.0,1.0,1,1.0,0.5,1
9210,recon_00026.tiff,192369,1,random_forest,4,0.0,1.0,1,1.0,0.5,1
9222,recon_00026.tiff,192545,1,random_forest,4,0.0225,0.9775,1,0.9775,0.4775,1
9257,recon_00026.tiff,192950,1,random_forest,4,0.0,1.0,1,1.0,0.5,1
9272,recon_00026.tiff,193136,1,random_forest,4,0.040633333333333334,0.9593666666666667,1,0.9593666666666667,0.45936666666666665,1
9296,recon_00026.tiff,193475,1,random_forest,4,0.011,0.989,1,0.989,0.489,1
9325,recon_00026.tiff,193834,1,random_forest,4,0.008166666666666666,0.9918333333333333,1,0.9918333333333333,0.49183333333333334,1
9340,recon_00026.tiff,194067,1,random_forest,4,0.008266666666666665,0.9917333333333334,1,0.9917333333333334,0.49173333333333336,1
9394,recon_00026.tiff,195026,1,random_forest,4,0.0256,0.9744,1,0.9744,0.4744,1
9395,recon_00026.tiff,195027,1,random_forest,4,0.0016,0.9984,1,0.9984,0.4984,1
9403,recon_00026.tiff,195114,1,random_forest,4,0.0139,0.9861,1,0.9861,0.4861,1
9404,recon_00026.tiff,195115,1,random_forest,4,0.0026666666666666666,0.9973333333333333,1,0.9973333333333333,0.49733333333333335,1
9419,recon_00026.tiff,195282,1,random_forest,4,0.0005,0.9995,1,0.9995,0.4995,1
9444,recon_00026.tiff,195634,1,random_forest,4,0.0,1.0,1,1.0,0.5,1
11460,recon_00100.tiff,63,1,random_forest,4,0.17950238095238097,0.820497619047619,1,0.820497619047619,0.32049761904761903,1
12704,recon_00100.tiff,17988,1,random_forest,4,0.5107706349206349,0.4892293650793651,2,0.5107706349206349,0.010770634920634903,0
14690,recon_00100.tiff,41571,1,random_forest,4,0.23539523809523805,0.764604761904762,1,0.764604761904762,0.26460476190476195,1
14872,recon_00100.tiff,44146,1,random_forest,4,0.08471666666666666,0.9152833333333333,1,0.9152833333333333,0.41528333333333334,1
17621,recon_00100.tiff,103719,1,random_forest,4,0.2316238095238095,0.7683761904761905,1,0.7683761904761905,0.2683761904761905,1
17655,recon_00100.tiff,104669,1,random_forest,4,0.1687666666666667,0.8312333333333333,1,0.8312333333333333,0.33123333333333327,1
17807,recon_00100.tiff,109175,1,random_forest,4,0.0,1.0,1,1.0,0.5,1
17897,recon_00100.tiff,111017,1,random_forest,4,0.005933333333333333,0.9940666666666667,1,0.9940666666666667,0.49406666666666665,1
17956,recon_00100.tiff,112483,1,random_forest,4,0.0,1.0,1,1.0,0.5,1
18137,recon_00100.tiff,115835,1,random_forest,4,0.052166666666666674,0.9478333333333333,1,0.9478333333333333,0.4478333333333333,1
18867,recon_00100.tiff,136153,1,random_forest,4,0.0066,0.9934,1,0.9934,0.4934,1
18899,recon_00100.tiff,136864,2,random_forest,4,0.9834666666666667,0.01653333333333329,2,0.9834666666666667,0.4834666666666667,1
18930,recon_00100.tiff,137915,1,random_forest,4,0.007,0.993,1,0.993,0.493,1
19017,recon_00100.tiff,140687,1,random_forest,4,0.005833333333333333,0.9941666666666666,1,0.9941666666666666,0.49416666666666664,1
19793,recon_00100.tiff,166739,1,random_forest,4,0.022933333333333333,0.9770666666666666,1,0.9770666666666666,0.47706666666666664,1
19855,recon_00100.tiff,168394,1,random_forest,4,0.024599999999999997,0.9754,1,0.9754,0.4754,1
19870,recon_00100.tiff,169044,1,random_forest,4,0.032600000000000004,0.9674,1,0.9674,0.4674,1
20049,recon_00100.tiff,174010,1,random_forest,4,0.011933333333333334,0.9880666666666666,1,0.9880666666666666,0.48806666666666665,1
20177,recon_00100.tiff,176476,1,random_forest,4,0.029766666666666667,0.9702333333333333,1,0.9702333333333333,0.47023333333333334,1
20210,recon_00100.tiff,176997,1,random_forest,4,0.011666666666666665,0.9883333333333333,1,0.9883333333333333,0.48833333333333334,1
25232,recon_00086.tiff,40567,1,random_forest,4,0.48452857142857136,0.5154714285714286,1,0.5154714285714286,0.015471428571428636,1
25302,recon_00086.tiff,41072,1,random_forest,4,0.11856666666666667,0.8814333333333333,1,0.8814333333333333,0.38143333333333335,1
4323,recon_00026.tiff,61341,2,dense_fc,4,0.9962024092674255,0.003797590732574463,2,0.9962024092674255,0.49620240926742554,1
4363,recon_00026.tiff,62289,2,dense_fc,4,0.946922779083252,0.05307722091674805,2,0.946922779083252,0.44692277908325195,1
4395,recon_00026.tiff,62926,2,dense_fc,4,0.23884619772434235,0.7611538171768188,1,0.7611538171768188,0.26115381717681885,0
4462,recon_00026.tiff,64458,2,dense_fc,4,0.9732518792152405,0.02674812078475952,2,0.9732518792152405,0.4732518792152405,1
4468,recon_00026.tiff,64640,2,dense_fc,4,0.8100072145462036,0.1899927854537964,2,0.8100072145462036,0.3100072145462036,1
4692,recon_00026.tiff,69972,2,dense_fc,4,0.9969037175178528,0.003096282482147217,2,0.9969037175178528,0.4969037175178528,1
4858,recon_00026.tiff,73483,1,dense_fc,4,0.0011852482566609979,0.9988147616386414,1,0.9988147616386414,0.49881476163864136,1
4870,recon_00026.tiff,73678,1,dense_fc,4,0.0037654850166291,0.9962345361709595,1,0.9962345361709595,0.4962345063686371,1
4877,recon_00026.tiff,73773,1,dense_fc,4,8.571122975808976e-07,0.9999991655349731,1,0.9999991655349731,0.49999913573265076,1
4886,recon_00026.tiff,73927,1,dense_fc,4,0.0016584747936576605,0.9983415007591248,1,0.9983415007591248,0.49834153056144714,1
4987,recon_00026.tiff,76074,2,dense_fc,4,0.9999440908432007,5.5909156799316406e-05,2,0.9999440908432007,0.4999440908432007,1
5445,recon_00026.tiff,85780,1,dense_fc,4,0.02076748199760914,0.9792324900627136,1,0.9792324900627136,0.479232519865036,1
5485,recon_00026.tiff,86969,2,dense_fc,4,0.9979350566864014,0.002064943313598633,2,0.9979350566864014,0.49793505668640137,1
5935,recon_00026.tiff,94863,2,dense_fc,4,0.9999141693115234,8.58306884765625e-05,2,0.9999141693115234,0.49991416931152344,1
5995,recon_00026.tiff,96929,1,dense_fc,4,0.0007584705599583685,0.9992415308952332,1,0.9992415308952332,0.49924153089523315,1
6040,recon_00026.tiff,98130,2,dense_fc,4,0.9994266033172607,0.0005733966827392578,2,0.9994266033172607,0.49942660331726074,1
7949,recon_00026.tiff,158168,2,dense_fc,4,0.999821126461029,0.00017887353897094727,2,0.999821126461029,0.49982112646102905,1
7967,recon_00026.tiff,158459,2,dense_fc,4,0.999935507774353,6.449222564697266e-05,2,0.999935507774353,0.499935507774353,1
7974,recon_00026.tiff,158549,2,dense_fc,4,0.9999760389328003,2.396106719970703e-05,2,0.9999760389328003,0.4999760389328003,1
7976,recon_00026.tiff,158551,1,dense_fc,4,0.004609696567058563,0.9953902959823608,1,0.9953902959823608,0.49539029598236084,1
8045,recon_00026.tiff,160427,2,dense_fc,4,0.9997219443321228,0.00027805566787719727,2,0.9997219443321228,0.4997219443321228,1
8053,recon_00026.tiff,160804,2,dense_fc,4,0.9998370409011841,0.00016295909881591797,2,0.9998370409011841,0.4998370409011841,1
8064,recon_00026.tiff,161014,1,dense_fc,4,0.0067549897357821465,0.993245005607605,1,0.993245005607605,0.493245005607605,1
8074,recon_00026.tiff,161187,1,dense_fc,4,0.013905157335102558,0.9860948324203491,1,0.9860948324203491,0.4860948324203491,1
8076,recon_00026.tiff,161281,2,dense_fc,4,0.9997784495353699,0.00022155046463012695,2,0.9997784495353699,0.4997784495353699,1
8081,recon_00026.tiff,161381,1,dense_fc,4,0.001508258399553597,0.9984917640686035,1,0.9984917640686035,0.49849173426628113,1
8084,recon_00026.tiff,161476,1,dense_fc,4,0.002767727244645357,0.9972322583198547,1,0.9972322583198547,0.49723225831985474,1
8094,recon_00026.tiff,161561,2,dense_fc,4,0.9997666478157043,0.0002333521842956543,2,0.9997666478157043,0.49976664781570435,1
8102,recon_00026.tiff,161746,2,dense_fc,4,0.9989259839057922,0.0010740160942077637,2,0.9989259839057922,0.49892598390579224,1
8110,recon_00026.tiff,161838,1,dense_fc,4,0.0009085052879527211,0.9990915060043335,1,0.9990915060043335,0.4990915060043335,1
8116,recon_00026.tiff,161935,2,dense_fc,4,0.9984643459320068,0.001535654067993164,2,0.9984643459320068,0.49846434593200684,1
8117,recon_00026.tiff,161936,2,dense_fc,4,0.9997342228889465,0.0002657771110534668,2,0.9997342228889465,0.49973422288894653,1
8130,recon_00026.tiff,162232,2,dense_fc,4,0.9988372921943665,0.001162707805633545,2,0.9988372921943665,0.49883729219436646,1
8484,recon_00026.tiff,173448,1,dense_fc,4,0.0007903248770162463,0.9992097020149231,1,0.9992097020149231,0.4992096722126007,1
8803,recon_00026.tiff,183029,1,dense_fc,4,6.129924940978526e-07,0.9999994039535522,1,0.9999994039535522,0.49999937415122986,1
9065,recon_00026.tiff,189202,1,dense_fc,4,0.00040761276613920927,0.9995923638343811,1,0.9995923638343811,0.4995923936367035,1
9210,recon_00026.tiff,192369,1,dense_fc,4,0.0002505522279534489,0.9997494220733643,1,0.9997494220733643,0.49974945187568665,1
9222,recon_00026.tiff,192545,1,dense_fc,4,0.00034678183146752417,0.9996532201766968,1,0.9996532201766968,0.4996532201766968,1
9257,recon_00026.tiff,192950,1,dense_fc,4,0.005194392520934343,0.994805634021759,1,0.994805634021759,0.49480560421943665,1
9272,recon_00026.tiff,193136,1,dense_fc,4,0.0001053650485118851,0.9998946189880371,1,0.9998946189880371,0.4998946487903595,1
9296,recon_00026.tiff,193475,1,dense_fc,4,0.0006233191234059632,0.999376654624939,1,0.999376654624939,0.49937668442726135,1
9325,recon_00026.tiff,193834,1,dense_fc,4,0.0023502949625253677,0.9976497292518616,1,0.9976497292518616,0.4976496994495392,1
9340,recon_00026.tiff,194067,1,dense_fc,4,0.011310075409710407,0.9886898994445801,1,0.9886898994445801,0.48868992924690247,1
9394,recon_00026.tiff,195026,1,dense_fc,4,1.4350992387335282e-05,0.9999856352806091,1,0.9999856352806091,0.49998563528060913,1
9395,recon_00026.tiff,195027,1,dense_fc,4,0.0005188783397898078,0.9994811415672302,1,0.9994811415672302,0.49948111176490784,1
9403,recon_00026.tiff,195114,1,dense_fc,4,8.661585161462426e-05,0.9999133944511414,1,0.9999133944511414,0.49991339445114136,1
9404,recon_00026.tiff,195115,1,dense_fc,4,0.00011887137225130573,0.9998811483383179,1,0.9998811483383179,0.4998811185359955,1
9419,recon_00026.tiff,195282,1,dense_fc,4,0.00010293668310623616,0.9998970627784729,1,0.9998970627784729,0.4998970627784729,1
9444,recon_00026.tiff,195634,1,dense_fc,4,0.000186918317922391,0.9998130798339844,1,0.9998130798339844,0.4998130798339844,1
11460,recon_00100.tiff,63,1,dense_fc,4,0.45158302783966064,0.5484169721603394,1,0.5484169721603394,0.048416972160339355,1
12704,recon_00100.tiff,17988,1,dense_fc,4,0.0018294662004336715,0.9981705546379089,1,0.9981705546379089,0.49817052483558655,1
14690,recon_00100.tiff,41571,1,dense_fc,4,0.14460915327072144,0.8553908467292786,1,0.8553908467292786,0.35539084672927856,1
14872,recon_00100.tiff,44146,1,dense_fc,4,0.006455249153077602,0.9935447573661804,1,0.9935447573661804,0.4935447573661804,1
17621,recon_00100.tiff,103719,1,dense_fc,4,0.15874899923801422,0.841251015663147,1,0.841251015663147,0.341251015663147,1
17655,recon_00100.tiff,104669,1,dense_fc,4,0.006067351903766394,0.9939326643943787,1,0.9939326643943787,0.4939326345920563,1
17807,recon_00100.tiff,109175,1,dense_fc,4,0.00587256345897913,0.9941274523735046,1,0.9941274523735046,0.49412742257118225,1
17897,recon_00100.tiff,111017,1,dense_fc,4,0.009625985287129879,0.9903740286827087,1,0.9903740286827087,0.49037402868270874,1
17956,recon_00100.tiff,112483,1,dense_fc,4,0.0009587757522240281,0.9990411996841431,1,0.9990411996841431,0.49904122948646545,1
18137,recon_00100.tiff,115835,1,dense_fc,4,0.009060314856469631,0.9909396767616272,1,0.9909396767616272,0.4909396767616272,1
18867,recon_00100.tiff,136153,1,dense_fc,4,0.0037150064017623663,0.9962850213050842,1,0.9962850213050842,0.49628499150276184,1
18899,recon_00100.tiff,136864,2,dense_fc,4,0.9998161196708679,0.00018388032913208008,2,0.9998161196708679,0.4998161196708679,1
18930,recon_00100.tiff,137915,1,dense_fc,4,0.0012892680242657661,0.9987107515335083,1,0.9987107515335083,0.4987107217311859,1
19017,recon_00100.tiff,140687,1,dense_fc,4,0.002713416935876012,0.9972865581512451,1,0.9972865581512451,0.4972865879535675,1
19793,recon_00100.tiff,166739,1,dense_fc,4,0.006569403223693371,0.9934306144714355,1,0.9934306144714355,0.49343058466911316,1
19855,recon_00100.tiff,168394,1,dense_fc,4,0.0019549198914319277,0.9980450868606567,1,0.9980450868606567,0.49804508686065674,1
19870,recon_00100.tiff,169044,1,dense_fc,4,0.002701205899938941,0.9972987771034241,1,0.9972987771034241,0.49729880690574646,1
20049,recon_00100.tiff,174010,1,dense_fc,4,0.0022211188916116953,0.9977788925170898,1,0.9977788925170898,0.49777889251708984,1
20177,recon_00100.tiff,176476,1,dense_fc,4,0.00036861811531707644,0.999631404876709,1,0.999631404876709,0.4996313750743866,1
20210,recon_00100.tiff,176997,1,dense_fc,4,0.0015684171812608838,0.9984315633773804,1,0.9984315633773804,0.49843159317970276,1
25232,recon_00086.tiff,40567,1,dense_fc,4,0.6671680212020874,0.3328319787979126,2,0.6671680212020874,0.1671680212020874,0
25302,recon_00086.tiff,41072,1,dense_fc,4,0.000342075974913314,0.999657928943634,1,0.999657928943634,0.49965792894363403,1
4323,recon_00026.tiff,61341,2,cnn2,4,0.742275059223175,0.25772494077682495,2,0.742275059223175,0.24227505922317505,1
4363,recon_00026.tiff,62289,2,cnn2,4,0.13485310971736908,0.8651468753814697,1,0.8651468753814697,0.3651468753814697,0
4395,recon_00026.tiff,62926,2,cnn2,4,0.32579174637794495,0.6742082834243774,1,0.6742082834243774,0.17420825362205505,0
4462,recon_00026.tiff,64458,2,cnn2,4,0.40661704540252686,0.5933829545974731,1,0.5933829545974731,0.09338295459747314,0
4468,recon_00026.tiff,64640,2,cnn2,4,0.17643117904663086,0.8235688209533691,1,0.8235688209533691,0.32356882095336914,0
4692,recon_00026.tiff,69972,2,cnn2,4,0.6181502342224121,0.3818497657775879,2,0.6181502342224121,0.11815023422241211,1
4858,recon_00026.tiff,73483,1,cnn2,4,0.15142250061035156,0.8485774993896484,1,0.8485774993896484,0.34857749938964844,1
4870,recon_00026.tiff,73678,1,cnn2,4,0.5546209216117859,0.4453790783882141,2,0.5546209216117859,0.05462092161178589,0
4877,recon_00026.tiff,73773,1,cnn2,4,0.6154496073722839,0.38455039262771606,2,0.6154496073722839,0.11544960737228394,0
4886,recon_00026.tiff,73927,1,cnn2,4,0.1402738392353058,0.8597261905670166,1,0.8597261905670166,0.3597261607646942,1
4987,recon_00026.tiff,76074,2,cnn2,4,0.6164040565490723,0.38359594345092773,2,0.6164040565490723,0.11640405654907227,1
5445,recon_00026.tiff,85780,1,cnn2,4,0.5091397166252136,0.4908602833747864,2,0.5091397166252136,0.009139716625213623,0
5485,recon_00026.tiff,86969,2,cnn2,4,0.6028391718864441,0.3971608281135559,2,0.6028391718864441,0.10283917188644409,1
5935,recon_00026.tiff,94863,2,cnn2,4,0.8384833335876465,0.16151666641235352,2,0.8384833335876465,0.3384833335876465,1
5995,recon_00026.tiff,96929,1,cnn2,4,0.568371057510376,0.431628942489624,2,0.568371057510376,0.06837105751037598,0
6040,recon_00026.tiff,98130,2,cnn2,4,0.774163007736206,0.22583699226379395,2,0.774163007736206,0.27416300773620605,1
7949,recon_00026.tiff,158168,2,cnn2,4,0.7006526589393616,0.2993473410606384,2,0.7006526589393616,0.20065265893936157,1
7967,recon_00026.tiff,158459,2,cnn2,4,0.7149025797843933,0.2850974202156067,2,0.7149025797843933,0.2149025797843933,1
7974,recon_00026.tiff,158549,2,cnn2,4,0.6876675486564636,0.3123324513435364,2,0.6876675486564636,0.18766754865646362,1
7976,recon_00026.tiff,158551,1,cnn2,4,0.417706161737442,0.5822938680648804,1,0.5822938680648804,0.08229383826255798,1
8045,recon_00026.tiff,160427,2,cnn2,4,0.6660492420196533,0.3339507579803467,2,0.6660492420196533,0.16604924201965332,1
8053,recon_00026.tiff,160804,2,cnn2,4,0.6794370412826538,0.3205629587173462,2,0.6794370412826538,0.1794370412826538,1
8064,recon_00026.tiff,161014,1,cnn2,4,0.49620094895362854,0.5037990808486938,1,0.5037990808486938,0.00379905104637146,1
8074,recon_00026.tiff,161187,1,cnn2,4,0.46321815252304077,0.5367818474769592,1,0.5367818474769592,0.03678184747695923,1
8076,recon_00026.tiff,161281,2,cnn2,4,0.7173425555229187,0.2826574444770813,2,0.7173425555229187,0.2173425555229187,1
8081,recon_00026.tiff,161381,1,cnn2,4,0.37572693824768066,0.6242730617523193,1,0.6242730617523193,0.12427306175231934,1
8084,recon_00026.tiff,161476,1,cnn2,4,0.3485798239707947,0.6514201760292053,1,0.6514201760292053,0.15142017602920532,1
8094,recon_00026.tiff,161561,2,cnn2,4,0.712492048740387,0.28750795125961304,2,0.712492048740387,0.21249204874038696,1
8102,recon_00026.tiff,161746,2,cnn2,4,0.7582058906555176,0.24179410934448242,2,0.7582058906555176,0.2582058906555176,1
8110,recon_00026.tiff,161838,1,cnn2,4,0.3431228995323181,0.6568771004676819,1,0.6568771004676819,0.15687710046768188,1
8116,recon_00026.tiff,161935,2,cnn2,4,0.6670547723770142,0.33294522762298584,2,0.6670547723770142,0.16705477237701416,1
8117,recon_00026.tiff,161936,2,cnn2,4,0.7035196423530579,0.29648035764694214,2,0.7035196423530579,0.20351964235305786,1
8130,recon_00026.tiff,162232,2,cnn2,4,0.6777182221412659,0.32228177785873413,2,0.6777182221412659,0.17771822214126587,1
8484,recon_00026.tiff,173448,1,cnn2,4,0.49292993545532227,0.5070700645446777,1,0.5070700645446777,0.007070064544677734,1
8803,recon_00026.tiff,183029,1,cnn2,4,0.6242393255233765,0.37576067447662354,2,0.6242393255233765,0.12423932552337646,0
9065,recon_00026.tiff,189202,1,cnn2,4,0.4244620203971863,0.5755379796028137,1,0.5755379796028137,0.07553797960281372,1
9210,recon_00026.tiff,192369,1,cnn2,4,0.2222350835800171,0.7777649164199829,1,0.7777649164199829,0.2777649164199829,1
9222,recon_00026.tiff,192545,1,cnn2,4,0.09909824281930923,0.900901734828949,1,0.900901734828949,0.40090176463127136,1
9257,recon_00026.tiff,192950,1,cnn2,4,0.2789364457130432,0.7210635542869568,1,0.7210635542869568,0.2210635542869568,1
9272,recon_00026.tiff,193136,1,cnn2,4,0.6252105832099915,0.37478941679000854,2,0.6252105832099915,0.12521058320999146,0
9296,recon_00026.tiff,193475,1,cnn2,4,0.08710332214832306,0.9128966927528381,1,0.9128966927528381,0.41289669275283813,1
9325,recon_00026.tiff,193834,1,cnn2,4,0.2487654834985733,0.7512345314025879,1,0.7512345314025879,0.2512345314025879,1
9340,recon_00026.tiff,194067,1,cnn2,4,0.2767970860004425,0.7232029438018799,1,0.7232029438018799,0.2232029139995575,1
9394,recon_00026.tiff,195026,1,cnn2,4,0.340484619140625,0.659515380859375,1,0.659515380859375,0.159515380859375,1
9395,recon_00026.tiff,195027,1,cnn2,4,0.13117621839046478,0.868823766708374,1,0.868823766708374,0.368823766708374,1
9403,recon_00026.tiff,195114,1,cnn2,4,0.22980070114135742,0.7701992988586426,1,0.7701992988586426,0.2701992988586426,1
9404,recon_00026.tiff,195115,1,cnn2,4,0.6071637868881226,0.39283621311187744,2,0.6071637868881226,0.10716378688812256,0
9419,recon_00026.tiff,195282,1,cnn2,4,0.15253758430480957,0.8474624156951904,1,0.8474624156951904,0.34746241569519043,1
9444,recon_00026.tiff,195634,1,cnn2,4,0.23529186844825745,0.7647081613540649,1,0.7647081613540649,0.26470813155174255,1
11460,recon_00100.tiff,63,1,cnn2,4,0.7046191096305847,0.2953808903694153,2,0.7046191096305847,0.20461910963058472,0
12704,recon_00100.tiff,17988,1,cnn2,4,0.8326087594032288,0.16739124059677124,2,0.8326087594032288,0.33260875940322876,0
14690,recon_00100.tiff,41571,1,cnn2,4,0.6405923366546631,0.3594076633453369,2,0.6405923366546631,0.14059233665466309,0
14872,recon_00100.tiff,44146,1,cnn2,4,0.5848642587661743,0.4151357412338257,2,0.5848642587661743,0.08486425876617432,0
17621,recon_00100.tiff,103719,1,cnn2,4,0.06606113165616989,0.9339388608932495,1,0.9339388608932495,0.4339388608932495,1
17655,recon_00100.tiff,104669,1,cnn2,4,0.26242440938949585,0.7375755906105042,1,0.7375755906105042,0.23757559061050415,1
17807,recon_00100.tiff,109175,1,cnn2,4,0.026533642783761024,0.9734663367271423,1,0.9734663367271423,0.4734663665294647,1
17897,recon_00100.tiff,111017,1,cnn2,4,0.06445296108722687,0.9355470538139343,1,0.9355470538139343,0.4355470538139343,1
17956,recon_00100.tiff,112483,1,cnn2,4,0.05945170670747757,0.940548300743103,1,0.940548300743103,0.440548300743103,1
18137,recon_00100.tiff,115835,1,cnn2,4,0.09959907084703445,0.9004009366035461,1,0.9004009366035461,0.40040093660354614,1
18867,recon_00100.tiff,136153,1,cnn2,4,0.07908958941698074,0.9209104180335999,1,0.9209104180335999,0.42091041803359985,1
18899,recon_00100.tiff,136864,2,cnn2,4,0.7424412965774536,0.2575587034225464,2,0.7424412965774536,0.2424412965774536,1
18930,recon_00100.tiff,137915,1,cnn2,4,0.14393940567970276,0.8560606241226196,1,0.8560606241226196,0.35606059432029724,1
19017,recon_00100.tiff,140687,1,cnn2,4,0.07515058666467667,0.9248493909835815,1,0.9248493909835815,0.42484942078590393,1
19793,recon_00100.tiff,166739,1,cnn2,4,0.09210097789764404,0.907899022102356,1,0.907899022102356,0.40789902210235596,1
19855,recon_00100.tiff,168394,1,cnn2,4,0.1066061332821846,0.893393874168396,1,0.893393874168396,0.393393874168396,1
19870,recon_00100.tiff,169044,1,cnn2,4,0.10439758002758026,0.8956024050712585,1,0.8956024050712585,0.39560240507125854,1
20049,recon_00100.tiff,174010,1,cnn2,4,0.11028823256492615,0.8897117376327515,1,0.8897117376327515,0.38971176743507385,1
20177,recon_00100.tiff,176476,1,cnn2,4,0.13172940909862518,0.8682705760002136,1,0.8682705760002136,0.3682705760002136,1
20210,recon_00100.tiff,176997,1,cnn2,4,0.10081798583269119,0.8991820216178894,1,0.8991820216178894,0.3991820216178894,1
25232,recon_00086.tiff,40567,1,cnn2,4,0.5755553245544434,0.42444467544555664,2,0.5755553245544434,0.07555532455444336,0
25302,recon_00086.tiff,41072,1,cnn2,4,0.5008310675621033,0.49916893243789673,2,0.5008310675621033,0.0008310675621032715,0
4323,recon_00026.tiff,61341,2,cnn3,4,0.9419315457344055,0.05806845426559448,2,0.9419315457344055,0.4419315457344055,1
4363,recon_00026.tiff,62289,2,cnn3,4,0.06522095203399658,0.9347790479660034,1,0.9347790479660034,0.4347790479660034,0
4395,recon_00026.tiff,62926,2,cnn3,4,0.33282580971717834,0.667174220085144,1,0.667174220085144,0.16717419028282166,0
4462,recon_00026.tiff,64458,2,cnn3,4,0.12869620323181152,0.8713037967681885,1,0.8713037967681885,0.3713037967681885,0
4468,recon_00026.tiff,64640,2,cnn3,4,0.1981373131275177,0.8018627166748047,1,0.8018627166748047,0.3018626868724823,0
4692,recon_00026.tiff,69972,2,cnn3,4,0.8934338092803955,0.10656619071960449,2,0.8934338092803955,0.3934338092803955,1
4858,recon_00026.tiff,73483,1,cnn3,4,0.03642551973462105,0.9635744690895081,1,0.9635744690895081,0.46357446908950806,1
4870,recon_00026.tiff,73678,1,cnn3,4,0.031731441617012024,0.9682685732841492,1,0.9682685732841492,0.46826857328414917,1
4877,recon_00026.tiff,73773,1,cnn3,4,0.25221186876296997,0.74778813123703,1,0.74778813123703,0.24778813123703003,1
4886,recon_00026.tiff,73927,1,cnn3,4,0.10507285594940186,0.8949271440505981,1,0.8949271440505981,0.39492714405059814,1
4987,recon_00026.tiff,76074,2,cnn3,4,0.8690935969352722,0.13090640306472778,2,0.8690935969352722,0.3690935969352722,1
5445,recon_00026.tiff,85780,1,cnn3,4,0.310369074344635,0.689630925655365,1,0.689630925655365,0.189630925655365,1
5485,recon_00026.tiff,86969,2,cnn3,4,0.8891681432723999,0.1108318567276001,2,0.8891681432723999,0.3891681432723999,1
5935,recon_00026.tiff,94863,2,cnn3,4,0.8780800700187683,0.12191992998123169,2,0.8780800700187683,0.3780800700187683,1
5995,recon_00026.tiff,96929,1,cnn3,4,0.38577497005462646,0.6142250299453735,1,0.6142250299453735,0.11422502994537354,1
6040,recon_00026.tiff,98130,2,cnn3,4,0.9668540954589844,0.033145904541015625,2,0.9668540954589844,0.4668540954589844,1
7949,recon_00026.tiff,158168,2,cnn3,4,0.9689898490905762,0.031010150909423828,2,0.9689898490905762,0.46898984909057617,1
7967,recon_00026.tiff,158459,2,cnn3,4,0.9483445286750793,0.051655471324920654,2,0.9483445286750793,0.44834452867507935,1
7974,recon_00026.tiff,158549,2,cnn3,4,0.8829556703567505,0.11704432964324951,2,0.8829556703567505,0.3829556703567505,1
7976,recon_00026.tiff,158551,1,cnn3,4,0.07343964278697968,0.9265603423118591,1,0.9265603423118591,0.42656034231185913,1
8045,recon_00026.tiff,160427,2,cnn3,4,0.9218947291374207,0.07810527086257935,2,0.9218947291374207,0.42189472913742065,1
8053,recon_00026.tiff,160804,2,cnn3,4,0.9732105731964111,0.026789426803588867,2,0.9732105731964111,0.47321057319641113,1
8064,recon_00026.tiff,161014,1,cnn3,4,0.13787269592285156,0.8621273040771484,1,0.8621273040771484,0.36212730407714844,1
8074,recon_00026.tiff,161187,1,cnn3,4,0.07323646545410156,0.9267635345458984,1,0.9267635345458984,0.42676353454589844,1
8076,recon_00026.tiff,161281,2,cnn3,4,0.9726232290267944,0.027376770973205566,2,0.9726232290267944,0.47262322902679443,1
8081,recon_00026.tiff,161381,1,cnn3,4,0.0444253645837307,0.955574631690979,1,0.955574631690979,0.455574631690979,1
8084,recon_00026.tiff,161476,1,cnn3,4,0.04732302948832512,0.9526769518852234,1,0.9526769518852234,0.4526769816875458,1
8094,recon_00026.tiff,161561,2,cnn3,4,0.9732353091239929,0.02676469087600708,2,0.9732353091239929,0.4732353091239929,1
8102,recon_00026.tiff,161746,2,cnn3,4,0.8690014481544495,0.13099855184555054,2,0.8690014481544495,0.36900144815444946,1
8110,recon_00026.tiff,161838,1,cnn3,4,0.17642439901828766,0.8235756158828735,1,0.8235756158828735,0.32357561588287354,1
8116,recon_00026.tiff,161935,2,cnn3,4,0.9141653776168823,0.08583462238311768,2,0.9141653776168823,0.4141653776168823,1
8117,recon_00026.tiff,161936,2,cnn3,4,0.9508069157600403,0.04919308423995972,2,0.9508069157600403,0.4508069157600403,1
8130,recon_00026.tiff,162232,2,cnn3,4,0.9262485504150391,0.07375144958496094,2,0.9262485504150391,0.42624855041503906,1
8484,recon_00026.tiff,173448,1,cnn3,4,0.17018508911132812,0.8298149108886719,1,0.8298149108886719,0.3298149108886719,1
8803,recon_00026.tiff,183029,1,cnn3,4,0.10433444380760193,0.8956655263900757,1,0.8956655263900757,0.39566555619239807,1
9065,recon_00026.tiff,189202,1,cnn3,4,0.12810347974300385,0.871896505355835,1,0.871896505355835,0.37189650535583496,1
9210,recon_00026.tiff,192369,1,cnn3,4,0.030594762414693832,0.9694052338600159,1,0.9694052338600159,0.46940523386001587,1
9222,recon_00026.tiff,192545,1,cnn3,4,0.06405233591794968,0.9359476566314697,1,0.9359476566314697,0.4359476566314697,1
9257,recon_00026.tiff,192950,1,cnn3,4,0.05025026202201843,0.9497497081756592,1,0.9497497081756592,0.44974973797798157,1
9272,recon_00026.tiff,193136,1,cnn3,4,0.12131944298744202,0.8786805868148804,1,0.8786805868148804,0.378680557012558,1
9296,recon_00026.tiff,193475,1,cnn3,4,0.04411710053682327,0.9558829069137573,1,0.9558829069137573,0.4558829069137573,1
9325,recon_00026.tiff,193834,1,cnn3,4,0.06733610481023788,0.9326639175415039,1,0.9326639175415039,0.4326638877391815,1
9340,recon_00026.tiff,194067,1,cnn3,4,0.047837045043706894,0.9521629810333252,1,0.9521629810333252,0.4521629512310028,1
9394,recon_00026.tiff,195026,1,cnn3,4,0.12359678000211716,0.8764032125473022,1,0.8764032125473022,0.37640321254730225,1
9395,recon_00026.tiff,195027,1,cnn3,4,0.03274775668978691,0.967252254486084,1,0.967252254486084,0.467252254486084,1
9403,recon_00026.tiff,195114,1,cnn3,4,0.0902394950389862,0.9097604751586914,1,0.9097604751586914,0.4097605049610138,1
9404,recon_00026.tiff,195115,1,cnn3,4,0.14354164898395538,0.8564583659172058,1,0.8564583659172058,0.3564583659172058,1
9419,recon_00026.tiff,195282,1,cnn3,4,0.06415467709302902,0.9358453154563904,1,0.9358453154563904,0.4358453154563904,1
9444,recon_00026.tiff,195634,1,cnn3,4,0.07110578566789627,0.9288942217826843,1,0.9288942217826843,0.4288942217826843,1
11460,recon_00100.tiff,63,1,cnn3,4,0.23680251836776733,0.7631974816322327,1,0.7631974816322327,0.26319748163223267,1
12704,recon_00100.tiff,17988,1,cnn3,4,0.19648005068302155,0.8035199642181396,1,0.8035199642181396,0.30351996421813965,1
14690,recon_00100.tiff,41571,1,cnn3,4,0.4415019750595093,0.5584980249404907,1,0.5584980249404907,0.05849802494049072,1
14872,recon_00100.tiff,44146,1,cnn3,4,0.3512214720249176,0.6487785577774048,1,0.6487785577774048,0.1487785279750824,1
17621,recon_00100.tiff,103719,1,cnn3,4,0.08015817403793335,0.9198418259620667,1,0.9198418259620667,0.41984182596206665,1
17655,recon_00100.tiff,104669,1,cnn3,4,0.3869484066963196,0.6130515933036804,1,0.6130515933036804,0.11305159330368042,1
17807,recon_00100.tiff,109175,1,cnn3,4,0.012626958079636097,0.9873730540275574,1,0.9873730540275574,0.4873730540275574,1
17897,recon_00100.tiff,111017,1,cnn3,4,0.011038918979465961,0.9889611005783081,1,0.9889611005783081,0.4889610707759857,1
17956,recon_00100.tiff,112483,1,cnn3,4,0.06266964226961136,0.9373303651809692,1,0.9373303651809692,0.43733036518096924,1
18137,recon_00100.tiff,115835,1,cnn3,4,0.06793534755706787,0.9320646524429321,1,0.9320646524429321,0.43206465244293213,1
18867,recon_00100.tiff,136153,1,cnn3,4,0.046967748552560806,0.9530322551727295,1,0.9530322551727295,0.4530322551727295,1
18899,recon_00100.tiff,136864,2,cnn3,4,0.9361777901649475,0.06382220983505249,2,0.9361777901649475,0.4361777901649475,1
18930,recon_00100.tiff,137915,1,cnn3,4,0.23448117077350616,0.765518844127655,1,0.765518844127655,0.26551884412765503,1
19017,recon_00100.tiff,140687,1,cnn3,4,0.06502149254083633,0.9349784851074219,1,0.9349784851074219,0.43497851490974426,1
19793,recon_00100.tiff,166739,1,cnn3,4,0.04749075323343277,0.9525092244148254,1,0.9525092244148254,0.4525092542171478,1
19855,recon_00100.tiff,168394,1,cnn3,4,0.07762547582387924,0.9223745465278625,1,0.9223745465278625,0.42237451672554016,1
19870,recon_00100.tiff,169044,1,cnn3,4,0.04728155955672264,0.9527184367179871,1,0.9527184367179871,0.45271843671798706,1
20049,recon_00100.tiff,174010,1,cnn3,4,0.06821154803037643,0.931788444519043,1,0.931788444519043,0.43178844451904297,1
20177,recon_00100.tiff,176476,1,cnn3,4,0.17791926860809326,0.8220807313919067,1,0.8220807313919067,0.32208073139190674,1
20210,recon_00100.tiff,176997,1,cnn3,4,0.14028461277484894,0.8597154021263123,1,0.8597154021263123,0.35971540212631226,1
25232,recon_00086.tiff,40567,1,cnn3,4,0.3429999053478241,0.6570000648498535,1,0.6570000648498535,0.1570000946521759,1
25302,recon_00086.tiff,41072,1,cnn3,4,0.2541157007217407,0.7458842992782593,1,0.7458842992782593,0.24588429927825928,1
4194,recon_00026.tiff,58401,2,random_forest,5,0.9993333333333334,0.0006666666666665932,2,0.9993333333333334,0.4993333333333334,1
4195,recon_00026.tiff,58402,2,random_forest,5,0.15146190476190474,0.8485380952380952,1,0.8485380952380952,0.34853809523809526,0
4236,recon_00026.tiff,59181,2,random_forest,5,0.23120476190476197,0.7687952380952381,1,0.7687952380952381,0.26879523809523803,0
4256,recon_00026.tiff,59557,2,random_forest,5,0.4858571428571427,0.5141428571428572,1,0.5141428571428572,0.01414285714285729,0
4400,recon_00026.tiff,63023,2,random_forest,5,0.16703968253968254,0.8329603174603175,1,0.8329603174603175,0.33296031746031746,0
4603,recon_00026.tiff,68487,2,random_forest,5,0.22466666666666668,0.7753333333333333,1,0.7753333333333333,0.2753333333333333,0
4934,recon_00026.tiff,75040,2,random_forest,5,0.9946666666666666,0.005333333333333412,2,0.9946666666666666,0.4946666666666666,1
4970,recon_00026.tiff,75786,1,random_forest,5,0.0864738095238095,0.9135261904761905,1,0.9135261904761905,0.4135261904761905,1
4994,recon_00026.tiff,76182,1,random_forest,5,0.1361619047619047,0.8638380952380953,1,0.8638380952380953,0.3638380952380953,1
5036,recon_00026.tiff,76740,1,random_forest,5,0.005,0.995,1,0.995,0.495,1
5037,recon_00026.tiff,76743,2,random_forest,5,1.0,0.0,2,1.0,0.5,1
5104,recon_00026.tiff,78117,1,random_forest,5,0.001,0.999,1,0.999,0.499,1
5427,recon_00026.tiff,85234,2,random_forest,5,1.0,0.0,2,1.0,0.5,1
5461,recon_00026.tiff,86184,2,random_forest,5,0.9896333333333335,0.010366666666666524,2,0.9896333333333335,0.4896333333333335,1
5748,recon_00026.tiff,91972,1,random_forest,5,0.033,0.967,1,0.967,0.46699999999999997,1
5898,recon_00026.tiff,94288,1,random_forest,5,0.09,0.91,1,0.91,0.41000000000000003,1
5974,recon_00026.tiff,95986,2,random_forest,5,0.5565349206349206,0.4434650793650794,2,0.5565349206349206,0.056534920634920605,1
7932,recon_00026.tiff,157893,2,random_forest,5,1.0,0.0,2,1.0,0.5,1
7933,recon_00026.tiff,157894,2,random_forest,5,1.0,0.0,2,1.0,0.5,1
7954,recon_00026.tiff,158248,2,random_forest,5,0.999,0.0010000000000000009,2,0.999,0.499,1
7975,recon_00026.tiff,158550,1,random_forest,5,0.0,1.0,1,1.0,0.5,1
7979,recon_00026.tiff,158646,1,random_forest,5,0.005333333333333333,0.9946666666666667,1,0.9946666666666667,0.49466666666666664,1
7997,recon_00026.tiff,159123,1,random_forest,5,0.11961428571428569,0.8803857142857143,1,0.8803857142857143,0.3803857142857143,1
7998,recon_00026.tiff,159125,1,random_forest,5,0.017133333333333334,0.9828666666666667,1,0.9828666666666667,0.48286666666666667,1
8019,recon_00026.tiff,159507,1,random_forest,5,0.006,0.994,1,0.994,0.494,1
8031,recon_00026.tiff,159871,1,random_forest,5,0.0,1.0,1,1.0,0.5,1
8048,recon_00026.tiff,160518,1,random_forest,5,0.03166666666666666,0.9683333333333334,1,0.9683333333333334,0.4683333333333333,1
8080,recon_00026.tiff,161380,1,random_forest,5,0.01576190476190476,0.9842380952380952,1,0.9842380952380952,0.48423809523809525,1
8082,recon_00026.tiff,161382,1,random_forest,5,0.0008,0.9992,1,0.9992,0.4992,1
8097,recon_00026.tiff,161659,1,random_forest,5,0.002466666666666667,0.9975333333333334,1,0.9975333333333334,0.4975333333333333,1
8103,recon_00026.tiff,161747,2,random_forest,5,0.9965,0.0034999999999999476,2,0.9965,0.49650000000000005,1
8579,recon_00026.tiff,176809,1,random_forest,5,0.22690238095238102,0.773097619047619,1,0.773097619047619,0.273097619047619,1
8627,recon_00026.tiff,178693,2,random_forest,5,0.6643777777777778,0.33562222222222216,2,0.6643777777777778,0.16437777777777784,1
8759,recon_00026.tiff,182088,1,random_forest,5,0.02766666666666667,0.9723333333333334,1,0.9723333333333334,0.4723333333333333,1
8771,recon_00026.tiff,182246,2,random_forest,5,0.9874444444444445,0.012555555555555542,2,0.9874444444444445,0.48744444444444446,1
8860,recon_00026.tiff,184413,2,random_forest,5,0.997,0.0030000000000000027,2,0.997,0.497,1
9056,recon_00026.tiff,189019,1,random_forest,5,0.002,0.998,1,0.998,0.498,1
9072,recon_00026.tiff,189364,1,random_forest,5,0.0,1.0,1,1.0,0.5,1
9093,recon_00026.tiff,189694,1,random_forest,5,0.010733333333333333,0.9892666666666666,1,0.9892666666666666,0.4892666666666667,1
9229,recon_00026.tiff,192625,1,random_forest,5,0.04903333333333333,0.9509666666666666,1,0.9509666666666666,0.4509666666666667,1
9319,recon_00026.tiff,193740,1,random_forest,5,0.07956666666666666,0.9204333333333333,1,0.9204333333333333,0.4204333333333333,1
9431,recon_00026.tiff,195473,1,random_forest,5,0.0013333333333333333,0.9986666666666667,1,0.9986666666666667,0.49866666666666665,1
9433,recon_00026.tiff,195475,1,random_forest,5,0.0182,0.9818,1,0.9818,0.4818,1
11459,recon_00100.tiff,0,1,random_forest,5,0.20090952380952384,0.7990904761904761,1,0.7990904761904761,0.29909047619047613,1
11874,recon_00100.tiff,10354,1,random_forest,5,0.06794285714285715,0.9320571428571428,1,0.9320571428571428,0.43205714285714286,1
12532,recon_00100.tiff,16226,2,random_forest,5,0.9432999999999998,0.056700000000000195,2,0.9432999999999998,0.4432999999999998,1
14941,recon_00100.tiff,44759,2,random_forest,5,0.9773333333333334,0.022666666666666613,2,0.9773333333333334,0.4773333333333334,1
15684,recon_00100.tiff,54486,1,random_forest,5,0.11410238095238091,0.8858976190476191,1,0.8858976190476191,0.3858976190476191,1
17608,recon_00100.tiff,103256,1,random_forest,5,0.010533333333333334,0.9894666666666667,1,0.9894666666666667,0.48946666666666666,1
17778,recon_00100.tiff,107777,1,random_forest,5,0.001,0.999,1,0.999,0.499,1
17831,recon_00100.tiff,109607,1,random_forest,5,0.012333333333333332,0.9876666666666667,1,0.9876666666666667,0.4876666666666667,1
17927,recon_00100.tiff,111593,1,random_forest,5,0.992,0.008000000000000007,2,0.992,0.492,0
17991,recon_00100.tiff,113085,1,random_forest,5,0.002,0.998,1,0.998,0.498,1
17998,recon_00100.tiff,113274,1,random_forest,5,0.0,1.0,1,1.0,0.5,1
18052,recon_00100.tiff,114211,1,random_forest,5,0.002,0.998,1,0.998,0.498,1
18309,recon_00100.tiff,119933,1,random_forest,5,0.18046666666666672,0.8195333333333332,1,0.8195333333333332,0.3195333333333333,1
18354,recon_00100.tiff,121321,1,random_forest,5,0.7424357142857145,0.25756428571428547,2,0.7424357142857145,0.24243571428571453,0
18355,recon_00100.tiff,121430,1,random_forest,5,0.015333333333333334,0.9846666666666667,1,0.9846666666666667,0.4846666666666667,1
18678,recon_00100.tiff,131241,1,random_forest,5,0.001,0.999,1,0.999,0.499,1
18896,recon_00100.tiff,136778,2,random_forest,5,0.998,0.0020000000000000018,2,0.998,0.498,1
18904,recon_00100.tiff,137125,1,random_forest,5,0.0,1.0,1,1.0,0.5,1
18964,recon_00100.tiff,138923,1,random_forest,5,0.004,0.996,1,0.996,0.496,1
18988,recon_00100.tiff,139651,1,random_forest,5,0.0298,0.9702,1,0.9702,0.4702,1
19788,recon_00100.tiff,166672,1,random_forest,5,0.21521666666666672,0.7847833333333333,1,0.7847833333333333,0.2847833333333333,1
19806,recon_00100.tiff,167061,1,random_forest,5,0.289902380952381,0.7100976190476189,1,0.7100976190476189,0.21009761904761898,1
20107,recon_00100.tiff,175139,1,random_forest,5,0.026266666666666667,0.9737333333333333,1,0.9737333333333333,0.47373333333333334,1
20331,recon_00100.tiff,179830,1,random_forest,5,0.028161904761904756,0.9718380952380953,1,0.9718380952380953,0.4718380952380952,1
20344,recon_00100.tiff,180188,1,random_forest,5,0.011000000000000001,0.989,1,0.989,0.489,1
20353,recon_00100.tiff,180436,1,random_forest,5,0.016566666666666667,0.9834333333333334,1,0.9834333333333334,0.4834333333333333,1
25019,recon_00086.tiff,38695,1,random_forest,5,0.16773968253968255,0.8322603174603175,1,0.8322603174603175,0.3322603174603175,1
31518,recon_00086.tiff,178698,2,random_forest,5,0.9567666666666668,0.043233333333333235,2,0.9567666666666668,0.45676666666666677,1
4194,recon_00026.tiff,58401,2,dense_fc,5,0.9809677004814148,0.019032299518585205,2,0.9809677004814148,0.4809677004814148,1
4195,recon_00026.tiff,58402,2,dense_fc,5,0.823903501033783,0.17609649896621704,2,0.823903501033783,0.32390350103378296,1
4236,recon_00026.tiff,59181,2,dense_fc,5,0.86488938331604,0.13511061668395996,2,0.86488938331604,0.36488938331604004,1
4256,recon_00026.tiff,59557,2,dense_fc,5,0.8082755208015442,0.1917244791984558,2,0.8082755208015442,0.3082755208015442,1
4400,recon_00026.tiff,63023,2,dense_fc,5,0.5923856496810913,0.4076143503189087,2,0.5923856496810913,0.09238564968109131,1
4603,recon_00026.tiff,68487,2,dense_fc,5,0.8195636868476868,0.18043631315231323,2,0.8195636868476868,0.31956368684768677,1
4934,recon_00026.tiff,75040,2,dense_fc,5,0.994758665561676,0.005241334438323975,2,0.994758665561676,0.494758665561676,1
4970,recon_00026.tiff,75786,1,dense_fc,5,1.1463313285275945e-06,0.9999988675117493,1,0.9999988675117493,0.49999886751174927,1
4994,recon_00026.tiff,76182,1,dense_fc,5,7.031653126432502e-07,0.9999992847442627,1,0.9999992847442627,0.4999992847442627,1
5036,recon_00026.tiff,76740,1,dense_fc,5,0.007045631762593985,0.9929543733596802,1,0.9929543733596802,0.4929543733596802,1
5037,recon_00026.tiff,76743,2,dense_fc,5,0.9916613101959229,0.008338689804077148,2,0.9916613101959229,0.49166131019592285,1
5104,recon_00026.tiff,78117,1,dense_fc,5,0.0033260739874094725,0.9966739416122437,1,0.9966739416122437,0.49667391180992126,1
5427,recon_00026.tiff,85234,2,dense_fc,5,0.9998255372047424,0.00017446279525756836,2,0.9998255372047424,0.49982553720474243,1
5461,recon_00026.tiff,86184,2,dense_fc,5,0.9449272751808167,0.05507272481918335,2,0.9449272751808167,0.44492727518081665,1
5748,recon_00026.tiff,91972,1,dense_fc,5,0.00591508811339736,0.994084894657135,1,0.994084894657135,0.4940849244594574,1
5898,recon_00026.tiff,94288,1,dense_fc,5,0.0519188828766346,0.9480811357498169,1,0.9480811357498169,0.4480811059474945,1
5974,recon_00026.tiff,95986,2,dense_fc,5,0.9503495097160339,0.049650490283966064,2,0.9503495097160339,0.45034950971603394,1
7932,recon_00026.tiff,157893,2,dense_fc,5,0.9995996356010437,0.00040036439895629883,2,0.9995996356010437,0.4995996356010437,1
7933,recon_00026.tiff,157894,2,dense_fc,5,0.9995269775390625,0.0004730224609375,2,0.9995269775390625,0.4995269775390625,1
7954,recon_00026.tiff,158248,2,dense_fc,5,0.999923825263977,7.617473602294922e-05,2,0.999923825263977,0.49992382526397705,1
7975,recon_00026.tiff,158550,1,dense_fc,5,0.0038466164842247963,0.9961533546447754,1,0.9961533546447754,0.4961533844470978,1
7979,recon_00026.tiff,158646,1,dense_fc,5,0.00437773484736681,0.9956222772598267,1,0.9956222772598267,0.49562227725982666,1
7997,recon_00026.tiff,159123,1,dense_fc,5,0.01179353054612875,0.9882064461708069,1,0.9882064461708069,0.4882064759731293,1
7998,recon_00026.tiff,159125,1,dense_fc,5,0.016724130138754845,0.9832758903503418,1,0.9832758903503418,0.4832758605480194,1
8019,recon_00026.tiff,159507,1,dense_fc,5,0.004667762666940689,0.9953322410583496,1,0.9953322410583496,0.4953322410583496,1
8031,recon_00026.tiff,159871,1,dense_fc,5,0.009252290241420269,0.9907476902008057,1,0.9907476902008057,0.49074772000312805,1
8048,recon_00026.tiff,160518,1,dense_fc,5,0.003442272311076522,0.9965577125549316,1,0.9965577125549316,0.49655774235725403,1
8080,recon_00026.tiff,161380,1,dense_fc,5,0.0031825818587094545,0.996817409992218,1,0.996817409992218,0.496817409992218,1
8082,recon_00026.tiff,161382,1,dense_fc,5,0.00636475021019578,0.9936352372169495,1,0.9936352372169495,0.49363523721694946,1
8097,recon_00026.tiff,161659,1,dense_fc,5,0.007998868823051453,0.9920011162757874,1,0.9920011162757874,0.49200111627578735,1
8103,recon_00026.tiff,161747,2,dense_fc,5,0.9996211528778076,0.0003788471221923828,2,0.9996211528778076,0.4996211528778076,1
8579,recon_00026.tiff,176809,1,dense_fc,5,0.7441034913063049,0.25589650869369507,2,0.7441034913063049,0.24410349130630493,0
8627,recon_00026.tiff,178693,2,dense_fc,5,0.9944748282432556,0.005525171756744385,2,0.9944748282432556,0.4944748282432556,1
8759,recon_00026.tiff,182088,1,dense_fc,5,0.0012544499477371573,0.9987455606460571,1,0.9987455606460571,0.49874556064605713,1
8771,recon_00026.tiff,182246,2,dense_fc,5,0.9867466688156128,0.013253331184387207,2,0.9867466688156128,0.4867466688156128,1
8860,recon_00026.tiff,184413,2,dense_fc,5,0.9978317618370056,0.0021682381629943848,2,0.9978317618370056,0.4978317618370056,1
9056,recon_00026.tiff,189019,1,dense_fc,5,0.001157150138169527,0.9988428354263306,1,0.9988428354263306,0.49884283542633057,1
9072,recon_00026.tiff,189364,1,dense_fc,5,0.004524295683950186,0.995475709438324,1,0.995475709438324,0.495475709438324,1
9093,recon_00026.tiff,189694,1,dense_fc,5,0.0035179262049496174,0.9964820742607117,1,0.9964820742607117,0.49648207426071167,1
9229,recon_00026.tiff,192625,1,dense_fc,5,0.006563378497958183,0.9934366345405579,1,0.9934366345405579,0.49343663454055786,1
9319,recon_00026.tiff,193740,1,dense_fc,5,0.404954731464386,0.595045268535614,1,0.595045268535614,0.09504526853561401,1
9431,recon_00026.tiff,195473,1,dense_fc,5,0.003210959490388632,0.9967890381813049,1,0.9967890381813049,0.49678903818130493,1
9433,recon_00026.tiff,195475,1,dense_fc,5,0.0026307329535484314,0.9973692893981934,1,0.9973692893981934,0.49736925959587097,1
11459,recon_00100.tiff,0,1,dense_fc,5,0.3043866455554962,0.6956133842468262,1,0.6956133842468262,0.19561335444450378,1
11874,recon_00100.tiff,10354,1,dense_fc,5,0.02758290432393551,0.9724171161651611,1,0.9724171161651611,0.47241708636283875,1
12532,recon_00100.tiff,16226,2,dense_fc,5,0.9905952215194702,0.009404778480529785,2,0.9905952215194702,0.4905952215194702,1
14941,recon_00100.tiff,44759,2,dense_fc,5,0.9983735084533691,0.0016264915466308594,2,0.9983735084533691,0.49837350845336914,1
15684,recon_00100.tiff,54486,1,dense_fc,5,1.714044174150331e-06,0.9999982714653015,1,0.9999982714653015,0.4999982714653015,1
17608,recon_00100.tiff,103256,1,dense_fc,5,0.14287368953227997,0.8571262955665588,1,0.8571262955665588,0.35712629556655884,1
17778,recon_00100.tiff,107777,1,dense_fc,5,0.03983735293149948,0.9601626396179199,1,0.9601626396179199,0.4601626396179199,1
17831,recon_00100.tiff,109607,1,dense_fc,5,0.01803010329604149,0.9819698929786682,1,0.9819698929786682,0.4819698929786682,1
17927,recon_00100.tiff,111593,1,dense_fc,5,0.9999715089797974,2.849102020263672e-05,2,0.9999715089797974,0.49997150897979736,0
17991,recon_00100.tiff,113085,1,dense_fc,5,0.06497189402580261,0.935028076171875,1,0.935028076171875,0.4350281059741974,1
17998,recon_00100.tiff,113274,1,dense_fc,5,0.054549504071474075,0.945450484752655,1,0.945450484752655,0.44545048475265503,1
18052,recon_00100.tiff,114211,1,dense_fc,5,0.08571663498878479,0.9142833948135376,1,0.9142833948135376,0.4142833650112152,1
18309,recon_00100.tiff,119933,1,dense_fc,5,0.5532364249229431,0.4467635750770569,2,0.5532364249229431,0.053236424922943115,0
18354,recon_00100.tiff,121321,1,dense_fc,5,0.9803689122200012,0.01963108777999878,2,0.9803689122200012,0.4803689122200012,0
18355,recon_00100.tiff,121430,1,dense_fc,5,0.012780323624610901,0.9872196912765503,1,0.9872196912765503,0.4872196912765503,1
18678,recon_00100.tiff,131241,1,dense_fc,5,0.010000173933804035,0.9899998307228088,1,0.9899998307228088,0.48999983072280884,1
18896,recon_00100.tiff,136778,2,dense_fc,5,0.9802742600440979,0.0197257399559021,2,0.9802742600440979,0.4802742600440979,1
18904,recon_00100.tiff,137125,1,dense_fc,5,0.017761636525392532,0.9822383522987366,1,0.9822383522987366,0.4822383522987366,1
18964,recon_00100.tiff,138923,1,dense_fc,5,0.023025956004858017,0.9769740700721741,1,0.9769740700721741,0.4769740402698517,1
18988,recon_00100.tiff,139651,1,dense_fc,5,0.022677171975374222,0.9773228168487549,1,0.9773228168487549,0.4773228168487549,1
19788,recon_00100.tiff,166672,1,dense_fc,5,0.728186309337616,0.27181369066238403,2,0.728186309337616,0.22818630933761597,0
19806,recon_00100.tiff,167061,1,dense_fc,5,0.8491573333740234,0.15084266662597656,2,0.8491573333740234,0.34915733337402344,0
20107,recon_00100.tiff,175139,1,dense_fc,5,0.019296927377581596,0.9807030558586121,1,0.9807030558586121,0.48070308566093445,1
20331,recon_00100.tiff,179830,1,dense_fc,5,0.013736802153289318,0.9862632155418396,1,0.9862632155418396,0.4862631857395172,1
20344,recon_00100.tiff,180188,1,dense_fc,5,0.015726130455732346,0.9842738509178162,1,0.9842738509178162,0.48427388072013855,1
20353,recon_00100.tiff,180436,1,dense_fc,5,0.011037960648536682,0.9889620542526245,1,0.9889620542526245,0.4889620542526245,1
25019,recon_00086.tiff,38695,1,dense_fc,5,0.008322631940245628,0.9916773438453674,1,0.9916773438453674,0.4916773736476898,1
31518,recon_00086.tiff,178698,2,dense_fc,5,0.93711256980896,0.06288743019104004,2,0.93711256980896,0.43711256980895996,1
4194,recon_00026.tiff,58401,2,cnn2,5,0.5258181095123291,0.4741818904876709,2,0.5258181095123291,0.0258181095123291,1
4195,recon_00026.tiff,58402,2,cnn2,5,0.16647863388061523,0.8335213661193848,1,0.8335213661193848,0.33352136611938477,0
4236,recon_00026.tiff,59181,2,cnn2,5,0.13209600746631622,0.867904007434845,1,0.867904007434845,0.36790400743484497,0
4256,recon_00026.tiff,59557,2,cnn2,5,0.1260971873998642,0.8739027976989746,1,0.8739027976989746,0.3739027976989746,0
4400,recon_00026.tiff,63023,2,cnn2,5,0.2049676924943924,0.7950323224067688,1,0.7950323224067688,0.2950323224067688,0
4603,recon_00026.tiff,68487,2,cnn2,5,0.27827906608581543,0.7217209339141846,1,0.7217209339141846,0.22172093391418457,0
4934,recon_00026.tiff,75040,2,cnn2,5,0.7695701718330383,0.23042982816696167,2,0.7695701718330383,0.26957017183303833,1
4970,recon_00026.tiff,75786,1,cnn2,5,0.5361865758895874,0.4638134241104126,2,0.5361865758895874,0.0361865758895874,0
4994,recon_00026.tiff,76182,1,cnn2,5,0.6125228404998779,0.38747715950012207,2,0.6125228404998779,0.11252284049987793,0
5036,recon_00026.tiff,76740,1,cnn2,5,0.09613635390996933,0.9038636684417725,1,0.9038636684417725,0.4038636386394501,1
5037,recon_00026.tiff,76743,2,cnn2,5,0.8006859421730042,0.19931405782699585,2,0.8006859421730042,0.30068594217300415,1
5104,recon_00026.tiff,78117,1,cnn2,5,0.09772229939699173,0.9022777080535889,1,0.9022777080535889,0.40227770805358887,1
5427,recon_00026.tiff,85234,2,cnn2,5,0.7945173382759094,0.20548266172409058,2,0.7945173382759094,0.2945173382759094,1
5461,recon_00026.tiff,86184,2,cnn2,5,0.6171971559524536,0.3828028440475464,2,0.6171971559524536,0.11719715595245361,1
5748,recon_00026.tiff,91972,1,cnn2,5,0.5304784774780273,0.46952152252197266,2,0.5304784774780273,0.030478477478027344,0
5898,recon_00026.tiff,94288,1,cnn2,5,0.5654280781745911,0.43457192182540894,2,0.5654280781745911,0.06542807817459106,0
5974,recon_00026.tiff,95986,2,cnn2,5,0.05833423510193825,0.941665768623352,1,0.941665768623352,0.44166576862335205,0
7932,recon_00026.tiff,157893,2,cnn2,5,0.7343983054161072,0.2656016945838928,2,0.7343983054161072,0.23439830541610718,1
7933,recon_00026.tiff,157894,2,cnn2,5,0.67214035987854,0.32785964012145996,2,0.67214035987854,0.17214035987854004,1
7954,recon_00026.tiff,158248,2,cnn2,5,0.7684287428855896,0.2315712571144104,2,0.7684287428855896,0.2684287428855896,1
7975,recon_00026.tiff,158550,1,cnn2,5,0.3414205312728882,0.6585794687271118,1,0.6585794687271118,0.15857946872711182,1
7979,recon_00026.tiff,158646,1,cnn2,5,0.2596640884876251,0.7403359413146973,1,0.7403359413146973,0.24033591151237488,1
7997,recon_00026.tiff,159123,1,cnn2,5,0.48259639739990234,0.5174036026000977,1,0.5174036026000977,0.017403602600097656,1
7998,recon_00026.tiff,159125,1,cnn2,5,0.434926837682724,0.5650731325149536,1,0.5650731325149536,0.065073162317276,1
8019,recon_00026.tiff,159507,1,cnn2,5,0.2081560641527176,0.7918439507484436,1,0.7918439507484436,0.2918439507484436,1
8031,recon_00026.tiff,159871,1,cnn2,5,0.13212400674819946,0.8678759932518005,1,0.8678759932518005,0.36787599325180054,1
8048,recon_00026.tiff,160518,1,cnn2,5,0.5256873965263367,0.47431260347366333,2,0.5256873965263367,0.02568739652633667,0
8080,recon_00026.tiff,161380,1,cnn2,5,0.35372138023376465,0.6462786197662354,1,0.6462786197662354,0.14627861976623535,1
8082,recon_00026.tiff,161382,1,cnn2,5,0.24627436697483063,0.7537256479263306,1,0.7537256479263306,0.25372564792633057,1
8097,recon_00026.tiff,161659,1,cnn2,5,0.29051750898361206,0.7094824910163879,1,0.7094824910163879,0.20948249101638794,1
8103,recon_00026.tiff,161747,2,cnn2,5,0.6844727396965027,0.3155272603034973,2,0.6844727396965027,0.18447273969650269,1
8579,recon_00026.tiff,176809,1,cnn2,5,0.35186663269996643,0.648133397102356,1,0.648133397102356,0.14813336730003357,1
8627,recon_00026.tiff,178693,2,cnn2,5,0.5199490785598755,0.4800509214401245,2,0.5199490785598755,0.01994907855987549,1
8759,recon_00026.tiff,182088,1,cnn2,5,0.5751919746398926,0.4248080253601074,2,0.5751919746398926,0.07519197463989258,0
8771,recon_00026.tiff,182246,2,cnn2,5,0.5541473031044006,0.44585269689559937,2,0.5541473031044006,0.054147303104400635,1
8860,recon_00026.tiff,184413,2,cnn2,5,0.816523015499115,0.183476984500885,2,0.816523015499115,0.316523015499115,1
9056,recon_00026.tiff,189019,1,cnn2,5,0.16579751670360565,0.8342024683952332,1,0.8342024683952332,0.33420246839523315,1
9072,recon_00026.tiff,189364,1,cnn2,5,0.30637475848197937,0.6936252117156982,1,0.6936252117156982,0.19362524151802063,1
9093,recon_00026.tiff,189694,1,cnn2,5,0.3830175995826721,0.6169824004173279,1,0.6169824004173279,0.11698240041732788,1
9229,recon_00026.tiff,192625,1,cnn2,5,0.2874986231327057,0.7125014066696167,1,0.7125014066696167,0.2125013768672943,1
9319,recon_00026.tiff,193740,1,cnn2,5,0.17702752351760864,0.8229724764823914,1,0.8229724764823914,0.32297247648239136,1
9431,recon_00026.tiff,195473,1,cnn2,5,0.06867238134145737,0.9313276410102844,1,0.9313276410102844,0.43132761120796204,1
9433,recon_00026.tiff,195475,1,cnn2,5,0.44936397671699524,0.5506360530853271,1,0.5506360530853271,0.05063602328300476,1
11459,recon_00100.tiff,0,1,cnn2,5,0.674745500087738,0.32525449991226196,2,0.674745500087738,0.17474550008773804,0
11874,recon_00100.tiff,10354,1,cnn2,5,0.5783911943435669,0.4216088056564331,2,0.5783911943435669,0.0783911943435669,0
12532,recon_00100.tiff,16226,2,cnn2,5,0.6167774796485901,0.3832225203514099,2,0.6167774796485901,0.11677747964859009,1
14941,recon_00100.tiff,44759,2,cnn2,5,0.559478223323822,0.440521776676178,2,0.559478223323822,0.05947822332382202,1
15684,recon_00100.tiff,54486,1,cnn2,5,0.5208604335784912,0.4791395664215088,2,0.5208604335784912,0.02086043357849121,0
17608,recon_00100.tiff,103256,1,cnn2,5,0.035643018782138824,0.9643569588661194,1,0.9643569588661194,0.4643569886684418,1
17778,recon_00100.tiff,107777,1,cnn2,5,0.019221318885684013,0.980778694152832,1,0.980778694152832,0.48077869415283203,1
17831,recon_00100.tiff,109607,1,cnn2,5,0.08679104596376419,0.9132089614868164,1,0.9132089614868164,0.4132089614868164,1
17927,recon_00100.tiff,111593,1,cnn2,5,0.6013110876083374,0.3986889123916626,2,0.6013110876083374,0.1013110876083374,0
17991,recon_00100.tiff,113085,1,cnn2,5,0.019584238529205322,0.9804157614707947,1,0.9804157614707947,0.4804157614707947,1
17998,recon_00100.tiff,113274,1,cnn2,5,0.029448019340634346,0.9705519676208496,1,0.9705519676208496,0.4705519676208496,1
18052,recon_00100.tiff,114211,1,cnn2,5,0.023223476484417915,0.9767765402793884,1,0.9767765402793884,0.47677651047706604,1
18309,recon_00100.tiff,119933,1,cnn2,5,0.07387851923704147,0.9261214733123779,1,0.9261214733123779,0.42612147331237793,1
18354,recon_00100.tiff,121321,1,cnn2,5,0.21994610130786896,0.7800539135932922,1,0.7800539135932922,0.28005391359329224,1
18355,recon_00100.tiff,121430,1,cnn2,5,0.14118123054504395,0.858818769454956,1,0.858818769454956,0.35881876945495605,1
18678,recon_00100.tiff,131241,1,cnn2,5,0.048103004693984985,0.9518970251083374,1,0.9518970251083374,0.451896995306015,1
18896,recon_00100.tiff,136778,2,cnn2,5,0.7837762236595154,0.21622377634048462,2,0.7837762236595154,0.2837762236595154,1
18904,recon_00100.tiff,137125,1,cnn2,5,0.0914226770401001,0.9085773229598999,1,0.9085773229598999,0.4085773229598999,1
18964,recon_00100.tiff,138923,1,cnn2,5,0.07420247048139572,0.9257975220680237,1,0.9257975220680237,0.4257975220680237,1
18988,recon_00100.tiff,139651,1,cnn2,5,0.16966693103313446,0.8303330540657043,1,0.8303330540657043,0.33033305406570435,1
19788,recon_00100.tiff,166672,1,cnn2,5,0.36104828119277954,0.6389517188072205,1,0.6389517188072205,0.13895171880722046,1
19806,recon_00100.tiff,167061,1,cnn2,5,0.2812899053096771,0.7187100648880005,1,0.7187100648880005,0.21871009469032288,1
20107,recon_00100.tiff,175139,1,cnn2,5,0.11327706277370453,0.8867229223251343,1,0.8867229223251343,0.3867229223251343,1
20331,recon_00100.tiff,179830,1,cnn2,5,0.1715247631072998,0.8284752368927002,1,0.8284752368927002,0.3284752368927002,1
20344,recon_00100.tiff,180188,1,cnn2,5,0.12827259302139282,0.8717274069786072,1,0.8717274069786072,0.3717274069786072,1
20353,recon_00100.tiff,180436,1,cnn2,5,0.15530671179294586,0.8446933031082153,1,0.8446933031082153,0.34469330310821533,1
25019,recon_00086.tiff,38695,1,cnn2,5,0.4943046569824219,0.5056953430175781,1,0.5056953430175781,0.005695343017578125,1
31518,recon_00086.tiff,178698,2,cnn2,5,0.7102550268173218,0.2897449731826782,2,0.7102550268173218,0.21025502681732178,1
4194,recon_00026.tiff,58401,2,cnn3,5,0.9094883799552917,0.09051162004470825,2,0.9094883799552917,0.40948837995529175,1
4195,recon_00026.tiff,58402,2,cnn3,5,0.10337910056114197,0.8966208696365356,1,0.8966208696365356,0.39662089943885803,0
4236,recon_00026.tiff,59181,2,cnn3,5,0.09910990297794342,0.9008901119232178,1,0.9008901119232178,0.4008901119232178,0
4256,recon_00026.tiff,59557,2,cnn3,5,0.10972284525632858,0.8902771472930908,1,0.8902771472930908,0.3902771472930908,0
4400,recon_00026.tiff,63023,2,cnn3,5,0.107323557138443,0.8926764726638794,1,0.8926764726638794,0.392676442861557,0
4603,recon_00026.tiff,68487,2,cnn3,5,0.16435548663139343,0.8356444835662842,1,0.8356444835662842,0.33564451336860657,0
4934,recon_00026.tiff,75040,2,cnn3,5,0.972783625125885,0.02721637487411499,2,0.972783625125885,0.472783625125885,1
4970,recon_00026.tiff,75786,1,cnn3,5,0.2827724516391754,0.717227578163147,1,0.717227578163147,0.21722754836082458,1
4994,recon_00026.tiff,76182,1,cnn3,5,0.27552178502082825,0.7244782447814941,1,0.7244782447814941,0.22447821497917175,1
5036,recon_00026.tiff,76740,1,cnn3,5,0.09558527916669846,0.904414713382721,1,0.904414713382721,0.40441471338272095,1
5037,recon_00026.tiff,76743,2,cnn3,5,0.9668680429458618,0.033131957054138184,2,0.9668680429458618,0.4668680429458618,1
5104,recon_00026.tiff,78117,1,cnn3,5,0.08834192901849747,0.9116580486297607,1,0.9116580486297607,0.41165807843208313,1
5427,recon_00026.tiff,85234,2,cnn3,5,0.983340322971344,0.016659677028656006,2,0.983340322971344,0.483340322971344,1
5461,recon_00026.tiff,86184,2,cnn3,5,0.9432965517044067,0.05670344829559326,2,0.9432965517044067,0.44329655170440674,1
5748,recon_00026.tiff,91972,1,cnn3,5,0.4299367368221283,0.5700632333755493,1,0.5700632333755493,0.0700632631778717,1
5898,recon_00026.tiff,94288,1,cnn3,5,0.5298759937286377,0.4701240062713623,2,0.5298759937286377,0.029875993728637695,0
5974,recon_00026.tiff,95986,2,cnn3,5,0.08573698997497559,0.9142630100250244,1,0.9142630100250244,0.4142630100250244,0
7932,recon_00026.tiff,157893,2,cnn3,5,0.9744364023208618,0.025563597679138184,2,0.9744364023208618,0.4744364023208618,1
7933,recon_00026.tiff,157894,2,cnn3,5,0.9794521331787109,0.020547866821289062,2,0.9794521331787109,0.47945213317871094,1
7954,recon_00026.tiff,158248,2,cnn3,5,0.9707467555999756,0.029253244400024414,2,0.9707467555999756,0.4707467555999756,1
7975,recon_00026.tiff,158550,1,cnn3,5,0.10763560980558395,0.8923643827438354,1,0.8923643827438354,0.39236438274383545,1
7979,recon_00026.tiff,158646,1,cnn3,5,0.051059167832136154,0.9489408135414124,1,0.9489408135414124,0.44894084334373474,1
7997,recon_00026.tiff,159123,1,cnn3,5,0.13076435029506683,0.869235634803772,1,0.869235634803772,0.369235634803772,1
7998,recon_00026.tiff,159125,1,cnn3,5,0.12733715772628784,0.8726628422737122,1,0.8726628422737122,0.37266284227371216,1
8019,recon_00026.tiff,159507,1,cnn3,5,0.05783724784851074,0.9421627521514893,1,0.9421627521514893,0.44216275215148926,1
8031,recon_00026.tiff,159871,1,cnn3,5,0.05280717834830284,0.9471928477287292,1,0.9471928477287292,0.44719281792640686,1
8048,recon_00026.tiff,160518,1,cnn3,5,0.05561984330415726,0.9443801641464233,1,0.9443801641464233,0.44438016414642334,1
8080,recon_00026.tiff,161380,1,cnn3,5,0.0755278691649437,0.9244721531867981,1,0.9244721531867981,0.4244721233844757,1
8082,recon_00026.tiff,161382,1,cnn3,5,0.06267140060663223,0.937328577041626,1,0.937328577041626,0.43732860684394836,1
8097,recon_00026.tiff,161659,1,cnn3,5,0.08413798362016678,0.9158620238304138,1,0.9158620238304138,0.4158620238304138,1
8103,recon_00026.tiff,161747,2,cnn3,5,0.9922629594802856,0.0077370405197143555,2,0.9922629594802856,0.49226295948028564,1
8579,recon_00026.tiff,176809,1,cnn3,5,0.8113040328025818,0.1886959671974182,2,0.8113040328025818,0.3113040328025818,0
8627,recon_00026.tiff,178693,2,cnn3,5,0.614456057548523,0.38554394245147705,2,0.614456057548523,0.11445605754852295,1
8759,recon_00026.tiff,182088,1,cnn3,5,0.5962895154953003,0.4037104845046997,2,0.5962895154953003,0.09628951549530029,0
8771,recon_00026.tiff,182246,2,cnn3,5,0.7050685286521912,0.29493147134780884,2,0.7050685286521912,0.20506852865219116,1
8860,recon_00026.tiff,184413,2,cnn3,5,0.9918965697288513,0.008103430271148682,2,0.9918965697288513,0.4918965697288513,1
9056,recon_00026.tiff,189019,1,cnn3,5,0.14214061200618744,0.8578593730926514,1,0.8578593730926514,0.35785937309265137,1
9072,recon_00026.tiff,189364,1,cnn3,5,0.06193671375513077,0.9380632638931274,1,0.9380632638931274,0.43806329369544983,1
9093,recon_00026.tiff,189694,1,cnn3,5,0.05420001223683357,0.9458000063896179,1,0.9458000063896179,0.44579997658729553,1
9229,recon_00026.tiff,192625,1,cnn3,5,0.20669610798358917,0.793303906917572,1,0.793303906917572,0.293303906917572,1
9319,recon_00026.tiff,193740,1,cnn3,5,0.08553093671798706,0.9144690632820129,1,0.9144690632820129,0.41446906328201294,1
9431,recon_00026.tiff,195473,1,cnn3,5,0.06340537220239639,0.9365946054458618,1,0.9365946054458618,0.4365946352481842,1
9433,recon_00026.tiff,195475,1,cnn3,5,0.08325006067752838,0.9167499542236328,1,0.9167499542236328,0.4167499542236328,1
11459,recon_00100.tiff,0,1,cnn3,5,0.6990569829940796,0.3009430170059204,2,0.6990569829940796,0.1990569829940796,0
11874,recon_00100.tiff,10354,1,cnn3,5,0.20523397624492645,0.7947660088539124,1,0.7947660088539124,0.29476600885391235,1
12532,recon_00100.tiff,16226,2,cnn3,5,0.9171303510665894,0.08286964893341064,2,0.9171303510665894,0.41713035106658936,1
14941,recon_00100.tiff,44759,2,cnn3,5,0.881966769695282,0.11803323030471802,2,0.881966769695282,0.381966769695282,1
15684,recon_00100.tiff,54486,1,cnn3,5,0.2928580939769745,0.7071418762207031,1,0.7071418762207031,0.2071419060230255,1
17608,recon_00100.tiff,103256,1,cnn3,5,0.03048926591873169,0.9695107340812683,1,0.9695107340812683,0.4695107340812683,1
17778,recon_00100.tiff,107777,1,cnn3,5,0.0303911492228508,0.9696088433265686,1,0.9696088433265686,0.4696088433265686,1
17831,recon_00100.tiff,109607,1,cnn3,5,0.07055233418941498,0.9294476509094238,1,0.9294476509094238,0.42944765090942383,1
17927,recon_00100.tiff,111593,1,cnn3,5,0.9565916061401367,0.04340839385986328,2,0.9565916061401367,0.4565916061401367,0
17991,recon_00100.tiff,113085,1,cnn3,5,0.030931105837225914,0.9690688848495483,1,0.9690688848495483,0.46906888484954834,1
17998,recon_00100.tiff,113274,1,cnn3,5,0.03228111192584038,0.9677188992500305,1,0.9677188992500305,0.4677188992500305,1
18052,recon_00100.tiff,114211,1,cnn3,5,0.035264335572719574,0.9647356867790222,1,0.9647356867790222,0.46473565697669983,1
18309,recon_00100.tiff,119933,1,cnn3,5,0.043161556124687195,0.9568384289741516,1,0.9568384289741516,0.4568384289741516,1
18354,recon_00100.tiff,121321,1,cnn3,5,0.2970326244831085,0.7029674053192139,1,0.7029674053192139,0.20296737551689148,1
18355,recon_00100.tiff,121430,1,cnn3,5,0.08517353981733322,0.9148264527320862,1,0.9148264527320862,0.4148264527320862,1
18678,recon_00100.tiff,131241,1,cnn3,5,0.07307184487581253,0.9269281625747681,1,0.9269281625747681,0.42692816257476807,1
18896,recon_00100.tiff,136778,2,cnn3,5,0.976300835609436,0.023699164390563965,2,0.976300835609436,0.47630083560943604,1
18904,recon_00100.tiff,137125,1,cnn3,5,0.07516027241945267,0.9248397350311279,1,0.9248397350311279,0.42483973503112793,1
18964,recon_00100.tiff,138923,1,cnn3,5,0.06054471433162689,0.9394552707672119,1,0.9394552707672119,0.4394552707672119,1
18988,recon_00100.tiff,139651,1,cnn3,5,0.08790566027164459,0.9120943546295166,1,0.9120943546295166,0.4120943546295166,1
19788,recon_00100.tiff,166672,1,cnn3,5,0.6025570631027222,0.39744293689727783,2,0.6025570631027222,0.10255706310272217,0
19806,recon_00100.tiff,167061,1,cnn3,5,0.4428766667842865,0.5571233034133911,1,0.5571233034133911,0.0571233332157135,1
20107,recon_00100.tiff,175139,1,cnn3,5,0.13002106547355652,0.8699789047241211,1,0.8699789047241211,0.3699789345264435,1
20331,recon_00100.tiff,179830,1,cnn3,5,0.0948760136961937,0.9051240086555481,1,0.9051240086555481,0.4051239788532257,1
20344,recon_00100.tiff,180188,1,cnn3,5,0.06386800855398178,0.93613201379776,1,0.93613201379776,0.4361319839954376,1
20353,recon_00100.tiff,180436,1,cnn3,5,0.06828244775533676,0.931717574596405,1,0.931717574596405,0.43171754479408264,1
25019,recon_00086.tiff,38695,1,cnn3,5,0.24103815853595734,0.7589618563652039,1,0.7589618563652039,0.25896185636520386,1
31518,recon_00086.tiff,178698,2,cnn3,5,0.9884004592895508,0.011599540710449219,2,0.9884004592895508,0.4884004592895508,1
