folder,filename,image_index,downsample_factor,trim_percent,trim_lo,trim_hi,mu_1,hard_mean_1,median_1,mode_1,sigma_1,weight_1,n_class_1,mu_2,hard_mean_2,median_2,mode_2,sigma_2,weight_2,n_class_2,n_valid_pixels,n_sampled_pixels,n_fit_pixels,converged,n_iter
tomo_sample_2_051_rec,recon_00000.tiff,0,100,0.5,-0.000490043203754,0.000758275004628,-5.6239261657e-05,-5.63001718766e-05,-5.45808943571e-05,-5.96359099192e-05,6.85596052895e-05,0.355159643704,28845,0.000381325222247,0.000381355795397,0.00037895256537,0.000381711722808,7.59444898615e-05,0.644840356296,52373,8204093,82040,81218,True,7
tomo_sample_2_051_rec,recon_00001.tiff,1,100,0.5,-0.000453943105822,0.000786856261257,-5.50202678745e-05,-5.5061317512e-05,-5.28018681507e-05,-4.73058353903e-05,6.72436567481e-05,0.35670857242,28973,0.000382853477343,0.000382891689704,0.00037977824104,0.000369611760573,7.68915826381e-05,0.64329142758,52245,8204093,82040,81218,True,7
tomo_sample_2_051_rec,recon_00002.tiff,2,100,0.5,-0.000470896103216,0.00077716856671,-5.5766556513e-05,-5.58091758216e-05,-5.37666164746e-05,-5.27598193432e-05,6.85971140031e-05,0.35419592284,28769,0.000382310533552,0.000382349910253,0.000379228178645,0.000385694759176,7.68077959937e-05,0.64580407716,52449,8204093,82040,81218,True,7
tomo_sample_2_051_rec,recon_00003.tiff,3,100,0.5,-0.000461516412761,0.000787817310775,-5.65500607144e-05,-5.65953818718e-05,-5.49200958631e-05,-6.44379582746e-05,6.75316521063e-05,0.357503886176,29037,0.000382003360813,0.000382039080846,0.000378583354177,0.000379943435479,7.72950724503e-05,0.642496113824,52181,8204093,82040,81218,True,7
tomo_sample_2_051_rec,recon_00004.tiff,4,100,0.5,-0.000442105890106,0.00077330544882,-5.54015724958e-05,-5.54495622836e-05,-5.40768232895e-05,-6.02217134644e-05,6.72514595976e-05,0.354269664681,28775,0.000381590450689,0.000381632834157,0.000378980301321,0.00036901461585,7.73810858863e-05,0.645730335319,52443,8204093,82040,81218,True,7
tomo_sample_2_051_rec,recon_00005.tiff,5,100,0.5,-0.00045752001286,0.000774822404783,-5.56544138688e-05,-5.56808997741e-05,-5.39035154361e-05,-3.94656489747e-05,6.73343616028e-05,0.351419080708,28546,0.000382082510049,0.00038213380585,0.00037941672781,0.000376996760844,7.65282623547e-05,0.648580919292,52672,8204093,82040,81218,True,7
tomo_sample_2_051_rec,recon_00006.tiff,6,100,0.5,-0.000478122218046,0.000785637257795,-5.67235341656e-05,-5.6805795177e-05,-5.50431977899e-05,-3.35335725781e-05,6.90659196214e-05,0.355637667127,28881,0.000382006960588,0.000382025696777,0.000379111530492,0.000357169765357,7.68700870233e-05,0.644362332873,52337,8204093,82040,81218,True,7
tomo_sample_2_051_rec,recon_00007.tiff,7,100,0.5,-0.000463656591164,0.000773081948864,-5.62610986306e-05,-5.63005464216e-05,-5.48235111637e-05,-4.91342584962e-05,6.69566778231e-05,0.351659099814,28563,0.000382151919045,0.00038218956395,0.000379517092369,0.000379975540214,7.67704128992e-05,0.648340900186,52655,8204093,82040,81218,True,7
tomo_sample_2_051_rec,recon_00008.tiff,8,100,0.5,-0.000474137340789,0.00076080132596,-5.58689067415e-05,-5.59254790085e-05,-5.38913300261e-05,-5.88539629618e-05,6.85043796523e-05,0.352824382106,28656,0.000381987271655,0.000382020690831,0.00037901198084,0.000365124870566,7.62758323936e-05,0.647175617894,52562,8204093,82040,81218,True,7
tomo_sample_2_051_rec,recon_00009.tiff,9,100,0.5,-0.000476239894051,0.000764877427719,-5.61311484798e-05,-5.61805282096e-05,-5.40170331078e-05,-3.47790505373e-05,6.8828899644e-05,0.354685372241,28808,0.000382226023094,0.000382262896445,0.000379793505999,0.000367768228065,7.65588192243e-05,0.645314627759,52410,8204093,82040,81218,True,6
tomo_sample_2_051_rec,recon_00010.tiff,10,100,0.5,-0.000474231792468,0.000771627419163,-5.63576297609e-05,-5.64079286574e-05,-5.48016287212e-05,-6.906881971e-05,6.73264841216e-05,0.356849903158,28983,0.000382125426832,0.000382156395888,0.000378987140721,0.00036375369698,7.6786710693e-05,0.643150096842,52235,8204093,82040,81218,True,7
tomo_sample_2_051_rec,recon_00011.tiff,11,100,0.5,-0.000472428719513,0.000773217502283,-5.58829432286e-05,-5.5929811693e-05,-5.42949092051e-05,-7.46337141749e-05,6.77567030245e-05,0.356591475837,28963,0.000383703484096,0.000383740847763,0.000380393961677,0.000388954229078,7.75485528841e-05,0.643408524163,52255,8204093,82040,81218,True,7
tomo_sample_2_051_rec,recon_00012.tiff,12,100,0.5,-0.000450005444291,0.000757184052491,-5.52415549437e-05,-5.52571231524e-05,-5.31765435881e-05,-7.33616681824e-05,6.68580596408e-05,0.354499491717,28797,0.000382387808902,0.00038244027588,0.00037957605673,0.000370654213807,7.64724116534e-05,0.645500508283,52421,8204093,82040,81218,True,7
tomo_sample_2_051_rec,recon_00013.tiff,13,100,0.5,-0.000464901621599,0.00078166314488,-5.56156249723e-05,-5.5630754281e-05,-5.38749300176e-05,-4.88819166811e-05,6.73039290455e-05,0.355657752054,28892,0.000383264565842,0.000383324826726,0.000379784120014,0.000369193450481,7.76963732472e-05,0.644342247946,52326,8204093,82040,81218,True,7
tomo_sample_2_051_rec,recon_00014.tiff,14,100,0.5,-0.000489897484076,0.000779722363513,-5.71425419803e-05,-5.72453171208e-05,-5.50516906515e-05,-5.34127320329e-05,6.9796737288e-05,0.354054425272,28750,0.000383032140303,0.000383041540152,0.00037999630149,0.000384137458124,7.70317726998e-05,0.645945574728,52468,8204093,82040,81218,True,7
tomo_sample_2_051_rec,recon_00015.tiff,15,100,0.5,-0.000470737012511,0.000779953352758,-5.59821149142e-05,-5.60052235364e-05,-5.36876614206e-05,-3.5353370863e-05,6.78636021847e-05,0.353665315621,28729,0.000382870488328,0.00038292502762,0.000379955745302,0.000390178775211,7.74883783783e-05,0.646334684379,52489,8204093,82040,81218,True,7
tomo_sample_2_051_rec,recon_00016.tiff,16,100,0.5,-0.000471219159954,0.000783883217373,-5.68540281542e-05,-5.68976785283e-05,-5.45118728041e-05,-4.44212504839e-05,6.93096774567e-05,0.351891170752,28582,0.000383144329339,0.000383185610683,0.000380501500331,0.000373475662046,7.69545355665e-05,0.648108829248,52636,8204093,82040,81218,True,7
tomo_sample_2_051_rec,recon_00017.tiff,17,100,0.5,-0.000450516529381,0.00075533893425,-5.53227957503e-05,-5.53676460923e-05,-5.34614664502e-05,-5.51858703874e-05,6.70958094374e-05,0.355918111505,28907,0.0003825144811,0.000382539623746,0.000379775301553,0.000372123624306,7.53630428987e-05,0.644081888495,52311,8204093,82040,81218,True,7
tomo_sample_2_051_rec,recon_00018.tiff,18,100,0.5,-0.000457211914909,0.000776599214296,-5.61084070945e-05,-5.6186671374e-05,-5.41413646715e-05,-7.17095345393e-05,6.72262806271e-05,0.35452705732,28790,0.000382744490978,0.000382754165849,0.000380300174584,0.00036700437394,7.63647308009e-05,0.64547294268,52428,8204093,82040,81218,True,7
tomo_sample_2_051_rec,recon_00019.tiff,19,100,0.5,-0.000500996367482,0.000772361604322,-5.6465999734e-05,-5.65776771053e-05,-5.38028998562e-05,-5.3788132323e-05,6.95167431962e-05,0.3567657688,28968,0.000382699097177,0.000382695434241,0.000379512362997,0.000375589313922,7.63537124211e-05,0.6432342312,52250,8204093,82040,81218,True,7
tomo_sample_2_051_rec,recon_00020.tiff,20,100,0.5,-0.000468118603167,0.000780092441128,-5.65113803797e-05,-5.65553612237e-05,-5.46472838323e-05,-5.14836310405e-05,6.7364356407e-05,0.351518975426,28551,0.000381869074061,0.000381904002114,0.000378965545679,0.000370581832843,7.70398505564e-05,0.648481024574,52667,8204093,82040,81218,True,7
tomo_sample_2_051_rec,recon_00021.tiff,21,100,0.5,-0.000436581227841,0.000760580820497,-5.5616550932e-05,-5.56236222444e-05,-5.435980529e-05,-6.24910783212e-05,6.59304048898e-05,0.353297895994,28700,0.000382193684025,0.000382246328564,0.000379594435799,0.000381214470648,7.5117071164e-05,0.646702104006,52518,8204093,82040,81218,True,7
tomo_sample_2_051_rec,recon_00022.tiff,22,100,0.5,-0.000463880023162,0.000771365536202,-5.72551039628e-05,-5.72750159064e-05,-5.52541223442e-05,-4.44127747449e-05,6.65877595937e-05,0.354652952117,28808,0.000382392533223,0.000382435325837,0.000379427830921,0.000381187800535,7.63697860439e-05,0.645347047883,52410,8204093,82040,81218,True,7
tomo_sample_2_051_rec,recon_00023.tiff,23,100,0.5,-0.000466068836686,0.000780054874485,-5.65288699857e-05,-5.65962729169e-05,-5.41361459909e-05,-4.64242234081e-05,6.68944099123e-05,0.353801559376,28732,0.000382860322275,0.000382871644634,0.000379681572667,0.000363979344759,7.61686197589e-05,0.646198440624,52486,8204093,82040,81218,True,7
tomo_sample_2_051_rec,recon_00024.tiff,24,100,0.5,-0.000429836038384,0.000775057447026,-5.64156669559e-05,-5.64313966549e-05,-5.47009858565e-05,-6.12141894959e-05,6.53067810187e-05,0.353567387942,28720,0.000382727758619,0.000382769521572,0.000379752033041,0.000383855720162,7.57362070432e-05,0.646432612058,52498,8204092,82040,81218,True,7
tomo_sample_2_051_rec,recon_00025.tiff,25,100,0.5,-0.000458533903438,0.000763393319503,-5.70428331492e-05,-5.70883797526e-05,-5.54597099836e-05,-4.74478376514e-05,6.68569110613e-05,0.35572909661,28892,0.000382053972754,0.000382082429702,0.000379659570171,0.000379354590668,7.52634826362e-05,0.64427090339,52326,8204093,82040,81218,True,7
tomo_sample_2_051_rec,recon_00026.tiff,26,100,0.5,-0.000440440522798,0.000775300928799,-5.73132475497e-05,-5.7363465087e-05,-5.58375813853e-05,-4.48992818942e-05,6.64491842941e-05,0.35170126243,28564,0.000382270784411,0.000382294076705,0.000379055680241,0.000365065072926,7.60846091336e-05,0.64829873757,52654,8204093,82040,81218,True,7
tomo_sample_2_051_rec,recon_00027.tiff,27,100,0.5,-0.000452627427294,0.000781711850432,-5.67453700608e-05,-5.67724217054e-05,-5.48300631635e-05,-4.82453455845e-05,6.55329557147e-05,0.350701762042,28486,0.000382325597476,0.000382362728033,0.000378950731829,0.000371791096492,7.64204562719e-05,0.649298237958,52732,8204093,82040,81218,True,7
tomo_sample_2_051_rec,recon_00028.tiff,28,100,0.5,-0.000458825268142,0.000770423018839,-5.66413704987e-05,-5.67037206825e-05,-5.46200099052e-05,-5.05916190845e-05,6.73264054483e-05,0.353046006545,28672,0.000382840391258,0.00038286027354,0.000379874923965,0.000376385325805,7.55109148988e-05,0.646953993455,52546,8204093,82040,81218,True,7
tomo_sample_2_051_rec,recon_00029.tiff,29,100,0.5,-0.000454489216936,0.000776699944399,-5.69099966464e-05,-5.69086936554e-05,-5.48000298295e-05,-4.07568782776e-05,6.7548052963e-05,0.352644539218,28648,0.000382403887052,0.000382460970654,0.000379634744604,0.000384664915487,7.5510130621e-05,0.647355460782,52570,8204093,82040,81218,True,7
tomo_sample_2_051_rec,recon_00030.tiff,30,100,0.5,-0.000456677607144,0.000781218455813,-5.63415789268e-05,-5.63449070393e-05,-5.40576183994e-05,-5.8343154555e-05,6.67366629859e-05,0.352103950306,28603,0.000383208928875,0.000383259370338,0.000380220619263,0.000385958731779,7.59801667585e-05,0.647896049694,52615,8204093,82040,81218,True,7
tomo_sample_2_051_rec,recon_00031.tiff,31,100,0.5,-0.000478341114213,0.000778349649627,-5.68941455882e-05,-5.69610238179e-05,-5.46675528312e-05,-6.32821010013e-05,6.75263955209e-05,0.35138007467,28536,0.000382907598817,0.000382923897978,0.000379354591132,0.000373598332169,7.63532237449e-05,0.64861992533,52682,8204093,82040,81218,True,7
tomo_sample_2_051_rec,recon_00032.tiff,32,100,0.5,-0.000499771109899,0.000801356161828,-5.76610663184e-05,-5.76628967959e-05,-5.55944970984e-05,-6.016022313e-05,6.74749436608e-05,0.353272710355,28698,0.000383619399871,0.000383669947597,0.000380462312023,0.000383520125347,7.64108257215e-05,0.646727289645,52520,8204093,82040,81218,True,7
tomo_sample_2_051_rec,recon_00033.tiff,33,100,0.5,-0.000509050380497,0.000786543389841,-5.66489378622e-05,-5.67154325505e-05,-5.44683171029e-05,-5.74569903999e-05,6.85672534099e-05,0.351978445186,28585,0.000382744594004,0.000382764132997,0.000379427860025,0.000363854693264,7.6240031055e-05,0.648021554814,52633,8204093,82040,81218,True,7
tomo_sample_2_051_rec,recon_00034.tiff,34,100,0.5,-0.000494257950631,0.000785681080015,-5.64183846089e-05,-5.64378357879e-05,-5.41277986486e-05,-6.01748022139e-05,6.76029409378e-05,0.353335407928,28701,0.000383250302883,0.00038329278697,0.000380214420147,0.000388941838724,7.59863991593e-05,0.646664592072,52517,8204093,82040,81218,True,7
tomo_sample_2_051_rec,recon_00035.tiff,35,100,0.5,-0.000479208135657,0.000789943745476,-5.68737602011e-05,-5.69441059022e-05,-5.45703169337e-05,-4.47467365207e-05,6.73404484281e-05,0.353577536318,28714,0.00038318841485,0.000383202912355,0.000379922290449,0.000407745676143,7.68169901516e-05,0.646422463682,52504,8204093,82040,81218,True,7
tomo_sample_2_051_rec,recon_00036.tiff,36,100,0.5,-0.000479543198744,0.000783495305222,-5.66640184152e-05,-5.67459068555e-05,-5.42640864296e-05,-4.81013809825e-05,6.65711358664e-05,0.353957294759,28742,0.000383202328886,0.000383199371933,0.000380066630896,0.000389115834849,7.57471287392e-05,0.646042705241,52476,8204093,82040,81218,True,7
tomo_sample_2_051_rec,recon_00037.tiff,37,100,0.5,-0.000483961047867,0.000777363735833,-5.76111377784e-05,-5.76985594554e-05,-5.52047913516e-05,-5.09591804964e-05,6.76480170379e-05,0.352950549742,28660,0.000383191660677,0.00038318953215,0.000380187993869,0.00038141157018,7.5661695045e-05,0.647049450258,52558,8204093,82040,81218,True,7
tomo_sample_2_051_rec,recon_00038.tiff,38,100,0.5,-0.000488249264308,0.000791773296951,-5.72754207925e-05,-5.73516558141e-05,-5.48847019672e-05,-5.4392197508e-05,6.73623909736e-05,0.349225351567,28359,0.000383482846584,0.000383487186408,0.00038010138087,0.000357962035186,7.63044061396e-05,0.650774648433,52859,8204093,82040,81218,True,7
tomo_sample_2_051_rec,recon_00039.tiff,39,100,0.5,-0.000467874425522,0.000782750493963,-5.75371998618e-05,-5.76175010717e-05,-5.51018783881e-05,-6.03019198243e-05,6.62690846786e-05,0.353622885308,28715,0.00038332601314,0.000383323383281,0.000380069686798,0.000377516458155,7.6543737145e-05,0.646377114692,52503,8204093,82040,81218,True,7
tomo_sample_2_051_rec,recon_00040.tiff,40,100,0.5,-0.000490272348688,0.000794700307015,-5.77137370914e-05,-5.77601883229e-05,-5.49839769519e-05,-5.08959605893e-05,6.79726684485e-05,0.35221683661,28606,0.000383977057304,0.000383999400142,0.000380031997338,0.000371265302965,7.7018480001e-05,0.64778316339,52612,8204093,82040,81218,True,7
tomo_sample_2_051_rec,recon_00041.tiff,41,100,0.5,-0.000489902565896,0.000788761709118,-5.6501682834e-05,-5.65120756719e-05,-5.41805275134e-05,-4.8317888397e-05,6.73144971379e-05,0.353889831888,28747,0.000384061773551,0.000384107565181,0.0003806083987,0.000382858905766,7.61866965965e-05,0.646110168112,52471,8204093,82040,81218,True,7
tomo_sample_2_051_rec,recon_00042.tiff,42,100,0.5,-0.000449641204177,0.000778720811068,-5.65671359709e-05,-5.66198573925e-05,-5.52334095119e-05,-5.05762032117e-05,6.48240190344e-05,0.351056918803,28511,0.00038314477036,0.000383163771694,0.000380470621167,0.000385198945213,7.65739667791e-05,0.648943081197,52707,8204093,82040,81218,True,7
tomo_sample_2_051_rec,recon_00043.tiff,43,100,0.5,-0.000487989655667,0.000795203431044,-5.75891484431e-05,-5.768586382e-05,-5.5179314586e-05,-4.45326110867e-05,6.70232091099e-05,0.351291172497,28524,0.000384191651017,0.000384183921681,0.000380519762984,0.000377446638278,7.72134954699e-05,0.648708827503,52694,8204093,82040,81218,True,7
tomo_sample_2_051_rec,recon_00044.tiff,44,100,0.5,-0.000488383901975,0.000767142030527,-5.66850773672e-05,-5.67433280469e-05,-5.40793407708e-05,-4.22860755136e-05,6.66109071624e-05,0.352586447836,28634,0.00038289787353,0.000382909813356,0.00038016794133,0.000389273387027,7.49932142602e-05,0.647413552164,52584,8204093,82040,81218,True,6
tomo_sample_2_051_rec,recon_00045.tiff,45,100,0.5,-0.000461018933565,0.000757474768325,-5.59129554145e-05,-5.59811646155e-05,-5.39182001376e-05,-4.65996813751e-05,6.58037043872e-05,0.352368642268,28615,0.000383307488638,0.000383313896288,0.000380438577849,0.000374910470929,7.46349753671e-05,0.647631357732,52603,8204093,82040,81218,True,7
tomo_sample_2_051_rec,recon_00046.tiff,46,100,0.5,-0.000497823657061,0.000794617421343,-5.67905123239e-05,-5.68639694201e-05,-5.40605869901e-05,-5.64216561258e-05,6.77022938245e-05,0.354029866293,28750,0.000383904709483,0.000383914742472,0.000380281053367,0.000383603411637,7.67569162578e-05,0.645970133707,52468,8204093,82040,81218,True,7
tomo_sample_2_051_rec,recon_00047.tiff,47,100,0.5,-0.000474020152615,0.000767393088609,-5.63475483506e-05,-5.64233159905e-05,-5.40374585398e-05,-7.14915791507e-05,6.62683470826e-05,0.352178007234,28598,0.000383233387639,0.000383231181007,0.000379892502679,0.000371026745385,7.49819958464e-05,0.647821992766,52620,8204093,82040,81218,True,7
tomo_sample_2_051_rec,recon_00048.tiff,48,100,0.5,-0.000490955558198,0.000767957808275,-5.71691076285e-05,-5.72340345752e-05,-5.48840143892e-05,-4.53660544709e-05,6.67580989516e-05,0.353775201238,28730,0.000382874822582,0.000382885928621,0.000379837336368,0.000379716281043,7.56860380751e-05,0.646224798762,52488,8204093,82040,81218,True,7
tomo_sample_2_051_rec,recon_00049.tiff,49,100,0.5,-0.000486754709273,0.000772682425741,-5.6937514988e-05,-5.69886203046e-05,-5.48473835806e-05,-6.06039452381e-05,6.63643248852e-05,0.353422790091,28703,0.000383191998589,0.00038320910143,0.000380233832402,0.000364535506932,7.52215211463e-05,0.646577209909,52515,8204093,82040,81218,True,6
tomo_sample_2_051_rec,recon_00050.tiff,50,100,0.5,-0.00047113857232,0.00079974721215,-5.70869703216e-05,-5.71507332193e-05,-5.47701474716e-05,-4.00770677012e-05,6.69843186024e-05,0.352612486069,28636,0.000383404865735,0.000383418807787,0.00037962384522,0.000380698619101,7.66242693082e-05,0.647387513931,52582,8204093,82040,81218,True,7
tomo_sample_2_051_rec,recon_00051.tiff,51,100,0.5,-0.000492072758498,0.000770046701655,-5.805581041e-05,-5.80961056053e-05,-5.60738153581e-05,-6.2972729811e-05,6.66170441008e-05,0.352106415303,28597,0.000383257309373,0.00038327603071,0.000380151497666,0.000379883007308,7.54366082378e-05,0.647893584697,52621,8204093,82040,81218,True,7
tomo_sample_2_051_rec,recon_00052.tiff,52,100,0.5,-0.000500338357233,0.000761659099371,-5.66580985214e-05,-5.67442379501e-05,-5.37169071322e-05,-4.8620303607e-05,6.77302060754e-05,0.351029654051,28504,0.000383627620442,0.000383624698831,0.000380596626201,0.000372189825208,7.54977016103e-05,0.648970345949,52714,8204092,82040,81218,True,7
tomo_sample_2_051_rec,recon_00053.tiff,53,100,0.5,-0.000485193216009,0.000771516000386,-5.70196729392e-05,-5.70904782604e-05,-5.45052716916e-05,-6.72801524952e-05,6.83466418789e-05,0.354379920834,28779,0.000382335403365,0.000382348888728,0.00037925716606,0.00038672495956,7.55074239615e-05,0.645620079166,52439,8204093,82040,81218,True,7
tomo_sample_2_051_rec,recon_00054.tiff,54,100,0.5,-0.000440995522804,0.000774056028167,-5.71073018616e-05,-5.71037290208e-05,-5.53169957129e-05,-5.76179514837e-05,6.53979000513e-05,0.349512253189,28393,0.00038251828888,0.000382568914027,0.000379657110898,0.000367589236101,7.51605388833e-05,0.650487746811,52825,8204093,82040,81218,True,7
tomo_sample_2_051_rec,recon_00055.tiff,55,100,0.5,-0.000485123082472,0.000785717263643,-5.58496732301e-05,-5.59400976821e-05,-5.34107493877e-05,-5.10737696246e-05,6.62523471258e-05,0.352689047865,28638,0.000382519149978,0.000382512548674,0.000379171062377,0.00038857506806,7.56118605709e-05,0.647310952135,52580,8204093,82040,81218,True,7
tomo_sample_2_051_rec,recon_00056.tiff,56,100,0.5,-0.000510271822568,0.00077609114378,-5.71109088336e-05,-5.71472369108e-05,-5.45700604562e-05,-4.34893908164e-05,6.79256369836e-05,0.352440747499,28626,0.000382612559877,0.000382644602097,0.000379462930141,0.000379521024786,7.56487991755e-05,0.647559252501,52592,8204093,82040,81218,True,7
tomo_sample_2_051_rec,recon_00057.tiff,57,100,0.5,-0.000485017436586,0.000770734356192,-5.74603301777e-05,-5.75602795242e-05,-5.50154763914e-05,-5.61908458178e-05,6.6781885697e-05,0.351215087529,28517,0.000382289740801,0.000382277179009,0.000378988916054,0.000372129367035,7.54554248802e-05,0.648784912471,52701,8204093,82040,81218,True,7
tomo_sample_2_051_rec,recon_00058.tiff,58,100,0.5,-0.000473548551236,0.000798307200312,-5.73712674843e-05,-5.74803596166e-05,-5.49197775399e-05,-5.4727736502e-05,6.7438313678e-05,0.34960938695,28386,0.000383190085204,0.000383177191358,0.000379882185371,0.000375333719835,7.6222032629e-05,0.65039061305,52832,8204092,82040,81218,True,7
tomo_sample_2_051_rec,recon_00059.tiff,59,100,0.5,-0.000467735872808,0.000803192791063,-5.6505942773e-05,-5.66050610409e-05,-5.42979105376e-05,-5.61382283515e-05,6.64734681761e-05,0.352493544113,28621,0.000382751307385,0.000382739929926,0.000379220757168,0.000385405318664,7.65537139405e-05,0.647506455887,52597,8204093,82040,81218,True,7
tomo_sample_2_051_rec,recon_00060.tiff,60,100,0.5,-0.000520019082178,0.000795633103116,-5.74077120656e-05,-5.74884640241e-05,-5.44932481716e-05,-3.950640082e-05,6.83819002771e-05,0.350386991234,28453,0.000382834737332,0.000382838812017,0.000379761331715,0.000368003084539,7.6493334779e-05,0.649613008766,52765,8204093,82040,81218,True,7
tomo_sample_2_051_rec,recon_00061.tiff,61,100,0.5,-0.000494370079541,0.000786508816527,-5.75987393586e-05,-5.76531047209e-05,-5.48687894479e-05,-5.29877787099e-05,6.74591644091e-05,0.3511571658,28519,0.000382744124795,0.000382762827646,0.000379232486011,0.000381600614835,7.60366629798e-05,0.6488428342,52699,8204093,82040,81218,True,7
tomo_sample_2_051_rec,recon_00062.tiff,62,100,0.5,-0.00048669793614,0.000769281814864,-5.61491319795e-05,-5.62125490588e-05,-5.40638357052e-05,-2.65511942993e-05,6.6972085384e-05,0.349080647649,28349,0.000382304051152,0.00038231622812,0.000379511446226,0.000375211942156,7.5317080368e-05,0.650919352351,52869,8204093,82040,81218,True,7
tomo_sample_2_051_rec,recon_00063.tiff,63,100,0.5,-0.000501846652769,0.000783434190671,-5.71316066403e-05,-5.72024987356e-05,-5.50751319679e-05,-5.57579800324e-05,6.69398051236e-05,0.350419435832,28457,0.000382320949423,0.000382331151913,0.000379451783374,0.000383772507407,7.63449579659e-05,0.649580564168,52761,8204093,82040,81218,True,7
tomo_sample_2_051_rec,recon_00064.tiff,64,100,0.5,-0.00051841209468,0.000772569674882,-5.78290833616e-05,-5.79380320655e-05,-5.54299567739e-05,-7.01809247762e-05,6.88269965335e-05,0.353297896747,28686,0.000382415581714,0.000382406785828,0.000379159377189,0.000394384349168,7.57154047753e-05,0.646702103253,52532,8204093,82040,81218,True,7
tomo_sample_2_051_rec,recon_00065.tiff,65,100,0.5,-0.000514502971782,0.000795921343961,-5.76813638259e-05,-5.7770462329e-05,-5.47200124856e-05,-6.77342762191e-05,6.91154896064e-05,0.352331971669,28610,0.000382842210892,0.000382842951688,0.000379443576094,0.000395888260099,7.64653982534e-05,0.647668028331,52608,8204092,82040,81218,True,7
tomo_sample_2_051_rec,recon_00066.tiff,66,100,0.5,-0.000532405563863,0.000779896407039,-5.65979949175e-05,-5.67116580857e-05,-5.41322260688e-05,-5.50689468789e-05,7.01370757434e-05,0.349841682013,28405,0.000382187882551,0.000382178878906,0.000378899276257,0.000353642840158,7.53179206193e-05,0.650158317987,52813,8204093,82040,81218,True,7
tomo_sample_2_051_rec,recon_00067.tiff,67,100,0.5,-0.000477949398773,0.000774975367531,-5.70674473119e-05,-5.71219456618e-05,-5.44634640391e-05,-5.00204287065e-05,6.76203282804e-05,0.354804260939,28816,0.000382922417528,0.000382948251368,0.00037953069841,0.000377607156853,7.6438494977e-05,0.645195739061,52402,8204093,82040,81218,True,6
tomo_sample_2_051_rec,recon_00068.tiff,68,100,0.5,-0.000477374186448,0.00077950582694,-5.703769114e-05,-5.70819868201e-05,-5.49747819605e-05,-6.31793275758e-05,6.76369110801e-05,0.352117097617,28599,0.000382673068485,0.000382703440844,0.000379361532396,0.000378858380454,7.67889024313e-05,0.647882902383,52619,8204093,82040,81218,True,7
tomo_sample_2_051_rec,recon_00069.tiff,69,100,0.5,-0.000456821692933,0.00075981204689,-5.64421909663e-05,-5.65285978201e-05,-5.47592971998e-05,-5.81042046735e-05,6.66971266361e-05,0.349825088396,28407,0.000382433769631,0.000382437914837,0.000378936587367,0.000365449140605,7.64623656642e-05,0.650174911604,52811,8204093,82040,81218,True,7
tomo_sample_2_051_rec,recon_00070.tiff,70,100,0.5,-0.000501852739835,0.000797555339232,-5.70254810804e-05,-5.70953028699e-05,-5.53253667022e-05,-5.7689477509e-05,6.78613597302e-05,0.350939828094,28501,0.000382415237065,0.000382439390211,0.00037872226676,0.000380233547453,7.85010567989e-05,0.649060171906,52717,8204093,82040,81218,True,7
tomo_sample_2_051_rec,recon_00071.tiff,71,100,0.5,-0.000467037340859,0.000797011824616,-5.57425049145e-05,-5.57151212297e-05,-5.43882815691e-05,-6.08551458694e-05,6.60033958026e-05,0.353219776984,28699,0.000383141850371,0.000383220449202,0.000379506906029,0.000357952205227,7.7771258909e-05,0.646780223016,52519,8204093,82040,81218,True,7
tomo_sample_2_051_rec,recon_00072.tiff,72,100,0.5,-0.000512865160708,0.000793437144312,-5.72117090042e-05,-5.73055360186e-05,-5.49633423361e-05,-4.85025146557e-05,6.96118165976e-05,0.352350926192,28612,0.000382552692616,0.00038255994088,0.000379187244107,0.000368448333624,7.71606972953e-05,0.647649073808,52606,8204092,82040,81218,True,7
tomo_sample_2_051_rec,recon_00073.tiff,73,100,0.5,-0.000498479490343,0.000813193222275,-5.66015245439e-05,-5.66324191838e-05,-5.41609770153e-05,-4.72405349257e-05,6.86351103203e-05,0.351875769283,28583,0.00038359004682,0.000383643234898,0.000379347649869,0.000361129206705,7.94263508474e-05,0.648124230717,52635,8204093,82040,81218,True,7
tomo_sample_2_051_rec,recon_00074.tiff,74,100,0.5,-0.00051165592653,0.000802432254131,-5.62411419034e-05,-5.62552519082e-05,-5.37360028829e-05,-6.21174762834e-05,6.83776595441e-05,0.351620491039,28564,0.000382541652573,0.000382600031632,0.000378922544769,0.000365154665833,7.80160203564e-05,0.648379508961,52654,8204093,82040,81218,True,7
tomo_sample_2_051_rec,recon_00075.tiff,75,100,0.5,-0.000514322534145,0.000801229531935,-5.70732171872e-05,-5.71185227339e-05,-5.40601140528e-05,-4.60532006738e-05,6.91075227752e-05,0.352132155283,28601,0.000381866919464,0.000381904314813,0.000378446449758,0.00038349471763,7.80208038782e-05,0.647867844717,52617,8204092,82040,81218,True,7
tomo_sample_2_051_rec,recon_00076.tiff,76,100,0.5,-0.000466740750417,0.000790127709042,-5.61497138045e-05,-5.61860656458e-05,-5.42203924851e-05,-5.48576001025e-05,6.6930766808e-05,0.34972485849,28407,0.000381678799829,0.000381723609933,0.00037832732778,0.000381568030316,7.74798779948e-05,0.65027514151,52811,8204093,82040,81218,True,7
tomo_sample_2_051_rec,recon_00077.tiff,77,100,0.5,-0.000483563702583,0.000805957003322,-5.71138528604e-05,-5.7131054969e-05,-5.46969786228e-05,-5.17471287437e-05,6.7295498534e-05,0.353007393249,28676,0.000382381698179,0.000382436636631,0.000379194054403,0.000385676349967,7.79264048054e-05,0.646992606751,52542,8204093,82040,81218,True,7
tomo_sample_2_051_rec,recon_00078.tiff,78,100,0.5,-0.000518734736543,0.00078484948026,-5.68737459875e-05,-5.69723852814e-05,-5.45829152543e-05,-5.98451796261e-05,7.01676019341e-05,0.353305982891,28690,0.000382261583101,0.000382275285816,0.000379208140657,0.000383380937446,7.75702459084e-05,0.646694017109,52528,8204093,82040,81218,True,7
tomo_sample_2_051_rec,recon_00079.tiff,79,100,0.5,-0.000495212182577,0.00078840775881,-5.62968020385e-05,-5.63503372712e-05,-5.36793922947e-05,-4.41724699044e-05,6.86334836137e-05,0.353643136667,28723,0.000382808110938,0.000382844192954,0.000379390170565,0.000366982722022,7.8255940974e-05,0.646356863333,52495,8204093,82040,81218,True,7
tomo_sample_2_051_rec,recon_00080.tiff,80,100,0.5,-0.000526989734499,0.000792688546935,-5.74886446498e-05,-5.76281510966e-05,-5.41897170478e-05,-5.05826978851e-05,7.17241038155e-05,0.353376586943,28691,0.000381858556957,0.000381854965777,0.000378725526389,0.000368939858346,7.85549138554e-05,0.646623413057,52527,8204092,82040,81218,True,7
tomo_sample_2_051_rec,recon_00081.tiff,81,100,0.5,-0.000502986836364,0.00079831864743,-5.72441725263e-05,-5.73132423644e-05,-5.48442512809e-05,-5.53356924443e-05,6.9499351674e-05,0.352720243303,28646,0.000382534864072,0.000382562187551,0.000379006072762,0.000370602805125,7.8273591378e-05,0.647279756697,52572,8204092,82040,81218,True,7
tomo_sample_2_051_rec,recon_00082.tiff,82,100,0.5,-0.000477783157403,0.000809532496787,-5.63597112286e-05,-5.63914125133e-05,-5.46641167603e-05,-6.8670382459e-05,6.70453701696e-05,0.354106259633,28764,0.000382382219201,0.000382434714891,0.000378712298698,0.000377395076513,7.91885497552e-05,0.645893740367,52454,8204093,82040,81218,True,7
tomo_sample_2_051_rec,recon_00083.tiff,83,100,0.5,-0.000498574938974,0.000794116661418,-5.61240090743e-05,-5.61485174747e-05,-5.41860499652e-05,-5.05236766961e-05,6.89149650447e-05,0.355491146764,28879,0.000382017143871,0.000382086921764,0.000378373049898,0.000370300275229,7.89105980678e-05,0.644508853236,52339,8204093,82040,81218,True,7
tomo_sample_2_051_rec,recon_00084.tiff,84,100,0.5,-0.000536946520733,0.000814912799106,-5.65662771618e-05,-5.66116333757e-05,-5.41074205103e-05,-5.96900670307e-05,7.02686768725e-05,0.353256906341,28694,0.000381924480618,0.000381975811562,0.000378549768357,0.000371336638569,7.90417127831e-05,0.646743093659,52524,8204093,82040,81218,True,7
tomo_sample_2_051_rec,recon_00085.tiff,85,100,0.5,-0.000496063352912,0.000796446399472,-5.64650670033e-05,-5.65578838523e-05,-5.35019316885e-05,-4.64210875333e-05,7.05334839096e-05,0.355498685396,28870,0.000382746964105,0.000382773886241,0.000379003380658,0.000367096235464,7.95072121256e-05,0.644501314604,52348,8204093,82040,81218,True,7
tomo_sample_2_051_rec,recon_00086.tiff,86,100,0.5,-0.000503528313129,0.000787274218746,-5.6831677046e-05,-5.69673456887e-05,-5.452203186e-05,-6.68326794859e-05,7.1064133579e-05,0.351634788825,28550,0.000381889437727,0.000381887392121,0.000377878415748,0.000364217672723,7.88916210518e-05,0.648365211175,52668,8204093,82040,81218,True,7
tomo_sample_2_051_rec,recon_00087.tiff,87,100,0.5,-0.00053485678538,0.000799009435577,-5.56594328759e-05,-5.58283589312e-05,-5.26524509041e-05,-5.27146609526e-05,7.1644292759e-05,0.354859512834,28808,0.000382732800645,0.000382717080908,0.00037924030039,0.00037990146385,7.91132066323e-05,0.645140487166,52410,8204093,82040,81218,True,7
tomo_sample_2_051_rec,recon_00088.tiff,88,100,0.5,-0.00053502576804,0.000789987068856,-5.6172642284e-05,-5.62441494528e-05,-5.35133076482e-05,-6.07558898352e-05,7.19514462959e-05,0.353363072747,28700,0.000382039045281,0.000382082778083,0.000378708078642,0.000377048696202,7.89250727701e-05,0.646636927253,52518,8204093,82040,81218,True,7
tomo_sample_2_051_rec,recon_00089.tiff,89,100,0.5,-0.000519697502023,0.000802820345561,-5.70768313699e-05,-5.71632878525e-05,-5.44646263734e-05,-5.07238556424e-05,7.18609142766e-05,0.352741659648,28648,0.000381654201505,0.000381693203009,0.000378391690901,0.000370520195906,7.93283263252e-05,0.647258340352,52570,8204093,82040,81218,True,7
tomo_sample_2_051_rec,recon_00090.tiff,90,100,0.5,-0.000528735872649,0.000785964672687,-5.66207417242e-05,-5.68160128298e-05,-5.44318390894e-05,-5.36423764515e-05,7.08865871762e-05,0.352953213796,28649,0.000381287355398,0.000381250877525,0.000378158467356,0.000352134830912,7.8661747849e-05,0.647046786204,52569,8204093,82040,81218,True,7
tomo_sample_2_051_rec,recon_00091.tiff,91,100,0.5,-0.000533731110045,0.000784482604067,-5.76593822287e-05,-5.77773473157e-05,-5.53076351935e-05,-5.73253425413e-05,7.11412207567e-05,0.355682199185,28881,0.000381671450524,0.0003816794923,0.000378797907615,0.000365255761992,7.85284883107e-05,0.644317800815,52337,8204093,82040,81218,True,7
tomo_sample_2_051_rec,recon_00092.tiff,92,100,0.5,-0.000520030593325,0.000787101927563,-5.72159502466e-05,-5.73794405227e-05,-5.46011506231e-05,-7.14814536061e-05,7.12562888582e-05,0.354183099672,28753,0.000382222982538,0.000382203335891,0.000378856784664,0.00038652433936,7.92877690363e-05,0.645816900328,52465,8204093,82040,81218,True,7
tomo_sample_2_051_rec,recon_00093.tiff,93,100,0.5,-0.000540807237558,0.000785059103218,-5.54671062327e-05,-5.55958146986e-05,-5.27965239598e-05,-5.94874225927e-05,7.31607618725e-05,0.355409120359,28860,0.000382365431324,0.000382389397301,0.000378773736884,0.000382191934205,7.986216527e-05,0.644590879641,52358,8204093,82040,81218,True,7
tomo_sample_2_051_rec,recon_00094.tiff,94,100,0.5,-0.000490435018146,0.000784153741552,-5.62838053878e-05,-5.64153812814e-05,-5.43860496691e-05,-4.90865976777e-05,6.95742266195e-05,0.355539376837,28868,0.000381664340152,0.000381668321521,0.000378360971808,0.000372323302689,7.94727169169e-05,0.644460623163,52350,8204093,82040,81218,True,7
tomo_sample_2_051_rec,recon_00095.tiff,95,100,0.5,-0.000483689751418,0.000781201027567,-5.50653163748e-05,-5.50921907192e-05,-5.30868128408e-05,-4.00069583372e-05,6.9471783215e-05,0.353122703781,28687,0.000382118806325,0.000382192406955,0.000378796481527,0.000376878426085,7.93424753082e-05,0.646877296219,52531,8204092,82040,81218,True,7
tomo_sample_2_051_rec,recon_00096.tiff,96,100,0.5,-0.00051480380469,0.000788034203288,-5.6158565407e-05,-5.62607027985e-05,-5.41465851711e-05,-6.06664410951e-05,7.11215325525e-05,0.35577157074,28892,0.000381373308898,0.000381404155981,0.000378133394406,0.000376496309663,7.88194289487e-05,0.64422842926,52326,8204093,82040,81218,True,7
tomo_sample_2_051_rec,recon_00097.tiff,97,100,0.5,-0.000496242489608,0.000786390157591,-5.47879231996e-05,-5.48599940105e-05,-5.30493289261e-05,-2.63156691547e-05,7.0424916589e-05,0.356117144367,28924,0.000382236307134,0.000382283505328,0.000378624885343,0.000362225959555,7.94180703053e-05,0.643882855633,52294,8204093,82040,81218,True,7
tomo_sample_2_051_rec,recon_00098.tiff,98,100,0.5,-0.000504448452557,0.000791644283454,-5.56047997823e-05,-5.56284766107e-05,-5.3501331422e-05,-3.61825053853e-05,6.97464468919e-05,0.354940321265,28835,0.000382403231778,0.000382478617719,0.00037898219307,0.000381577706265,8.04065880912e-05,0.645059678735,52383,8204093,82040,81218,True,7
tomo_sample_2_051_rec,recon_00099.tiff,99,100,0.5,-0.000473498472275,0.000777846252895,-5.45977709924e-05,-5.46637746272e-05,-5.23022554262e-05,-5.98070188877e-05,6.90331221948e-05,0.356409859797,28948,0.000381575304589,0.00038162107102,0.000378150914912,0.000374061409039,7.94443564153e-05,0.643590140203,52270,8204093,82040,81218,True,7
tomo_sample_2_051_rec,recon_00100.tiff,100,100,0.5,-0.000490141623595,0.000793274445168,-5.48238835459e-05,-5.48599066499e-05,-5.30677098141e-05,-6.35395094627e-05,7.04376710751e-05,0.353763555641,28739,0.000381875543263,0.000381953782875,0.000378760101739,0.000368942622283,7.94625523246e-05,0.646236444359,52479,8204093,82040,81218,True,7
tomo_sample_2_051_rec,recon_00101.tiff,101,100,0.5,-0.000484273710317,0.000787448037299,-5.64333083989e-05,-5.64481038197e-05,-5.51995508431e-05,-3.89604240966e-05,6.94687578969e-05,0.357030089578,29006,0.000381429038054,0.000381510470965,0.000378525510314,0.000379040028526,7.94670463734e-05,0.642969910422,52212,8204093,82040,81218,True,7
tomo_sample_2_051_rec,recon_00102.tiff,102,100,0.5,-0.000482609779574,0.000800549228152,-5.57640805153e-05,-5.58348682348e-05,-5.36388615728e-05,-5.04482913297e-05,7.03119005012e-05,0.351882908428,28581,0.000381602092436,0.000381655268844,0.000378475204343,0.000381696821513,7.97405490067e-05,0.648117091572,52637,8204093,82040,81218,True,7
tomo_sample_2_051_rec,recon_00103.tiff,103,100,0.5,-0.000503634232155,0.000780121979187,-5.5543896333e-05,-5.56140923553e-05,-5.35585677426e-05,-7.16122611033e-05,7.14069229393e-05,0.353059615352,28677,0.000381315597439,0.000381372237391,0.00037825977779,0.00037138473998,7.93384570242e-05,0.646940384648,52541,8204093,82040,81218,True,7
tomo_sample_2_051_rec,recon_00104.tiff,104,100,0.5,-0.000514126323396,0.000778112889675,-5.64245700714e-05,-5.65227026303e-05,-5.41323934158e-05,-5.6327588761e-05,7.31423181871e-05,0.354181623126,28765,0.000381091743138,0.000381137859207,0.000378217169782,0.000370761122458,7.88852745802e-05,0.645818376874,52453,8204092,82040,81218,True,7
tomo_sample_2_051_rec,recon_00105.tiff,105,100,0.5,-0.000467183346482,0.000770445447706,-5.54611936184e-05,-5.54638255832e-05,-5.36837214895e-05,-7.24110165669e-05,6.84097903342e-05,0.35610080357,28933,0.00038148735902,0.000381582455722,0.000378010823624,0.000362410558012,7.99426119772e-05,0.64389919643,52285,8204093,82040,81218,True,8
tomo_sample_2_051_rec,recon_00106.tiff,106,100,0.5,-0.000515549292031,0.000781262200617,-5.56296293004e-05,-5.5754768318e-05,-5.31313089596e-05,-6.64051627236e-05,7.13271118472e-05,0.355602537554,28876,0.000381138232037,0.000381162818368,0.000378287644708,0.000393156086095,7.98606832988e-05,0.644397462446,52342,8204093,82040,81218,True,8
tomo_sample_2_051_rec,recon_00107.tiff,107,100,0.5,-0.000479492251616,0.00079213377845,-5.50854934749e-05,-5.51032580796e-05,-5.29844455741e-05,-6.40632996495e-05,7.02507203208e-05,0.355115353529,28852,0.000381401079392,0.00038149623079,0.000378129203455,0.000384440820157,8.03931138065e-05,0.644884646471,52366,8204092,82040,81218,True,8
tomo_sample_2_051_rec,recon_00108.tiff,108,100,0.5,-0.000518249871384,0.00078720565507,-5.63157282634e-05,-5.64078895628e-05,-5.39770262549e-05,-5.91467736058e-05,7.26572135482e-05,0.357347334608,29023,0.000381419797724,0.000381470743537,0.000378279160941,0.000384689827006,7.98326815486e-05,0.642652665392,52195,8204093,82040,81218,True,7
tomo_sample_2_051_rec,recon_00109.tiff,109,100,0.5,-0.000497765652544,0.000778402135766,-5.49073804898e-05,-5.49635298843e-05,-5.30361721758e-05,-5.48458213392e-05,7.12234744946e-05,0.358043596331,29084,0.000381122552804,0.000381190803952,0.000378158380045,0.000380273684215,7.91000776249e-05,0.641956403669,52134,8204093,82040,81218,True,7
tomo_sample_2_051_rec,recon_00110.tiff,110,100,0.5,-0.000521835927502,0.000804793413263,-5.53050107404e-05,-5.54175170332e-05,-5.2898121794e-05,-5.77643566375e-05,7.31947011494e-05,0.356819347291,28979,0.000381868460478,0.000381921216689,0.000378247990739,0.000371147826273,8.10372219657e-05,0.643180652709,52239,8204093,82040,81218,True,8
tomo_sample_2_051_rec,recon_00111.tiff,111,100,0.5,-0.000522463363886,0.000799976761045,-5.55852698635e-05,-5.56815695608e-05,-5.34832797712e-05,-5.70619158602e-05,7.30352540488e-05,0.357054895263,29000,0.000382148324811,0.00038220780424,0.000378538214136,0.000372494325031,8.10371223467e-05,0.642945104737,52218,8204093,82040,81218,True,8
tomo_sample_2_051_rec,recon_00112.tiff,112,100,0.5,-0.000510905023257,0.000793354936177,-5.494318554e-05,-5.50491646702e-05,-5.27981355845e-05,-4.73559561453e-05,7.20011758682e-05,0.357368735804,29023,0.000381458640521,0.000381502737891,0.00037801428698,0.000365074311526,7.99944118777e-05,0.642631264196,52195,8204093,82040,81218,True,8
tomo_sample_2_051_rec,recon_00113.tiff,113,100,0.5,-0.000496686586121,0.000778120949399,-5.56835287339e-05,-5.57664828528e-05,-5.43928254046e-05,-6.70134371457e-05,7.13289109156e-05,0.35800589181,29078,0.000380802216755,0.000380860848101,0.000377639487851,0.000387014202899,8.01138664455e-05,0.64199410819,52140,8204093,82040,81218,True,8
tomo_sample_2_051_rec,recon_00114.tiff,114,100,0.5,-0.000496456471155,0.000782226069132,-5.50011951129e-05,-5.50677044091e-05,-5.29315148015e-05,-5.1200017093e-05,7.16171144159e-05,0.35846935081,29119,0.000381690246502,0.000381767957017,0.000378611293854,0.000383375228539,8.12885262103e-05,0.64153064919,52099,8204093,82040,81218,True,8
tomo_sample_2_051_rec,recon_00115.tiff,115,100,0.5,-0.000477379516378,0.000788775245892,-5.55435951614e-05,-5.55814706708e-05,-5.38718413736e-05,-7.79365878321e-05,7.02151538448e-05,0.356666170026,28976,0.000381087873197,0.000381178142463,0.000377756092348,0.000387040324731,8.1173577219e-05,0.643333829974,52242,8204093,82040,81218,True,8
tomo_sample_2_051_rec,recon_00116.tiff,116,100,0.5,-0.000519755163405,0.000798095691716,-5.65491249438e-05,-5.66761167861e-05,-5.44962458662e-05,-5.22671933019e-05,7.21709489491e-05,0.35969303859,29209,0.000381461016286,0.000381494024138,0.000378378492314,0.000380786563213,8.05831386773e-05,0.64030696141,52009,8204093,82040,81218,True,8
tomo_sample_2_051_rec,recon_00117.tiff,117,100,0.5,-0.000499948201177,0.000790512762032,-5.51164328435e-05,-5.51883251692e-05,-5.22037189512e-05,-3.32949697337e-05,7.16888714968e-05,0.358146949404,29091,0.000381392452536,0.000381457872388,0.000378000317141,0.000387973454607,8.04978900197e-05,0.641853050596,52127,8204093,82040,81218,True,7
tomo_sample_2_051_rec,recon_00118.tiff,118,100,0.5,-0.00050490918482,0.000787559094315,-5.59372352502e-05,-5.60600727177e-05,-5.39010834473e-05,-4.32396241754e-05,7.13590934358e-05,0.357601695895,29040,0.000380881879847,0.000380919316229,0.000377667558496,0.00037799004299,8.04696295408e-05,0.642398304105,52178,8204093,82040,81218,True,8
tomo_sample_2_051_rec,recon_00119.tiff,119,100,0.5,-0.000500072290597,0.000785714082594,-5.60344800868e-05,-5.61729183878e-05,-5.36654843017e-05,-4.85619073907e-05,7.23896801135e-05,0.359755644026,29213,0.000380903016777,0.000380933447263,0.00037775922101,0.000371690910049,8.08392400812e-05,0.640244355974,52005,8204092,82040,81218,True,8
tomo_sample_2_051_rec,recon_00120.tiff,120,100,0.5,-0.000519248516648,0.000785780235019,-5.52220076743e-05,-5.53050383867e-05,-5.27702904947e-05,-4.46033473709e-05,7.26998558399e-05,0.35993341585,29235,0.000381415481665,0.000381478370809,0.000378466967959,0.000381963967101,8.03754828497e-05,0.64006658415,51983,8204093,82040,81218,True,7
tomo_sample_2_051_rec,recon_00121.tiff,121,100,0.5,-0.000519860033528,0.000777534065419,-5.50900704364e-05,-5.51744830079e-05,-5.28392229171e-05,-6.90282793663e-05,7.31242420072e-05,0.359549231145,29203,0.000380871884815,0.000380928752543,0.000377813528758,0.000376535221467,7.94523641264e-05,0.640450768855,52015,8204093,82040,81218,True,7
tomo_sample_2_051_rec,recon_00122.tiff,122,100,0.5,-0.000511840812978,0.00079914093134,-5.46420549171e-05,-5.47285545849e-05,-5.22224399901e-05,-6.69675733198e-05,7.21599974385e-05,0.357672069012,29051,0.000381880557184,0.000381942031463,0.000378594413633,0.000374066551274,8.10668936413e-05,0.642327930988,52167,8204092,82040,81218,True,8
tomo_sample_2_051_rec,recon_00123.tiff,123,100,0.5,-0.000492816582846,0.000791692241328,-5.55951297837e-05,-5.565784935e-05,-5.39427528565e-05,-6.35938729537e-05,7.11080688903e-05,0.358060130997,29085,0.00038102471331,0.000381093810372,0.000377610733267,0.00037658019373,8.03872184062e-05,0.641939869003,52133,8204093,82040,81218,True,8
tomo_sample_2_051_rec,recon_00124.tiff,124,100,0.5,-0.000513785305375,0.000772926180798,-5.50138166323e-05,-5.51200939858e-05,-5.25391878909e-05,-6.81467530984e-05,7.28067376953e-05,0.360307803003,29261,0.000380582480119,0.000380621548494,0.000377328891773,0.000361301052465,7.91873651892e-05,0.639692196997,51957,8204093,82040,81218,True,7
tomo_sample_2_051_rec,recon_00125.tiff,125,100,0.5,-0.000523147002968,0.000801931882161,-5.51945119439e-05,-5.53045935686e-05,-5.33219026693e-05,-6.06834817442e-05,7.24621578788e-05,0.358899277506,29148,0.000381144758821,0.000381197317863,0.000377994409064,0.000384041881869,8.11381974183e-05,0.641100722494,52070,8204092,82040,81218,True,8
tomo_sample_2_051_rec,recon_00126.tiff,126,100,0.5,-0.000505401951668,0.000818062387116,-5.49734815574e-05,-5.50359186612e-05,-5.30852885277e-05,-5.57976702895e-05,7.14155381939e-05,0.355645285092,28891,0.000381215637747,0.000381301803241,0.000377279153327,0.000367242761021,8.20250164664e-05,0.644354714908,52327,8204093,82040,81218,True,8
tomo_sample_2_051_rec,recon_00127.tiff,127,100,0.5,-0.000502458725532,0.000789380185888,-5.47417778937e-05,-5.47765245611e-05,-5.28502023371e-05,-5.96335260828e-05,7.10146597177e-05,0.357591439075,29051,0.00038108717828,0.000381174521235,0.000377745629521,0.000380235141567,8.02798675e-05,0.642408560925,52167,8204093,82040,81218,True,7
tomo_sample_2_051_rec,recon_00128.tiff,128,100,0.5,-0.000538075751974,0.000814374294132,-5.60225228166e-05,-5.6083485606e-05,-5.25300310983e-05,-5.1762556897e-05,7.33257296465e-05,0.360082238096,29251,0.000381305918084,0.000381389385756,0.000377543416107,0.000367872240259,8.14966426968e-05,0.639917761904,51967,8204093,82040,81218,True,7
tomo_sample_2_051_rec,recon_00129.tiff,129,100,0.5,-0.000535620533628,0.000789373135776,-5.57967492355e-05,-5.59024691456e-05,-5.34853243153e-05,-5.50636882308e-05,7.30513335394e-05,0.356740130876,28973,0.000380973745115,0.000381026354365,0.000377602671506,0.000388605782107,8.07718011388e-05,0.643259869124,52245,8204093,82040,81218,True,7
tomo_sample_2_051_rec,recon_00130.tiff,130,100,0.5,-0.000531218619144,0.000780235987331,-5.66092921301e-05,-5.67347146098e-05,-5.40221753909e-05,-5.47737184138e-05,7.29186301956e-05,0.357149186919,29002,0.000380836774679,0.000380865029509,0.000377588541596,0.000371515120165,7.99450750572e-05,0.642850813081,52216,8204093,82040,81218,True,7
tomo_sample_2_051_rec,recon_00131.tiff,131,100,0.5,-0.00051247141062,0.00077963266318,-5.61903251631e-05,-5.63313366196e-05,-5.3178959206e-05,-6.40864808601e-05,7.3273548344e-05,0.358957583491,29147,0.0003811594,0.000381181075037,0.000377839722205,0.00037095171188,7.97962127161e-05,0.641042416509,52071,8204093,82040,81218,True,7
tomo_sample_2_051_rec,recon_00132.tiff,132,100,0.5,-0.000526998615533,0.000798445452529,-5.61591643439e-05,-5.62384893346e-05,-5.37859978067e-05,-3.92198796756e-05,7.30075865899e-05,0.355969789461,28914,0.000380450920118,0.000380518525611,0.000377020114684,0.00037789537157,8.01180355888e-05,0.644030210539,52304,8204093,82040,81218,True,7
tomo_sample_2_051_rec,recon_00133.tiff,133,100,0.5,-0.000508683009539,0.00079229610652,-5.52192552453e-05,-5.52536495935e-05,-5.31962468813e-05,-4.85481637982e-05,7.14700811464e-05,0.358826083579,29151,0.000381092600917,0.000381177749141,0.000377435004339,0.000365473639356,8.00463330477e-05,0.641173916421,52067,8204093,82040,81218,True,7
tomo_sample_2_051_rec,recon_00134.tiff,134,100,0.5,-0.000515747890749,0.000788186716672,-5.48948290537e-05,-5.49392689006e-05,-5.28258751729e-05,-5.31243058222e-05,7.21603540514e-05,0.358077210154,29090,0.000381570718006,0.000381659865038,0.00037818904093,0.000371454849653,8.06285814603e-05,0.641922789846,52128,8204093,82040,81218,True,7
tomo_sample_2_051_rec,recon_00135.tiff,135,100,0.5,-0.000492831270676,0.000802924211312,-5.48537405973e-05,-5.48622522619e-05,-5.27157790202e-05,-5.26964175397e-05,7.00496474024e-05,0.360691332002,29306,0.000381045691815,0.000381145981316,0.000377732125344,0.000385270619249,8.04494993282e-05,0.639308667998,51912,8204092,82040,81218,True,7
tomo_sample_2_051_rec,recon_00136.tiff,136,100,0.5,-0.000500917500467,0.000788314381207,-5.54882278262e-05,-5.55811305754e-05,-5.28127693542e-05,-3.8953762205e-05,7.17775678954e-05,0.358915456912,29150,0.000380810221555,0.00038085891796,0.000377730990294,0.000381487565134,7.9943216609e-05,0.641084543088,52068,8204092,82040,81218,True,7
tomo_sample_2_051_rec,recon_00137.tiff,137,100,0.5,-0.00048545484693,0.000795274371922,-5.39363288147e-05,-5.39750131359e-05,-5.21294095961e-05,-5.05470785098e-05,7.05887465801e-05,0.360480443355,29285,0.000380733310119,0.000380817892385,0.00037747353781,0.000385576318483,7.95319751101e-05,0.639519556645,51933,8204093,82040,81218,True,7
tomo_sample_2_051_rec,recon_00138.tiff,138,100,0.5,-0.00049769180041,0.000805284215312,-5.57358563533e-05,-5.58595321621e-05,-5.37135929335e-05,-5.79336382274e-05,7.06953453835e-05,0.359940456246,29228,0.000380753590827,0.000380775734717,0.000377320073312,0.00037045208282,8.01667696964e-05,0.640059543754,51990,8204093,82040,81218,True,7
tomo_sample_2_051_rec,recon_00139.tiff,139,100,0.5,-0.000463736395905,0.000804666036856,-5.47496312159e-05,-5.48086923323e-05,-5.30458855792e-05,-6.22894409791e-05,6.88576579138e-05,0.355993457028,28916,0.0003810741338,0.000381131146945,0.000377274933271,0.000364434948229,8.0787390683e-05,0.644006542972,52302,8204093,82040,81218,True,7
tomo_sample_2_051_rec,recon_00140.tiff,140,100,0.5,-0.000507812199357,0.000801339351747,-5.58876608268e-05,-5.59518921468e-05,-5.34037917532e-05,-5.73989821626e-05,7.25494237425e-05,0.357922774508,29074,0.000381581872075,0.000381653157867,0.000377726275474,0.000388199435489,8.08208808912e-05,0.642077225492,52144,8204093,82040,81218,True,7
tomo_sample_2_051_rec,recon_00141.tiff,141,100,0.5,-0.000518884598569,0.000792417815246,-5.49601444279e-05,-5.50137985551e-05,-5.29938588443e-05,-4.62546308069e-05,7.16882350973e-05,0.35679451929,28983,0.000380885482671,0.000380955827424,0.000377522374038,0.000374191226208,7.96410002218e-05,0.64320548071,52235,8204093,82040,81218,True,7
tomo_sample_2_051_rec,recon_00142.tiff,142,100,0.5,-0.000512077730673,0.000784084571351,-5.50379796514e-05,-5.51359648166e-05,-5.3509744248e-05,-5.05113433186e-05,7.12491300556e-05,0.358337966811,29102,0.000381095085559,0.000381137307193,0.000377884498448,0.000375145190662,7.97667912056e-05,0.641662033189,52116,8204093,82040,81218,True,7
tomo_sample_2_051_rec,recon_00143.tiff,143,100,0.5,-0.000479114882328,0.000795300356986,-5.51892228535e-05,-5.52128571036e-05,-5.29760072823e-05,-5.72746174043e-05,6.96070216508e-05,0.356150870713,28934,0.000380788859609,0.000380869803625,0.000377508971724,0.000381169979113,7.97060093589e-05,0.643849129287,52284,8204092,82040,81218,True,7
tomo_sample_2_051_rec,recon_00144.tiff,144,100,0.5,-0.000460882832413,0.000780595301185,-5.46468563551e-05,-5.47074183562e-05,-5.30949473614e-05,-5.4536529295e-05,6.96963952682e-05,0.361519084482,29365,0.000380744583318,0.000380805270973,0.000377487391233,0.000374937670722,7.9621442016e-05,0.638480915518,51853,8204093,82040,81218,True,7
tomo_sample_2_051_rec,recon_00145.tiff,145,100,0.5,-0.000484958093875,0.00078673782642,-5.46204703862e-05,-5.46790430188e-05,-5.21181573276e-05,-6.03888102905e-05,7.13335131126e-05,0.355533238666,28880,0.000380214310482,0.000380282367831,0.000376672760467,0.000354429308096,7.99327318671e-05,0.644466761334,52338,8204093,82040,81218,True,7
tomo_sample_2_051_rec,recon_00146.tiff,146,100,0.5,-0.000455168639746,0.000784109865781,-5.47428649038e-05,-5.47813308923e-05,-5.27822612639e-05,-7.88531149683e-05,6.86565122662e-05,0.353908412801,28750,0.000380004799545,0.0003800778013,0.000376573661924,0.00037200959571,7.98125811566e-05,0.646091587199,52468,8204093,82040,81218,True,8
tomo_sample_2_051_rec,recon_00147.tiff,147,100,0.5,-0.00050047076511,0.000787246668769,-5.51655104841e-05,-5.52889915629e-05,-5.34431783308e-05,-6.60179832979e-05,7.11618133378e-05,0.359340370932,29179,0.00038011281644,0.000380132651436,0.000376913027139,0.000374368867085,7.89833111535e-05,0.640659629068,52039,8204093,82040,81218,True,7
tomo_sample_2_051_rec,recon_00148.tiff,148,100,0.5,-0.000467272848764,0.000794633163314,-5.55709491502e-05,-5.55984689376e-05,-5.375418732e-05,-5.95589423058e-05,6.96297105596e-05,0.358540560207,29126,0.000380223156269,0.000380289179989,0.000377316697268,0.000360888882831,7.8254601436e-05,0.641459439793,52092,8204093,82040,81218,True,7
tomo_sample_2_051_rec,recon_00149.tiff,149,100,0.5,-0.000494754468091,0.000778451972583,-5.52935388155e-05,-5.53509071297e-05,-5.3091058362e-05,-4.88893902168e-05,7.12039655445e-05,0.359174045553,29175,0.000380829959756,0.000380892308161,0.000377326126909,0.000395383242266,7.91234804006e-05,0.640825954447,52043,8204093,82040,81218,True,7
tomo_sample_2_051_rec,recon_00150.tiff,150,100,0.5,-0.000496275069891,0.000797658665979,-5.46259541473e-05,-5.46571675008e-05,-5.2638733905e-05,-6.25683114157e-05,7.04068196735e-05,0.361909000013,29400,0.000380752053967,0.000380824165476,0.000377805772587,0.000399367024313,7.91029826138e-05,0.638090999987,51818,8204093,82040,81218,True,7
tomo_sample_2_051_rec,recon_00151.tiff,151,100,0.5,-0.00050387120893,0.000821900354058,-5.52571161902e-05,-5.52822106123e-05,-5.27357842657e-05,-5.01283202112e-05,7.2131104591e-05,0.358300341906,29110,0.000381433920818,0.000381528081048,0.000377594522433,0.000375244526666,8.05909022939e-05,0.641699658094,52108,8204093,82040,81218,True,7
tomo_sample_2_051_rec,recon_00152.tiff,152,100,0.5,-0.000496472732048,0.000784498311114,-5.54653477175e-05,-5.55400096738e-05,-5.31935074832e-05,-4.25575727349e-05,7.03942128195e-05,0.358837743747,29144,0.00038071085474,0.000380751937915,0.000377270334866,0.000367810495126,7.86908637298e-05,0.641162256253,52074,8204093,82040,81218,True,7
tomo_sample_2_051_rec,recon_00153.tiff,153,100,0.5,-0.000498430493462,0.000786306826049,-5.54025005187e-05,-5.54686016975e-05,-5.282962411e-05,-4.24269833478e-05,7.08346943422e-05,0.357305727336,29022,0.000380379802189,0.000380436121004,0.000377215008484,0.000379282212934,7.92686392905e-05,0.642694272664,52196,8204093,82040,81218,True,7
tomo_sample_2_051_rec,recon_00154.tiff,154,100,0.5,-0.000497799383302,0.000792534402572,-5.51229862068e-05,-5.51074962868e-05,-5.35200179002e-05,-6.40888526577e-05,6.98483407347e-05,0.357924224482,29084,0.000380625998483,0.00038073529483,0.0003776269441,0.000381724403947,7.95703738613e-05,0.642075775518,52134,8204093,82040,81218,True,7
tomo_sample_2_051_rec,recon_00155.tiff,155,100,0.5,-0.0005284009772,0.000812307091255,-5.70418582543e-05,-5.71817635031e-05,-5.40708497283e-05,-4.90578320012e-05,7.31367841741e-05,0.360201117834,29247,0.000380983697143,0.000380996567919,0.000377377960831,0.000381684489209,7.97123646993e-05,0.639798882166,51971,8204093,82040,81218,True,7
tomo_sample_2_051_rec,recon_00156.tiff,156,100,0.5,-0.000480935207306,0.000781887614285,-5.46702784346e-05,-5.46459943556e-05,-5.24904717167e-05,-3.90877004371e-05,6.87625056378e-05,0.359971860772,29250,0.000380472517594,0.000380574446015,0.000377202930395,0.000368266842766,7.85471120138e-05,0.640028139228,51968,8204093,82040,81218,True,7
tomo_sample_2_051_rec,recon_00157.tiff,157,100,0.5,-0.000488546267443,0.000807986235304,-5.5436021383e-05,-5.55300156955e-05,-5.26532712684e-05,-5.25402238895e-05,7.04558858769e-05,0.355860838609,28900,0.000381180176375,0.000381212856861,0.000377289863536,0.0003603668309,7.96693870641e-05,0.644139161391,52318,8204093,82040,81218,True,7
tomo_sample_2_051_rec,recon_00158.tiff,158,100,0.5,-0.000496449758939,0.00079965872399,-5.57435766871e-05,-5.58433975111e-05,-5.36277912033e-05,-5.45109491277e-05,6.92614470843e-05,0.356995286107,28990,0.000380761694313,0.000380779967051,0.000377349875635,0.000392145596853,7.87627115537e-05,0.643004713893,52228,8204093,82040,81218,True,7
tomo_sample_2_051_rec,recon_00159.tiff,159,100,0.5,-0.000534144565172,0.000793142923794,-5.57084624972e-05,-5.5753213906e-05,-5.31705718458e-05,-5.89628699073e-05,7.17080284235e-05,0.358043150953,29084,0.000381122962981,0.000381185226503,0.000377815362299,0.000362916890712,7.87808845124e-05,0.641956849047,52134,8204093,82040,81218,True,7
tomo_sample_2_051_rec,recon_00160.tiff,160,100,0.5,-0.000493540864263,0.000803276312945,-5.51738605561e-05,-5.52024856264e-05,-5.3895124438e-05,-5.40972524341e-05,6.89595640518e-05,0.358031496771,29084,0.000380642733778,0.000380703826805,0.000377245873096,0.000387728607307,7.83871862433e-05,0.641968503229,52134,8204093,82040,81218,True,7
tomo_sample_2_051_rec,recon_00161.tiff,161,100,0.5,-0.000502785233839,0.000806005042396,-5.62933223479e-05,-5.62804365807e-05,-5.34957562195e-05,-3.40935200416e-05,7.23177405895e-05,0.35717968775,29022,0.000382036889808,0.000382135370075,0.000378172073397,0.000379066630025,7.90006555616e-05,0.64282031225,52196,8204093,82040,81218,True,7
tomo_sample_2_051_rec,recon_00162.tiff,162,100,0.5,-0.000539752538316,0.000793443454022,-5.68246895356e-05,-5.69106521066e-05,-5.38396634511e-05,-5.4255905424e-05,7.24973693677e-05,0.357599948102,29042,0.000381464576173,0.000381499382284,0.000377944161301,0.000382295634479,7.82375045e-05,0.642400051898,52176,8204093,82040,81218,True,7
tomo_sample_2_051_rec,recon_00163.tiff,163,100,0.5,-0.00053346156812,0.000802080257854,-5.64331734976e-05,-5.65157552821e-05,-5.36544430361e-05,-6.20586428053e-05,7.22511036527e-05,0.356287673614,28935,0.000381877510675,0.000381906679515,0.000378226075554,0.000397801544651,7.76536987616e-05,0.643712326386,52283,8204093,82040,81218,True,7
tomo_sample_2_051_rec,recon_00164.tiff,164,100,0.5,-0.000518559373741,0.000791086730896,-5.68515636373e-05,-5.69254939689e-05,-5.42232301086e-05,-4.84500764709e-05,7.05897445903e-05,0.359126195078,29167,0.000380451361541,0.000380488492966,0.000377085758373,0.000365373803463,7.78255235095e-05,0.640873804922,52051,8204093,82040,81218,True,7
tomo_sample_2_051_rec,recon_00165.tiff,165,100,0.5,-0.00053790532198,0.000800034412241,-5.66206112748e-05,-5.66803379683e-05,-5.35026847501e-05,-3.88827918108e-05,7.22733473731e-05,0.355206522514,28851,0.000381782479015,0.000381830760754,0.000378023512894,0.000376638509947,7.82102853897e-05,0.644793477486,52367,8204093,82040,81218,True,7
tomo_sample_2_051_rec,recon_00166.tiff,166,100,0.5,-0.000516965393908,0.000801020128711,-5.58491922584e-05,-5.59667287822e-05,-5.33199781785e-05,-5.48158649754e-05,6.995778016e-05,0.35907783399,29156,0.000382016375685,0.000382018418099,0.000378152995836,0.000363270835052,7.89274594027e-05,0.64092216601,52062,8204093,82040,81218,True,7
tomo_sample_2_051_rec,recon_00167.tiff,167,100,0.5,-0.000494654797367,0.000803446330829,-5.47769634914e-05,-5.48637472434e-05,-5.25835312146e-05,-5.56541856861e-05,6.93742365619e-05,0.355742315118,28890,0.000382046560108,0.000382072106275,0.000378426542738,0.000367714142764,7.84414260552e-05,0.644257684882,52328,8204093,82040,81218,True,7
tomo_sample_2_051_rec,recon_00168.tiff,168,100,0.5,-0.000487460044242,0.000792816421599,-5.53669150078e-05,-5.54796301965e-05,-5.28086202394e-05,-4.91352949129e-05,6.90911747132e-05,0.354819588649,28811,0.000381252899364,0.000381258734012,0.000377979100449,0.000379000406498,7.82877477109e-05,0.645180411351,52407,8204093,82040,81218,True,7
tomo_sample_2_051_rec,recon_00169.tiff,169,100,0.5,-0.00049279931176,0.000811680740735,-5.52536863492e-05,-5.53223756476e-05,-5.25040049979e-05,-3.80829391392e-05,6.97381495135e-05,0.356711432271,28971,0.000382773980232,0.000382808806316,0.000379532662919,0.0003892731475,7.89860111866e-05,0.643288567729,52247,8204093,82040,81218,True,7
tomo_sample_2_051_rec,recon_00170.tiff,170,100,0.5,-0.000478480267775,0.000816178001696,-5.56129878238e-05,-5.56237371958e-05,-5.37331434316e-05,-6.32936454829e-05,6.77520775233e-05,0.354032923129,28761,0.000383268213617,0.000383333961572,0.000379153440008,0.000378696018061,7.93607088101e-05,0.645967076871,52457,8204093,82040,81218,True,7
tomo_sample_2_051_rec,recon_00171.tiff,171,100,0.5,-0.000537685223098,0.000798775914591,-5.6330535518e-05,-5.64338752344e-05,-5.33311613253e-05,-5.14714802247e-05,7.16874738616e-05,0.360902253871,29307,0.000381812966643,0.000381831138908,0.00037851621164,0.000383085098027,7.80712703226e-05,0.639097746129,51911,8204093,82040,81218,True,7
tomo_sample_2_051_rec,recon_00172.tiff,172,100,0.5,-0.0004933242072,0.000804084556876,-5.48431663199e-05,-5.48337438868e-05,-5.22053396708e-05,-4.675861847e-05,6.76423083305e-05,0.356984694322,29002,0.000382505523437,0.000382570789576,0.000378705357434,0.000373813894242,7.71847422996e-05,0.643015305678,52216,8204093,82040,81218,True,7
tomo_sample_2_051_rec,recon_00173.tiff,173,100,0.5,-0.000497790305235,0.000810395190783,-5.59900652927e-05,-5.60054627306e-05,-5.38717522431e-05,-7.25609739384e-05,6.85962926132e-05,0.358808657761,29148,0.000382915605446,0.000382977146541,0.000379283927032,0.000366056281399,7.8131431924e-05,0.641191342239,52070,8204093,82040,81218,True,7
tomo_sample_2_051_rec,recon_00174.tiff,174,100,0.5,-0.000486811552983,0.000791135925101,-5.56567721975e-05,-5.57226603782e-05,-5.2972620324e-05,-5.26693839946e-05,6.68281741269e-05,0.357595142094,29041,0.000381823582927,0.000381842125896,0.00037815462565,0.000377694846467,7.69301885676e-05,0.642404857906,52177,8204093,82040,81218,True,7
tomo_sample_2_051_rec,recon_00175.tiff,175,100,0.5,-0.000481516153523,0.000804988053278,-5.64257086789e-05,-5.64805797033e-05,-5.42063571629e-05,-5.94423222893e-05,6.65600781273e-05,0.359976248409,29235,0.000382353868439,0.000382371636405,0.000378573313355,0.000381020699025,7.69587846968e-05,0.640023751591,51983,8204093,82040,81218,True,7
tomo_sample_2_051_rec,recon_00176.tiff,176,100,0.5,-0.000519112994371,0.00081315980322,-5.54058383273e-05,-5.5394964555e-05,-5.30273136974e-05,-5.89989707544e-05,6.89203455712e-05,0.360604068094,29297,0.000383182455104,0.000383256220035,0.000379378150683,0.000370559889689,7.72219425262e-05,0.639395931906,51921,8204093,82040,81218,True,7
tomo_sample_2_051_rec,recon_00177.tiff,177,100,0.5,-0.000533915692358,0.000799227948009,-5.61701855474e-05,-5.62757928104e-05,-5.34649116162e-05,-6.64155515758e-05,7.00080370037e-05,0.35601283338,28907,0.000383013715112,0.000383007844453,0.000379293458536,0.000378606571916,7.65133799677e-05,0.64398716662,52311,8204093,82040,81218,True,7
tomo_sample_2_051_rec,recon_00178.tiff,178,100,0.5,-0.000489687029039,0.000802517199481,-5.60668937605e-05,-5.60637591017e-05,-5.39736047358e-05,-7.4625360684e-05,6.71116456334e-05,0.355962552881,28918,0.000382957668448,0.000383018333618,0.000379052406061,0.000387978239402,7.75405598255e-05,0.644037447119,52300,8204093,82040,81218,True,7
tomo_sample_2_051_rec,recon_00179.tiff,179,100,0.5,-0.000512019905145,0.000809030068049,-5.64611880957e-05,-5.64894849335e-05,-5.39651882718e-05,-5.93427501142e-05,6.88030336616e-05,0.362276714242,29427,0.000382579629002,0.000382626307973,0.000378611381166,0.000356333378016,7.73250393262e-05,0.637723285758,51791,8204093,82040,81218,True,7
tomo_sample_2_051_rec,recon_00180.tiff,180,100,0.5,-0.000466095349984,0.000811944626912,-5.55049326781e-05,-5.55284502199e-05,-5.3330368246e-05,-6.06012711046e-05,6.57582050282e-05,0.353632849358,28725,0.000383254933119,0.000383298287552,0.000379552802769,0.000386164133854,7.78507503685e-05,0.646367150642,52493,8204093,82040,81218,True,7
tomo_sample_2_051_rec,recon_00181.tiff,181,100,0.5,-0.000474470149493,0.000809004174953,-5.56175085468e-05,-5.56593801082e-05,-5.38541098649e-05,-5.31769674884e-05,6.64779487451e-05,0.35785439754,29065,0.000382990327708,0.000383020235609,0.000379062490538,0.000376465613218,7.67299779415e-05,0.64214560246,52153,8204093,82040,81218,True,7
tomo_sample_2_051_rec,recon_00182.tiff,182,100,0.5,-0.000505249950802,0.000801368952089,-5.64415059467e-05,-5.65009753578e-05,-5.44193899259e-05,-5.34128122735e-05,6.73178074803e-05,0.354753558943,28811,0.000382589898527,0.000382611077043,0.000378536089556,0.000364386343163,7.70925698586e-05,0.645246441057,52407,8204093,82040,81218,True,7
tomo_sample_2_051_rec,recon_00183.tiff,183,100,0.5,-0.000532468512829,0.000792773182329,-5.61956057081e-05,-5.62158267637e-05,-5.39633620065e-05,-5.78767224068e-05,6.92226433302e-05,0.358355233933,29109,0.000383404001498,0.000383449924464,0.000379300647182,0.00036343426182,7.6431928012e-05,0.641644766067,52109,8204093,82040,81218,True,7
tomo_sample_2_051_rec,recon_00184.tiff,184,100,0.5,-0.000576487576182,0.000815570131817,-5.77661313477e-05,-5.79068870659e-05,-5.39138491149e-05,-4.51567459929e-05,7.34848841963e-05,0.3582615131,29086,0.000383432760489,0.000383415798197,0.000379374891054,0.000381371697818,7.70552453942e-05,0.6417384869,52132,8204093,82040,81218,True,7
tomo_sample_2_051_rec,recon_00185.tiff,185,100,0.5,-0.000548635445593,0.000809127459361,-5.7412394104e-05,-5.7528039904e-05,-5.44077302038e-05,-5.30288852101e-05,7.02134576967e-05,0.358898447228,29140,0.000383285616919,0.000383274046359,0.000379097298719,0.000385004292603,7.63606782843e-05,0.641101552772,52078,8204092,82040,81218,True,7
tomo_sample_2_051_rec,recon_00186.tiff,186,100,0.5,-0.00053528663324,0.00081681052252,-5.64230262353e-05,-5.64427753985e-05,-5.40330584045e-05,-5.94016054512e-05,6.87797268312e-05,0.356741118731,28978,0.000383577863016,0.000383624191793,0.00037895081914,0.000387733605814,7.65557430093e-05,0.643258881269,52240,8204093,82040,81218,True,7
tomo_sample_2_051_rec,recon_00187.tiff,187,100,0.5,-0.00055341235653,0.000814253014687,-5.80931743589e-05,-5.81542045827e-05,-5.52414167032e-05,-6.63671282536e-05,7.02654850545e-05,0.357846989519,29062,0.000383621510917,0.000383641824943,0.000379366363632,0.000370286832732,7.69752914819e-05,0.642153010481,52156,8204093,82040,81218,True,7
tomo_sample_2_051_rec,recon_00188.tiff,188,100,0.5,-0.000540274480009,0.000811220014584,-5.69752245736e-05,-5.69816207485e-05,-5.41947738384e-05,-5.24903364084e-05,6.84924146297e-05,0.359051805804,29167,0.000383608138686,0.00038365853494,0.000378602097044,0.00037638944753,7.70170644117e-05,0.640948194196,52051,8204093,82040,81218,True,6
tomo_sample_2_051_rec,recon_00189.tiff,189,100,0.5,-0.000480428439914,0.000831215104845,-5.63108880849e-05,-5.6329082019e-05,-5.38690110261e-05,-4.16948059669e-05,6.62328628199e-05,0.357261661705,29020,0.000383906019913,0.000383949214614,0.00037932030682,0.000372374352565,7.73570381888e-05,0.642738338295,52198,8204093,82040,81218,True,7
tomo_sample_2_051_rec,recon_00190.tiff,190,100,0.5,-0.000506935431622,0.000811337247433,-5.73316393314e-05,-5.73567050192e-05,-5.48998268641e-05,-6.53176323497e-05,6.63491594805e-05,0.356096506335,28924,0.000384024491357,0.000384059910349,0.000379426841391,0.000387407990154,7.71659596262e-05,0.643903493665,52294,8204093,82040,81218,True,7
tomo_sample_2_051_rec,recon_00191.tiff,191,100,0.5,-0.000525607268501,0.000813420902414,-5.71549447538e-05,-5.71564516511e-05,-5.44588147022e-05,-6.96334577199e-05,6.80583830786e-05,0.35823182046,29101,0.000383507949875,0.00038356060519,0.000379072676878,0.000358227092519,7.66496386683e-05,0.64176817954,52117,8204093,82040,81218,True,7
tomo_sample_2_051_rec,recon_00192.tiff,192,100,0.5,-0.000506297966349,0.00083051315858,-5.74330007071e-05,-5.74274057982e-05,-5.51282009837e-05,-5.44691984863e-05,6.69138062938e-05,0.357148457047,29014,0.000384481295443,0.000384538429062,0.000380028563086,0.000371637789632,7.73627834135e-05,0.642851542953,52204,8204093,82040,81218,True,7
tomo_sample_2_051_rec,recon_00193.tiff,193,100,0.5,-0.000494166530552,0.000817004693381,-5.6690499182e-05,-5.6715283494e-05,-5.42822017451e-05,-4.7553470021e-05,6.5981808611e-05,0.357171863231,29011,0.000384186990344,0.000384219473175,0.000379834964406,0.00037216364108,7.63395285524e-05,0.642828136769,52207,8204093,82040,81218,True,7
tomo_sample_2_051_rec,recon_00194.tiff,194,100,0.5,-0.000512461836333,0.000818002703309,-5.7551937625e-05,-5.75734232523e-05,-5.52499041078e-05,-4.70527803742e-05,6.71175309042e-05,0.356843760771,28985,0.000384095573076,0.000384131707149,0.000379943056032,0.000374345008376,7.57054744936e-05,0.643156239229,52233,8204093,82040,81218,True,7
tomo_sample_2_051_rec,recon_00195.tiff,195,100,0.5,-0.000512080433255,0.000821193324518,-5.71612260007e-05,-5.72162156176e-05,-5.48944262846e-05,-5.61573527785e-05,6.59065401656e-05,0.354145895332,28761,0.000384075385051,0.000384088532445,0.000379708828405,0.000362817284777,7.64552037427e-05,0.645854104668,52457,8204093,82040,81218,True,7
tomo_sample_2_051_rec,recon_00196.tiff,196,100,0.5,-0.000490214628808,0.000805708379485,-5.74987084253e-05,-5.75533778498e-05,-5.58265237487e-05,-5.99776526806e-05,6.56798767686e-05,0.358416408489,29108,0.000384166642041,0.000384181382267,0.000379712379072,0.000383294934554,7.68233816746e-05,0.641583591511,52110,8204093,82040,81218,True,7
tomo_sample_2_051_rec,recon_00197.tiff,197,100,0.5,-0.000534163249831,0.000803036284924,-5.68887874932e-05,-5.68920228743e-05,-5.46271876374e-05,-4.40818821852e-05,6.80017742991e-05,0.35885627595,29151,0.000384378630926,0.000384426300347,0.000379970268114,0.000369650882345,7.52374924795e-05,0.64114372405,52067,8204093,82040,81218,True,6
tomo_sample_2_051_rec,recon_00198.tiff,198,100,0.5,-0.000535877747461,0.000813754986157,-5.71931327785e-05,-5.71802433232e-05,-5.51508383069e-05,-6.1192658866e-05,6.69287380597e-05,0.359440859122,29201,0.000384799641641,0.000384859807279,0.000380599900382,0.000383168458753,7.65090942483e-05,0.640559140878,52017,8204093,82040,81218,True,7
tomo_sample_2_051_rec,recon_00199.tiff,199,100,0.5,-0.000513018440979,0.000822473149456,-5.67848113508e-05,-5.68122906443e-05,-5.41753179277e-05,-4.93922821396e-05,6.67969344548e-05,0.359109905666,29168,0.000384632618646,0.000384663381833,0.00038010715798,0.000371608710454,7.589619486e-05,0.640890094334,52050,8204093,82040,81218,True,7
tomo_sample_2_051_rec,recon_00200.tiff,200,100,0.5,-0.000522780397732,0.000815513115085,-5.6712727318e-05,-5.67840252002e-05,-5.42881462025e-05,-5.29350659745e-05,6.64655552814e-05,0.356773525248,28972,0.000384306793219,0.000384308917155,0.000379852441256,0.000367817532461,7.61584686071e-05,0.643226474752,52246,8204093,82040,81218,True,7
tomo_sample_2_051_rec,recon_00201.tiff,201,100,0.5,-0.000543514306773,0.000811758493073,-5.66805789354e-05,-5.67523584584e-05,-5.38713975402e-05,-5.63006688026e-05,6.79355656667e-05,0.359266183303,29175,0.000385206489785,0.000385213777199,0.000380860932637,0.000357513058035,7.60648679644e-05,0.640733816697,52043,8204092,82040,81218,True,6
tomo_sample_2_051_rec,recon_00202.tiff,202,100,0.5,-0.000534058045596,0.000809749885229,-5.72021059222e-05,-5.72506576373e-05,-5.47033232579e-05,-6.18985691858e-05,6.79774971906e-05,0.360311692126,29263,0.000384907115592,0.000384927696616,0.000380330719054,0.00036472874508,7.5716907696e-05,0.639688307874,51955,8204093,82040,81218,True,7
tomo_sample_2_051_rec,recon_00203.tiff,203,100,0.5,-0.000539915461559,0.000814445432916,-5.77626977136e-05,-5.78379164624e-05,-5.5421689467e-05,-4.1373660533e-05,6.8200893816e-05,0.359674356161,29207,0.000384740945045,0.000384740373977,0.000379539473215,0.00036464843609,7.56775189472e-05,0.640325643839,52011,8204093,82040,81218,True,6
tomo_sample_2_051_rec,recon_00204.tiff,204,100,0.5,-0.000530413745728,0.000831714883971,-5.62741336628e-05,-5.63082361696e-05,-5.39985776413e-05,-6.05716420579e-05,6.7306432275e-05,0.358714821019,29135,0.000384770717183,0.000384797412454,0.000379827746656,0.000379056499129,7.59626217148e-05,0.641285178981,52083,8204093,82040,81218,True,7
tomo_sample_2_051_rec,recon_00205.tiff,205,100,0.5,-0.000589227858291,0.000830061837332,-5.76954335976e-05,-5.77993367989e-05,-5.44302565686e-05,-4.77865312199e-05,7.08219289979e-05,0.355796980247,28889,0.000384916259569,0.000384904947152,0.000379915960366,0.000374458716823,7.55226263917e-05,0.644203019753,52329,8204093,82040,81218,True,6
tomo_sample_2_051_rec,recon_00206.tiff,206,100,0.5,-0.000483507691242,0.000830565434007,-5.65154542147e-05,-5.65584366541e-05,-5.51710072614e-05,-5.63931736866e-05,6.38702073505e-05,0.357645893828,29046,0.000384981139,0.000384994201483,0.000380079989554,0.000382108067679,7.63801866292e-05,0.642354106172,52172,8204093,82040,81218,True,7
tomo_sample_2_051_rec,recon_00207.tiff,207,100,0.5,-0.000479865786183,0.00081488805823,-5.70238617446e-05,-5.70448406855e-05,-5.51325811102e-05,-6.41620299916e-05,6.4321303352e-05,0.357560776399,29042,0.000384650457454,0.000384675923129,0.00037995816092,0.000370190521674,7.51310678286e-05,0.642439223601,52176,8204093,82040,81218,True,6
tomo_sample_2_051_rec,recon_00208.tiff,208,100,0.5,-0.000555832729442,0.000814095213718,-5.74708040345e-05,-5.75070840727e-05,-5.472234443e-05,-5.2435788932e-05,6.83927352e-05,0.359152867488,29170,0.000384254528146,0.000384277597325,0.00037973462895,0.000377256537577,7.51115221333e-05,0.640847132512,52048,8204093,82040,81218,True,6
tomo_sample_2_051_rec,recon_00209.tiff,209,100,0.5,-0.000562378066534,0.00080809586012,-5.77765066246e-05,-5.78510170672e-05,-5.51566881768e-05,-5.94525766828e-05,6.84606405147e-05,0.357387060203,29021,0.000384684630291,0.000384681450491,0.000380395125831,0.000385354116657,7.4740367009e-05,0.642612939797,52197,8204093,82040,81218,True,6
tomo_sample_2_051_rec,recon_00210.tiff,210,100,0.5,-0.000510001703806,0.000815169868292,-5.63309532307e-05,-5.63643801099e-05,-5.45653711015e-05,-5.54008307821e-05,6.52223308775e-05,0.356225290611,28932,0.000384233281335,0.000384252572779,0.00038017728366,0.000393493744716,7.48357729538e-05,0.643774709389,52286,8204093,82040,81218,True,7
tomo_sample_2_051_rec,recon_00211.tiff,211,100,0.5,-0.000520412010374,0.000856685959443,-5.6802029062e-05,-5.68374900997e-05,-5.43972382729e-05,-4.44758095895e-05,6.65682971353e-05,0.354800651648,28817,0.000384890870675,0.000384917120803,0.000379865057766,0.000373087858897,7.70945834225e-05,0.645199348352,52401,8204093,82040,81218,True,7
tomo_sample_2_051_rec,recon_00212.tiff,212,100,0.5,-0.000497991685115,0.000857522534498,-5.69788485614e-05,-5.70019215594e-05,-5.44532158528e-05,-4.69789403445e-05,6.4909045461e-05,0.352302572026,28616,0.000385669120756,0.000385704306671,0.000380385565222,0.000374711329079,7.83904610677e-05,0.647697427974,52602,8204093,82040,81218,True,7
tomo_sample_2_051_rec,recon_00213.tiff,213,100,0.5,-0.000476998246158,0.000831507824769,-5.58581853116e-05,-5.5847277803e-05,-5.42310517631e-05,-4.45748759681e-05,6.36434255597e-05,0.35934761283,29192,0.000385195898052,0.000385244929328,0.000380578567274,0.000379952238539,7.52314635354e-05,0.64065238717,52026,8204093,82040,81218,True,7
tomo_sample_2_051_rec,recon_00214.tiff,214,100,0.5,-0.000520442824927,0.000824285172857,-5.72467708014e-05,-5.72854279867e-05,-5.47707204532e-05,-4.30155090709e-05,6.55686593536e-05,0.355140310731,28843,0.000384516021554,0.000384530682575,0.000379992445232,0.000380327799424,7.55928744237e-05,0.644859689269,52375,8204093,82040,81218,True,6
tomo_sample_2_051_rec,recon_00215.tiff,215,100,0.5,-0.000489694038697,0.000838587204053,-5.59994667789e-05,-5.60117595406e-05,-5.44149552297e-05,-5.28606857762e-05,6.48902422071e-05,0.355372871371,28866,0.000384438662558,0.000384473423382,0.00037979435001,0.000380747405054,7.55114911933e-05,0.644627128629,52352,8204092,82040,81218,True,7
tomo_sample_2_051_rec,recon_00216.tiff,216,100,0.5,-0.000520063358126,0.000823454244819,-5.66984155853e-05,-5.6683372657e-05,-5.47336530872e-05,-5.32444441769e-05,6.60837011601e-05,0.35670708271,28979,0.000384764566872,0.00038482352572,0.000380403071176,0.000378286982896,7.54347124027e-05,0.64329291729,52239,8204093,82040,81218,True,7
tomo_sample_2_051_rec,recon_00217.tiff,217,100,0.5,-0.000519369790272,0.000821729054151,-5.61645984277e-05,-5.62362228161e-05,-5.38144195161e-05,-5.57955080381e-05,6.62034001747e-05,0.357292737641,29013,0.000384401905054,0.000384394437879,0.000379753502784,0.000373622582309,7.47128583518e-05,0.642707262359,52205,8204093,82040,81218,True,6
tomo_sample_2_051_rec,recon_00218.tiff,218,100,0.5,-0.000501496087236,0.000795715217828,-5.56897280132e-05,-5.57023218216e-05,-5.36064217158e-05,-5.59102402334e-05,6.52051326742e-05,0.35652281965,28959,0.000384464582777,0.000384496236558,0.000380276615033,0.000375959487485,7.40684948906e-05,0.64347718035,52259,8204093,82040,81218,True,6
tomo_sample_2_051_rec,recon_00219.tiff,219,100,0.5,-0.000525458152988,0.000825516352488,-5.67857921057e-05,-5.68115359955e-05,-5.47550771444e-05,-6.22199109761e-05,6.70981741937e-05,0.354108552184,28762,0.000384647995555,0.000384679039436,0.000379895252991,0.000371013401733,7.5181518486e-05,0.645891447816,52456,8204093,82040,81218,True,7
tomo_sample_2_051_rec,recon_00220.tiff,220,100,0.5,-0.000543122815143,0.000832117302925,-5.6801640875e-05,-5.68773958185e-05,-5.45230759599e-05,-6.40616352442e-05,6.70917282627e-05,0.35614390138,28920,0.000385046602321,0.000385043754748,0.000380741388653,0.000377381934365,7.48802306879e-05,0.64385609862,52298,8204093,82040,81218,True,7
tomo_sample_2_051_rec,recon_00221.tiff,221,100,0.5,-0.0005063650597,0.00083155243512,-5.62407680178e-05,-5.62564386704e-05,-5.43617825315e-05,-5.09646262401e-05,6.50565197625e-05,0.355319034654,28861,0.000385302180552,0.000385333577265,0.000380508543458,0.000377763959523,7.56225791139e-05,0.644680965346,52357,8204092,82040,81218,True,6
tomo_sample_2_051_rec,recon_00222.tiff,222,100,0.5,-0.000486253022245,0.000822447879473,-5.61393025372e-05,-5.61111672913e-05,-5.39554457646e-05,-5.08709636924e-05,6.41889950916e-05,0.356202191021,28939,0.000385319211293,0.000385379386038,0.000381110905437,0.000383238498033,7.53515206532e-05,0.643797808979,52279,8204093,82040,81218,True,7
tomo_sample_2_051_rec,recon_00223.tiff,223,100,0.5,-0.00050618405774,0.000817204765044,-5.65187529914e-05,-5.65461944818e-05,-5.44627837371e-05,-5.0025176479e-05,6.5967018559e-05,0.357391522772,29028,0.000384456463808,0.000384483347241,0.00038006901741,0.000356895524821,7.47516731185e-05,0.642608477228,52190,8204092,82040,81218,True,7
tomo_sample_2_051_rec,recon_00224.tiff,224,100,0.5,-0.000557113763934,0.0008443191275,-5.72720286159e-05,-5.73021257356e-05,-5.4363244999e-05,-5.17499923076e-05,7.04811528077e-05,0.355523699572,28877,0.000385082619673,0.000385116771049,0.000380003591999,0.000371656687545,7.62806746297e-05,0.644476300428,52341,8204093,82040,81218,True,6
tomo_sample_2_051_rec,recon_00225.tiff,225,100,0.5,-0.000551566111681,0.000812468997028,-5.69618933004e-05,-5.69713542933e-05,-5.40420842299e-05,-4.95880238906e-05,6.89540784399e-05,0.358846163236,29149,0.00038449816882,0.000384539348336,0.000379858538508,0.00037519467908,7.46076918613e-05,0.641153836764,52069,8204093,82040,81218,True,6
tomo_sample_2_051_rec,recon_00226.tiff,226,100,0.5,-0.000530021439772,0.000821218338097,-5.65755192373e-05,-5.65932582853e-05,-5.41804438399e-05,-5.39076020131e-05,6.82674861248e-05,0.356942992885,28994,0.000384853049473,0.000384895051654,0.000380544603104,0.000378623889992,7.52086537277e-05,0.643057007115,52224,8204093,82040,81218,True,7
tomo_sample_2_051_rec,recon_00227.tiff,227,100,0.5,-0.00055166060687,0.000825080614304,-5.77935500667e-05,-5.78517996814e-05,-5.40637302038e-05,-6.15603041066e-05,6.93320240637e-05,0.358538499607,29117,0.00038517392935,0.000385182847911,0.000380277459044,0.000372046558338,7.56776590207e-05,0.641461500393,52101,8204093,82040,81218,True,6
tomo_sample_2_051_rec,recon_00228.tiff,228,100,0.5,-0.000558908254898,0.000835190805956,-5.59637717e-05,-5.59735619879e-05,-5.30161451024e-05,-4.62207375828e-05,6.97080459289e-05,0.359329829344,29189,0.000385117319894,0.000385164775832,0.0003803812142,0.000376940854267,7.58769732574e-05,0.640670170656,52029,8204093,82040,81218,True,6
tomo_sample_2_051_rec,recon_00229.tiff,229,100,0.5,-0.000524343544967,0.000818455345579,-5.50272571112e-05,-5.50239133852e-05,-5.29756143806e-05,-5.0430231324e-05,6.63141852666e-05,0.355598532957,28887,0.000384689049426,0.000384737605391,0.00038026983384,0.000378972693593,7.47159078018e-05,0.644401467043,52331,8204093,82040,81218,True,7
tomo_sample_2_051_rec,recon_00230.tiff,230,100,0.5,-0.000562517519575,0.000824891010416,-5.63114836808e-05,-5.63641672794e-05,-5.37655887456e-05,-5.32181602652e-05,6.93345552129e-05,0.355988960191,28912,0.000384989195392,0.000385012314358,0.000380416866392,0.000365331508139,7.57796825283e-05,0.644011039809,52306,8204093,82040,81218,True,7
tomo_sample_2_051_rec,recon_00231.tiff,231,100,0.5,-0.000510974549979,0.000825326975028,-5.55536715734e-05,-5.55526753286e-05,-5.36980369361e-05,-5.70012020186e-05,6.56638211122e-05,0.358284528454,29105,0.000384383590602,0.000384432395917,0.00037963539944,0.000380596359966,7.57909835589e-05,0.641715471546,52113,8204093,82040,81218,True,7
tomo_sample_2_051_rec,recon_00232.tiff,232,100,0.5,-0.000502203071082,0.000836795727373,-5.60153151162e-05,-5.60094441882e-05,-5.43855130672e-05,-5.53818670028e-05,6.7483331962e-05,0.356506864163,28962,0.000384846046074,0.000384903750698,0.000380014447728,0.000377842234309,7.62351028307e-05,0.643493135837,52256,8204092,82040,81218,True,7
tomo_sample_2_051_rec,recon_00233.tiff,233,100,0.5,-0.000512463484192,0.000833391403139,-5.593340024e-05,-5.59266684877e-05,-5.41789049748e-05,-4.34205323376e-05,6.63095040309e-05,0.359952116944,29242,0.000384870218228,0.000384929265657,0.000380133889848,0.000369659485427,7.68456129155e-05,0.640047883056,51976,8204093,82040,81218,True,7
tomo_sample_2_051_rec,recon_00234.tiff,234,100,0.5,-0.000568253347883,0.000812307903543,-5.57884029764e-05,-5.58054853391e-05,-5.32710000698e-05,-4.99933103726e-05,7.0004528112e-05,0.360160216209,29256,0.000384084487358,0.000384132262945,0.00037977383181,0.00036636477201,7.5426781605e-05,0.639839783791,51962,8204092,82040,81218,True,7
tomo_sample_2_051_rec,recon_00235.tiff,235,100,0.5,-0.000541720027977,0.000832410862495,-5.52460052087e-05,-5.52572669949e-05,-5.27818028786e-05,-6.23309465673e-05,6.84921811482e-05,0.355496446961,28878,0.00038486753195,0.000384918224146,0.000379878300009,0.000376511550055,7.67060408633e-05,0.644503553039,52340,8204093,82040,81218,True,7
tomo_sample_2_051_rec,recon_00236.tiff,236,100,0.5,-0.000547304005886,0.000808152202226,-5.62888362746e-05,-5.63521835204e-05,-5.41924091522e-05,-7.17445612537e-05,6.82006732253e-05,0.360134836758,29247,0.000384285480292,0.000384300519545,0.000379768491257,0.000376709386505,7.56654654742e-05,0.639865163242,51971,8204093,82040,81218,True,7
tomo_sample_2_051_rec,recon_00237.tiff,237,100,0.5,-0.000546619509696,0.000817072021309,-5.58232682213e-05,-5.58777437684e-05,-5.32276608283e-05,-6.06717852288e-05,6.79397525148e-05,0.360061538453,29242,0.000383804422718,0.000383822569382,0.000379023418645,0.000384361349499,7.5575374848e-05,0.639938461547,51976,8204093,82040,81218,True,7
tomo_sample_2_051_rec,recon_00238.tiff,238,100,0.5,-0.000520216517616,0.000814886796579,-5.59787872315e-05,-5.59975988314e-05,-5.34605678695e-05,-5.3660447417e-05,6.84957418813e-05,0.35836390894,29110,0.000384142098648,0.00038418977188,0.000379725883249,0.000368940510103,7.58106086066e-05,0.64163609106,52108,8204093,82040,81218,True,7
tomo_sample_2_051_rec,recon_00239.tiff,239,100,0.5,-0.000549445973011,0.000816349092929,-5.61627496332e-05,-5.621943379e-05,-5.3801222748e-05,-6.42740015332e-05,7.05047881865e-05,0.360050478606,29242,0.000384129488723,0.000384156468277,0.000379535355023,0.000368130727793,7.61055583203e-05,0.639949521394,51976,8204093,82040,81218,True,7
tomo_sample_2_051_rec,recon_00240.tiff,240,100,0.5,-0.000542167272361,0.000823423422698,-5.63892173375e-05,-5.64317882095e-05,-5.42364105058e-05,-5.59044435329e-05,7.03771691084e-05,0.360595999946,29289,0.000383391743027,0.000383433657734,0.000379009026801,0.000373099471474,7.6927105738e-05,0.639404000054,51929,8204093,82040,81218,True,7
tomo_sample_2_051_rec,recon_00241.tiff,241,100,0.5,-0.000534698559786,0.000833810227923,-5.57821131032e-05,-5.57608192023e-05,-5.34673199581e-05,-5.86264864224e-05,6.87212382762e-05,0.356441686015,28961,0.000384266820227,0.000384352020198,0.000379732780857,0.000386170427155,7.78686242482e-05,0.643558313985,52257,8204093,82040,81218,True,7
tomo_sample_2_051_rec,recon_00242.tiff,242,100,0.5,-0.000526783928217,0.000825873462018,-5.58338705174e-05,-5.5879944659e-05,-5.37726482435e-05,-6.18846295739e-05,6.81966794037e-05,0.356842412074,28983,0.00038291163377,0.000382945370838,0.000378887285478,0.00038339191981,7.7148807764e-05,0.643157587926,52235,8204092,82040,81218,True,7
tomo_sample_2_051_rec,recon_00243.tiff,243,100,0.5,-0.000529483520077,0.000829044372949,-5.62481035953e-05,-5.63094065023e-05,-5.40919991181e-05,-6.46228855877e-05,6.87828009824e-05,0.356708947445,28970,0.000383369764613,0.000383393765335,0.000379027216695,0.000388803299684,7.69539259978e-05,0.643291052555,52248,8204093,82040,81218,True,7
tomo_sample_2_051_rec,recon_00244.tiff,244,100,0.5,-0.000522229858616,0.000853963654372,-5.68401878301e-05,-5.68365383066e-05,-5.39794618817e-05,-5.7778719222e-05,6.92682376859e-05,0.358708395569,29142,0.00038419137109,0.00038426065071,0.000379798730137,0.000379813759732,7.81949345828e-05,0.641291604431,52076,8204092,82040,81218,True,6
tomo_sample_2_051_rec,recon_00245.tiff,245,100,0.5,-0.000498293802375,0.000812379463459,-5.44311806285e-05,-5.44483032948e-05,-5.27061456523e-05,-5.79082191256e-05,6.58425598406e-05,0.359265387819,29183,0.000383279354786,0.000383324150681,0.000379046745365,0.000393510103421,7.66742771295e-05,0.640734612181,52035,8204093,82040,81218,True,7
tomo_sample_2_051_rec,recon_00246.tiff,246,100,0.5,-0.000526201807661,0.000826109775808,-5.45269414568e-05,-5.45512818099e-05,-5.24340557604e-05,-5.60180611377e-05,6.75521020771e-05,0.358291594082,29104,0.00038347690354,0.000383526412859,0.000379079458071,0.000365941952724,7.74534441998e-05,0.641708405918,52114,8204093,82040,81218,True,7
tomo_sample_2_051_rec,recon_00247.tiff,247,100,0.5,-0.000514651356498,0.000801198089321,-5.49727353103e-05,-5.50146581981e-05,-5.32182457391e-05,-4.35203281731e-05,6.82074420776e-05,0.356434676956,28951,0.000382988704769,0.000383029425516,0.000379199773306,0.000368366862372,7.68644823663e-05,0.643565323044,52267,8204093,82040,81218,True,6
tomo_sample_2_051_rec,recon_00248.tiff,248,100,0.5,-0.000496816912491,0.000822884264635,-5.52812547985e-05,-5.52504350723e-05,-5.37612686458e-05,-5.08516839688e-05,6.73406738866e-05,0.354344614342,28792,0.00038295392371,0.000383044321397,0.000378758079023,0.000376739055081,7.80767470492e-05,0.645655385658,52426,8204093,82040,81218,True,7
tomo_sample_2_051_rec,recon_00249.tiff,249,100,0.5,-0.000559570738696,0.000831202401605,-5.44706095504e-05,-5.45029157563e-05,-5.19520581292e-05,-4.9957515003e-05,7.03102775005e-05,0.360821223145,29310,0.000382493986364,0.000382552819181,0.000378102005925,0.000369958012591,7.73002023706e-05,0.639178776855,51908,8204093,82040,81218,True,7
tomo_sample_2_051_rec,recon_00250.tiff,250,100,0.5,-0.000514868057799,0.000819914414897,-5.52518648855e-05,-5.52530712071e-05,-5.32849135197e-05,-6.72027540554e-05,6.94574755348e-05,0.357451181094,29040,0.000382896415834,0.000382968714983,0.000378560944228,0.000379545454178,7.75108497433e-05,0.642548818906,52178,8204093,82040,81218,True,7
tomo_sample_2_051_rec,recon_00251.tiff,251,100,0.5,-0.000504415215692,0.000819445582165,-5.46031915012e-05,-5.46172139708e-05,-5.24874340044e-05,-4.84857735046e-05,6.83347650505e-05,0.358047267582,29087,0.000382713293777,0.000382780821014,0.000378090509912,0.000369744320242,7.84836703021e-05,0.641952732418,52131,8204093,82040,81218,True,7
tomo_sample_2_051_rec,recon_00252.tiff,252,100,0.5,-0.000530818675179,0.000807631446805,-5.54045531919e-05,-5.54951201698e-05,-5.3427869716e-05,-5.88465311189e-05,7.08955724706e-05,0.3588377712,29141,0.000382101597184,0.000382126349454,0.000378309370717,0.000377117239513,7.78893084369e-05,0.6411622288,52077,8204093,82040,81218,True,7
tomo_sample_2_051_rec,recon_00253.tiff,253,100,0.5,-0.000513179375557,0.000817933279322,-5.43463039959e-05,-5.43540337412e-05,-5.23283379152e-05,-5.36329711562e-05,6.85300661429e-05,0.355000976688,28841,0.000382519454446,0.000382594863377,0.000377988850232,0.000394774320055,7.81900075933e-05,0.644999023312,52377,8204093,82040,81218,True,7
tomo_sample_2_051_rec,recon_00254.tiff,254,100,0.5,-0.000487535098655,0.000823715729348,-5.45364880919e-05,-5.45554661605e-05,-5.28327018401e-05,-5.51012381573e-05,6.75903610851e-05,0.360756525056,29306,0.000381969291387,0.000382031100209,0.000377827076591,0.000376024710321,7.83393529144e-05,0.639243474944,51912,8204093,82040,81218,True,7
tomo_sample_2_051_rec,recon_00255.tiff,255,100,0.5,-0.000518249087036,0.000804957619985,-5.47669299818e-05,-5.4787172708e-05,-5.29147491761e-05,-5.89007760524e-05,6.93103642071e-05,0.357718521841,29060,0.000381703626548,0.000381771951906,0.000377532298444,0.000375740640351,7.82827688453e-05,0.642281478159,52158,8204093,82040,81218,True,7
tomo_sample_2_051_rec,recon_00256.tiff,256,100,0.5,-0.000527081826876,0.000815654470643,-5.52798734936e-05,-5.53163063236e-05,-5.28288164787e-05,-6.05780486585e-05,7.11423896803e-05,0.358344292469,29110,0.000382287537116,0.000382358217481,0.000378037962946,0.000362559247591,7.92866872488e-05,0.641655707531,52108,8204093,82040,81218,True,7
tomo_sample_2_051_rec,recon_00257.tiff,257,100,0.5,-0.000584001753887,0.000810127680015,-5.45437628656e-05,-5.46498135205e-05,-5.23053349752e-05,-6.17371669195e-05,7.28010864807e-05,0.35965940097,29207,0.00038218776451,0.000382215264801,0.00037804726162,0.000359954140887,7.8855093084e-05,0.64034059903,52011,8204093,82040,81218,True,7
tomo_sample_2_051_rec,recon_00258.tiff,258,100,0.5,-0.000487549903046,0.000838150733325,-5.34610517701e-05,-5.34175668647e-05,-5.2168044931e-05,-4.35026796383e-05,6.74561129182e-05,0.356337129383,28959,0.000382191305107,0.000382317355481,0.000377986638341,0.000358698460141,8.05635811036e-05,0.643662870617,52259,8204093,82040,81218,True,7
tomo_sample_2_051_rec,recon_00259.tiff,259,100,0.5,-0.000518892869877,0.000824955826683,-5.44121543332e-05,-5.44713447183e-05,-5.24807073816e-05,-5.86433320974e-05,7.10401936552e-05,0.36200876509,29405,0.00038120917538,0.000381271118509,0.000377410149667,0.00037824640584,7.92376475568e-05,0.63799123491,51813,8204093,82040,81218,True,7
tomo_sample_2_051_rec,recon_00260.tiff,260,100,0.5,-0.000490013804229,0.000815284961427,-5.43313682454e-05,-5.43433545633e-05,-5.21205511177e-05,-4.88029537666e-05,6.86126962508e-05,0.355778937544,28905,0.000381596075999,0.000381680581793,0.000377612217562,0.000371741751737,7.95752334435e-05,0.644221062456,52313,8204092,82040,81218,True,7
tomo_sample_2_051_rec,recon_00261.tiff,261,100,0.5,-0.000527420875442,0.000810035951145,-5.42306156056e-05,-5.42731828623e-05,-5.20138764841e-05,-6.88961976039e-05,7.18218799475e-05,0.35821867797,29100,0.000381386309949,0.000381461860312,0.000377505100914,0.000366557469286,7.91679334469e-05,0.64178132203,52118,8204093,82040,81218,True,7
tomo_sample_2_051_rec,recon_00262.tiff,262,100,0.5,-0.000555895518046,0.000804407775868,-5.38298404531e-05,-5.38622996535e-05,-5.1748680562e-05,-6.16141069239e-05,7.20046950261e-05,0.35949622785,29205,0.000381348947101,0.000381429382468,0.0003774772631,0.000371576770336,7.86029778193e-05,0.64050377215,52013,8204091,82040,81218,True,7
tomo_sample_2_051_rec,recon_00263.tiff,263,100,0.5,-0.000479469247803,0.000825221587147,-5.39033847516e-05,-5.39087080407e-05,-5.23924245499e-05,-5.10527576597e-05,6.76709415463e-05,0.357683370473,29061,0.000381355743964,0.000381447769826,0.000377557822503,0.000372337745404,7.98630112296e-05,0.642316629527,52157,8204093,82040,81218,True,7
tomo_sample_2_051_rec,recon_00264.tiff,264,100,0.5,-0.000497076933971,0.0008230606711,-5.26928343567e-05,-5.26884898394e-05,-5.11469188496e-05,-6.18491464809e-05,6.87813893918e-05,0.358321525184,29115,0.000380477502132,0.00038058184242,0.000376804557163,0.000370784815731,7.96425298249e-05,0.641678474816,52103,8204093,82040,81218,True,7
tomo_sample_2_051_rec,recon_00265.tiff,265,100,0.5,-0.000502380819235,0.000839683116064,-5.32309391897e-05,-5.32177465875e-05,-5.16402378707e-05,-6.34832488464e-05,7.0059081875e-05,0.359344213407,29200,0.000381366729575,0.00038148282127,0.00037701598194,0.000367703064165,8.11613781271e-05,0.640655786593,52018,8204093,82040,81218,True,7
tomo_sample_2_051_rec,recon_00266.tiff,266,100,0.5,-0.000537664883304,0.000818593594595,-5.39300698196e-05,-5.3941984144e-05,-5.22562113474e-05,-5.63042945638e-05,7.23934100401e-05,0.360988354051,29331,0.000380729609126,0.000380838944995,0.000376832438633,0.000369991167728,7.99376907363e-05,0.639011645949,51887,8204093,82040,81218,True,7
tomo_sample_2_051_rec,recon_00267.tiff,267,100,0.5,-0.0005354663037,0.000799180401955,-5.32373427037e-05,-5.33425173812e-05,-5.18404922332e-05,-7.6981747713e-05,7.09853332462e-05,0.36097214253,29315,0.000380147517504,0.000380186584591,0.000377027870854,0.000368777944474,7.87160346939e-05,0.63902785747,51903,8204092,82040,81218,True,7
tomo_sample_2_051_rec,recon_00268.tiff,268,100,0.5,-0.000496487740602,0.00081288752961,-5.28778135055e-05,-5.29051983671e-05,-5.14349230798e-05,-5.07729052143e-05,7.00770908046e-05,0.359613491115,29217,0.000380323187361,0.000380421142514,0.000376263109501,0.000384155940062,8.04479944203e-05,0.640386508885,52001,8204093,82040,81218,True,7
tomo_sample_2_051_rec,recon_00269.tiff,269,100,0.5,-0.000562107549049,0.000807989203022,-5.3402771138e-05,-5.34737996984e-05,-5.15912124683e-05,-5.1181320309e-05,7.34289146475e-05,0.359386010786,29194,0.000380109567846,0.000380194315815,0.00037629561848,0.000355923369413,7.98317078236e-05,0.640613989214,52024,8204093,82040,81218,True,8
tomo_sample_2_051_rec,recon_00270.tiff,270,100,0.5,-0.00055937180703,0.000812589482521,-5.38738916141e-05,-5.39651457027e-05,-5.16324907949e-05,-6.88913451988e-05,7.37451540042e-05,0.357387161237,29029,0.00038012795176,0.000380201408613,0.000376557698473,0.000375072106154,8.02805724709e-05,0.642612838763,52189,8204093,82040,81218,True,8
tomo_sample_2_051_rec,recon_00271.tiff,271,100,0.5,-0.000525055923208,0.00082082499197,-5.40166022163e-05,-5.40887823484e-05,-5.26997355337e-05,-4.36601833248e-05,7.11394739617e-05,0.358753845482,29142,0.000379327834866,0.000379407588871,0.00037576322211,0.000370112165053,8.02970900451e-05,0.641246154518,52076,8204093,82040,81218,True,8
tomo_sample_2_051_rec,recon_00272.tiff,272,100,0.5,-0.00048068043805,0.000823427612777,-5.27045132953e-05,-5.26731067044e-05,-5.0951672165e-05,-4.38695700394e-05,6.98442298168e-05,0.357168197954,29029,0.000380322589654,0.000380475325141,0.000376786891138,0.000377495539688,8.18101419481e-05,0.642831802046,52189,8204093,82040,81218,True,8
tomo_sample_2_051_rec,recon_00273.tiff,273,100,0.5,-0.000560156553693,0.000802004000871,-5.45795925346e-05,-5.46663696244e-05,-5.22465415997e-05,-4.78611173877e-05,7.42716660138e-05,0.356890222534,28989,0.000379761631911,0.000379835492309,0.00037638496724,0.000383589672407,7.99395776585e-05,0.643109777466,52229,8204093,82040,81218,True,7
tomo_sample_2_051_rec,recon_00274.tiff,274,100,0.5,-0.000551363643899,0.000792662651802,-5.30809027685e-05,-5.31604440154e-05,-5.11819234816e-05,-5.04732579444e-05,7.28317078537e-05,0.359445585479,29197,0.000379889798123,0.000379963974624,0.000376312556909,0.00038718585168,7.99675558305e-05,0.640554414521,52021,8204093,82040,81218,True,7
tomo_sample_2_051_rec,recon_00275.tiff,275,100,0.5,-0.000545830522897,0.000792348535615,-5.36658196833e-05,-5.37304099416e-05,-5.17088119523e-05,-3.97193914701e-05,7.35333615732e-05,0.362874424349,29478,0.000379652393721,0.00037973998684,0.0003765696747,0.000382386013036,7.92905891165e-05,0.637125575651,51740,8204093,82040,81218,True,8
tomo_sample_2_051_rec,recon_00276.tiff,276,100,0.5,-0.000568221548747,0.000833093801921,-5.49469387559e-05,-5.50567200697e-05,-5.29741864739e-05,-6.08219611088e-05,7.45636574077e-05,0.36286437711,29472,0.000380513113552,0.000380583053719,0.00037682025868,0.000386606077899,8.20076483302e-05,0.63713562289,51746,8204093,82040,81218,True,8
tomo_sample_2_051_rec,recon_00277.tiff,277,100,0.5,-0.000558816269331,0.000796271309082,-5.38568721953e-05,-5.39891560742e-05,-5.08725934196e-05,-4.99346100873e-05,7.60470763365e-05,0.36000348229,29237,0.000379117277564,0.000379176997967,0.0003753034689,0.000374910443626,7.95638376358e-05,0.63999651771,51981,8204093,82040,81218,True,8
tomo_sample_2_051_rec,recon_00278.tiff,278,100,0.5,-0.000557707828993,0.000812327378662,-5.34526508087e-05,-5.35160643329e-05,-5.16559084645e-05,-5.43535606283e-05,7.42773670891e-05,0.359837476272,29234,0.000379432185262,0.000379540459399,0.000375725823687,0.000364637929901,8.09247052946e-05,0.640162523728,51984,8204093,82040,81218,True,8
tomo_sample_2_051_rec,recon_00279.tiff,279,100,0.5,-0.000579975192668,0.000805258036708,-5.41052055286e-05,-5.42575275964e-05,-5.19445275131e-05,-4.87863576487e-05,7.66811245735e-05,0.361419682357,29351,0.000379767700988,0.000379830612015,0.000375736766728,0.000373005966979,8.07456153948e-05,0.638580317643,51867,8204093,82040,81218,True,8
tomo_sample_2_051_rec,recon_00280.tiff,280,100,0.5,-0.000565524207195,0.000803524216171,-5.21677229475e-05,-5.22372186998e-05,-5.01134691149e-05,-5.36350680274e-05,7.38379905746e-05,0.361846793791,29396,0.000378520292021,0.000378622270518,0.000374545154045,0.000372238803064,8.05883022122e-05,0.638153206209,51822,8204093,82040,81218,True,8
tomo_sample_2_051_rec,recon_00281.tiff,281,100,0.5,-0.000576481093303,0.000826512367057,-5.35930628278e-05,-5.37074900791e-05,-5.11819926032e-05,-6.45783684561e-05,7.68259063602e-05,0.361353281212,29353,0.000379901959291,0.000380005243803,0.000375827541575,0.000367501673124,8.22615284312e-05,0.638646718788,51865,8204093,82040,81218,True,8
tomo_sample_2_051_rec,recon_00282.tiff,282,100,0.5,-0.000611470924923,0.000845871100319,-5.47048664556e-05,-5.49579625563e-05,-5.14402217959e-05,-5.63546050549e-05,8.00945344561e-05,0.363166127993,29484,0.000378980010873,0.000379026788854,0.000374392140657,0.000367735997585,8.3152175846e-05,0.636833872007,51734,8204093,82040,81218,True,8
tomo_sample_2_051_rec,recon_00283.tiff,283,100,0.5,-0.000588597856113,0.000841556734813,-5.30722051695e-05,-5.32257561075e-05,-5.06420001329e-05,-5.61027592837e-05,7.71374333271e-05,0.362161027948,29413,0.00038027167796,0.000380350540821,0.000376281823264,0.000376829186275,8.28262041406e-05,0.637838972052,51805,8204093,82040,81218,True,8
tomo_sample_2_051_rec,recon_00284.tiff,284,100,0.5,-0.000583681714197,0.000838363329531,-5.34090924231e-05,-5.34828583419e-05,-5.08108932991e-05,-5.01045196073e-05,7.53032579866e-05,0.361116886471,29338,0.000378815456793,0.000378930558705,0.000374749302864,0.000376203046579,8.24720405743e-05,0.638883113529,51880,8204093,82040,81218,True,7
tomo_sample_2_051_rec,recon_00285.tiff,285,100,0.5,-0.0005733457522,0.000825499648636,-5.3540550832e-05,-5.36820514e-05,-5.15966148669e-05,-6.21234125695e-05,7.51257541386e-05,0.363240733072,29500,0.000379053042558,0.000379119653315,0.000375149640604,0.000365946631982,8.20976056397e-05,0.636759266928,51718,8204093,82040,81218,True,8
tomo_sample_2_051_rec,recon_00286.tiff,286,100,0.5,-0.000596485518618,0.000810293583199,-5.44324717977e-05,-5.45880058804e-05,-5.12651840836e-05,-6.42199339089e-05,7.74606280891e-05,0.363931499094,29556,0.000378928446849,0.000379002425831,0.000375286792405,0.000374510877192,8.14748490485e-05,0.636068500906,51662,8204093,82040,81218,True,8
tomo_sample_2_051_rec,recon_00287.tiff,287,100,0.5,-0.000531427740352,0.000841061598621,-5.39809710815e-05,-5.40392668255e-05,-5.2330946346e-05,-5.64552985729e-05,7.39149848362e-05,0.36086194651,29319,0.000378945683397,0.000379066324435,0.000375466013793,0.000378749592838,8.20627012496e-05,0.63913805349,51899,8204093,82040,81218,True,8
tomo_sample_2_051_rec,recon_00288.tiff,288,100,0.5,-0.000553625866305,0.000827776714577,-5.40455909827e-05,-5.41744606699e-05,-5.1799317589e-05,-4.89955297866e-05,7.51296859443e-05,0.36081601091,29305,0.000378062340678,0.000378137129079,0.000373723945813,0.000364738917941,8.21284104595e-05,0.63918398909,51913,8204093,82040,81218,True,8
tomo_sample_2_051_rec,recon_00289.tiff,289,100,0.5,-0.000528004950902,0.000825479857158,-5.35638494857e-05,-5.36124924856e-05,-5.12812712259e-05,-5.77646684643e-05,7.35239455772e-05,0.361539513892,29376,0.000379209934399,0.000379341711358,0.000375027710106,0.00039229182327,8.3323742433e-05,0.638460486108,51842,8204093,82040,81218,True,8
tomo_sample_2_051_rec,recon_00290.tiff,290,100,0.5,-0.00055359876802,0.000831820407184,-5.39740250225e-05,-5.4057420343e-05,-5.12709266332e-05,-4.67588152687e-05,7.57289493511e-05,0.364986183114,29653,0.000378154686347,0.000378282693573,0.00037401841837,0.000372266270515,8.33402855531e-05,0.635013816886,51565,8204093,82040,81218,True,8
tomo_sample_2_051_rec,recon_00291.tiff,291,100,0.5,-0.000514277446491,0.000838857001218,-5.25314339546e-05,-5.26115271143e-05,-4.99965244671e-05,-5.04738971197e-05,7.21093291293e-05,0.363288101922,29512,0.000378505248825,0.000378604873567,0.000374372539227,0.00037260351577,8.28055008338e-05,0.636711898078,51706,8204093,82040,81218,True,8
tomo_sample_2_051_rec,recon_00292.tiff,292,100,0.5,-0.000564726128941,0.000824767445447,-5.50169749878e-05,-5.52318087282e-05,-5.21008914802e-05,-4.12189793067e-05,7.60787476016e-05,0.364998355641,29633,0.000378548912375,0.000378576201593,0.000375110015739,0.000355849577289,8.21846962077e-05,0.635001644359,51585,8204093,82040,81218,True,8
tomo_sample_2_051_rec,recon_00293.tiff,293,100,0.5,-0.000539337857044,0.000817433292978,-5.33061402517e-05,-5.34221318943e-05,-5.10506470164e-05,-5.91398665856e-05,7.48663682633e-05,0.362801090097,29469,0.000378193543027,0.000378284786261,0.000374831695808,0.000380365528616,8.16895943114e-05,0.637198909903,51749,8204093,82040,81218,True,8
tomo_sample_2_051_rec,recon_00294.tiff,294,100,0.5,-0.000563698625483,0.000802726324764,-5.39779061888e-05,-5.41091008009e-05,-5.1330007409e-05,-6.97976533967e-05,7.5119925902e-05,0.358227824414,29094,0.000377955685761,0.000378024378051,0.000374289404135,0.000351306988839,8.11996973924e-05,0.641772175586,52124,8204093,82040,81218,True,8
tomo_sample_2_051_rec,recon_00295.tiff,295,100,0.5,-0.00052953798353,0.000819134945341,-5.46409549469e-05,-5.47877623602e-05,-5.23222806805e-05,-6.19130872908e-05,7.49896113478e-05,0.362636637111,29450,0.000379063340857,0.000379124887281,0.000374965820811,0.0003575265423,8.23689427828e-05,0.637363362889,51768,8204093,82040,81218,True,8
tomo_sample_2_051_rec,recon_00296.tiff,296,100,0.5,-0.000592052600987,0.000802914099186,-5.42145090166e-05,-5.4302694552e-05,-5.13046652486e-05,-5.62256103087e-05,7.65616205628e-05,0.362658512384,29461,0.000378226092735,0.000378331441751,0.000374262657715,0.000351174435756,8.13215461481e-05,0.637341487616,51757,8204093,82040,81218,True,8
tomo_sample_2_051_rec,recon_00297.tiff,297,100,0.5,-0.000532532185607,0.000815643185633,-5.25695962398e-05,-5.26037496959e-05,-5.08631128469e-05,-4.27657016006e-05,7.24475328636e-05,0.360966002377,29329,0.000378317005058,0.000378436482522,0.000374760042178,0.00037596198826,8.12217478518e-05,0.639033997623,51889,8204093,82040,81218,True,8
tomo_sample_2_051_rec,recon_00298.tiff,298,100,0.5,-0.000564697755326,0.000826044759306,-5.36514149506e-05,-5.38528251748e-05,-5.05928546772e-05,-5.908622866e-05,7.58295242908e-05,0.361275081423,29331,0.000378636045516,0.000378657925729,0.000375046773115,0.000386872931918,8.14677245255e-05,0.638724918577,51887,8204093,82040,81218,True,7
tomo_sample_2_051_rec,recon_00299.tiff,299,100,0.5,-0.000559520833776,0.000808519254206,-5.38850082234e-05,-5.40421507929e-05,-5.10617483087e-05,-4.47718029447e-05,7.43612977923e-05,0.359909450947,29226,0.000378817461713,0.000378863136202,0.000374840281438,0.00035618209412,8.13655651725e-05,0.640090549053,51992,8204093,82040,81218,True,8
tomo_sample_2_051_rec,recon_00300.tiff,300,100,0.5,-0.000570806994219,0.000818970070395,-5.37576319109e-05,-5.38257871386e-05,-5.10548925376e-05,-5.02858182106e-05,7.46435933643e-05,0.36007616866,29253,0.000378371880004,0.000378479548573,0.000374566356186,0.000372120397254,8.17277435853e-05,0.63992383134,51965,8204093,82040,81218,True,8
tomo_sample_2_051_rec,recon_00301.tiff,301,100,0.5,-0.000537218316749,0.000824080062739,-5.28777741602e-05,-5.29637657531e-05,-5.11565413035e-05,-3.41050370958e-05,7.29833460808e-05,0.361956935604,29402,0.000378334075149,0.000378420997466,0.00037468347,0.000382777571082,8.1708078078e-05,0.638043064396,51816,8204093,82040,81218,True,8
tomo_sample_2_051_rec,recon_00302.tiff,302,100,0.5,-0.000530903399049,0.000829824869288,-5.33980276581e-05,-5.35598672491e-05,-5.12104779773e-05,-5.95301698363e-05,7.2192650732e-05,0.360681978682,29287,0.000378935321373,0.000378969407415,0.000375202769646,0.000376686742694,8.26179666718e-05,0.639318021318,51931,8204093,82040,81218,True,8
tomo_sample_2_051_rec,recon_00303.tiff,303,100,0.5,-0.000565435510362,0.000826073360222,-5.37329754311e-05,-5.39650852554e-05,-5.15235351486e-05,-6.49010896912e-05,7.46384648363e-05,0.361736612368,29364,0.000378695646316,0.000378697624402,0.000375115414499,0.00036003979577,8.22232641899e-05,0.638263387632,51854,8204093,82040,81218,True,8
tomo_sample_2_051_rec,recon_00304.tiff,304,100,0.5,-0.000569857536466,0.000839204560907,-5.47590090659e-05,-5.48291680841e-05,-5.20959656569e-05,-5.53794255609e-05,7.47709453874e-05,0.36323943191,29509,0.000379251464222,0.000379353779132,0.000375052477466,0.000375604423454,8.25668091823e-05,0.63676056809,51709,8204093,82040,81218,True,7
tomo_sample_2_051_rec,recon_00305.tiff,305,100,0.5,-0.000568380157347,0.000823992959631,-5.41919295309e-05,-5.435156066e-05,-5.15582942171e-05,-5.20448312455e-05,7.59107999156e-05,0.361126910749,29325,0.000378337706991,0.000378386194897,0.00037428655196,0.000363238772325,8.14032992797e-05,0.638873089251,51893,8204093,82040,81218,True,7
tomo_sample_2_051_rec,recon_00306.tiff,306,100,0.5,-0.000569895363005,0.000802353592298,-5.47101444534e-05,-5.48844777443e-05,-5.1606542911e-05,-5.09658061031e-05,7.60192215419e-05,0.363384413346,29506,0.000378270332355,0.000378308218805,0.000374200652004,0.000378336631247,8.07474559808e-05,0.636615586654,51712,8204093,82040,81218,True,7
tomo_sample_2_051_rec,recon_00307.tiff,307,100,0.5,-0.000536889595678,0.000824548668752,-5.42749043174e-05,-5.44243664069e-05,-5.17315675097e-05,-6.51713500027e-05,7.28933849584e-05,0.359713799521,29210,0.000378422010002,0.000378462397239,0.000374566181563,0.000365656042083,8.22775757615e-05,0.640286200479,52008,8204093,82040,81218,True,8
tomo_sample_2_051_rec,recon_00308.tiff,308,100,0.5,-0.000492300262267,0.000812488379597,-5.34515448529e-05,-5.35728940672e-05,-5.16430282005e-05,-5.24375433656e-05,7.03696404666e-05,0.362003162517,29398,0.00037790047869,0.000377942910328,0.00037412783422,0.000383040224576,8.10248298123e-05,0.637996837483,51820,8204093,82040,81218,True,8
tomo_sample_2_051_rec,recon_00309.tiff,309,100,0.5,-0.000534340570448,0.000830001554277,-5.4037035773e-05,-5.41239680362e-05,-5.16477921337e-05,-4.8778290188e-05,7.30913111691e-05,0.358136283256,29093,0.000378994069545,0.000379091499272,0.000374878552975,0.000380170845408,8.3104772526e-05,0.641863716744,52125,8204093,82040,81218,True,8
tomo_sample_2_051_rec,recon_00310.tiff,310,100,0.5,-0.000531720773142,0.000818048046203,-5.3908393254e-05,-5.40280087072e-05,-5.16648215125e-05,-5.14981727358e-05,7.29645159885e-05,0.358956833039,29154,0.000378180760766,0.00037824976565,0.000374117866158,0.000373693869957,8.24004936085e-05,0.641043166961,52064,8204093,82040,81218,True,7
tomo_sample_2_051_rec,recon_00311.tiff,311,100,0.5,-0.000523441196419,0.0008287180349,-5.44680354755e-05,-5.45078351631e-05,-5.18994311278e-05,-6.63609815094e-05,7.10366619314e-05,0.359959379985,29245,0.000378373996687,0.000378478167138,0.000374840630684,0.000383827702043,8.23494884148e-05,0.640040620015,51973,8204093,82040,81218,True,8
tomo_sample_2_051_rec,recon_00312.tiff,312,100,0.5,-0.000556527042354,0.000825456141611,-5.44813982018e-05,-5.46225634144e-05,-5.14612402185e-05,-4.14173625823e-05,7.56444976023e-05,0.359887362865,29228,0.000379399650464,0.000379467896625,0.000374834969989,0.000373401853645,8.2453573902e-05,0.640112637135,51990,8204093,82040,81218,True,7
tomo_sample_2_051_rec,recon_00313.tiff,313,100,0.5,-0.000512092250574,0.000817540250428,-5.41359288047e-05,-5.4190520449e-05,-5.18799461133e-05,-3.79676532292e-05,7.17519962895e-05,0.359705418088,29222,0.000378720371866,0.000378813033712,0.000375113610062,0.000378880401611,8.14446488133e-05,0.640294581912,51996,8204093,82040,81218,True,8
tomo_sample_2_051_rec,recon_00314.tiff,314,100,0.5,-0.000525164341379,0.0008306581332,-5.43463306051e-05,-5.44280861426e-05,-5.19021796208e-05,-5.4965434337e-05,7.25406301224e-05,0.359912504951,29236,0.000378516866624,0.000378601370969,0.000374580282369,0.000382420145126,8.19101969847e-05,0.640087495049,51982,8204093,82040,81218,True,8
tomo_sample_2_051_rec,recon_00315.tiff,315,100,0.5,-0.00058059326082,0.00083198992681,-5.50363059053e-05,-5.51617754248e-05,-5.26761505171e-05,-6.23679750556e-05,7.57970732324e-05,0.364530461819,29607,0.000379353718918,0.000379430450343,0.000375575997168,0.000386714598647,8.23604787276e-05,0.635469538181,51611,8204093,82040,81218,True,8
tomo_sample_2_051_rec,recon_00316.tiff,316,100,0.5,-0.000578856749635,0.00082721931889,-5.48803423438e-05,-5.50288242541e-05,-5.23025719303e-05,-6.45237340247e-05,7.4325304717e-05,0.359128547823,29164,0.00037930946345,0.000379361770349,0.000375499512302,0.000376421225812,8.21174252592e-05,0.640871452177,52054,8204093,82040,81218,True,8
tomo_sample_2_051_rec,recon_00317.tiff,317,100,0.5,-0.000547879793739,0.00082587666664,-5.45313497416e-05,-5.46665940712e-05,-5.21229776496e-05,-5.20451906368e-05,7.37392538827e-05,0.362858013612,29467,0.000379073760207,0.000379120587017,0.000374779338017,0.000382069392755,8.15189811208e-05,0.637141986388,51751,8204093,82040,81218,True,8
tomo_sample_2_051_rec,recon_00318.tiff,318,100,0.5,-0.000592785095796,0.00083749305224,-5.58450474511e-05,-5.5997842253e-05,-5.22175323567e-05,-5.07385297191e-05,7.66716924878e-05,0.361158663499,29329,0.000379383987018,0.000379440286299,0.000374845229089,0.000377789659047,8.28439907223e-05,0.638841336501,51889,8204093,82040,81218,True,7
tomo_sample_2_051_rec,recon_00319.tiff,319,100,0.5,-0.000603137769795,0.000830631794233,-5.55558270719e-05,-5.56937433816e-05,-5.17656644661e-05,-4.09797690517e-05,7.70838626466e-05,0.365114248024,29652,0.000378905991106,0.000378969718683,0.000375047078705,0.000380889695462,8.14193038369e-05,0.634885751976,51566,8204093,82040,81218,True,7
tomo_sample_2_051_rec,recon_00320.tiff,320,100,0.5,-0.000576521661424,0.00084347505297,-5.53110710125e-05,-5.54218708534e-05,-5.22973277839e-05,-3.87791615302e-05,7.60347535385e-05,0.361609770498,29372,0.000379786746771,0.000379872827985,0.000375368152163,0.000368416048337,8.3227979429e-05,0.638390229502,51846,8204093,82040,81218,True,7
tomo_sample_2_051_rec,recon_00321.tiff,321,100,0.5,-0.000606287782139,0.000842284385872,-5.64796986562e-05,-5.66717185225e-05,-5.29669086973e-05,-4.92075047571e-05,7.76099729642e-05,0.358341802408,29095,0.00037977755411,0.000379811047722,0.000375433970476,0.000382269690654,8.30605757943e-05,0.641658197592,52123,8204093,82040,81218,True,7
tomo_sample_2_051_rec,recon_00322.tiff,322,100,0.5,-0.000577145360294,0.000874608042359,-5.6308462039e-05,-5.63796127287e-05,-5.28761302121e-05,-3.88322321914e-05,7.52308766429e-05,0.362240616118,29427,0.000380703026487,0.000380798651658,0.000376410229364,0.00038010459148,8.38059964027e-05,0.637759383882,51791,8204093,82040,81218,True,7
tomo_sample_2_051_rec,recon_00323.tiff,323,100,0.5,-0.0005642866579,0.000839781542309,-5.43883972374e-05,-5.45045290925e-05,-5.17362077517e-05,-5.37692432159e-05,7.28319394578e-05,0.360139058149,29248,0.000379939248978,0.000379989780371,0.000375609030016,0.000368798674008,8.22418642954e-05,0.639860941851,51970,8204093,82040,81218,True,7
tomo_sample_2_051_rec,recon_00324.tiff,324,100,0.5,-0.000573951494589,0.000873159806943,-5.52448691477e-05,-5.53702109357e-05,-5.22131012985e-05,-5.65234594217e-05,7.43206917767e-05,0.361399309153,29351,0.000379871867822,0.000379933325406,0.00037515029544,0.000368950774427,8.36312576254e-05,0.638600690847,51867,8204093,82040,81218,True,7
tomo_sample_2_051_rec,recon_00325.tiff,325,100,0.5,-0.000613896607829,0.000856513019244,-5.70819105253e-05,-5.72773167024e-05,-5.24716560903e-05,-6.53258304478e-05,7.8829103418e-05,0.361771770283,29373,0.000380808113573,0.00038083960003,0.000375990843168,0.000373204983177,8.29417357201e-05,0.638228229717,51845,8204093,82040,81218,True,7
tomo_sample_2_051_rec,recon_00326.tiff,326,100,0.5,-0.000631795033696,0.000855773891672,-5.60985902982e-05,-5.63542047147e-05,-5.24504976056e-05,-4.13194049762e-05,7.87990042757e-05,0.362321245994,29409,0.000380183431631,0.000380176893244,0.000374953437131,0.000370151820024,8.30785764686e-05,0.637678754006,51809,8204093,82040,81218,True,7
tomo_sample_2_051_rec,recon_00327.tiff,327,100,0.5,-0.000663692217204,0.000843742703437,-5.74934825193e-05,-5.78050901052e-05,-5.27464471816e-05,-5.17119297001e-05,8.22848280548e-05,0.360168330466,29229,0.000380916554521,0.000380896514591,0.000376140960725,0.000376233149435,8.23685609517e-05,0.639831669534,51989,8204093,82040,81218,True,7
tomo_sample_2_051_rec,recon_00328.tiff,328,100,0.5,-0.00062652250228,0.000843967415858,-5.65258277996e-05,-5.6696733063e-05,-5.20437824889e-05,-5.398778171e-05,8.02148528676e-05,0.360756223552,29297,0.000379501748345,0.000379573838309,0.000374517723685,0.000366023929642,8.28633310986e-05,0.639243776448,51921,8204093,82040,81218,True,7
tomo_sample_2_051_rec,recon_00329.tiff,329,100,0.5,-0.000647674148495,0.0008640702095,-5.68155877117e-05,-5.70110732658e-05,-5.21959718753e-05,-7.42676832742e-05,8.00508006859e-05,0.361357767872,29342,0.000380180733243,0.000380234398589,0.000374786977773,0.000363396947138,8.36675893088e-05,0.638642232128,51876,8204093,82040,81218,True,7
tomo_sample_2_051_rec,recon_00330.tiff,330,100,0.5,-0.000647701279377,0.000849251889158,-5.7140666647e-05,-5.74485390539e-05,-5.31626646989e-05,-6.99246327854e-05,8.08241042903e-05,0.364518632812,29583,0.000380374026344,0.000380359984402,0.000375973351765,0.000375984741635,8.33104383814e-05,0.635481367188,51635,8204093,82040,81218,True,7
tomo_sample_2_051_rec,recon_00331.tiff,331,100,0.5,-0.000604519932822,0.000863619844022,-5.54462916277e-05,-5.56323453782e-05,-5.17748449056e-05,-3.58098183472e-05,7.71065000399e-05,0.360751654101,29291,0.000380706023775,0.000380739344822,0.000375707080821,0.000382764275846,8.30470798919e-05,0.639248345899,51927,8204093,82040,81218,True,7
tomo_sample_2_051_rec,recon_00332.tiff,332,100,0.5,-0.000657111193286,0.000879909032374,-5.79579488025e-05,-5.82440274679e-05,-5.32423473487e-05,-4.87511593162e-05,8.19249649639e-05,0.359492094514,29179,0.000380969739451,0.000380976394196,0.000375816889573,0.000366930626343,8.42287270549e-05,0.640507905486,52039,8204093,82040,81218,True,7
tomo_sample_2_051_rec,recon_00333.tiff,333,100,0.5,-0.000639859668154,0.000877588333678,-5.68624193461e-05,-5.70306791445e-05,-5.2628274716e-05,-5.24574051804e-05,7.90621344506e-05,0.361982656616,29394,0.000381162843654,0.000381211729227,0.000375662260922,0.000370451692018,8.36812946673e-05,0.638017343384,51824,8204093,82040,81218,True,7
tomo_sample_2_051_rec,recon_00334.tiff,334,100,0.5,-0.000679417489737,0.000859455268364,-5.79898332503e-05,-5.83557219204e-05,-5.24159659108e-05,-5.53969885208e-05,8.44127194048e-05,0.363236564177,29473,0.000380994608844,0.000380962525098,0.000375522387912,0.000380586568947,8.27303765571e-05,0.636763435823,51745,8204093,82040,81218,True,7
tomo_sample_2_051_rec,recon_00335.tiff,335,100,0.5,-0.000658427984454,0.000864590818237,-5.82171254692e-05,-5.85671417467e-05,-5.26097283e-05,-4.61143379314e-05,8.42737962236e-05,0.363071721938,29461,0.000381046415538,0.000381016848028,0.000375713658286,0.000377145905832,8.25192480141e-05,0.636928278062,51757,8204093,82040,81218,True,7
tomo_sample_2_051_rec,recon_00336.tiff,336,100,0.5,-0.000680085234053,0.000902906213887,-5.83074157542e-05,-5.86339686088e-05,-5.33311103936e-05,-5.99130435729e-05,8.46564927817e-05,0.360726082713,29276,0.000381286297689,0.000381288809007,0.000375714647816,0.000362659973106,8.47821933068e-05,0.639273917287,51942,8204093,82040,81218,True,7
tomo_sample_2_051_rec,recon_00337.tiff,337,100,0.5,-0.000662174692552,0.000877887720417,-5.6982420622e-05,-5.72265534471e-05,-5.20763351233e-05,-4.81595869246e-05,8.3066241658e-05,0.360228537856,29246,0.000381015642286,0.000381059970043,0.000375065937988,0.000373773822997,8.38161962375e-05,0.639771462144,51972,8204092,82040,81218,True,7
tomo_sample_2_051_rec,recon_00338.tiff,338,100,0.5,-0.000653024523926,0.000927150027419,-5.81593369826e-05,-5.82628700532e-05,-5.36186053068e-05,-3.5836440128e-05,8.01908416282e-05,0.35705155586,29006,0.000380638456727,0.000380754691398,0.000374926123186,0.000377375052277,8.56164278882e-05,0.64294844414,52212,8204093,82040,81218,True,7
tomo_sample_2_051_rec,recon_00339.tiff,339,100,0.5,-0.000657618299883,0.000881898801308,-5.78187223612e-05,-5.81082450916e-05,-5.30664856342e-05,-4.79992495457e-05,8.2962963542e-05,0.35941838629,29174,0.000380001287247,0.000380018530841,0.000374441951863,0.000367618923114,8.37530250265e-05,0.64058161371,52044,8204093,82040,81218,True,7
tomo_sample_2_051_rec,recon_00340.tiff,340,100,0.5,-0.000596164740564,0.000906511756184,-5.79176680209e-05,-5.81255083567e-05,-5.41144909221e-05,-5.57695805514e-05,7.77274132628e-05,0.360530435382,29271,0.000380358719415,0.000380386730676,0.000374717667,0.000373372993304,8.48940950204e-05,0.639469564618,51947,8204093,82040,81218,True,7
tomo_sample_2_051_rec,recon_00341.tiff,341,100,0.5,-0.00065561842348,0.000894205904333,-5.77583965581e-05,-5.79880360693e-05,-5.33279016963e-05,-6.42808848972e-05,8.10793947491e-05,0.359377325257,29177,0.000380605386227,0.000380642255119,0.000375538947992,0.000378230634481,8.47319514725e-05,0.640622674743,52041,8204093,82040,81218,True,7
tomo_sample_2_051_rec,recon_00342.tiff,342,100,0.5,-0.000633246852667,0.000866125466709,-5.59165592136e-05,-5.61478770038e-05,-5.2081190006e-05,-3.92777874879e-05,7.81765093715e-05,0.356774691209,28962,0.000380118234863,0.000380125223626,0.000374996874598,0.00036568845124,8.3192591352e-05,0.643225308791,52256,8204093,82040,81218,True,7
tomo_sample_2_051_rec,recon_00343.tiff,343,100,0.5,-0.000608799199399,0.000869736619061,-5.6585846386e-05,-5.67451505061e-05,-5.30430697836e-05,-7.22740687269e-05,7.78067270457e-05,0.359523691545,29195,0.000379842948457,0.0003798921215,0.000374733150238,0.000357558651451,8.33722101611e-05,0.640476308455,52023,8204093,82040,81218,True,7
tomo_sample_2_051_rec,recon_00344.tiff,344,100,0.5,-0.000571514095063,0.000868893469742,-5.44926436644e-05,-5.45711034101e-05,-5.15376959811e-05,-5.75085323497e-05,7.37547489024e-05,0.360958763562,29321,0.000379442798264,0.000379526017201,0.000374493683921,0.000356780336404,8.28405099288e-05,0.639041236438,51897,8204093,82040,81218,True,7
tomo_sample_2_051_rec,recon_00345.tiff,345,100,0.5,-0.000589240705012,0.000872849887528,-5.72916833522e-05,-5.73990411185e-05,-5.384672113e-05,-5.54830414832e-05,7.53156779011e-05,0.355121590045,28843,0.000379481119591,0.000379546368601,0.000374514900614,0.000377872430317,8.31477641818e-05,0.644878409955,52375,8204093,82040,81218,True,7
tomo_sample_2_051_rec,recon_00346.tiff,346,100,0.5,-0.000543606783322,0.000833183581708,-5.55468851946e-05,-5.56207231897e-05,-5.26486292074e-05,-5.06808294745e-05,7.29643597606e-05,0.359774254178,29225,0.000379069272551,0.000379151356938,0.000374561001081,0.000376529530051,8.21487883783e-05,0.640225745822,51993,8204093,82040,81218,True,7
tomo_sample_2_051_rec,recon_00347.tiff,347,100,0.5,-0.000579897960997,0.000873128788953,-5.58055043396e-05,-5.58889683968e-05,-5.29342687514e-05,-4.9615555616e-05,7.4838834821e-05,0.358257101206,29102,0.000379443349927,0.000379532338951,0.00037388727651,0.000374140700668,8.38310084257e-05,0.641742898794,52116,8204093,82040,81218,True,7
tomo_sample_2_051_rec,recon_00348.tiff,348,100,0.5,-0.000608091357572,0.000850333427952,-5.61846072277e-05,-5.63206584034e-05,-5.26227449882e-05,-4.74927499333e-05,7.61930182509e-05,0.356482096718,28950,0.000379356005895,0.00037940833835,0.000374654497136,0.000356507306086,8.23109715422e-05,0.643517903282,52268,8204093,82040,81218,True,7
tomo_sample_2_051_rec,recon_00349.tiff,349,100,0.5,-0.000575809690927,0.000835607054178,-5.53068159048e-05,-5.53984054692e-05,-5.23892267665e-05,-4.57297995496e-05,7.42510135718e-05,0.355476026977,28873,0.00037922654182,0.000379293233085,0.000373862043489,0.000355425062084,8.19312197721e-05,0.644523973023,52345,8204093,82040,81218,True,7
tomo_sample_2_051_rec,recon_00350.tiff,350,100,0.5,-0.000572829207522,0.000858458346338,-5.5647023251e-05,-5.5704157076e-05,-5.26585154148e-05,-6.36295896254e-05,7.43895347721e-05,0.356651861813,28974,0.000380078821055,0.000380172633842,0.000375103671104,0.000372191834134,8.25847153946e-05,0.643348138187,52244,8204093,82040,81218,True,7
tomo_sample_2_051_rec,recon_00351.tiff,351,100,0.5,-0.000571635667584,0.000848085792968,-5.56018110837e-05,-5.57239357021e-05,-5.22506961715e-05,-4.30960057458e-05,7.44546043196e-05,0.357801976129,29057,0.000379676944587,0.000379720267364,0.000375077943318,0.000364233878849,8.16997088136e-05,0.642198023871,52161,8204092,82040,81218,True,7
tomo_sample_2_051_rec,recon_00352.tiff,352,100,0.5,-0.000526141128794,0.000852885416243,-5.49813403574e-05,-5.49224798644e-05,-5.28247328475e-05,-5.95173069229e-05,7.07971224735e-05,0.358467452783,29137,0.000379173517228,0.000379332238917,0.000374236551579,0.000382797836271,8.2275087337e-05,0.641532547217,52081,8204093,82040,81218,True,7
tomo_sample_2_051_rec,recon_00353.tiff,353,100,0.5,-0.000561770751374,0.000852328998153,-5.53432396085e-05,-5.538108041e-05,-5.278327626e-05,-5.36048189547e-05,7.26603633043e-05,0.355842184045,28910,0.000379100224068,0.000379197627582,0.000374551425921,0.000384464806186,8.20461356418e-05,0.644157815955,52308,8204093,82040,81218,True,7
tomo_sample_2_051_rec,recon_00354.tiff,354,100,0.5,-0.000544955006044,0.000839120259043,-5.53059752372e-05,-5.54439647169e-05,-5.3279898566e-05,-5.00949020569e-05,7.27511035176e-05,0.359483053008,29191,0.000378969876227,0.00037900143444,0.000373729068087,0.000351210515518,8.20124823612e-05,0.640516946992,52027,8204093,82040,81218,True,7
tomo_sample_2_051_rec,recon_00355.tiff,355,100,0.5,-0.000574563484988,0.00084410746058,-5.57008011493e-05,-5.57562370529e-05,-5.24575552845e-05,-6.25396205947e-05,7.37106275028e-05,0.354011195134,28759,0.000378989987448,0.000379077709281,0.000374515657313,0.000379492628091,8.21147082124e-05,0.645988804866,52459,8204093,82040,81218,True,7
tomo_sample_2_051_rec,recon_00356.tiff,356,100,0.5,-0.000521543868817,0.000846344185411,-5.47249119265e-05,-5.47229176138e-05,-5.2357896493e-05,-5.97829527578e-05,7.1494040272e-05,0.358426686976,29125,0.000378827442339,0.0003789453525,0.000374071445549,0.000370733501306,8.17708285666e-05,0.641573313024,52093,8204093,82040,81218,True,7
tomo_sample_2_051_rec,recon_00357.tiff,357,100,0.5,-0.000520485649467,0.000829685235221,-5.48558684686e-05,-5.48708884494e-05,-5.259084719e-05,-6.15209299239e-05,7.10533430557e-05,0.356331412649,28952,0.000379033409756,0.000379136992966,0.000374553535949,0.00038162873574,8.06611518086e-05,0.643668587351,52266,8204093,82040,81218,True,7
tomo_sample_2_051_rec,recon_00358.tiff,358,100,0.5,-0.000555757440161,0.000831548864953,-5.52232327426e-05,-5.53150964689e-05,-5.24997813045e-05,-6.4446144961e-05,7.33538856948e-05,0.359664746955,29213,0.000378566959366,0.000378633147861,0.000373983784812,0.00038619198654,8.14045018456e-05,0.640335253045,52005,8204093,82040,81218,True,7
tomo_sample_2_051_rec,recon_00359.tiff,359,100,0.5,-0.000577841272461,0.000844779338513,-5.49742211679e-05,-5.5096309695e-05,-5.17687130923e-05,-4.41947578707e-05,7.43709339955e-05,0.356865105956,28982,0.000379219365461,0.000379271558421,0.000374605922843,0.000377881629803,8.17289416032e-05,0.643134894044,52236,8204093,82040,81218,True,7
tomo_sample_2_051_rec,recon_00360.tiff,360,100,0.5,-0.000603510573565,0.000825199458632,-5.63731181941e-05,-5.64508242758e-05,-5.2860534197e-05,-3.92324811203e-05,7.58803909614e-05,0.359495839003,29203,0.000378269486899,0.000378358796121,0.000374198891222,0.00036120662016,8.12154397097e-05,0.640504160997,52015,8204093,82040,81218,True,7
tomo_sample_2_051_rec,recon_00361.tiff,361,100,0.5,-0.000542061154847,0.000844708225923,-5.52948344333e-05,-5.5352987336e-05,-5.28830350959e-05,-5.56083913941e-05,7.18307107061e-05,0.356669715072,28974,0.000378709955548,0.000378792042529,0.000373844377464,0.000369935683758,8.18416507833e-05,0.643330284928,52244,8204093,82040,81218,True,7
tomo_sample_2_051_rec,recon_00362.tiff,362,100,0.5,-0.000553766726807,0.000830736104108,-5.50782368971e-05,-5.51700810647e-05,-5.23442176927e-05,-4.46535140934e-05,7.34817783956e-05,0.356505535317,28956,0.000378732819283,0.000378794774385,0.000374336668756,0.000374218939514,8.10380288953e-05,0.643494464683,52262,8204093,82040,81218,True,7
tomo_sample_2_051_rec,recon_00363.tiff,363,100,0.5,-0.000548059175781,0.0008002048239,-5.46855999809e-05,-5.47658823506e-05,-5.17502776347e-05,-4.47520022831e-05,7.26973528464e-05,0.360546710647,29285,0.000377781756636,0.000377844659083,0.000373690592824,0.000379515740638,7.9814490599e-05,0.639453289353,51933,8204093,82040,81218,True,7
tomo_sample_2_051_rec,recon_00364.tiff,364,100,0.5,-0.000540422055055,0.000816095597402,-5.44752710807e-05,-5.45949912063e-05,-5.14007915626e-05,-5.39085456889e-05,7.3026765791e-05,0.359429298219,29189,0.000377602713063,0.000377643894901,0.000373144808691,0.000378110575827,8.0369076992e-05,0.640570701781,52029,8204093,82040,81218,True,7
tomo_sample_2_051_rec,recon_00365.tiff,365,100,0.5,-0.000546708743204,0.000831372108078,-5.53672751489e-05,-5.54145975422e-05,-5.27069714735e-05,-6.35993394808e-05,7.23708308633e-05,0.356187645477,28936,0.000377608520814,0.000377693939911,0.000373424743884,0.000365440308614,8.05710655927e-05,0.643812354523,52282,8204093,82040,81218,True,7
tomo_sample_2_051_rec,recon_00366.tiff,366,100,0.5,-0.000507480842352,0.000817042531562,-5.63575216859e-05,-5.63527736136e-05,-5.33053262188e-05,-5.25366599896e-05,7.17376997958e-05,0.35408904013,28772,0.000377837343875,0.000377947301716,0.000373368151486,0.000366759573352,8.03903899919e-05,0.64591095987,52446,8204093,82040,81218,True,7
tomo_sample_2_051_rec,recon_00367.tiff,367,100,0.5,-0.000512172664749,0.000831642098492,-5.48051607711e-05,-5.47983863689e-05,-5.26800868101e-05,-5.11819432e-05,7.04800075402e-05,0.358919672308,29165,0.000377938539776,0.000378053312004,0.000373714778107,0.000363825207136,8.10775477853e-05,0.641080327692,52053,8204093,82040,81218,True,7
tomo_sample_2_051_rec,recon_00368.tiff,368,100,0.5,-0.000547054069175,0.000832918361411,-5.58695528724e-05,-5.58664927585e-05,-5.33378261025e-05,-3.87883066474e-05,7.21417700654e-05,0.357048327923,29013,0.00037806238723,0.000378179124533,0.000374020484742,0.000386837210636,8.12268699127e-05,0.642951672077,52205,8204093,82040,81218,True,7
tomo_sample_2_051_rec,recon_00369.tiff,369,100,0.5,-0.000559572943894,0.000813935791375,-5.47829908712e-05,-5.48656734678e-05,-5.17894877703e-05,-5.11213406368e-05,7.35964782351e-05,0.357163965496,29011,0.000377810511057,0.000377880130959,0.000373489281628,0.000366543977457,8.03780992452e-05,0.642836034504,52207,8204093,82040,81218,True,7
tomo_sample_2_051_rec,recon_00370.tiff,370,100,0.5,-0.000542525890633,0.000811649589741,-5.4008885794e-05,-5.4093775402e-05,-5.12809838256e-05,-4.22119210206e-05,7.31057599018e-05,0.358072702216,29084,0.000378483460192,0.000378547834468,0.000374597089831,0.000384859603763,8.04528739287e-05,0.641927297784,52134,8204093,82040,81218,True,7
tomo_sample_2_051_rec,recon_00371.tiff,371,100,0.5,-0.00056878257019,0.000813717781566,-5.48068605638e-05,-5.4881091702e-05,-5.20483699802e-05,-4.93932658326e-05,7.29147775487e-05,0.357886267781,29070,0.000377851550926,0.000377919423561,0.000373921691789,0.000367235559469,7.98430846269e-05,0.642113732219,52148,8204093,82040,81218,True,7
tomo_sample_2_051_rec,recon_00372.tiff,372,100,0.5,-0.000585878046986,0.000814785787952,-5.50479762504e-05,-5.52212541612e-05,-5.16085001436e-05,-4.65700086329e-05,7.65095981912e-05,0.357364569957,29016,0.000378414837909,0.00037844110691,0.000374345399905,0.000378541220575,8.00051574804e-05,0.642635430043,52202,8204093,82040,81218,True,7
tomo_sample_2_051_rec,recon_00373.tiff,373,100,0.5,-0.000557914721139,0.000840703485592,-5.57093963923e-05,-5.58360529691e-05,-5.27929169039e-05,-4.7328559549e-05,7.3822585812e-05,0.358749058602,29134,0.000378809651795,0.000378856463585,0.000373864037101,0.000387762118848,8.21626864396e-05,0.641250941398,52084,8204093,82040,81218,True,7
tomo_sample_2_051_rec,recon_00374.tiff,374,100,0.5,-0.000590787644906,0.000848903829174,-5.56997271686e-05,-5.5900051278e-05,-5.21216752531e-05,-4.4578910158e-05,7.63072789185e-05,0.357697439684,29040,0.000378487856711,0.00037850389787,0.000374203373212,0.000392685865173,8.20677642223e-05,0.642302560316,52178,8204093,82040,81218,True,7
tomo_sample_2_051_rec,recon_00375.tiff,375,100,0.5,-0.000526748989068,0.00084229615255,-5.47395701148e-05,-5.48358546684e-05,-5.21274323546e-05,-6.05908397396e-05,7.20014874276e-05,0.358042705546,29080,0.00037811567894,0.000378173429323,0.000373583970941,0.000366229730685,8.20962027765e-05,0.641957294454,52138,8204093,82040,81218,True,7
tomo_sample_2_051_rec,recon_00376.tiff,376,100,0.5,-0.000545014107192,0.000851752291783,-5.50430275614e-05,-5.50925333663e-05,-5.21453566762e-05,-4.75816046674e-05,7.26741901074e-05,0.35478526221,28824,0.000378543634968,0.000378645768102,0.000374060124159,0.000370671157843,8.27088788738e-05,0.64521473779,52394,8204092,82040,81218,True,7
tomo_sample_2_051_rec,recon_00377.tiff,377,100,0.5,-0.000561095316079,0.000863747162221,-5.4944253757e-05,-5.49930929077e-05,-5.17292446602e-05,-6.12871255261e-05,7.29639578562e-05,0.356922767751,28998,0.000379398137338,0.000379503830899,0.000374188646674,0.00038712612797,8.415033564e-05,0.643077232249,52220,8204093,82040,81218,True,7
tomo_sample_2_051_rec,recon_00378.tiff,378,100,0.5,-0.000574276330008,0.000838237208372,-5.54091120236e-05,-5.55815721093e-05,-5.21456458955e-05,-7.52963080502e-05,7.54702634288e-05,0.357011198259,28989,0.000378393848068,0.000378433626074,0.000373213581042,0.000373572990294,8.3063666124e-05,0.642988801741,52229,8204092,82040,81218,True,7
tomo_sample_2_051_rec,recon_00379.tiff,379,100,0.5,-0.000583234768128,0.000841467587743,-5.49129651687e-05,-5.50836051608e-05,-5.09638357471e-05,-4.15036676255e-05,7.71685203825e-05,0.360835479555,29300,0.000378193231596,0.000378236677034,0.000373315720935,0.000346355661506,8.17392214405e-05,0.639164520445,51918,8204093,82040,81218,True,7
tomo_sample_2_051_rec,recon_00380.tiff,380,100,0.5,-0.000549793273094,0.000838790723355,-5.46497678603e-05,-5.47663716165e-05,-5.16870677529e-05,-6.06509538414e-05,7.4463045526e-05,0.359282427506,29180,0.000377910719885,0.000377974440632,0.000373683302314,0.000375912491185,8.16865883397e-05,0.640717572494,52038,8204093,82040,81218,True,7
tomo_sample_2_051_rec,recon_00381.tiff,381,100,0.5,-0.000566108601051,0.000838218446297,-5.47746926242e-05,-5.49373786546e-05,-5.15499232279e-05,-4.59554396489e-05,7.46707563296e-05,0.357599648322,29036,0.000377770535143,0.000377798656878,0.000372845417587,0.000373977546905,8.21771266151e-05,0.642400351678,52182,8204093,82040,81218,True,7
tomo_sample_2_051_rec,recon_00382.tiff,382,100,0.5,-0.000603567259095,0.000822649801848,-5.59468114551e-05,-5.60832747104e-05,-5.30713041371e-05,-5.29859738154e-05,7.55361819641e-05,0.354864750199,28819,0.000378002244729,0.000378057378698,0.000373595568817,0.00036218619335,8.19747277047e-05,0.645135249801,52399,8204093,82040,81218,True,7
tomo_sample_2_051_rec,recon_00383.tiff,383,100,0.5,-0.000619593251613,0.000856425878301,-5.66794206208e-05,-5.68227986349e-05,-5.28137134097e-05,-4.81833890774e-05,7.77155080109e-05,0.359071136811,29161,0.000378416448848,0.000378479718519,0.000373559480067,0.000367726505959,8.25079753916e-05,0.640928863189,52057,8204093,82040,81218,True,7
tomo_sample_2_051_rec,recon_00384.tiff,384,100,0.5,-0.000589841920591,0.00086881444091,-5.57281727398e-05,-5.58267408659e-05,-5.23174130649e-05,-5.21778896515e-05,7.51409705812e-05,0.355646967815,28889,0.000378605711215,0.000378693863372,0.000374247523723,0.000382813730562,8.42651297452e-05,0.644353032185,52329,8204093,82040,81218,True,7
tomo_sample_2_051_rec,recon_00385.tiff,385,100,0.5,-0.000566844275745,0.00083821512002,-5.60015307547e-05,-5.61509582332e-05,-5.29517692485e-05,-3.81676103956e-05,7.5111258708e-05,0.359084223731,29160,0.000378110486137,0.000378159976477,0.000374032286345,0.000361747860325,8.22698656705e-05,0.640915776269,52058,8204093,82040,81218,True,7
tomo_sample_2_051_rec,recon_00386.tiff,386,100,0.5,-0.00053214789601,0.000828630041215,-5.53016878567e-05,-5.54657901744e-05,-5.22637456015e-05,-4.65149138216e-05,7.22412725409e-05,0.353679562432,28717,0.000378343266671,0.000378365737676,0.00037399091525,0.000376461785564,8.23969557524e-05,0.646320437568,52501,8204093,82040,81218,True,8
tomo_sample_2_051_rec,recon_00387.tiff,387,100,0.5,-0.000582108018571,0.000866497175011,-5.51879338562e-05,-5.52142927687e-05,-5.23760099895e-05,-3.9986668731e-05,7.45674381049e-05,0.356933067619,29005,0.000379072785033,0.000379217258625,0.000374542636564,0.000376983844253,8.43187348106e-05,0.643066932381,52213,8204093,82040,81218,True,8
tomo_sample_2_051_rec,recon_00388.tiff,388,100,0.5,-0.000556706023053,0.000848556557903,-5.33634945935e-05,-5.34746881682e-05,-5.03518058395e-05,-4.25524281736e-05,7.38450773701e-05,0.355390076777,28867,0.000378924036784,0.000379009534378,0.000374601630028,0.000363852799517,8.37133214703e-05,0.644609923223,52351,8204093,82040,81218,True,8
tomo_sample_2_051_rec,recon_00389.tiff,389,100,0.5,-0.000562724830816,0.000829221996246,-5.51108624949e-05,-5.52708553543e-05,-5.24688111909e-05,-5.8256114398e-05,7.46388380378e-05,0.357190826957,29005,0.000378315438406,0.000378360116517,0.000374620576622,0.000392177872211,8.24913017777e-05,0.642809173043,52213,8204093,82040,81218,True,8
tomo_sample_2_051_rec,recon_00390.tiff,390,100,0.5,-0.000533827996114,0.000828071539872,-5.39974794211e-05,-5.40668836496e-05,-5.16952841281e-05,-6.41257217892e-05,7.177130238e-05,0.356918645337,28994,0.000379281662078,0.000379368160499,0.000374933544663,0.000355081491449,8.27218691011e-05,0.643081354663,52224,8204092,82040,81218,True,7
tomo_sample_2_051_rec,recon_00391.tiff,391,100,0.5,-0.000547427545825,0.000809124487569,-5.45804618467e-05,-5.47061866414e-05,-5.18950873811e-05,-5.23141842288e-05,7.41969595841e-05,0.358735865287,29135,0.000378004892685,0.000378068499065,0.000374080234906,0.000360432648291,8.19116321229e-05,0.641264134713,52083,8204093,82040,81218,True,7
tomo_sample_2_051_rec,recon_00392.tiff,392,100,0.5,-0.000548085498449,0.000837375936389,-5.37550790409e-05,-5.38640060714e-05,-5.09745823365e-05,-5.59386978002e-05,7.4335289374e-05,0.354160793058,28768,0.000377790756424,0.000377881509211,0.00037314358633,0.000378610429202,8.31919220842e-05,0.645839206942,52450,8204093,82040,81218,True,8
tomo_sample_2_051_rec,recon_00393.tiff,393,100,0.5,-0.000584147476184,0.000829656945134,-5.4870373997e-05,-5.50415318891e-05,-5.16627260367e-05,-4.71953239392e-05,7.67470546496e-05,0.355511726707,28869,0.000379373052177,0.000379426368109,0.000375069153961,0.000381350940741,8.29041366429e-05,0.644488273293,52349,8204093,82040,81218,True,8
tomo_sample_2_051_rec,recon_00394.tiff,394,100,0.5,-0.000585565327201,0.000815833134111,-5.38015345118e-05,-5.38664806956e-05,-5.08912798978e-05,-5.20499218813e-05,7.50651989178e-05,0.359025866885,29168,0.000378258285121,0.000378366375666,0.000373689035769,0.000362087565273,8.15963657645e-05,0.640974133115,52050,8204093,82040,81218,True,8
tomo_sample_2_051_rec,recon_00395.tiff,395,100,0.5,-0.000543834864802,0.000841453187459,-5.48551427526e-05,-5.49273189928e-05,-5.17646003573e-05,-5.78613850112e-05,7.3619709414e-05,0.357250309523,29022,0.00037849132051,0.000378588275805,0.000373550035874,0.000362919757434,8.28213001132e-05,0.642749690477,52196,8204093,82040,81218,True,8
tomo_sample_2_051_rec,recon_00396.tiff,396,100,0.5,-0.00058764896763,0.000829548047332,-5.41844523368e-05,-5.43054571514e-05,-5.05090647493e-05,-4.36898709028e-05,7.57877375794e-05,0.356658627634,28969,0.000377318166106,0.000377400944007,0.000372845563106,0.000365720058638,8.2455229083e-05,0.643341372366,52249,8204093,82040,81218,True,8
tomo_sample_2_051_rec,recon_00397.tiff,397,100,0.5,-0.000571341031464,0.000838880234805,-5.39691510312e-05,-5.4063575679e-05,-5.1129340136e-05,-6.16117626107e-05,7.45536962945e-05,0.358159051505,29094,0.000378031102893,0.000378125563696,0.000373918228433,0.000377889490169,8.28692851523e-05,0.641840948495,52124,8204093,82040,81218,True,8
tomo_sample_2_051_rec,recon_00398.tiff,398,100,0.5,-0.000522474147438,0.000838881346863,-5.37963487261e-05,-5.37931632458e-05,-5.12300248374e-05,-5.67789554037e-05,7.22559397946e-05,0.358543212828,29137,0.000378452766233,0.000378590726529,0.000374156457838,0.000358876662877,8.22375641517e-05,0.641456787172,52081,8204093,82040,81218,True,7
tomo_sample_2_051_rec,recon_00399.tiff,399,100,0.5,-0.000536645123211,0.000811756275652,-5.36139523143e-05,-5.37023776579e-05,-5.0517366617e-05,-5.88817455412e-05,7.37625084153e-05,0.358210343393,29097,0.00037864371821,0.000378725197013,0.000374857365387,0.000384925006151,8.18848408684e-05,0.641789656607,52121,8204092,82040,81218,True,8
tomo_sample_2_051_rec,recon_00400.tiff,400,100,0.5,-0.000522276902921,0.000806381755392,-5.43914128967e-05,-5.44038377387e-05,-5.19625173183e-05,-5.53999480076e-05,7.32558118258e-05,0.355670256717,28901,0.000378551984811,0.000378676136351,0.000374447001377,0.000361392912026,8.09844589064e-05,0.644329743283,52317,8204093,82040,81218,True,8
tomo_sample_2_051_rec,recon_00401.tiff,401,100,0.5,-0.000561529694824,0.000845681928622,-5.41448913157e-05,-5.42541919911e-05,-5.14628482051e-05,-5.38274811917e-05,7.46591934313e-05,0.356854334567,28985,0.000378351303353,0.00037842855501,0.000374346156605,0.000368462313025,8.19649941211e-05,0.643145665433,52233,8204093,82040,81218,True,8
tomo_sample_2_051_rec,recon_00402.tiff,402,100,0.5,-0.0005585638716,0.000821434484096,-5.42348837026e-05,-5.43536710524e-05,-5.15118626936e-05,-3.50148163261e-05,7.42483185127e-05,0.359036267694,29159,0.000378613632539,0.000378670126459,0.00037430683733,0.000378795333374,8.09373412121e-05,0.640963732306,52059,8204093,82040,81218,True,7
tomo_sample_2_051_rec,recon_00403.tiff,403,100,0.5,-0.000546234251815,0.000831569286238,-5.40670030384e-05,-5.4167185856e-05,-5.17399021192e-05,-5.93283162552e-05,7.21810937683e-05,0.358375753103,29107,0.000378963464212,0.000379023062477,0.000374456780264,0.00035178183658,8.14389077454e-05,0.641624246897,52111,8204093,82040,81218,True,8
tomo_sample_2_051_rec,recon_00404.tiff,404,100,0.5,-0.000499159017345,0.000837116370094,-5.47266512475e-05,-5.47495921177e-05,-5.28157579538e-05,-4.61190840559e-05,6.95615939087e-05,0.358207875511,29104,0.000378031645033,0.000378136405803,0.000374264331185,0.000388330851544,8.17128287045e-05,0.641792124489,52114,8204093,82040,81218,True,8
tomo_sample_2_051_rec,recon_00405.tiff,405,100,0.5,-0.00055890251766,0.000826149292116,-5.38980533306e-05,-5.39807537928e-05,-5.12360365974e-05,-4.74081090105e-05,7.26989958666e-05,0.359536206828,29204,0.00037842934573,0.000378502279883,0.000374122450012,0.000364592850792,8.12243381675e-05,0.640463793172,52014,8204093,82040,81218,True,7
tomo_sample_2_051_rec,recon_00406.tiff,406,100,0.5,-0.000528075526236,0.000833255713515,-5.40736711382e-05,-5.4148859094e-05,-5.15192114108e-05,-5.85402648691e-05,7.12532830742e-05,0.362834945163,29471,0.000378203902868,0.000378265698716,0.000374303635908,0.000378099907298,8.04806814815e-05,0.637165054837,51747,8204093,82040,81218,True,7
tomo_sample_2_051_rec,recon_00407.tiff,407,100,0.5,-0.000542345294089,0.000819229918416,-5.33531593655e-05,-5.34518713808e-05,-5.05386597069e-05,-4.7169187737e-05,7.26500280742e-05,0.358980441517,29156,0.000379459510694,0.000379517506185,0.000375190749764,0.000369936246453,8.0762132635e-05,0.641019558483,52062,8204093,82040,81218,True,7
tomo_sample_2_051_rec,recon_00408.tiff,408,100,0.5,-0.000529522224097,0.000810319098819,-5.39529159199e-05,-5.40204649852e-05,-5.13398517796e-05,-5.13097863032e-05,7.22562616983e-05,0.360361313247,29273,0.000378059243488,0.000378140347859,0.000373529648641,0.000384583786233,8.10173287393e-05,0.639638686753,51945,8204093,82040,81218,True,7
tomo_sample_2_051_rec,recon_00409.tiff,409,100,0.5,-0.000520561290614,0.000812997647736,-5.33994556419e-05,-5.34270717838e-05,-5.0557189752e-05,-5.70158489312e-05,7.08189720962e-05,0.359598577331,29216,0.000378407307803,0.000378506879041,0.00037431504461,0.000374516138513,8.07722975618e-05,0.640401422669,52002,8204092,82040,81218,True,7
tomo_sample_2_051_rec,recon_00410.tiff,410,100,0.5,-0.000542324330891,0.000794425694621,-5.30963901408e-05,-5.31768830927e-05,-5.04939780512e-05,-4.94131602542e-05,7.31639489379e-05,0.361164374985,29335,0.000378407675023,0.000378469419085,0.000374088413082,0.000369333754091,7.93251759457e-05,0.638835625015,51883,8204093,82040,81218,True,7
tomo_sample_2_051_rec,recon_00411.tiff,411,100,0.5,-0.000539181336644,0.000815408163471,-5.34040315774e-05,-5.34936432457e-05,-5.13952854817e-05,-4.11578874429e-05,7.12276667812e-05,0.359660512184,29212,0.000379160386775,0.000379219809187,0.000374694456696,0.000371812875846,8.07732852254e-05,0.640339487816,52006,8204093,82040,81218,True,7
tomo_sample_2_051_rec,recon_00412.tiff,412,100,0.5,-0.000584638759901,0.000824918372964,-5.40674316211e-05,-5.4187460352e-05,-5.1147701015e-05,-3.96935130242e-05,7.4735884867e-05,0.361425444994,29353,0.000378803750498,0.000378861233171,0.000374811264919,0.000376254091648,8.16449601482e-05,0.638574555006,51865,8204093,82040,81218,True,7
tomo_sample_2_051_rec,recon_00413.tiff,413,100,0.5,-0.000577853941359,0.000831318928977,-5.4656324131e-05,-5.46898844759e-05,-5.15063657076e-05,-4.99056383293e-05,7.38314765693e-05,0.357690170734,29061,0.000379730659249,0.000379833640037,0.000375170435291,0.00037538454189,8.14516457768e-05,0.642309829266,52157,8204093,82040,81218,True,7
tomo_sample_2_051_rec,recon_00414.tiff,414,100,0.5,-0.000583595473727,0.000831073066511,-5.46498232687e-05,-5.47357160215e-05,-5.1844981499e-05,-5.56838747876e-05,7.58854987326e-05,0.359622012875,29212,0.000380451678363,0.00038053522542,0.000375802235794,0.000376524497617,8.16509649097e-05,0.640377987125,52006,8204092,82040,81218,True,7
tomo_sample_2_051_rec,recon_00415.tiff,415,100,0.5,-0.000602919558296,0.000816707935883,-5.42366349647e-05,-5.43878801887e-05,-5.13354680152e-05,-5.58310959633e-05,7.58288215928e-05,0.360573592634,29279,0.000379827127591,0.000379861692328,0.000375458039343,0.000372462581858,8.04199745645e-05,0.639426407366,51939,8204093,82040,81218,True,7
tomo_sample_2_051_rec,recon_00416.tiff,416,100,0.5,-0.00055278586573,0.00081755459425,-5.44306026464e-05,-5.44792702605e-05,-5.20800494996e-05,-5.49960520618e-05,7.22399821633e-05,0.356234083163,28939,0.000380165592033,0.000380245570941,0.00037583723315,0.00036598838062,8.06104402512e-05,0.643765916837,52279,8204093,82040,81218,True,7
tomo_sample_2_051_rec,recon_00417.tiff,417,100,0.5,-0.000539238956699,0.00082817711198,-5.36269470204e-05,-5.37362277907e-05,-5.08127413923e-05,-5.86481095999e-05,7.20221956394e-05,0.360886689259,29309,0.000379276967514,0.000379326201042,0.000374876108253,0.000371642723379,8.11357689766e-05,0.639113310741,51909,8204093,82040,81218,True,7
tomo_sample_2_051_rec,recon_00418.tiff,418,100,0.5,-0.000552563330275,0.000832264850033,-5.47640817718e-05,-5.48592834335e-05,-5.20201992913e-05,-7.42207603477e-05,7.27197433464e-05,0.362339424978,29428,0.000379713229953,0.000379763269737,0.000375284522306,0.000366423611335,8.04569816835e-05,0.637660575022,51790,8204092,82040,81218,True,7
tomo_sample_2_051_rec,recon_00419.tiff,419,100,0.5,-0.000549583387619,0.000804168132017,-5.43125410072e-05,-5.43140530408e-05,-5.15276151418e-05,-5.67237940113e-05,7.2647059749e-05,0.360601925327,29301,0.000379208566492,0.000379323257694,0.000375557050575,0.000368067364903,7.97226599191e-05,0.639398074673,51917,8204093,82040,81218,True,7
tomo_sample_2_051_rec,recon_00420.tiff,420,100,0.5,-0.000543511248252,0.000829116872919,-5.51337333972e-05,-5.51693760402e-05,-5.23563139723e-05,-4.10507648523e-05,7.26429175428e-05,0.362404535352,29442,0.00037972259345,0.000379811970445,0.000375580159016,0.000380658174036,8.08033151715e-05,0.637595464648,51776,8204093,82040,81218,True,7
tomo_sample_2_051_rec,recon_00421.tiff,421,100,0.5,-0.000554862777644,0.000830978291633,-5.38167821653e-05,-5.38624652454e-05,-5.17802873219e-05,-6.75273855235e-05,7.26086732931e-05,0.357256679922,29022,0.000380420556166,0.000380498593199,0.000375621035346,0.000344353108503,7.98426429334e-05,0.642743320078,52196,8204093,82040,81218,True,7
tomo_sample_2_051_rec,recon_00422.tiff,422,100,0.5,-0.000555688682944,0.000822735638067,-5.46830725355e-05,-5.47300734999e-05,-5.16719301231e-05,-3.31720239546e-05,7.22902243652e-05,0.357199083362,29016,0.000380094162695,0.000380161971854,0.000375118921511,0.000370525812644,7.99467422946e-05,0.642800916638,52202,8204093,82040,81218,True,7
tomo_sample_2_051_rec,recon_00423.tiff,423,100,0.5,-0.000503728140902,0.000830753729097,-5.43366144868e-05,-5.43900871743e-05,-5.26819021616e-05,-4.76927998923e-05,6.82206266806e-05,0.360411325933,29275,0.000380241766733,0.000380297948031,0.000375825242372,0.000376190446639,8.01945804987e-05,0.639588674067,51943,8204093,82040,81218,True,7
tomo_sample_2_051_rec,recon_00424.tiff,424,100,0.5,-0.00056063813623,0.00084257569426,-5.56480018772e-05,-5.56826107226e-05,-5.34004229849e-05,-5.18680081018e-05,7.28605690063e-05,0.35753132345,29046,0.000379955482702,0.000380041720759,0.000375321062165,0.000371268583289,8.05169258345e-05,0.64246867655,52172,8204093,82040,81218,True,7
tomo_sample_2_051_rec,recon_00425.tiff,425,100,0.5,-0.000507692749961,0.000851580697054,-5.39816990851e-05,-5.39436936158e-05,-5.19914392498e-05,-6.84203167611e-05,6.8892351638e-05,0.360152585422,29269,0.00038059158486,0.000380721813848,0.000376177806174,0.000377032735083,8.13848691219e-05,0.639847414578,51949,8204093,82040,81218,True,6
tomo_sample_2_051_rec,recon_00426.tiff,426,100,0.5,-0.000500924717635,0.000850534103229,-5.39162685192e-05,-5.38880987083e-05,-5.1590934163e-05,-4.88661878236e-05,7.05444975224e-05,0.356959746467,29009,0.000380062380575,0.000380191723154,0.00037565609091,0.000377954642464,8.1006185003e-05,0.643040253533,52209,8204092,82040,81218,True,7
tomo_sample_2_051_rec,recon_00427.tiff,427,100,0.5,-0.000510126054869,0.000827077983122,-5.35579941193e-05,-5.35433815771e-05,-5.09127985424e-05,-4.80773627175e-05,6.94990256037e-05,0.362035776814,29418,0.00038085675968,0.000380967365505,0.000376009076717,0.000361050350831,8.07678936044e-05,0.637964223186,51800,8204093,82040,81218,True,7
tomo_sample_2_051_rec,recon_00428.tiff,428,100,0.5,-0.000572626887879,0.000843179078074,-5.37724341627e-05,-5.38635931247e-05,-5.13932027388e-05,-4.90241056537e-05,7.2764259872e-05,0.35691213745,28988,0.000381410130142,0.000381463307082,0.00037647516001,0.000375716344268,8.05945586333e-05,0.64308786255,52230,8204093,82040,81218,True,7
tomo_sample_2_051_rec,recon_00429.tiff,429,100,0.5,-0.000564317900862,0.000815213185269,-5.46462036573e-05,-5.47173434781e-05,-5.22985574207e-05,-4.05797468541e-05,7.32947937631e-05,0.358912949615,29153,0.000380735462755,0.000380798778154,0.000376236479497,0.000359202153393,7.90654567626e-05,0.641087050385,52065,8204093,82040,81218,True,7
tomo_sample_2_051_rec,recon_00430.tiff,430,100,0.5,-0.00060118247522,0.000848770755401,-5.67995953108e-05,-5.69424698682e-05,-5.36688166903e-05,-4.65961556312e-05,7.6376835499e-05,0.357849594183,29058,0.000381394300637,0.000381424931498,0.000376815587515,0.000376477031793,8.03401971457e-05,0.642150405817,52160,8204093,82040,81218,True,7
tomo_sample_2_051_rec,recon_00431.tiff,431,100,0.5,-0.000587591589137,0.000837033665157,-5.48335662876e-05,-5.48564007233e-05,-5.22335703863e-05,-4.99598602044e-05,7.39983352981e-05,0.360836394325,29316,0.000381324949215,0.000381418434145,0.000377097676392,0.000383828443777,7.93240774599e-05,0.639163605675,51902,8204093,82040,81218,True,7
tomo_sample_2_051_rec,recon_00432.tiff,432,100,0.5,-0.000593108950998,0.000832972430217,-5.54604000521e-05,-5.55469254457e-05,-5.26327839907e-05,-6.43169872438e-05,7.40310291174e-05,0.361344448724,29348,0.000381704386345,0.000381756094641,0.000377307558665,0.000378808777134,8.02758478371e-05,0.638655551276,51870,8204093,82040,81218,True,7
tomo_sample_2_051_rec,recon_00433.tiff,433,100,0.5,-0.000582694953191,0.000859538252116,-5.61864026305e-05,-5.62645075707e-05,-5.31627738383e-05,-3.79693733931e-05,7.47855338025e-05,0.359116784761,29170,0.000381881552094,0.000381952704595,0.000376573283575,0.000354183047697,8.16522388339e-05,0.640883215239,52048,8204093,82040,81218,True,7
tomo_sample_2_051_rec,recon_00434.tiff,434,100,0.5,-0.00058059119503,0.000856409377302,-5.60502051446e-05,-5.61266839584e-05,-5.30878642166e-05,-4.41390083339e-05,7.31098300612e-05,0.358731878689,29137,0.000381990324466,0.000382045847166,0.000376696349122,0.000383315482007,8.091636625e-05,0.641268121311,52081,8204093,82040,81218,True,7
tomo_sample_2_051_rec,recon_00435.tiff,435,100,0.5,-0.000648172508809,0.000870878061396,-5.6876482679e-05,-5.70305411235e-05,-5.2572653658e-05,-5.41838674537e-05,7.93346740998e-05,0.361867759681,29385,0.000382571768546,0.000382615226431,0.000376802170649,0.000358525265573,8.22447546846e-05,0.638132240319,51833,8204093,82040,81218,True,7
tomo_sample_2_051_rec,recon_00436.tiff,436,100,0.5,-0.000565125819994,0.000864805941237,-5.55447039526e-05,-5.56046591257e-05,-5.27201409568e-05,-5.65586420066e-05,7.44652580737e-05,0.358906449317,29155,0.000381292840077,0.000381371186656,0.000376081559807,0.00037391496207,8.05671795916e-05,0.641093550683,52063,8204093,82040,81218,True,7
tomo_sample_2_051_rec,recon_00437.tiff,437,100,0.5,-0.000562647104671,0.000847275315027,-5.51791350178e-05,-5.51744555892e-05,-5.2068829973e-05,-5.9460382164e-05,7.31962157609e-05,0.359688521248,29227,0.000382388510888,0.000382502172956,0.000377369840862,0.000371893850064,8.10353802917e-05,0.640311478752,51991,8204093,82040,81218,True,7
tomo_sample_2_051_rec,recon_00438.tiff,438,100,0.5,-0.000612443978607,0.000852873736876,-5.63405054251e-05,-5.6400414867e-05,-5.29907956661e-05,-4.95922918214e-05,7.67431394144e-05,0.360554779043,29289,0.000382623639501,0.000382703600416,0.000377673568437,0.000372028170589,8.03647153411e-05,0.639445220957,51929,8204093,82040,81218,True,7
tomo_sample_2_051_rec,recon_00439.tiff,439,100,0.5,-0.000619098153838,0.000859867320978,-5.66438781916e-05,-5.67326751345e-05,-5.35712661076e-05,-5.70881110628e-05,7.72295725034e-05,0.360781852563,29304,0.000382669611441,0.000382736824497,0.000377515665605,0.000364806205109,8.0590464315e-05,0.639218147437,51914,8204093,82040,81218,True,7
tomo_sample_2_051_rec,recon_00440.tiff,440,100,0.5,-0.000603937728156,0.000844696332933,-5.62339474713e-05,-5.63280280405e-05,-5.3080078942e-05,-6.11696318148e-05,7.6392146988e-05,0.3625612486,29446,0.000382083296482,0.000382132577211,0.00037683082337,0.000373700607077,7.93585941178e-05,0.6374387514,51772,8204093,82040,81218,True,7
tomo_sample_2_051_rec,recon_00441.tiff,441,100,0.5,-0.00064216652594,0.000837487432873,-5.65463463922e-05,-5.66763274135e-05,-5.30400720891e-05,-5.61474765846e-05,7.91069232109e-05,0.358327807151,29099,0.000382688029055,0.000382729689022,0.00037753712968,0.000383342140261,7.90376417493e-05,0.641672192849,52119,8204093,82040,81218,True,7
tomo_sample_2_051_rec,recon_00442.tiff,442,100,0.5,-0.000638805023045,0.000846884878993,-5.62975691422e-05,-5.64197483159e-05,-5.28584459971e-05,-4.55987122072e-05,7.54090195184e-05,0.359535944837,29195,0.000382185032092,0.000382204793456,0.00037694076309,0.000367257551512,7.947859954e-05,0.640464055163,52023,8204093,82040,81218,True,7
tomo_sample_2_051_rec,recon_00443.tiff,443,100,0.5,-0.000582960458414,0.000856357867306,-5.56947920161e-05,-5.56736596664e-05,-5.23397575307e-05,-4.34466765508e-05,7.31865478607e-05,0.362464134512,29453,0.000382367995118,0.000382477729546,0.000377082935302,0.000362675454048,8.01050294264e-05,0.637535865488,51765,8204093,82040,81218,True,7
tomo_sample_2_051_rec,recon_00444.tiff,444,100,0.5,-0.000601717906247,0.000864718373341,-5.7861094062e-05,-5.79693290562e-05,-5.40947476111e-05,-5.72272787281e-05,7.60459949709e-05,0.358646734131,29126,0.000382385622375,0.000382424415647,0.000376265423256,0.000372137940792,8.10041815722e-05,0.641353265869,52092,8204093,82040,81218,True,7
tomo_sample_2_051_rec,recon_00445.tiff,445,100,0.5,-0.000609083265881,0.000857225626532,-5.57658637319e-05,-5.58487438846e-05,-5.20994581166e-05,-5.65200775368e-05,7.58968732586e-05,0.361614274418,29371,0.000382338321204,0.000382397202429,0.000376735377358,0.000381841069689,8.09756274552e-05,0.638385725582,51847,8204093,82040,81218,True,7
tomo_sample_2_051_rec,recon_00446.tiff,446,100,0.5,-0.00057496695692,0.000865818708844,-5.56365635686e-05,-5.56529779687e-05,-5.31642108399e-05,-5.43556723975e-05,7.27047735323e-05,0.361390873652,29361,0.000382547269099,0.000382637309755,0.000376939511625,0.00037026930005,8.06003886082e-05,0.638609126348,51857,8204093,82040,81218,True,7
tomo_sample_2_051_rec,recon_00447.tiff,447,100,0.5,-0.000603684381931,0.000847282531613,-5.54625956321e-05,-5.54494863072e-05,-5.23351372976e-05,-5.67884066103e-05,7.34830471821e-05,0.365881271076,29729,0.000382849368556,0.000382951229937,0.000377886957722,0.000384013509884,7.97681940597e-05,0.634118728924,51489,8204093,82040,81218,True,7
tomo_sample_2_051_rec,recon_00448.tiff,448,100,0.5,-0.000623519791407,0.000867312258342,-5.70962120943e-05,-5.72000509784e-05,-5.36394727533e-05,-6.01641024446e-05,7.67467033982e-05,0.361577488934,29365,0.000382861251432,0.000382906476946,0.000377523887437,0.000366368461714,8.04599389047e-05,0.638422511066,51853,8204093,82040,81218,True,7
tomo_sample_2_051_rec,recon_00449.tiff,449,100,0.5,-0.000603252474975,0.000850358131865,-5.62318250623e-05,-5.63406305237e-05,-5.29564531462e-05,-5.61603351912e-05,7.39850558077e-05,0.360731986135,29294,0.000382190305963,0.000382218503925,0.00037718990643,0.000359528398268,7.95671984944e-05,0.639268013865,51924,8204093,82040,81218,True,7
tomo_sample_2_051_rec,recon_00450.tiff,450,100,0.5,-0.000618934981467,0.00085895070777,-5.59061063628e-05,-5.59713922386e-05,-5.28246309841e-05,-5.27016090626e-05,7.47427776176e-05,0.360476884866,29280,0.000382820926942,0.000382881285476,0.00037741313281,0.00036698616664,8.0346281924e-05,0.639523115134,51938,8204093,82040,81218,True,7
tomo_sample_2_051_rec,recon_00451.tiff,451,100,0.5,-0.000551469961647,0.000848900026467,-5.5397131877e-05,-5.54362985031e-05,-5.32874619239e-05,-5.50433546337e-05,7.06041499951e-05,0.3627425127,29465,0.000383282071114,0.000383336399161,0.000378226541216,0.000372186963853,7.99220103305e-05,0.6372574873,51753,8204093,82040,81218,True,7
tomo_sample_2_051_rec,recon_00452.tiff,452,100,0.5,-0.00055109568435,0.000840109847195,-5.50599475383e-05,-5.50907722929e-05,-5.27019692527e-05,-6.44314715091e-05,6.92616141972e-05,0.357704138168,29057,0.00038207419986,0.000382133150465,0.000377065414796,0.000365894999803,7.90236724914e-05,0.642295861832,52161,8204093,82040,81218,True,7
tomo_sample_2_051_rec,recon_00453.tiff,453,100,0.5,-0.000520614599809,0.000830728673609,-5.48022595028e-05,-5.47962389194e-05,-5.29409699084e-05,-5.31457144137e-05,6.88070355757e-05,0.357414745058,29039,0.000382545755495,0.000382630322366,0.000377628864953,0.000383140117347,7.88449867944e-05,0.642585254942,52179,8204093,82040,81218,True,7
tomo_sample_2_051_rec,recon_00454.tiff,454,100,0.5,-0.000587525190494,0.000844514349592,-5.67745137089e-05,-5.68306475564e-05,-5.37096275366e-05,-4.76917691817e-05,7.40781885761e-05,0.358097856558,29087,0.000382413006178,0.000382469670484,0.000377292308258,0.000390468714088,7.90971367523e-05,0.641902143442,52131,8204093,82040,81218,True,7
tomo_sample_2_051_rec,recon_00455.tiff,455,100,0.5,-0.000566644708742,0.000861617959454,-5.59062893593e-05,-5.59503158187e-05,-5.35596373084e-05,-6.12465920682e-05,7.1153571897e-05,0.359127432947,29171,0.000383368465817,0.00038342173738,0.000378202297725,0.000378265405061,7.96988714914e-05,0.640872567053,52047,8204093,82040,81218,True,6
tomo_sample_2_051_rec,recon_00456.tiff,456,100,0.5,-0.000581670679967,0.000856454343884,-5.49021629336e-05,-5.50451269101e-05,-5.19125205756e-05,-5.33572774035e-05,7.23756492708e-05,0.358797961162,29130,0.000383038744918,0.000383027449635,0.000377622258384,0.000371329621324,7.88758546969e-05,0.641202038838,52088,8204093,82040,81218,True,7
tomo_sample_2_051_rec,recon_00457.tiff,457,100,0.5,-0.000553956167714,0.00085325223481,-5.56756860018e-05,-5.57070933037e-05,-5.34027058166e-05,-6.94720194456e-05,6.94822087792e-05,0.36063444442,29295,0.000382701973543,0.000382761837643,0.000377948454116,0.000381065318698,7.94714888621e-05,0.63936555558,51923,8204093,82040,81218,True,7
tomo_sample_2_051_rec,recon_00458.tiff,458,100,0.5,-0.000577186910668,0.000849497799936,-5.59232735691e-05,-5.59643288082e-05,-5.29868520971e-05,-5.00845771421e-05,7.21839304138e-05,0.361894182763,29396,0.000382334799385,0.000382389194987,0.000377725024009,0.00037204184222,7.8264708411e-05,0.638105817237,51822,8204093,82040,81218,True,7
tomo_sample_2_051_rec,recon_00459.tiff,459,100,0.5,-0.000596400748764,0.000846737076645,-5.574144447e-05,-5.57974096343e-05,-5.23721973877e-05,-6.06832849254e-05,7.29488984583e-05,0.362564359367,29449,0.000383868152211,0.000383919076497,0.000378580996767,0.000384580490969,7.95641315921e-05,0.637435640633,51769,8204093,82040,81218,True,7
tomo_sample_2_051_rec,recon_00460.tiff,460,100,0.5,-0.000584096141974,0.000848010103218,-5.60283601823e-05,-5.61592811633e-05,-5.32536414539e-05,-5.39145618956e-05,7.27232981921e-05,0.359314647858,29174,0.000383214148977,0.000383213124015,0.000378170690965,0.000366017841464,7.84027951323e-05,0.640685352142,52044,8204093,82040,81218,True,7
tomo_sample_2_051_rec,recon_00461.tiff,461,100,0.5,-0.000607055400906,0.000875092633069,-5.6299561503e-05,-5.63426275711e-05,-5.2864821555e-05,-5.07898645535e-05,7.20874887618e-05,0.359438966712,29196,0.000382893560646,0.000382943783774,0.000377429139917,0.000378113645457,7.9037809362e-05,0.640561033288,52022,8204093,82040,81218,True,6
tomo_sample_2_051_rec,recon_00462.tiff,462,100,0.5,-0.000605867831619,0.000866655264108,-5.59808941396e-05,-5.60094586414e-05,-5.21755373484e-05,-5.20001820816e-05,7.51371820218e-05,0.356569014699,28966,0.000383263571265,0.000383331338013,0.000378415730665,0.000375902433503,7.86578788443e-05,0.643430985301,52252,8204093,82040,81218,True,7
tomo_sample_2_051_rec,recon_00463.tiff,463,100,0.5,-0.000598079642514,0.000856225162861,-5.64817639061e-05,-5.65456667274e-05,-5.33658203494e-05,-4.94656360251e-05,7.25957259625e-05,0.361285799642,29343,0.000383565376576,0.000383602285908,0.000377780786948,0.000374422324921,7.90048865891e-05,0.638714200358,51875,8204093,82040,81218,True,7
tomo_sample_2_051_rec,recon_00464.tiff,464,100,0.5,-0.000560297867632,0.000880771513039,-5.59858648775e-05,-5.60590719878e-05,-5.31556652277e-05,-3.61185755978e-05,7.01782374645e-05,0.358245280897,29095,0.000383846442475,0.000383879161701,0.000378339056624,0.000390114324672,8.05892451874e-05,0.641754719103,52123,8204093,82040,81218,True,7
tomo_sample_2_051_rec,recon_00465.tiff,465,100,0.5,-0.000558922083583,0.000860887536255,-5.58031185195e-05,-5.57936604896e-05,-5.29526441824e-05,-5.81281638319e-05,6.93826733927e-05,0.358082937749,29093,0.000383225980148,0.000383306780113,0.000378120108508,0.000382030927548,7.94699480198e-05,0.641917062251,52125,8204093,82040,81218,True,7
tomo_sample_2_051_rec,recon_00466.tiff,466,100,0.5,-0.000646704638202,0.000865768203512,-5.65197875112e-05,-5.66636629232e-05,-5.25132054463e-05,-4.49823115373e-05,7.64452480595e-05,0.35948081498,29187,0.000383174582953,0.000383176591223,0.000377819058485,0.0003643278666,7.83863714218e-05,0.64051918502,52031,8204093,82040,81218,True,7
tomo_sample_2_051_rec,recon_00467.tiff,467,100,0.5,-0.000612879543623,0.000859451641445,-5.63188152784e-05,-5.64064956975e-05,-5.29435783392e-05,-4.71202218898e-05,7.38216970535e-05,0.361632487951,29370,0.000383194984581,0.00038323560397,0.000377747783205,0.000359826080488,7.99774628287e-05,0.638367512049,51848,8204093,82040,81218,True,6
tomo_sample_2_051_rec,recon_00468.tiff,468,100,0.5,-0.000607513729192,0.000845905580791,-5.56366445584e-05,-5.57329653198e-05,-5.23666694789e-05,-6.02374098347e-05,7.28271851807e-05,0.359157163594,29166,0.000383209549282,0.000383229572942,0.000378167023882,0.000367576510582,7.87510085222e-05,0.640842836406,52052,8204093,82040,81218,True,7
tomo_sample_2_051_rec,recon_00469.tiff,469,100,0.5,-0.000623995739734,0.000846229091112,-5.67135163693e-05,-5.68382930458e-05,-5.2876488553e-05,-4.90008522185e-05,7.6495676986e-05,0.361700379629,29370,0.000384020838495,0.000384035574405,0.000378741940949,0.000375822962206,7.84322953128e-05,0.638299620371,51848,8204093,82040,81218,True,7
tomo_sample_2_051_rec,recon_00470.tiff,470,100,0.5,-0.000651992680796,0.000848715997417,-5.73129515282e-05,-5.74926148487e-05,-5.29419376107e-05,-4.88270449242e-05,7.75154705359e-05,0.358117726253,29072,0.000383176965346,0.000383162200849,0.000378022814402,0.000393121875948,7.86398286345e-05,0.641882273747,52146,8204093,82040,81218,True,7
tomo_sample_2_051_rec,recon_00471.tiff,471,100,0.5,-0.000600244464295,0.000846366832848,-5.66954132553e-05,-5.68326272591e-05,-5.30711949978e-05,-4.70400542081e-05,7.43162841511e-05,0.360213379386,29247,0.000383954788612,0.000383957306572,0.000378409575205,0.000365708877585,7.89447407123e-05,0.639786620614,51971,8204093,82040,81218,True,7
tomo_sample_2_051_rec,recon_00472.tiff,472,100,0.5,-0.000560885053419,0.00088140467531,-5.57371132189e-05,-5.57240694415e-05,-5.24370298081e-05,-6.16278779987e-05,7.06012235604e-05,0.359535830017,29213,0.00038363512977,0.000383731036374,0.000378143857233,0.000381913967684,8.15511193454e-05,0.640464169983,52005,8204093,82040,81218,True,7
tomo_sample_2_051_rec,recon_00473.tiff,473,100,0.5,-0.000587984923623,0.000870280169474,-5.61462469131e-05,-5.61791329039e-05,-5.29514436494e-05,-6.76421241937e-05,7.09194919995e-05,0.361636483139,29376,0.000384147504586,0.000384205275929,0.000378852593713,0.000376335244689,8.01199876696e-05,0.638363516861,51842,8204092,82040,81218,True,7
tomo_sample_2_051_rec,recon_00474.tiff,474,100,0.5,-0.000602677565475,0.000867781514244,-5.66016001837e-05,-5.66931167245e-05,-5.28620366822e-05,-5.58405069398e-05,7.26262517892e-05,0.361776972982,29379,0.000383904984573,0.000383924540776,0.000377653545002,0.000361876287976,8.00492630454e-05,0.638223027018,51839,8204093,82040,81218,True,7
tomo_sample_2_051_rec,recon_00475.tiff,475,100,0.5,-0.000605648449564,0.000857829398883,-5.68212583384e-05,-5.69118558324e-05,-5.32871854375e-05,-5.55667702371e-05,7.39535732618e-05,0.35819319234,29089,0.000383600737987,0.000383628188552,0.000378455064492,0.00036126428867,7.95669498268e-05,0.64180680766,52129,8204093,82040,81218,True,7
tomo_sample_2_051_rec,recon_00476.tiff,476,100,0.5,-0.000569059598783,0.000865697012341,-5.70607137052e-05,-5.71028877747e-05,-5.44190152141e-05,-5.89455348961e-05,6.98087693653e-05,0.357068552098,29003,0.000382826909208,0.000382872292131,0.000377839431167,0.000387192561139,7.9045244429e-05,0.642931447902,52215,8204093,82040,81218,True,7
tomo_sample_2_051_rec,recon_00477.tiff,477,100,0.5,-0.000566654588329,0.000870900774025,-5.68096969426e-05,-5.68241924087e-05,-5.33672209713e-05,-5.24587000948e-05,7.09378870785e-05,0.358626940393,29134,0.000383609965573,0.000383677579666,0.000377602584194,0.000365732480848,8.02559940805e-05,0.641373059607,52084,8204093,82040,81218,True,7
tomo_sample_2_051_rec,recon_00478.tiff,478,100,0.5,-0.000615392873005,0.00085376999341,-5.67990843319e-05,-5.68951347477e-05,-5.31113528268e-05,-6.74667283704e-05,7.41253657129e-05,0.360047305159,29238,0.000383717042533,0.000383734441493,0.000378678669222,0.000383026320122,7.86532884305e-05,0.639952694841,51980,8204093,82040,81218,True,7
tomo_sample_2_051_rec,recon_00479.tiff,479,100,0.5,-0.000596883877297,0.000867270254821,-5.6115980013e-05,-5.61532940174e-05,-5.29348035343e-05,-4.71604565574e-05,7.19102620569e-05,0.359320464465,29187,0.000383926950002,0.000383979262482,0.000378637312679,0.000362576666156,7.93179561856e-05,0.640679535535,52031,8204092,82040,81218,True,7
tomo_sample_2_051_rec,recon_00480.tiff,480,100,0.5,-0.000577958828071,0.000856622046267,-5.59556932956e-05,-5.6050368917e-05,-5.32935646333e-05,-4.86966019902e-05,7.02307719401e-05,0.359682991836,29208,0.000383449809873,0.000383462989604,0.000378358818125,0.000379123450086,7.90262569725e-05,0.640317008164,52010,8204093,82040,81218,True,7
tomo_sample_2_051_rec,recon_00481.tiff,481,100,0.5,-0.000602499854285,0.000869606867491,-5.61367100167e-05,-5.62348284729e-05,-5.30055003765e-05,-6.5777242258e-05,7.22371080073e-05,0.360286830789,29257,0.000384155837591,0.000384170615836,0.000378631142667,0.000399671360669,8.03897249915e-05,0.639713169211,51961,8204093,82040,81218,True,7
tomo_sample_2_051_rec,recon_00482.tiff,482,100,0.5,-0.000637976425642,0.000845131824899,-5.71691420429e-05,-5.73176998554e-05,-5.35019571544e-05,-6.11857965787e-05,7.46478226302e-05,0.361137767984,29319,0.00038310445699,0.000383087538138,0.000378203461878,0.000388540938727,7.80189463453e-05,0.638862232016,51899,8204093,82040,81218,True,6
tomo_sample_2_051_rec,recon_00483.tiff,483,100,0.5,-0.000605513227638,0.000846408081416,-5.642183186e-05,-5.65498933308e-05,-5.30192810402e-05,-4.40824934044e-05,7.26082262375e-05,0.362434004099,29427,0.000383761968969,0.000383756836892,0.000378070079023,0.000359476501816,7.94642412856e-05,0.637565995901,51791,8204093,82040,81218,True,7
tomo_sample_2_051_rec,recon_00484.tiff,484,100,0.5,-0.00062296465534,0.000858992209251,-5.60729108698e-05,-5.62021879139e-05,-5.20787652931e-05,-4.26554641831e-05,7.35695475571e-05,0.359259169821,29170,0.000383295500274,0.000383297792555,0.000377854448743,0.000389919233729,7.99771755001e-05,0.640740830179,52048,8204093,82040,81218,True,7
tomo_sample_2_051_rec,recon_00485.tiff,485,100,0.5,-0.000623687979532,0.000843418234144,-5.64345437609e-05,-5.65114450195e-05,-5.24273164046e-05,-4.94677165959e-05,7.38864593916e-05,0.359653117044,29209,0.000383503544646,0.000383535678918,0.000378200522391,0.000387806596753,7.93380121359e-05,0.640346882956,52009,8204093,82040,81218,True,7
tomo_sample_2_051_rec,recon_00486.tiff,486,100,0.5,-0.000623862788198,0.000851237227325,-5.66639955445e-05,-5.67943859448e-05,-5.3041974752e-05,-6.10576504698e-05,7.3784892401e-05,0.360727842165,29289,0.000383302943284,0.000383303674652,0.000377801043214,0.000378472973491,7.95300397433e-05,0.639272157835,51929,8204093,82040,81218,True,7
tomo_sample_2_051_rec,recon_00487.tiff,487,100,0.5,-0.000632882167993,0.000862179143296,-5.67003114883e-05,-5.68511969805e-05,-5.22814843862e-05,-4.71732780901e-05,7.51567840741e-05,0.358910069553,29139,0.000384386324032,0.000384377937009,0.000378660653951,0.000364264282007,8.06893958021e-05,0.641089930447,52079,8204093,82040,81218,True,7
tomo_sample_2_051_rec,recon_00488.tiff,488,100,0.5,-0.000629555749765,0.000892962490616,-5.79255591702e-05,-5.80067545205e-05,-5.37101004738e-05,-6.03164891678e-05,7.49888913443e-05,0.358849774042,29144,0.000384336386257,0.000384372817879,0.000378577096853,0.000364690684993,8.14982824646e-05,0.641150225958,52074,8204093,82040,81218,True,7
tomo_sample_2_051_rec,recon_00489.tiff,489,100,0.5,-0.000591656511533,0.000839049667702,-5.70098588804e-05,-5.70379231431e-05,-5.31199657416e-05,-6.7748562314e-05,7.28887235106e-05,0.360531772921,29286,0.000384210140342,0.000384262758739,0.000379008997697,0.000379747496964,7.86885423269e-05,0.639468227079,51932,8204093,82040,81218,True,7
tomo_sample_2_051_rec,recon_00490.tiff,490,100,0.5,-0.000601314535888,0.00083347566193,-5.64792916114e-05,-5.65509486118e-05,-5.31806581421e-05,-5.63948167405e-05,7.29700872747e-05,0.363064201902,29486,0.000382998707192,0.000383028095349,0.000377821459551,0.000376932061984,7.84497108108e-05,0.636935798098,51732,8204093,82040,81218,True,7
tomo_sample_2_051_rec,recon_00491.tiff,491,100,0.5,-0.000654565863369,0.000841361644561,-5.73667890287e-05,-5.74842941247e-05,-5.32362137164e-05,-5.362434135e-05,7.485235419e-05,0.364269844187,29578,0.000383460478249,0.000383465736628,0.000378119177185,0.000359426664026,7.85220884926e-05,0.635730155813,51640,8204093,82040,81218,True,6
tomo_sample_2_051_rec,recon_00492.tiff,492,100,0.5,-0.000618986845366,0.000841224948817,-5.71778039505e-05,-5.72780300914e-05,-5.31394416612e-05,-6.19227096457e-05,7.55781504642e-05,0.358341857541,29100,0.000382849764422,0.000382873566601,0.000378034848836,0.000378544963686,7.85905187343e-05,0.641658142459,52118,8204093,82040,81218,True,7
tomo_sample_2_051_rec,recon_00493.tiff,493,100,0.5,-0.00059109111171,0.000836608367972,-5.5995007156e-05,-5.60375562832e-05,-5.30735778739e-05,-5.07518338818e-05,7.19064302744e-05,0.362415771234,29438,0.000383332177124,0.000383384500852,0.000378205921152,0.000377140159525,7.85754772753e-05,0.637584228766,51780,8204093,82040,81218,True,7
tomo_sample_2_051_rec,recon_00494.tiff,494,100,0.5,-0.000573666580021,0.000857049018377,-5.58405984784e-05,-5.59321475956e-05,-5.24018214492e-05,-6.27796356314e-05,7.1580886206e-05,0.362398060275,29429,0.000383682927843,0.000383698918339,0.000378016731702,0.000375987920291,7.96432843555e-05,0.637601939725,51789,8204093,82040,81218,True,7
tomo_sample_2_051_rec,recon_00495.tiff,495,100,0.5,-0.00064295326767,0.000827059248113,-5.74474482378e-05,-5.76012684566e-05,-5.37330270163e-05,-5.3249191208e-05,7.51674994183e-05,0.359911972084,29219,0.000382879504315,0.000382861523201,0.000378186901798,0.000370930662221,7.71969742193e-05,0.640088027916,51999,8204093,82040,81218,True,6
tomo_sample_2_051_rec,recon_00496.tiff,496,100,0.5,-0.000608131658228,0.000851462021237,-5.6372570868e-05,-5.64482445042e-05,-5.29137905687e-05,-6.11401034321e-05,7.39917741016e-05,0.362652364701,29453,0.000384054205648,0.000384089606766,0.000378616474336,0.000372612084466,7.92152450988e-05,0.637347635299,51765,8204093,82040,81218,True,7
tomo_sample_2_051_rec,recon_00497.tiff,497,100,0.5,-0.000623060119979,0.000856408248655,-5.61977793963e-05,-5.62734341848e-05,-5.23375274497e-05,-4.07605182193e-05,7.45467680559e-05,0.356275615435,28936,0.000383315720424,0.000383357651727,0.000377992444555,0.000358892789767,7.9641609054e-05,0.643724384565,52282,8204093,82040,81218,True,7
tomo_sample_2_051_rec,recon_00498.tiff,498,100,0.5,-0.000542647801049,0.000841895733611,-5.56478382283e-05,-5.56659407258e-05,-5.27638221683e-05,-7.80339294252e-05,6.87183110518e-05,0.360117497362,29253,0.000383017535512,0.000383069740524,0.00037805957254,0.000371190060051,7.8272013793e-05,0.639882502638,51965,8204092,82040,81218,True,7
tomo_sample_2_051_rec,recon_00499.tiff,499,100,0.5,-0.000616434856784,0.000850820673513,-5.69599013107e-05,-5.70934434096e-05,-5.25710493093e-05,-4.44480750266e-05,7.59626378265e-05,0.360797445089,29295,0.00038347657906,0.000383481969394,0.000377741409466,0.000362679439493,7.93001595709e-05,0.639202554911,51923,8204093,82040,81218,True,7
tomo_sample_2_051_rec,recon_00500.tiff,500,100,0.5,-0.000571023997909,0.000847149769543,-5.67607943081e-05,-5.68621514708e-05,-5.32883896085e-05,-5.04083162305e-05,7.0735439277e-05,0.355464814832,28864,0.000382653689179,0.000382658024728,0.000377488526283,0.000365226390238,7.87824815769e-05,0.644535185168,52354,8204093,82040,81218,True,7
tomo_sample_2_051_rec,recon_00501.tiff,501,100,0.5,-0.000612548715726,0.000864763778518,-5.67178793863e-05,-5.67208216683e-05,-5.30420329596e-05,-4.61839725826e-05,7.43741584389e-05,0.362162936741,29424,0.000383757217456,0.00038384266209,0.000378110300517,0.00037015872391,8.01691549322e-05,0.637837063259,51794,8204093,82040,81218,True,7
tomo_sample_2_051_rec,recon_00502.tiff,502,100,0.5,-0.000607549379638,0.000842930110812,-5.70996378457e-05,-5.72360642507e-05,-5.2837691328e-05,-5.65351777888e-05,7.46020223468e-05,0.360912995534,29303,0.000383665994945,0.000383661225481,0.000378107710276,0.000364197440344,7.93347683411e-05,0.639087004466,51915,8204093,82040,81218,True,7
tomo_sample_2_051_rec,recon_00503.tiff,503,100,0.5,-0.000601182621613,0.000845263763331,-5.7314769577e-05,-5.73949382091e-05,-5.35905473953e-05,-6.75560209344e-05,7.32095229451e-05,0.359506081303,29196,0.000383539078594,0.000383564030021,0.000378358061425,0.000392315712929,7.89315035672e-05,0.640493918697,52022,8204093,82040,81218,True,7
tomo_sample_2_051_rec,recon_00504.tiff,504,100,0.5,-0.000594223250519,0.000832372728037,-5.56689242395e-05,-5.57344181984e-05,-5.26379699295e-05,-6.06919253244e-05,7.1910335284e-05,0.358991577165,29156,0.000383174694038,0.000383206500882,0.000378082564566,0.000377422991438,7.80711874935e-05,0.641008422835,52062,8204093,82040,81218,True,7
tomo_sample_2_051_rec,recon_00505.tiff,505,100,0.5,-0.000589176530484,0.000864017242857,-5.63742672269e-05,-5.64887594142e-05,-5.28795608261e-05,-6.66253317342e-05,7.26246100174e-05,0.358548606154,29113,0.000383115849552,0.000383115711003,0.000377954478608,0.000383447100252,7.87854406646e-05,0.641451393846,52105,8204093,82040,81218,True,7
tomo_sample_2_051_rec,recon_00506.tiff,506,100,0.5,-0.000580975892371,0.000859666490287,-5.61624470779e-05,-5.61519749693e-05,-5.26651165274e-05,-5.92613824654e-05,7.07689769307e-05,0.358006231091,29087,0.000383343107043,0.000383425365145,0.000377662217943,0.000373942976198,8.02241117946e-05,0.641993768909,52131,8204093,82040,81218,True,7
tomo_sample_2_051_rec,recon_00507.tiff,507,100,0.5,-0.00062060044962,0.000852967085666,-5.59929485533e-05,-5.60732505074e-05,-5.21321580891e-05,-5.92654552918e-05,7.34110370289e-05,0.359448487773,29192,0.000383657062312,0.000383687861566,0.000378125288989,0.000375887025519,7.97161980085e-05,0.640551512227,52026,8204093,82040,81218,True,7
tomo_sample_2_051_rec,recon_00508.tiff,508,100,0.5,-0.000617076047638,0.000862635493977,-5.6035331625e-05,-5.61323110277e-05,-5.23187809449e-05,-4.00197198758e-05,7.30672081765e-05,0.358981672067,29152,0.00038384513432,0.00038386755356,0.00037832079397,0.00037662452971,8.04181297526e-05,0.641018327933,52066,8204093,82040,81218,True,7
tomo_sample_2_051_rec,recon_00509.tiff,509,100,0.5,-0.000595686662709,0.000839343858242,-5.67891278873e-05,-5.68545012899e-05,-5.32050908078e-05,-5.52776624598e-05,7.16965381702e-05,0.360891825958,29310,0.000383144407638,0.000383173588765,0.000377980424673,0.00037567315394,7.92922566632e-05,0.639108174042,51908,8204093,82040,81218,True,7
tomo_sample_2_051_rec,recon_00510.tiff,510,100,0.5,-0.000573003287427,0.000851820549869,-5.61889728493e-05,-5.62107406687e-05,-5.35801827937e-05,-6.35630574455e-05,7.07076317811e-05,0.359860493445,29234,0.000383216148418,0.000383286294623,0.000377310949261,0.000382690796572,8.1262407949e-05,0.640139506555,51984,8204093,82040,81218,True,7
tomo_sample_2_051_rec,recon_00511.tiff,511,100,0.5,-0.000608472966123,0.000864772299828,-5.7447785299e-05,-5.75344058853e-05,-5.33663223905e-05,-6.63325646139e-05,7.46931681836e-05,0.362987731892,29479,0.000383851520667,0.000383882641542,0.00037837063428,0.000374733378774,8.0128126637e-05,0.637012268108,51739,8204093,82040,81218,True,7
tomo_sample_2_051_rec,recon_00512.tiff,512,100,0.5,-0.000575765330286,0.00085706140293,-5.7427002473e-05,-5.75399975008e-05,-5.34793180123e-05,-4.87328083604e-05,7.19776255466e-05,0.357933911994,29064,0.00038399925419,0.000384005714305,0.000378390977858,0.000372646182976,8.04261060449e-05,0.642066088006,52154,8204093,82040,81218,True,7
tomo_sample_2_051_rec,recon_00513.tiff,513,100,0.5,-0.000583841117332,0.000857327069389,-5.6868465301e-05,-5.69983701175e-05,-5.28627788299e-05,-5.11756711674e-05,7.28795682088e-05,0.360125715386,29240,0.000383509667896,0.000383509117197,0.000377950971597,0.000371010447541,8.07397521483e-05,0.639874284614,51978,8204092,82040,81218,True,7
tomo_sample_2_051_rec,recon_00514.tiff,514,100,0.5,-0.000596485742426,0.000866206088394,-5.66895254223e-05,-5.67959876237e-05,-5.2800794947e-05,-5.14561603768e-05,7.20935737175e-05,0.359739145983,29211,0.000383588736789,0.000383595250802,0.000377838034183,0.000382773851021,8.0397820377e-05,0.640260854017,52007,8204093,82040,81218,True,7
tomo_sample_2_051_rec,recon_00515.tiff,515,100,0.5,-0.000626958294888,0.000857942297007,-5.69699049978e-05,-5.71196070144e-05,-5.26114763488e-05,-6.31365798881e-05,7.47689276467e-05,0.359320968779,29172,0.00038377303708,0.000383760995708,0.000377710312023,0.00037598534431,7.96085139688e-05,0.640679031221,52046,8204093,82040,81218,True,7
tomo_sample_2_051_rec,recon_00516.tiff,516,100,0.5,-0.000574219104019,0.000862847794779,-5.6327675735e-05,-5.64164031492e-05,-5.33156271558e-05,-5.79340075937e-05,7.04733238096e-05,0.359530264011,29196,0.000383473328557,0.000383486526719,0.000378098891815,0.000356005524402,8.0433152006e-05,0.640469735989,52022,8204093,82040,81218,True,7
tomo_sample_2_051_rec,recon_00517.tiff,517,100,0.5,-0.000588007500628,0.000868220640405,-5.57735752712e-05,-5.57991547129e-05,-5.2724735724e-05,-5.28351772573e-05,7.04169963784e-05,0.359455488371,29200,0.000384046293256,0.000384109219724,0.000378373617423,0.000379370919714,8.10135114701e-05,0.640544511629,52018,8204093,82040,81218,True,7
tomo_sample_2_051_rec,recon_00518.tiff,518,100,0.5,-0.000589108758431,0.000844118531386,-5.6026309468e-05,-5.61367486096e-05,-5.27672946191e-05,-5.65749733015e-05,7.19332500654e-05,0.360445904061,29268,0.000383338425987,0.000383344019718,0.000377737509552,0.000359346725366,7.95613673202e-05,0.639554095939,51950,8204093,82040,81218,True,7
tomo_sample_2_051_rec,recon_00519.tiff,519,100,0.5,-0.000580122518586,0.000858040284947,-5.59341922754e-05,-5.60492877775e-05,-5.2384171795e-05,-3.82687350744e-05,7.1425172963e-05,0.35862740937,29120,0.000383915448904,0.000383920674107,0.000378546857974,0.000382113802422,8.04823176434e-05,0.64137259063,52098,8204093,82040,81218,True,7
tomo_sample_2_051_rec,recon_00520.tiff,520,100,0.5,-0.000604157985945,0.000835959638353,-5.67319585726e-05,-5.68383843932e-05,-5.34858590981e-05,-5.88053298998e-05,7.17574221307e-05,0.360909753635,29306,0.000382843549277,0.000382849704603,0.000377689590096,0.000371446589432,7.94790209138e-05,0.639090246365,51912,8204093,82040,81218,True,7
tomo_sample_2_051_rec,recon_00521.tiff,521,100,0.5,-0.000608151427296,0.000842733033642,-5.71779945746e-05,-5.73270050992e-05,-5.35553863301e-05,-6.07703491531e-05,7.37167068179e-05,0.360075366792,29234,0.000383408416934,0.000383402366138,0.000377703094273,0.00037311785996,8.05420893145e-05,0.639924633208,51984,8204093,82040,81218,True,7
tomo_sample_2_051_rec,recon_00522.tiff,522,100,0.5,-0.000584367227275,0.000850180034176,-5.56997734851e-05,-5.5773334243e-05,-5.25814684806e-05,-4.2732757602e-05,7.10051889632e-05,0.35910218291,29165,0.000383484903987,0.000383521385586,0.000377730291802,0.000371884286296,8.13382620145e-05,0.64089781709,52053,8204093,82040,81218,True,7
tomo_sample_2_051_rec,recon_00523.tiff,523,100,0.5,-0.000603274682362,0.000856307852082,-5.63737324309e-05,-5.64749202524e-05,-5.28923701495e-05,-6.28194226386e-05,7.33611971196e-05,0.360188705116,29250,0.000383328530911,0.000383353279335,0.000377915828722,0.000356690405873,8.04063922626e-05,0.639811294884,51968,8204093,82040,81218,True,6
tomo_sample_2_051_rec,recon_00524.tiff,524,100,0.5,-0.000576125479129,0.000861440798617,-5.65827522001e-05,-5.66694743983e-05,-5.30292509211e-05,-5.04028073013e-05,7.12993203298e-05,0.357338647722,29020,0.000383226642918,0.000383255222451,0.000377600488719,0.000373599556852,8.18514963099e-05,0.642661352278,52198,8204092,82040,81218,True,7
tomo_sample_2_051_rec,recon_00525.tiff,525,100,0.5,-0.000568403601646,0.000868382911431,-5.66074929618e-05,-5.66423530515e-05,-5.34043101652e-05,-4.53195820285e-05,7.09637340748e-05,0.361738890067,29385,0.000383729806359,0.000383794516331,0.000378144235583,0.000373940251131,8.1829716788e-05,0.638261109933,51833,8204092,82040,81218,True,7
tomo_sample_2_051_rec,recon_00526.tiff,526,100,0.5,-0.000593941714906,0.000845900460845,-5.63698642843e-05,-5.64519987594e-05,-5.29966091563e-05,-4.88841777216e-05,7.28478254638e-05,0.360383957683,29268,0.000382711959209,0.00038274416631,0.000377380216378,0.000382321245461,7.98253327358e-05,0.639616042317,51950,8204093,82040,81218,True,7
tomo_sample_2_051_rec,recon_00527.tiff,527,100,0.5,-0.000573968503741,0.000874836740841,-5.62917440948e-05,-5.63773908699e-05,-5.26619842276e-05,-5.70791121565e-05,7.07637985229e-05,0.360414490383,29270,0.000384025790516,0.000384055874544,0.000378249576897,0.000368414356675,8.21408284969e-05,0.639585509617,51948,8204093,82040,81218,True,7
tomo_sample_2_051_rec,recon_00528.tiff,528,100,0.5,-0.000544142255385,0.000872115391248,-5.67194404978e-05,-5.6771980963e-05,-5.42772941117e-05,-6.5275261971e-05,6.89020239771e-05,0.359244649265,29179,0.000382869782805,0.000382915023188,0.000377609772841,0.0003806514712,8.13772065514e-05,0.640755350735,52039,8204093,82040,81218,True,6
tomo_sample_2_051_rec,recon_00529.tiff,529,100,0.5,-0.00059267680801,0.000874883627985,-5.73626128667e-05,-5.74470560948e-05,-5.39858283446e-05,-5.6952940614e-05,7.34179709212e-05,0.358534415686,29118,0.000383337776764,0.000383372721245,0.00037771803909,0.000366879028871,8.09851498948e-05,0.641465584314,52100,8204093,82040,81218,True,7
tomo_sample_2_051_rec,recon_00530.tiff,530,100,0.5,-0.000590343083313,0.000855723494897,-5.76024760554e-05,-5.76858757874e-05,-5.43234527868e-05,-5.0039015741e-05,7.17827084121e-05,0.359038266835,29158,0.000383352955295,0.000383379592338,0.000378354874556,0.000385076336493,8.03164857099e-05,0.640961733165,52060,8204093,82040,81218,True,7
tomo_sample_2_051_rec,recon_00531.tiff,531,100,0.5,-0.000610997418116,0.000872828257852,-5.69947644084e-05,-5.71204008774e-05,-5.30518300366e-05,-4.90004721581e-05,7.28019305355e-05,0.360349914926,29259,0.00038347393037,0.000383477713415,0.000377809046768,0.000384514238776,8.10774026627e-05,0.639650085074,51959,8204093,82040,81218,True,7
tomo_sample_2_051_rec,recon_00532.tiff,532,100,0.5,-0.000613531838171,0.000833009212511,-5.77761499807e-05,-5.79469017772e-05,-5.42691122973e-05,-6.36709764024e-05,7.44304046615e-05,0.360038176914,29229,0.000382286743939,0.000382276253756,0.000377243064577,0.000390640897043,8.00435217007e-05,0.639961823086,51989,8204093,82040,81218,True,7
tomo_sample_2_051_rec,recon_00533.tiff,533,100,0.5,-0.000609994999832,0.00085860313382,-5.70665901494e-05,-5.71623740898e-05,-5.29227654624e-05,-5.1708673099e-05,7.43589102987e-05,0.359128605598,29165,0.000382239308192,0.000382270128668,0.000376799784135,0.000372063115718,8.03346757194e-05,0.640871394402,52053,8204093,82040,81218,True,6
tomo_sample_2_051_rec,recon_00534.tiff,534,100,0.5,-0.000622279369272,0.000861184395617,-5.74451485505e-05,-5.75554391539e-05,-5.31428195245e-05,-4.08361502827e-05,7.46473247296e-05,0.360246357438,29254,0.000382871507278,0.000382895562591,0.000377264586859,0.00037215047845,8.12444002867e-05,0.639753642562,51964,8204093,82040,81218,True,7
tomo_sample_2_051_rec,recon_00535.tiff,535,100,0.5,-0.000594299265358,0.00084097438812,-5.65231125915e-05,-5.66483154861e-05,-5.26638323208e-05,-5.8759255337e-05,7.29298899499e-05,0.359145251384,29161,0.000382486764187,0.000382488935829,0.000377437623683,0.000371100421961,7.93170923508e-05,0.640854748616,52057,8204093,82040,81218,True,7
tomo_sample_2_051_rec,recon_00536.tiff,536,100,0.5,-0.00058943708078,0.000871699012059,-5.71989592468e-05,-5.73109967895e-05,-5.33603233634e-05,-5.26878308549e-05,7.2739320698e-05,0.358346349332,29099,0.000382694832897,0.000382713717718,0.000377116288291,0.0003727904676,8.20081410418e-05,0.641653650668,52119,8204092,82040,81218,True,7
tomo_sample_2_051_rec,recon_00537.tiff,537,100,0.5,-0.000629203915596,0.000875265247596,-5.71897926522e-05,-5.73598931785e-05,-5.28481214133e-05,-5.96118204263e-05,7.58708242245e-05,0.363131366652,29481,0.000383528909655,0.000383525291013,0.000377997756004,0.000385093782529,8.17967503418e-05,0.636868633348,51737,8204093,82040,81218,True,7
tomo_sample_2_051_rec,recon_00538.tiff,538,100,0.5,-0.000583310670918,0.000845758387877,-5.63429448026e-05,-5.63784664313e-05,-5.29866738361e-05,-6.56662411221e-05,7.34472748557e-05,0.364410791103,29602,0.000382798199208,0.000382863529624,0.000377688091248,0.000364306666856,7.9794172945e-05,0.635589208897,51616,8204093,82040,81218,True,7
tomo_sample_2_051_rec,recon_00539.tiff,539,100,0.5,-0.000601479209145,0.000848786633287,-5.79326901126e-05,-5.80397267924e-05,-5.39039338037e-05,-4.70816978887e-05,7.37828123756e-05,0.362879801498,29468,0.000382813790986,0.000382837507653,0.000377146789106,0.000380282082833,8.08318073688e-05,0.637120198502,51750,8204093,82040,81218,True,7
tomo_sample_2_051_rec,recon_00540.tiff,540,100,0.5,-0.000590710292745,0.000863921478158,-5.71407764454e-05,-5.72248839498e-05,-5.40967957932e-05,-6.29632398967e-05,7.29349103766e-05,0.36014465361,29249,0.000383119967015,0.00038315689692,0.000378093274776,0.000363553721992,8.13110343089e-05,0.63985534639,51969,8204093,82040,81218,True,7
tomo_sample_2_051_rec,recon_00541.tiff,541,100,0.5,-0.000621693351131,0.00084538079449,-5.68955801687e-05,-5.69481455217e-05,-5.33474740223e-05,-6.84526958472e-05,7.43216572984e-05,0.361695477883,29380,0.000383006894063,0.000383069075008,0.000377552030841,0.000379134961598,8.1172409678e-05,0.638304522117,51838,8204093,82040,81218,True,7
tomo_sample_2_051_rec,recon_00542.tiff,542,100,0.5,-0.000589457626338,0.000836630770646,-5.75380579892e-05,-5.76077215114e-05,-5.37591113243e-05,-5.38889334976e-05,7.38383009141e-05,0.360104662317,29248,0.000383001027042,0.00038304887511,0.000377415723051,0.000367405773333,8.05280368763e-05,0.639895337683,51970,8204093,82040,81218,True,7
tomo_sample_2_051_rec,recon_00543.tiff,543,100,0.5,-0.000605489973386,0.000867523471243,-5.72588668782e-05,-5.73301674826e-05,-5.33751517651e-05,-5.32102883699e-05,7.24762420073e-05,0.361505476045,29361,0.000383063820966,0.000383106298657,0.000377349380869,0.000374707177588,8.21057526488e-05,0.638494523955,51857,8204093,82040,81218,True,7
tomo_sample_2_051_rec,recon_00544.tiff,544,100,0.5,-0.00060744647606,0.000856790961989,-5.68249042801e-05,-5.6874244431e-05,-5.26953190274e-05,-5.05750705347e-05,7.22710518701e-05,0.360564173049,29288,0.000383208549374,0.000383267720472,0.000377532312996,0.000369776701619,8.21378487793e-05,0.639435826951,51930,8204093,82040,81218,True,7
tomo_sample_2_051_rec,recon_00545.tiff,545,100,0.5,-0.000636283979111,0.000845756607887,-5.82230686466e-05,-5.84087990493e-05,-5.45914845134e-05,-4.98542650822e-05,7.64477793541e-05,0.360572655209,29271,0.00038273809372,0.00038272399295,0.000377841992304,0.000379223512984,8.06435805254e-05,0.639427344791,51947,8204093,82040,81218,True,7
tomo_sample_2_051_rec,recon_00546.tiff,546,100,0.5,-0.000591316619539,0.000845677620673,-5.68689868405e-05,-5.70005180871e-05,-5.34616228833e-05,-6.5218623331e-05,7.30048467283e-05,0.358520022857,29111,0.000381354723911,0.00038136698869,0.000376251904527,0.000378729788186,8.14711356098e-05,0.641479977143,52107,8204093,82040,81218,True,7
tomo_sample_2_051_rec,recon_00547.tiff,547,100,0.5,-0.000595115548058,0.000861974564905,-5.61068870146e-05,-5.61699048869e-05,-5.29949975316e-05,-6.16945229883e-05,7.22185603881e-05,0.35967637472,29215,0.000383083599682,0.000383142685585,0.000377160264179,0.000360181669142,8.23910408955e-05,0.64032362528,52003,8204093,82040,81218,True,7
tomo_sample_2_051_rec,recon_00548.tiff,548,100,0.5,-0.000608779622999,0.000846195586782,-5.77631687437e-05,-5.78717258446e-05,-5.38638341823e-05,-6.44532647565e-05,7.49728909146e-05,0.358328203663,29099,0.000382215228442,0.00038224460282,0.000376776792109,0.000383415004078,8.08603640061e-05,0.641671796337,52119,8204093,82040,81218,True,7
tomo_sample_2_051_rec,recon_00549.tiff,549,100,0.5,-0.000602951229375,0.000839778692753,-5.64008727133e-05,-5.65343729547e-05,-5.25341220055e-05,-5.72141050422e-05,7.43568999187e-05,0.360854267079,29300,0.000382500536074,0.000382509414962,0.000376690630219,0.000366388813573,8.07920572946e-05,0.639145732921,51918,8204093,82040,81218,True,7
tomo_sample_2_051_rec,recon_00550.tiff,550,100,0.5,-0.00060954755987,0.000826841116941,-5.79316713153e-05,-5.80367601382e-05,-5.3205398217e-05,-5.96942105825e-05,7.45479087465e-05,0.360591919204,29282,0.000381993911912,0.000382014582979,0.000376906697056,0.000375586941119,7.96629253522e-05,0.639408080796,51936,8204093,82040,81218,True,7
tomo_sample_2_051_rec,recon_00551.tiff,551,100,0.5,-0.000590573236987,0.000825843586645,-5.6779250121e-05,-5.68553084749e-05,-5.36641928193e-05,-7.4166948882e-05,7.22435003307e-05,0.362314892445,29426,0.000381861593631,0.000381900648874,0.000376631942345,0.000376093274854,8.05408346056e-05,0.637685107555,51792,8204093,82040,81218,True,7
tomo_sample_2_051_rec,recon_00552.tiff,552,100,0.5,-0.000575278452015,0.000839740229421,-5.62916127356e-05,-5.63537477686e-05,-5.33910533704e-05,-5.96783487646e-05,7.09990960534e-05,0.35943725112,29194,0.000382386196955,0.000382431397227,0.00037735242222,0.000363632329801,8.09379676412e-05,0.64056274888,52024,8204092,82040,81218,True,7
tomo_sample_2_051_rec,recon_00553.tiff,553,100,0.5,-0.000612472089706,0.000830618959444,-5.63072116164e-05,-5.63515096085e-05,-5.31096538907e-05,-5.42028513761e-05,7.32495529561e-05,0.365089244913,29656,0.000382676882219,0.000382737962161,0.000377610878786,0.000367498849556,8.01789240251e-05,0.634910755087,51562,8204093,82040,81218,True,7
tomo_sample_2_051_rec,recon_00554.tiff,554,100,0.5,-0.000640580486215,0.000830731895694,-5.74994631032e-05,-5.76117431388e-05,-5.34003957e-05,-5.31283150327e-05,7.60092239492e-05,0.360139467287,29246,0.000382206519299,0.000382237491159,0.00037675575004,0.00036084399856,8.07953631848e-05,0.639860532713,51972,8204093,82040,81218,True,7
tomo_sample_2_051_rec,recon_00555.tiff,555,100,0.5,-0.000598111714935,0.000828013882856,-5.64326274965e-05,-5.6555711475e-05,-5.25702980667e-05,-4.29675064034e-05,7.19581295419e-05,0.363410449372,29508,0.000382227842671,0.000382234712179,0.000376819254598,0.000362259027544,8.12007981601e-05,0.636589550628,51710,8204093,82040,81218,True,7
tomo_sample_2_051_rec,recon_00556.tiff,556,100,0.5,-0.00060807631904,0.000854787931021,-5.68769317314e-05,-5.69891158342e-05,-5.31058030901e-05,-4.44439680488e-05,7.42466482223e-05,0.363477776833,29516,0.000383139471365,0.000383161489667,0.000377544332878,0.00037525799547,8.16107024193e-05,0.636522223167,51702,8204093,82040,81218,True,7
tomo_sample_2_051_rec,recon_00557.tiff,557,100,0.5,-0.000613753673679,0.000859260845755,-5.73320536547e-05,-5.73916242838e-05,-5.32152407686e-05,-4.08723091585e-05,7.37209656027e-05,0.361910413385,29396,0.000382146239434,0.00038220004529,0.000376186537324,0.000366205504152,8.14335363181e-05,0.638089586615,51822,8204093,82040,81218,True,7
tomo_sample_2_051_rec,recon_00558.tiff,558,100,0.5,-0.000559745063947,0.000849405900226,-5.69592246447e-05,-5.70408270313e-05,-5.3696332543e-05,-4.77008830345e-05,7.01684642724e-05,0.359086321712,29162,0.000382145757842,0.00038217229959,0.000376366166165,0.000372114861599,8.17356020651e-05,0.640913678288,52056,8204093,82040,81218,True,7
tomo_sample_2_051_rec,recon_00559.tiff,559,100,0.5,-0.000602570457559,0.000861509074166,-5.69875066296e-05,-5.70934834179e-05,-5.32881967956e-05,-4.88094948897e-05,7.24282335281e-05,0.359028001744,29155,0.000382009241486,0.000382030338161,0.000375985051505,0.000359765242481,8.15040755565e-05,0.640971998256,52063,8204093,82040,81218,True,7
tomo_sample_2_051_rec,recon_00560.tiff,560,100,0.5,-0.000626497378107,0.000848079109855,-5.72535895467e-05,-5.73529382977e-05,-5.31572586624e-05,-5.64722218501e-05,7.52462319021e-05,0.362808519683,29465,0.000381862824343,0.000381905961444,0.000376395648345,0.000378754437443,8.15428828037e-05,0.637191480317,51753,8204093,82040,81218,True,7
tomo_sample_2_051_rec,recon_00561.tiff,561,100,0.5,-0.000610992507136,0.000870381308196,-5.73659111191e-05,-5.74229400392e-05,-5.34877835889e-05,-5.17821147097e-05,7.48956232224e-05,0.35952260886,29204,0.000381766345607,0.000381834607213,0.000376217154553,0.000380939634412,8.20265992499e-05,0.64047739114,52014,8204093,82040,81218,True,7
tomo_sample_2_051_rec,recon_00562.tiff,562,100,0.5,-0.000570052012336,0.000853449729038,-5.67059347002e-05,-5.67877319089e-05,-5.32707654202e-05,-5.5642566203e-05,7.09508231367e-05,0.357211403459,29010,0.000381564521513,0.000381593219255,0.000376231822884,0.000385152998394,8.17223184712e-05,0.642788596541,52208,8204093,82040,81218,True,7
tomo_sample_2_051_rec,recon_00563.tiff,563,100,0.5,-0.000589996347262,0.000863227125665,-5.67587900804e-05,-5.67837411682e-05,-5.35244653292e-05,-7.32728654248e-05,7.23395226507e-05,0.361151784322,29340,0.00038206666183,0.000382148226775,0.000376288197003,0.000375270391492,8.23100691818e-05,0.638848215678,51878,8204093,82040,81218,True,7
tomo_sample_2_051_rec,recon_00564.tiff,564,100,0.5,-0.000622390085482,0.000851069040364,-5.73440583938e-05,-5.7490077058e-05,-5.32169433427e-05,-4.05852900748e-05,7.51307964199e-05,0.361499517842,29351,0.000381950003862,0.000381954139183,0.000376391748432,0.000359624064297,8.15006320771e-05,0.638500482158,51867,8204092,82040,81218,True,7
tomo_sample_2_051_rec,recon_00565.tiff,565,100,0.5,-0.000655303557578,0.000841154918598,-5.81873525479e-05,-5.83500833696e-05,-5.34797982255e-05,-6.40496528576e-05,7.77414892761e-05,0.361436402413,29345,0.000381021141002,0.000381027329221,0.000375565054128,0.000378418830385,8.09126321733e-05,0.638563597587,51873,8204093,82040,81218,True,7
tomo_sample_2_051_rec,recon_00566.tiff,566,100,0.5,-0.000589381896716,0.000853387472162,-5.68532100632e-05,-5.69340642725e-05,-5.30617799086e-05,-4.74995956122e-05,7.2425826964e-05,0.360389384346,29269,0.000381606623754,0.000381642851899,0.000375798117602,0.000364397303125,8.14974471472e-05,0.639610615654,51949,8204093,82040,81218,True,7
tomo_sample_2_051_rec,recon_00567.tiff,567,100,0.5,-0.000626143705158,0.000859681511647,-5.74185998387e-05,-5.74853251811e-05,-5.3101370213e-05,-6.81097373603e-05,7.57135582813e-05,0.359370284155,29190,0.000381594851556,0.000381654768512,0.000375175586669,0.00036761560692,8.16003995249e-05,0.640629715845,52028,8204093,82040,81218,True,7
tomo_sample_2_051_rec,recon_00568.tiff,568,100,0.5,-0.000625482695468,0.000838414383761,-5.62356173828e-05,-5.63928956755e-05,-5.21657857462e-05,-4.98471292e-05,7.53306199925e-05,0.360940206575,29305,0.000380907643155,0.000380913553208,0.00037537587923,0.000369345016376,8.07944502063e-05,0.639059793425,51913,8204093,82040,81218,True,7
tomo_sample_2_051_rec,recon_00569.tiff,569,100,0.5,-0.000594730213925,0.000851679596526,-5.71846485064e-05,-5.72662527288e-05,-5.29018143425e-05,-4.81453031295e-05,7.46064293298e-05,0.357667189862,29049,0.000381218050218,0.000381263373295,0.000374886294594,0.000373517543055,8.15392867818e-05,0.642332810138,52169,8204093,82040,81218,True,7
tomo_sample_2_051_rec,recon_00570.tiff,570,100,0.5,-0.000651158679684,0.000877511541767,-5.62372906143e-05,-5.64204798835e-05,-5.15259016538e-05,-4.63652012026e-05,7.60390505766e-05,0.359729717149,29203,0.000381157892029,0.000381146982118,0.00037562783109,0.000365390298235,8.13200787488e-05,0.640270282851,52015,8204093,82040,81218,True,7
tomo_sample_2_051_rec,recon_00571.tiff,571,100,0.5,-0.000544080903346,0.000851153161784,-5.57835886185e-05,-5.58267486344e-05,-5.30358738615e-05,-5.653274779e-05,6.89189376071e-05,0.362430425461,29440,0.000380174026883,0.000380233304247,0.000374917290173,0.000385839240081,8.1458262824e-05,0.637569574539,51778,8204093,82040,81218,True,7
tomo_sample_2_051_rec,recon_00572.tiff,572,100,0.5,-0.000611125238356,0.000869372428569,-5.60213602717e-05,-5.61107572564e-05,-5.24453571416e-05,-5.88349221764e-05,7.42446747173e-05,0.35877313005,29139,0.000380425957397,0.000380477350142,0.000374397583073,0.000364568142521,8.25745282006e-05,0.64122686995,52079,8204093,82040,81218,True,7
tomo_sample_2_051_rec,recon_00573.tiff,573,100,0.5,-0.00062274723954,0.000830516001442,-5.59164313557e-05,-5.60617984248e-05,-5.21628171555e-05,-4.25864104019e-05,7.46233725808e-05,0.360284054591,29253,0.000379580777128,0.000379590952653,0.000374758470571,0.000375400389623,7.99788207285e-05,0.639715945409,51965,8204093,82040,81218,True,7
tomo_sample_2_051_rec,recon_00574.tiff,574,100,0.5,-0.000600650209235,0.000859943624528,-5.60435437836e-05,-5.61159515728e-05,-5.24546267116e-05,-5.22722454595e-05,7.36268380389e-05,0.361819767701,29389,0.000379975326505,0.000380039284568,0.000374631170416,0.000361259198583,8.19766101861e-05,0.638180232299,51829,8204093,82040,81218,True,7
tomo_sample_2_051_rec,recon_00575.tiff,575,100,0.5,-0.00058863692364,0.000844322536141,-5.6551207183e-05,-5.65964427591e-05,-5.35342496732e-05,-4.98905406576e-05,7.1763085858e-05,0.358991634174,29162,0.000379718169712,0.000379788913332,0.000374492243282,0.0003723703489,8.10125959919e-05,0.641008365826,52056,8204093,82040,81218,True,7
tomo_sample_2_051_rec,recon_00576.tiff,576,100,0.5,-0.000572465869191,0.000819079561334,-5.59837743264e-05,-5.60582357398e-05,-5.25620380358e-05,-6.35893296249e-05,7.07903679044e-05,0.361022713539,29321,0.000379129411279,0.00037916693033,0.000373871123884,0.000364810370655,8.03448616747e-05,0.638977286461,51897,8204093,82040,81218,True,7
tomo_sample_2_051_rec,recon_00577.tiff,577,100,0.5,-0.000561572802544,0.000847690592636,-5.62281078494e-05,-5.62687091046e-05,-5.31394580321e-05,-5.67653473809e-05,7.06654891938e-05,0.360103654867,29252,0.000379200602,0.000379266201547,0.000373926057364,0.000366631160633,8.10282283447e-05,0.639896345133,51966,8204093,82040,81218,True,7
tomo_sample_2_051_rec,recon_00578.tiff,578,100,0.5,-0.000604728757753,0.000857866326405,-5.60266091322e-05,-5.60807235422e-05,-5.27065967617e-05,-4.76512890408e-05,7.26090169142e-05,0.359037859777,29165,0.000379712397525,0.000379781752669,0.000374167633709,0.000379195724344,8.20436844939e-05,0.640962140223,52053,8204093,82040,81218,True,7
tomo_sample_2_051_rec,recon_00579.tiff,579,100,0.5,-0.000598704143777,0.000846291723719,-5.63726563772e-05,-5.64384999654e-05,-5.2871848311e-05,-6.02133389909e-05,7.33849131646e-05,0.357953400185,29075,0.000379330785115,0.000379390401052,0.000373152899556,0.000378696536289,8.14208456063e-05,0.642046599815,52143,8204093,82040,81218,True,6
tomo_sample_2_051_rec,recon_00580.tiff,580,100,0.5,-0.00063617153879,0.000841735278955,-5.64535983336e-05,-5.66221251338e-05,-5.23492126376e-05,-5.69318422898e-05,7.58446082786e-05,0.358962769566,29143,0.00037986967729,0.000379869828613,0.000374709779862,0.000383105055186,8.07374753499e-05,0.641037230434,52075,8204093,82040,81218,True,7
tomo_sample_2_051_rec,recon_00581.tiff,581,100,0.5,-0.000611704432522,0.000856282536406,-5.61990367218e-05,-5.62641931932e-05,-5.23372855241e-05,-4.89939774572e-05,7.37321465517e-05,0.359338218568,29188,0.000379872845858,0.000379936791968,0.000374270050088,0.000374793723555,8.19722860116e-05,0.640661781432,52030,8204093,82040,81218,True,7
tomo_sample_2_051_rec,recon_00582.tiff,582,100,0.5,-0.000573291009059,0.000852058778692,-5.68626860467e-05,-5.69336998037e-05,-5.37192026968e-05,-7.23232769263e-05,7.22543294626e-05,0.36104863926,29325,0.000378868672995,0.000378920152388,0.000373462651623,0.000350979864024,8.11936573366e-05,0.63895136074,51893,8204093,82040,81218,True,7
tomo_sample_2_051_rec,recon_00583.tiff,583,100,0.5,-0.000559344823123,0.000836985667993,-5.534532063e-05,-5.53878544755e-05,-5.32197191205e-05,-5.42079448932e-05,6.95983398095e-05,0.361038059564,29328,0.000379005276237,0.000379072934374,0.000373826507712,0.000375771756627,8.11990454433e-05,0.638961940436,51890,8204093,82040,81218,True,7
tomo_sample_2_051_rec,recon_00584.tiff,584,100,0.5,-0.000607263638813,0.000841598100669,-5.53334180188e-05,-5.54368253667e-05,-5.23455582879e-05,-5.83815621739e-05,7.31245780022e-05,0.361158465034,29330,0.000378592871495,0.000378629845792,0.000373775066691,0.000356859281825,8.05478839352e-05,0.638841534966,51888,8204093,82040,81218,True,6
tomo_sample_2_051_rec,recon_00585.tiff,585,100,0.5,-0.000584981020947,0.000850731382961,-5.5885309151e-05,-5.5911840376e-05,-5.28652180947e-05,-4.77382632898e-05,7.175198427e-05,0.360117908191,29256,0.00037912916381,0.000379210604789,0.000374070528778,0.000381995906052,8.12504684761e-05,0.639882091809,51962,8204093,82040,81218,True,7
tomo_sample_2_051_rec,recon_00586.tiff,586,100,0.5,-0.000590079237008,0.000828618939559,-5.60244577322e-05,-5.61213502775e-05,-5.31762707396e-05,-6.42972710551e-05,7.24937331084e-05,0.360097220969,29244,0.000378409769324,0.000378444426453,0.000373900445993,0.000374841055276,8.0025301279e-05,0.639902779031,51974,8204093,82040,81218,True,7
tomo_sample_2_051_rec,recon_00587.tiff,587,100,0.5,-0.000545303992694,0.000859864905069,-5.50545526249e-05,-5.50930149226e-05,-5.26096446265e-05,-4.78685341173e-05,6.96200738799e-05,0.360053050143,29248,0.000378789366618,0.00037885451705,0.000373870498152,0.000371072481498,8.08238999517e-05,0.639946949857,51970,8204093,82040,81218,True,7
tomo_sample_2_051_rec,recon_00588.tiff,588,100,0.5,-0.000573294277128,0.0008368534295,-5.65178542017e-05,-5.65654330042e-05,-5.3370187743e-05,-6.20676985561e-05,7.19090553864e-05,0.362274574035,29428,0.000378008872625,0.000378076043335,0.000373285482056,0.000369726769448,8.03081611708e-05,0.637725425965,51790,8204093,82040,81218,True,7
tomo_sample_2_051_rec,recon_00589.tiff,589,100,0.5,-0.000547595087846,0.000866867663572,-5.45922327245e-05,-5.46083892411e-05,-5.21693509654e-05,-5.60322385021e-05,7.01372476206e-05,0.361368799091,29360,0.000378970005067,0.000379065674721,0.000373955757823,0.000376887852852,8.20016578588e-05,0.638631200909,51858,8204093,82040,81218,True,7
tomo_sample_2_051_rec,recon_00590.tiff,590,100,0.5,-0.000590795064345,0.000838983927388,-5.54856787762e-05,-5.55775734257e-05,-5.25749310327e-05,-5.21856041438e-05,7.26984363583e-05,0.361491581919,29359,0.00037807815077,0.00037812496414,0.000373074261006,0.000360215076384,8.07733718913e-05,0.638508418081,51859,8204093,82040,81218,True,7
tomo_sample_2_051_rec,recon_00591.tiff,591,100,0.5,-0.000585142316413,0.000845042641158,-5.53618617206e-05,-5.53970055962e-05,-5.20711873833e-05,-3.45172934257e-05,7.25813343707e-05,0.365038331231,29655,0.000378572808276,0.000378654595816,0.000374061375624,0.000370185439423,8.0839859221e-05,0.634961668769,51563,8204093,82040,81218,True,7
tomo_sample_2_051_rec,recon_00592.tiff,592,100,0.5,-0.000598540822102,0.000829309084511,-5.50154079786e-05,-5.51778100193e-05,-5.10644240421e-05,-4.18086852771e-05,7.47332835527e-05,0.361050828994,29313,0.00037835594346,0.000378357267291,0.000373323069653,0.000357753832738,7.93613552994e-05,0.638949171006,51905,8204093,82040,81218,True,7
tomo_sample_2_051_rec,recon_00593.tiff,593,100,0.5,-0.000593919119856,0.000836839467229,-5.54789848739e-05,-5.56320139293e-05,-5.19918921782e-05,-4.30304914956e-05,7.37019885213e-05,0.364195745731,29570,0.000377965033587,0.000377975018073,0.000373098635464,0.000356227686291,8.0530511667e-05,0.635804254269,51648,8204093,82040,81218,True,7
tomo_sample_2_051_rec,recon_00594.tiff,594,100,0.5,-0.000583231965138,0.000837217723601,-5.49559175184e-05,-5.50656393636e-05,-5.19612676726e-05,-4.62744057563e-05,7.24454583356e-05,0.363079391569,29484,0.000378540319868,0.000378564457737,0.000373553833924,0.000377551471238,7.99219993841e-05,0.636920608431,51734,8204093,82040,81218,True,7
tomo_sample_2_051_rec,recon_00595.tiff,595,100,0.5,-0.000604710063199,0.000828041783534,-5.55081635921e-05,-5.56059586249e-05,-5.25536925124e-05,-4.92400608897e-05,7.27628833887e-05,0.362558132167,29445,0.000378733771141,0.000378778936478,0.000373486429453,0.000379612127243,8.08017356795e-05,0.637441867833,51773,8204093,82040,81218,True,7
tomo_sample_2_051_rec,recon_00596.tiff,596,100,0.5,-0.000632769436634,0.000842179588799,-5.58161652391e-05,-5.59259689161e-05,-5.19679706485e-05,-5.76800269195e-05,7.56428702994e-05,0.364094650861,29569,0.000378158962896,0.000378204689941,0.000372888433049,0.000364250588815,8.08968303455e-05,0.635905349139,51649,8204093,82040,81218,True,7
tomo_sample_2_051_rec,recon_00597.tiff,597,100,0.5,-0.000598992985615,0.000840999242791,-5.5117402301e-05,-5.51571608841e-05,-5.20188659721e-05,-6.6407217389e-05,7.31985954014e-05,0.361981976366,29407,0.000378072598674,0.000378158272199,0.000372802547645,0.000386938149296,8.11407330814e-05,0.638018023634,51811,8204093,82040,81218,True,7
tomo_sample_2_051_rec,recon_00598.tiff,598,100,0.5,-0.000617280374572,0.000859080487862,-5.60350475976e-05,-5.60623614589e-05,-5.2621233408e-05,-5.81779076354e-05,7.50659969893e-05,0.363360463869,29522,0.000378427332205,0.000378531929259,0.000372771872208,0.000365126246884,8.1969168705e-05,0.636639536131,51696,8204093,82040,81218,True,7
tomo_sample_2_051_rec,recon_00599.tiff,599,100,0.5,-0.000600244158413,0.000854815236235,-5.62618096017e-05,-5.63580175993e-05,-5.27675838384e-05,-5.49343381184e-05,7.4717194801e-05,0.364870398994,29634,0.000379455874623,0.000379510772027,0.000374105176888,0.000370345733566,8.20643105809e-05,0.635129601006,51584,8204093,82040,81218,True,7
tomo_sample_2_051_rec,recon_00600.tiff,600,100,0.5,-0.00060478819476,0.000855281279655,-5.5107635059e-05,-5.51967242274e-05,-5.14505554747e-05,-6.55465261555e-05,7.53100139397e-05,0.365781297366,29711,0.000378362780882,0.000378439203995,0.000372696347767,0.000367556045478,8.25835816338e-05,0.634218702634,51507,8204093,82040,81218,True,7
tomo_sample_2_051_rec,recon_00601.tiff,601,100,0.5,-0.000574809296522,0.000849750961061,-5.44316091748e-05,-5.45249925131e-05,-5.16295294801e-05,-5.54418255514e-05,7.27344385523e-05,0.367474807375,29846,0.000378552472952,0.000378610360054,0.000373467002646,0.000367652966687,8.20123702685e-05,0.632525192625,51372,8204093,82040,81218,True,7
tomo_sample_2_051_rec,recon_00602.tiff,602,100,0.5,-0.000614910059085,0.000869103099976,-5.53357110694e-05,-5.54767273354e-05,-5.19806671946e-05,-6.11365570121e-05,7.46682297092e-05,0.364302168775,29583,0.000378964366874,0.000379003999252,0.000373613525881,0.000376867012593,8.26915779e-05,0.635697831225,51635,8204093,82040,81218,True,6
tomo_sample_2_051_rec,recon_00603.tiff,603,100,0.5,-0.000642723437923,0.000857501813734,-5.55440496151e-05,-5.57017813751e-05,-5.19875939062e-05,-5.40257935365e-05,7.698129161e-05,0.365168365775,29652,0.000379205665803,0.000379243720738,0.000373833550839,0.000372395382314,8.27859944517e-05,0.634831634225,51566,8204093,82040,81218,True,7
tomo_sample_2_051_rec,recon_00604.tiff,604,100,0.5,-0.000621959500713,0.000842836700904,-5.57317862351e-05,-5.5934002729e-05,-5.16804557265e-05,-6.89982661477e-05,7.62481772325e-05,0.36525646861,29652,0.000378038684127,0.000378042245711,0.000372846814571,0.000367442199921,8.21925351978e-05,0.63474353139,51566,8204093,82040,81218,True,7
tomo_sample_2_051_rec,recon_00605.tiff,605,100,0.5,-0.000629959348589,0.00085334127536,-5.51404107577e-05,-5.52992668957e-05,-5.17151347594e-05,-4.22449201554e-05,7.57347198911e-05,0.365345671515,29665,0.000379290286479,0.00037931727528,0.000373872404452,0.000354327645077,8.24681125763e-05,0.634654328485,51553,8204093,82040,81218,True,7
tomo_sample_2_051_rec,recon_00606.tiff,606,100,0.5,-0.000624815602787,0.000848841809784,-5.61729982242e-05,-5.63377684047e-05,-5.20725407114e-05,-4.10108385802e-05,7.67968933117e-05,0.368286609745,29903,0.000379047043798,0.000379070953734,0.000373823393602,0.00037829812102,8.24621394522e-05,0.631713390255,51315,8204093,82040,81218,True,7
tomo_sample_2_051_rec,recon_00607.tiff,607,100,0.5,-0.000618119704304,0.000855999162304,-5.49611244888e-05,-5.50872373605e-05,-5.17152802786e-05,-4.5626602945e-05,7.53774265849e-05,0.363988583892,29560,0.000378851660144,0.00037890346208,0.000373166796635,0.000378751164885,8.28320212998e-05,0.636011416108,51658,8204093,82040,81218,True,7
tomo_sample_2_051_rec,recon_00608.tiff,608,100,0.5,-0.000594698624045,0.000849214831251,-5.66582559334e-05,-5.67384749096e-05,-5.29296667082e-05,-4.92944658971e-05,7.40805073679e-05,0.365142231199,29659,0.000378570406836,0.000378640848828,0.000372892507585,0.000361158643983,8.28312147077e-05,0.634857768801,51559,8204093,82040,81218,True,7
tomo_sample_2_051_rec,recon_00609.tiff,609,100,0.5,-0.000625046785572,0.000862670833594,-5.54576744648e-05,-5.55466392336e-05,-5.19434524904e-05,-5.75448844444e-05,7.66317120227e-05,0.366481387448,29768,0.000379599131198,0.000379676941956,0.000373880757252,0.000359879088232,8.28772017163e-05,0.633518612552,51450,8204093,82040,81218,True,7
tomo_sample_2_051_rec,recon_00610.tiff,610,100,0.5,-0.000642591312353,0.000864482512407,-5.56485649149e-05,-5.57778982137e-05,-5.10017653141e-05,-5.62994606099e-05,7.90320075159e-05,0.366518432556,29768,0.000378875737688,0.000378951462259,0.000372482929379,0.000371193316972,8.35759371807e-05,0.633481567444,51450,8204093,82040,81218,True,7
tomo_sample_2_051_rec,recon_00611.tiff,611,100,0.5,-0.000597600228502,0.000863488714094,-5.45039951641e-05,-5.46396509305e-05,-5.13490849698e-05,-6.13185826097e-05,7.47636185317e-05,0.367758645198,29865,0.000377900876009,0.000377949273225,0.000372597831301,0.000371531388552,8.2502998499e-05,0.632241354802,51353,8204093,82040,81218,True,7
tomo_sample_2_051_rec,recon_00612.tiff,612,100,0.5,-0.000589534518949,0.000855675087369,-5.45587252417e-05,-5.46437830986e-05,-5.16570944455e-05,-4.94449074994e-05,7.27393881805e-05,0.363634839582,29535,0.000378793779273,0.000378853334027,0.000373582617613,0.000373433867409,8.19174116227e-05,0.636365160418,51683,8204093,82040,81218,True,7
tomo_sample_2_051_rec,recon_00613.tiff,613,100,0.5,-0.000593677245779,0.000854401432443,-5.49950640419e-05,-5.51106389163e-05,-5.18839697179e-05,-6.27742855682e-05,7.39135324602e-05,0.365154489815,29655,0.000377946929795,0.000377995621328,0.000372390408302,0.00035915281531,8.27018270753e-05,0.634845510185,51563,8204093,82040,81218,True,7
tomo_sample_2_051_rec,recon_00614.tiff,614,100,0.5,-0.000600383941201,0.000871463626972,-5.49945915274e-05,-5.50717111816e-05,-5.1503382565e-05,-4.35221338622e-05,7.40156686186e-05,0.365621122522,29699,0.000378525291674,0.00037860327023,0.000373353599571,0.00036245006151,8.31875747305e-05,0.634378877478,51519,8204093,82040,81218,True,7
tomo_sample_2_051_rec,recon_00615.tiff,615,100,0.5,-0.000600157158333,0.000872528913897,-5.49390917912e-05,-5.49948709426e-05,-5.17226108059e-05,-5.23883744679e-05,7.40165082084e-05,0.365613883942,29701,0.000379320876414,0.000379408429417,0.000374112336431,0.000358536925885,8.25576588602e-05,0.634386116058,51517,8204093,82040,81218,True,7
tomo_sample_2_051_rec,recon_00616.tiff,616,100,0.5,-0.000592960073263,0.000854512912047,-5.43077547782e-05,-5.44318604908e-05,-5.07910881424e-05,-5.73144038356e-05,7.35435639817e-05,0.3655678724,29687,0.000378797435879,0.000378837907353,0.000373586750356,0.000372616726264,8.1792413836e-05,0.6344321276,51531,8204093,82040,81218,True,6
tomo_sample_2_051_rec,recon_00617.tiff,617,100,0.5,-0.000640077807475,0.000865233570221,-5.51206049799e-05,-5.53501821278e-05,-5.08810007886e-05,-4.13313002959e-05,7.74473595958e-05,0.367538078792,29834,0.00037917604916,0.000379168130618,0.000373802191461,0.000381178639567,8.25533525059e-05,0.632461921208,51384,8204093,82040,81218,True,7
tomo_sample_2_051_rec,recon_00618.tiff,618,100,0.5,-0.000625470803352,0.000851649663236,-5.43221463695e-05,-5.45207086735e-05,-5.11448597535e-05,-5.06002856048e-05,7.65196894423e-05,0.366152048334,29725,0.000379401505301,0.00037940547497,0.000373955350369,0.000373576529231,8.19282155327e-05,0.633847951666,51493,8204093,82040,81218,True,7
tomo_sample_2_051_rec,recon_00619.tiff,619,100,0.5,-0.00063220717333,0.000869751067657,-5.51489061804e-05,-5.53049505529e-05,-5.08429293404e-05,-4.51395034266e-05,7.71480086645e-05,0.367244926406,29821,0.000380327995918,0.000380368557973,0.000374723662389,0.000360834847024,8.34191800308e-05,0.632755073594,51397,8204093,82040,81218,True,6
tomo_sample_2_051_rec,recon_00620.tiff,620,100,0.5,-0.000619519518805,0.00085526148323,-5.40777740092e-05,-5.41561478562e-05,-5.14506173204e-05,-5.4723599194e-05,7.34210143478e-05,0.365587426356,29696,0.000378984173335,0.000379060617497,0.00037387930206,0.000370008707734,8.20148555676e-05,0.634412573644,51522,8204093,82040,81218,True,7
tomo_sample_2_051_rec,recon_00621.tiff,621,100,0.5,-0.00066481027141,0.000870546481165,-5.5951388839e-05,-5.61145450354e-05,-5.1198176152e-05,-7.05054911227e-05,7.97078074542e-05,0.369070435716,29970,0.00037925324467,0.000379304817081,0.00037307353341,0.000357409140192,8.29231606886e-05,0.630929564284,51248,8204093,82040,81218,True,7
tomo_sample_2_051_rec,recon_00622.tiff,622,100,0.5,-0.000630484296416,0.000868542330281,-5.53235526045e-05,-5.54362231309e-05,-5.118048648e-05,-4.17841468435e-05,7.65374246247e-05,0.367568186454,29854,0.000379526074564,0.000379598732412,0.000373475588276,0.000353418321631,8.38201963107e-05,0.632431813546,51364,8204093,82040,81218,True,7
tomo_sample_2_051_rec,recon_00623.tiff,623,100,0.5,-0.000656063979841,0.000882986414945,-5.52532087339e-05,-5.55674142288e-05,-5.07340264448e-05,-4.54684700469e-05,8.07918317724e-05,0.365331933593,29647,0.000380008729513,0.000379982333241,0.000374578608898,0.00036330939584,8.31617817812e-05,0.634668066407,51571,8204093,82040,81218,True,7
tomo_sample_2_051_rec,recon_00624.tiff,624,100,0.5,-0.000662636918132,0.000876151776756,-5.55032636761e-05,-5.57182467339e-05,-5.04030140291e-05,-4.07181487699e-05,8.01851148912e-05,0.365743925831,29693,0.000380037093153,0.000380059631529,0.00037434627302,0.000375816252751,8.31794753591e-05,0.634256074169,51525,8204093,82040,81218,True,7
tomo_sample_2_051_rec,recon_00625.tiff,625,100,0.5,-0.000614138305245,0.000896391017304,-5.50365225491e-05,-5.51381592118e-05,-5.05569660163e-05,-3.96045017754e-05,7.58800950315e-05,0.365912227194,29721,0.000379395247132,0.000379473652311,0.000373918359401,0.000383066638094,8.42288565822e-05,0.634087772806,51497,8204093,82040,81218,True,7
tomo_sample_2_051_rec,recon_00626.tiff,626,100,0.5,-0.000657325267093,0.000884887004795,-5.53121018242e-05,-5.54549803482e-05,-5.11888101755e-05,-5.78395464565e-05,7.94766631093e-05,0.367030469499,29808,0.000379357451234,0.00037942777452,0.000373992545065,0.000378418484567,8.35556836048e-05,0.632969530501,51410,8204093,82040,81218,True,7
tomo_sample_2_051_rec,recon_00627.tiff,627,100,0.5,-0.000664627315127,0.000865132359904,-5.4775811852e-05,-5.49235751939e-05,-5.08355569764e-05,-4.57821327082e-05,7.79666823352e-05,0.370726158424,30106,0.000379983953913,0.000380040051958,0.000374316281523,0.000356453241878,8.30496152158e-05,0.629273841576,51112,8204093,82040,81218,True,7
tomo_sample_2_051_rec,recon_00628.tiff,628,100,0.5,-0.000612391673494,0.000886967694969,-5.44195191434e-05,-5.44869013207e-05,-5.02851744386e-05,-3.32350106484e-05,7.54551631186e-05,0.368316007657,29922,0.000380281401056,0.000380389437688,0.000374429728254,0.000377757300888,8.49735455424e-05,0.631683992343,51296,8204093,82040,81218,True,7
tomo_sample_2_051_rec,recon_00629.tiff,629,100,0.5,-0.00064872533927,0.000879425908206,-5.44931031399e-05,-5.46636158185e-05,-5.07926633873e-05,-5.77593034967e-05,7.73435445775e-05,0.366579857753,29766,0.000380327654241,0.000380368131934,0.000374689290766,0.000392255703462,8.37861477794e-05,0.633420142247,51452,8204093,82040,81218,True,7
tomo_sample_2_051_rec,recon_00630.tiff,630,100,0.5,-0.000641845579958,0.00087887837959,-5.50224254569e-05,-5.51285342817e-05,-5.0672710131e-05,-5.4715191493e-05,7.81424677778e-05,0.367817958321,29876,0.000380732967352,0.000380816448779,0.000374761293642,0.000365449505658,8.42534345355e-05,0.632182041679,51342,8204093,82040,81218,True,7
tomo_sample_2_051_rec,recon_00631.tiff,631,100,0.5,-0.000596921924152,0.000881446918356,-5.49159226896e-05,-5.49740716093e-05,-5.16814579896e-05,-5.34435177739e-05,7.44219766874e-05,0.369336016835,30004,0.000379588196834,0.000379683920831,0.000373923350708,0.000372240971932,8.34353278485e-05,0.630663983165,51214,8204093,82040,81218,True,7
tomo_sample_2_051_rec,recon_00632.tiff,632,100,0.5,-0.0006437557342,0.000887365632807,-5.51147339439e-05,-5.52500099459e-05,-5.07425174874e-05,-3.50070160493e-05,7.72619500659e-05,0.366128345006,29735,0.000380023411903,0.000380091299891,0.000374271330656,0.000353841923725,8.38419846575e-05,0.633871654994,51483,8204093,82040,81218,True,7
tomo_sample_2_051_rec,recon_00633.tiff,633,100,0.5,-0.000631296680658,0.000871032980504,-5.5553071605e-05,-5.57082520436e-05,-5.18885099154e-05,-5.36914107618e-05,7.85232960427e-05,0.364284816926,29583,0.000380764831404,0.000380824296058,0.000375011208234,0.000370493245174,8.38445281842e-05,0.635715183074,51635,8204093,82040,81218,True,7
tomo_sample_2_051_rec,recon_00634.tiff,634,100,0.5,-0.00067135883437,0.000870149624243,-5.51474675397e-05,-5.52829706107e-05,-5.10146419401e-05,-6.13081865105e-05,7.91589200111e-05,0.367292097313,29829,0.000380568483169,0.000380632472047,0.000374894530978,0.000379628662758,8.33514057026e-05,0.632707902687,51389,8204093,82040,81218,True,7
tomo_sample_2_051_rec,recon_00635.tiff,635,100,0.5,-0.000716922834981,0.000900169379893,-5.61863101471e-05,-5.64091584174e-05,-5.12341975991e-05,-4.39150488205e-05,8.22569998611e-05,0.371566053806,30167,0.000381523319968,0.000381561962596,0.000375244562747,0.000360912213537,8.44892224434e-05,0.628433946194,51051,8204093,82040,81218,True,7
tomo_sample_2_051_rec,recon_00636.tiff,636,100,0.5,-0.000645505551074,0.000880931970605,-5.46480799668e-05,-5.47852254305e-05,-5.10105855938e-05,-5.53830219439e-05,7.6955555597e-05,0.369165378446,29980,0.000380609003278,0.000380664837226,0.000375176867237,0.000367538544757,8.3514852062e-05,0.630834621554,51238,8204093,82040,81218,True,7
tomo_sample_2_051_rec,recon_00637.tiff,637,100,0.5,-0.000637197278265,0.000891677541367,-5.50382322969e-05,-5.51383026179e-05,-5.08435477968e-05,-4.46440219279e-05,7.78079549941e-05,0.366649611775,29781,0.000381537523117,0.000381616271958,0.000375571864424,0.000376656726163,8.38026821561e-05,0.633350388225,51437,8204093,82040,81218,True,7
tomo_sample_2_051_rec,recon_00638.tiff,638,100,0.5,-0.000654412543518,0.00088438712206,-5.44481767899e-05,-5.45023842785e-05,-5.06168289576e-05,-5.26847840779e-05,7.74656058706e-05,0.367698095357,29873,0.000382364350481,0.000382474974484,0.000376746465918,0.000365020794625,8.37402640257e-05,0.632301904643,51345,8204093,82040,81218,True,7
tomo_sample_2_051_rec,recon_00639.tiff,639,100,0.5,-0.000621270089177,0.000887487526052,-5.42864949696e-05,-5.4358757781e-05,-5.1534971135e-05,-5.27637050399e-05,7.27570691152e-05,0.368050750678,29897,0.000381882726633,0.000381964378007,0.000375984091079,0.000353366110252,8.50127519933e-05,0.631949249322,51321,8204092,82040,81218,True,7
tomo_sample_2_051_rec,recon_00640.tiff,640,100,0.5,-0.000629615350335,0.00088457590231,-5.45245284528e-05,-5.46218181518e-05,-5.01497615915e-05,-5.57098850897e-05,7.67083921435e-05,0.370103129581,30062,0.000381764153042,0.000381846604603,0.000375753428671,0.000355890505639,8.43560045772e-05,0.629896870419,51156,8204093,82040,81218,True,7
tomo_sample_2_051_rec,recon_00641.tiff,641,100,0.5,-0.00066153195512,0.000885955750709,-5.5594354451e-05,-5.5735490345e-05,-5.15148603881e-05,-7.03365366545e-05,7.84595690581e-05,0.368275427164,29907,0.000381335720227,0.00038138738128,0.000375350849936,0.000377135619885,8.37815547783e-05,0.631724572836,51311,8204093,82040,81218,True,7
tomo_sample_2_051_rec,recon_00642.tiff,642,100,0.5,-0.000685977048124,0.000889586758567,-5.52053811015e-05,-5.53888351955e-05,-5.05953394168e-05,-4.01992428585e-05,7.99670404556e-05,0.371293740728,30147,0.000382418954222,0.000382452396429,0.000375756644644,0.000357660202742,8.46091234531e-05,0.628706259272,51071,8204093,82040,81218,True,6
tomo_sample_2_051_rec,recon_00643.tiff,643,100,0.5,-0.000617341596808,0.000878911569016,-5.4171405358e-05,-5.42374981817e-05,-5.04905128764e-05,-4.10569278418e-05,7.42768775837e-05,0.368630692046,29944,0.000381679931493,0.000381757227519,0.000375591684133,0.000379673568347,8.30118418666e-05,0.631369307954,51274,8204093,82040,81218,True,7
tomo_sample_2_051_rec,recon_00644.tiff,644,100,0.5,-0.000685872656468,0.000877658731188,-5.51548364555e-05,-5.52670432748e-05,-5.1461156545e-05,-5.27189432258e-05,7.87824414316e-05,0.37053841123,30096,0.000382301660954,0.000382381506371,0.000376501775463,0.00035723242618,8.33884566394e-05,0.62946158877,51122,8204093,82040,81218,True,7
tomo_sample_2_051_rec,recon_00645.tiff,645,100,0.5,-0.000665998380864,0.000873252980819,-5.44726966915e-05,-5.46853056909e-05,-5.0499334975e-05,-5.01786833156e-05,7.74211238738e-05,0.369802285019,30020,0.000381234970288,0.000381235367286,0.00037526608503,0.000365695136114,8.25154755865e-05,0.630197714981,51198,8204093,82040,81218,True,7
tomo_sample_2_051_rec,recon_00646.tiff,646,100,0.5,-0.000638007082744,0.000862803621276,-5.50842378192e-05,-5.52176073422e-05,-5.10707177455e-05,-5.68960593033e-05,7.61335316564e-05,0.37055950617,30091,0.000381333015262,0.000381367960275,0.000375407835236,0.00035490560782,8.22714044094e-05,0.62944049383,51127,8204093,82040,81218,True,7
tomo_sample_2_051_rec,recon_00647.tiff,647,100,0.5,-0.000691484672134,0.000866144013125,-5.59763425327e-05,-5.61694442734e-05,-5.12450442329e-05,-6.49264802135e-05,7.90528938297e-05,0.369209785294,29974,0.00038210128919,0.000382107546955,0.000376504933229,0.000364460122547,8.19636916544e-05,0.630790214706,51244,8204093,82040,81218,True,6
tomo_sample_2_051_rec,recon_00648.tiff,648,100,0.5,-0.000636638792057,0.000855887253419,-5.56631874467e-05,-5.57513430607e-05,-5.20795620105e-05,-5.42223977289e-05,7.55571299113e-05,0.369318777374,29995,0.000381709300872,0.000381758084006,0.000376032869099,0.000356071995472,8.08664974744e-05,0.630681222626,51223,8204093,82040,81218,True,7
tomo_sample_2_051_rec,recon_00649.tiff,649,100,0.5,-0.000647082697833,0.000876132998965,-5.54905954473e-05,-5.56328723939e-05,-5.1949704357e-05,-4.6203660875e-05,7.59341081326e-05,0.371123176755,30134,0.000382142404119,0.000382158806044,0.000376633543056,0.000378485599245,8.16866324096e-05,0.628876823245,51084,8204093,82040,81218,True,7
tomo_sample_2_051_rec,recon_00650.tiff,650,100,0.5,-0.000635995165212,0.00087630591559,-5.46162666306e-05,-5.46481180785e-05,-5.09241181135e-05,-4.82180828956e-05,7.4413382417e-05,0.36836363228,29925,0.000382388546568,0.0003824688337,0.000376111536752,0.000352752512495,8.25315009481e-05,0.63163636772,51293,8204091,82040,81218,True,7
tomo_sample_2_051_rec,recon_00651.tiff,651,100,0.5,-0.000658946514304,0.000911324451445,-5.61621066421e-05,-5.63044952421e-05,-5.19278291904e-05,-4.62623332671e-05,7.64796052125e-05,0.370511681922,30085,0.000382465887603,0.000382487749017,0.000376839132514,0.000365201315858,8.25747220422e-05,0.629488318078,51133,8204092,82040,81218,True,7
tomo_sample_2_051_rec,recon_00652.tiff,652,100,0.5,-0.000628285948478,0.000867578749603,-5.50029308568e-05,-5.50744968227e-05,-5.19679670106e-05,-6.05287848933e-05,7.39851647878e-05,0.370348014886,30081,0.000381724475208,0.000381784293994,0.000376590323867,0.000374667471366,8.09306638934e-05,0.629651985114,51137,8204093,82040,81218,True,7
tomo_sample_2_051_rec,recon_00653.tiff,653,100,0.5,-0.00066565176443,0.000905128291633,-5.62343674938e-05,-5.6332509882e-05,-5.19235036336e-05,-5.90218331346e-05,7.71530514833e-05,0.368874453431,29959,0.000382550836089,0.000382606096395,0.000376584765036,0.000381723830936,8.20778775615e-05,0.631125546569,51259,8204093,82040,81218,True,7
tomo_sample_2_051_rec,recon_00654.tiff,654,100,0.5,-0.000657335549477,0.000890034360636,-5.67339142607e-05,-5.68035330759e-05,-5.29091339558e-05,-5.38315076028e-05,7.73388011854e-05,0.370070306788,30059,0.000381813182712,0.000381876631437,0.000376321462682,0.000386714028286,8.08447524158e-05,0.629929693212,51159,8204093,82040,81218,True,7
tomo_sample_2_051_rec,recon_00655.tiff,655,100,0.5,-0.00065700316045,0.000895489841641,-5.62653594549e-05,-5.64384703685e-05,-5.22577611264e-05,-5.95096633359e-05,7.65614957795e-05,0.367879007919,29866,0.000382444693902,0.000382439461889,0.00037629941653,0.000363444437128,8.18940474377e-05,0.632120992081,51352,8204093,82040,81218,True,7
tomo_sample_2_051_rec,recon_00656.tiff,656,100,0.5,-0.000661499407142,0.000890030848095,-5.55152944872e-05,-5.56791352466e-05,-5.17084299645e-05,-4.67553561805e-05,7.81313264845e-05,0.37011348193,30050,0.00038239653558,0.000382408227615,0.000376482799766,0.000367217681389,8.05883623212e-05,0.62988651807,51168,8204092,82040,81218,True,7
tomo_sample_2_051_rec,recon_00657.tiff,657,100,0.5,-0.00067968823394,0.000874601366231,-5.57367983762e-05,-5.59327019718e-05,-5.18003835168e-05,-4.09101411233e-05,7.76443710935e-05,0.369204631237,29971,0.000382267619769,0.000382253459293,0.000376728683477,0.000367403723125,8.04504554322e-05,0.630795368763,51247,8204093,82040,81218,True,7
tomo_sample_2_051_rec,recon_00658.tiff,658,100,0.5,-0.000638058030454,0.000920956702612,-5.59482398046e-05,-5.60584052654e-05,-5.16594518558e-05,-5.50732736147e-05,7.69218730189e-05,0.368519382307,29927,0.000382900852055,0.000382935978658,0.000377089803806,0.000383806237885,8.16842287141e-05,0.631480617693,51291,8204093,82040,81218,True,7
tomo_sample_2_051_rec,recon_00659.tiff,659,100,0.5,-0.000662394409301,0.000876995755825,-5.48975237465e-05,-5.49590864165e-05,-5.10091231263e-05,-6.06315022708e-05,7.74302121851e-05,0.36857476481,29939,0.000382961933739,0.000383032840943,0.000376894982764,0.000379330415541,8.03349445949e-05,0.63142523519,51279,8204093,82040,81218,True,7
tomo_sample_2_051_rec,recon_00660.tiff,660,100,0.5,-0.000657681248267,0.000872468460293,-5.58373895336e-05,-5.59373417427e-05,-5.19604291185e-05,-4.8510391069e-05,7.57258972986e-05,0.369709073564,30023,0.000382651594842,0.000382675680802,0.000376834039344,0.000376162597063,7.93813376193e-05,0.630290926436,51195,8204092,82040,81218,True,6
tomo_sample_2_051_rec,recon_00661.tiff,661,100,0.5,-0.000620270655781,0.000863404608099,-5.49215163557e-05,-5.50077405458e-05,-5.13059567311e-05,-3.8036422399e-05,7.44241994231e-05,0.369560399183,30013,0.000383555319384,0.00038358910449,0.000377751217457,0.000361145729054,7.9577081037e-05,0.630439600817,51205,8204093,82040,81218,True,7
tomo_sample_2_051_rec,recon_00662.tiff,662,100,0.5,-0.000623141123215,0.000860464915459,-5.46600378826e-05,-5.47325743018e-05,-5.11757207278e-05,-4.6739950469e-05,7.41440972329e-05,0.369069629074,29975,0.000382831352453,0.000382872953917,0.000377679069061,0.000380100584259,7.92919200523e-05,0.630930370926,51243,8204093,82040,81218,True,7
tomo_sample_2_051_rec,recon_00663.tiff,663,100,0.5,-0.000637132874399,0.000871788688819,-5.56538754935e-05,-5.57667128503e-05,-5.1763796364e-05,-5.43838154776e-05,7.44455056847e-05,0.370943569876,30121,0.000383235048778,0.000383247496289,0.000377369986381,0.000380869790675,7.90945472393e-05,0.629056430124,51097,8204093,82040,81218,True,7
tomo_sample_2_051_rec,recon_00664.tiff,664,100,0.5,-0.000599473924667,0.000899941545213,-5.53059157904e-05,-5.53411426859e-05,-5.17231455888e-05,-5.43891304458e-05,7.16572865308e-05,0.369576248566,30021,0.000383724608148,0.000383786050868,0.000377328105969,0.000364099238034,8.14623429056e-05,0.630423751434,51197,8204093,82040,81218,True,7
tomo_sample_2_051_rec,recon_00665.tiff,665,100,0.5,-0.000625682292157,0.000864276184002,-5.56810232865e-05,-5.56903572385e-05,-5.29434146301e-05,-5.41897011438e-05,7.21537044911e-05,0.370110740006,30067,0.000383127965339,0.000383196470331,0.00037748971954,0.000370559797123,7.83225021155e-05,0.629889259994,51151,8204093,82040,81218,True,6
tomo_sample_2_051_rec,recon_00666.tiff,666,100,0.5,-0.000608706503699,0.000871293862874,-5.58206705562e-05,-5.58590215337e-05,-5.25934683537e-05,-4.57325260648e-05,7.13330056238e-05,0.368529065508,29934,0.000382781186855,0.000382827573093,0.000377745789592,0.00037424259612,7.88577411685e-05,0.631470934492,51284,8204093,82040,81218,True,7
tomo_sample_2_051_rec,recon_00667.tiff,667,100,0.5,-0.000621202925686,0.000861218313512,-5.49942388431e-05,-5.50192154276e-05,-5.11572252435e-05,-4.96130951678e-05,7.18526945437e-05,0.368045901879,29896,0.00038313823542,0.000383187341739,0.000377758668037,0.000390429437598,7.78345241941e-05,0.631954098121,51322,8204092,82040,81218,True,6
tomo_sample_2_051_rec,recon_00668.tiff,668,100,0.5,-0.0005901737776,0.000867622026417,-5.48936240187e-05,-5.49173896337e-05,-5.12789720233e-05,-5.00156991912e-05,6.82974090428e-05,0.36524614163,29668,0.000383099226363,0.00038314212216,0.000377437245334,0.000369434609138,7.82953852356e-05,0.63475385837,51550,8204093,82040,81218,True,6
tomo_sample_2_051_rec,recon_00669.tiff,669,100,0.5,-0.00060247882182,0.000855438623403,-5.53257228884e-05,-5.53864737449e-05,-5.21752845088e-05,-5.92261004119e-05,6.97796633814e-05,0.367405629074,29838,0.000382442097027,0.000382460759338,0.000377090720576,0.000383891900496,7.73220898672e-05,0.632594370926,51380,8204093,82040,81218,True,6
tomo_sample_2_051_rec,recon_00670.tiff,670,100,0.5,-0.000591415895033,0.000875870055461,-5.55728360563e-05,-5.56248273877e-05,-5.21222627867e-05,-6.72173109691e-05,6.92888164264e-05,0.368888679621,29960,0.000383622840145,0.000383649794744,0.000377945470973,0.000367746536719,7.87614357932e-05,0.631111320379,51258,8204093,82040,81218,True,6
tomo_sample_2_051_rec,recon_00671.tiff,671,100,0.5,-0.000632902348589,0.000877254433581,-5.54374789369e-05,-5.55182998764e-05,-5.13249378855e-05,-4.94985294583e-05,7.33756043495e-05,0.368928831115,29960,0.000384130759097,0.000384146596273,0.000378086100682,0.000372366409476,7.87031659632e-05,0.631071168885,51258,8204093,82040,81218,True,6
tomo_sample_2_051_rec,recon_00672.tiff,672,100,0.5,-0.000625321111293,0.00087010688032,-5.58144837246e-05,-5.59133069588e-05,-5.21944421052e-05,-4.87370108586e-05,7.15492130224e-05,0.36915736398,29975,0.000384325814467,0.000384321583382,0.000378293450922,0.000373147138785,7.85802307956e-05,0.63084263602,51243,8204093,82040,81218,True,6
tomo_sample_2_051_rec,recon_00673.tiff,673,100,0.5,-0.000598331883375,0.000877135861374,-5.57028426809e-05,-5.57168584378e-05,-5.23304297531e-05,-5.90041290902e-05,7.04594393522e-05,0.366874219852,29802,0.000384118448071,0.00038417113587,0.000378241558792,0.000365848648324,7.82420140296e-05,0.633125780148,51416,8204093,82040,81218,True,6
tomo_sample_2_051_rec,recon_00674.tiff,674,100,0.5,-0.000609377788787,0.000873215608881,-5.63415413318e-05,-5.64386074485e-05,-5.26468720636e-05,-5.770347146e-05,7.13770429501e-05,0.367308590226,29825,0.000383983039334,0.000383978803482,0.00037825939944,0.000382943885395,7.75536647093e-05,0.632691409774,51393,8204093,82040,81218,True,6
tomo_sample_2_051_rec,recon_00675.tiff,675,100,0.5,-0.000635895029409,0.000877939555503,-5.61316650676e-05,-5.62245366326e-05,-5.20568828506e-05,-5.40244135682e-05,7.33360958092e-05,0.366698674378,29777,0.000383839901738,0.000383846338281,0.000378112192266,0.000377976970701,7.77137319572e-05,0.633301325622,51441,8204093,82040,81218,True,6
tomo_sample_2_051_rec,recon_00676.tiff,676,100,0.5,-0.00060343868332,0.000870817964606,-5.53567884641e-05,-5.53566389185e-05,-5.24650786247e-05,-6.67104809829e-05,6.92122998857e-05,0.364582931556,29617,0.000383963409627,0.000384016990185,0.000378230382921,0.000375636159612,7.79064913811e-05,0.635417068444,51601,8204093,82040,81218,True,6
tomo_sample_2_051_rec,recon_00677.tiff,677,100,0.5,-0.000606900708226,0.000888080010482,-5.45852379772e-05,-5.46337626124e-05,-5.11677353643e-05,-3.97436792018e-05,6.93700523311e-05,0.367859383467,29877,0.000384570802055,0.000384600721725,0.000378593278583,0.000381401826064,7.90068585207e-05,0.632140616533,51341,8204093,82040,81218,True,7
tomo_sample_2_051_rec,recon_00678.tiff,678,100,0.5,-0.000588909129729,0.000892227001896,-5.56701655913e-05,-5.57144777878e-05,-5.22492809978e-05,-5.79786290401e-05,6.93866375167e-05,0.365273812516,29667,0.00038472715453,0.000384754291614,0.000378744589398,0.000365945914767,7.89431346306e-05,0.634726187484,51551,8204093,82040,81218,True,6
tomo_sample_2_051_rec,recon_00679.tiff,679,100,0.5,-0.000626690152276,0.000884009692236,-5.61704762751e-05,-5.62539767453e-05,-5.23035432707e-05,-5.16070151521e-05,7.19011543294e-05,0.369339627885,29992,0.000384560456613,0.000384566103699,0.000378521435778,0.000382275944617,7.78142613653e-05,0.630660372115,51226,8204093,82040,81218,True,6
tomo_sample_2_051_rec,recon_00680.tiff,680,100,0.5,-0.000610408513458,0.000875186125631,-5.62597873458e-05,-5.63170154449e-05,-5.28230921191e-05,-4.73942887696e-05,6.99822069798e-05,0.366751707211,29785,0.000384414327207,0.000384431701844,0.000378010649001,0.000371633872739,7.85491646542e-05,0.633248292789,51433,8204093,82040,81218,True,6
tomo_sample_2_051_rec,recon_00681.tiff,681,100,0.5,-0.000607274655194,0.000865510941658,-5.62839700956e-05,-5.63467418017e-05,-5.30822617293e-05,-5.06563035891e-05,6.93630326022e-05,0.367701772782,29861,0.000384939131278,0.000384949833178,0.000379221251933,0.000376523131195,7.79616352503e-05,0.632298227218,51357,8204093,82040,81218,True,6
tomo_sample_2_051_rec,recon_00682.tiff,682,100,0.5,-0.000598935473827,0.000876110741228,-5.61370991565e-05,-5.61574337453e-05,-5.26286967215e-05,-5.17485004903e-05,6.9680853876e-05,0.367283485717,29833,0.000384587686667,0.000384624964694,0.000378358789021,0.000361810100623,7.73929007465e-05,0.632716514283,51385,8204093,82040,81218,True,6
tomo_sample_2_051_rec,recon_00683.tiff,683,100,0.5,-0.000665182562952,0.000884137779358,-5.70178506195e-05,-5.71663033627e-05,-5.23915186932e-05,-5.20049202405e-05,7.4101429963e-05,0.366853116419,29781,0.000384230502038,0.000384195699827,0.000378088356229,0.000372886841863,7.76839158994e-05,0.633146883581,51437,8204093,82040,81218,True,6
tomo_sample_2_051_rec,recon_00684.tiff,684,100,0.5,-0.000619767842873,0.000870390913333,-5.6530008059e-05,-5.65723738203e-05,-5.31748592039e-05,-4.37519457502e-05,7.0069967237e-05,0.367515435429,29849,0.000384983103642,0.000385008850204,0.000379107077606,0.00038090892305,7.77146063582e-05,0.632484564571,51369,8204093,82040,81218,True,6
tomo_sample_2_051_rec,recon_00685.tiff,685,100,0.5,-0.000612384197593,0.000887451814197,-5.55642074487e-05,-5.56253358519e-05,-5.23376693309e-05,-5.32889958188e-05,7.01605144068e-05,0.366496579907,29764,0.000385049537046,0.000385066749805,0.000379488585168,0.000369483018553,7.78606270011e-05,0.633503420093,51454,8204093,82040,81218,True,6
tomo_sample_2_051_rec,recon_00686.tiff,686,100,0.5,-0.000620798340824,0.000885881828726,-5.65122517359e-05,-5.65320082299e-05,-5.26089788764e-05,-4.81742467683e-05,7.15130686568e-05,0.363591136232,29534,0.000385708517404,0.000385752792082,0.000379664197681,0.000382586840374,7.84771196863e-05,0.636408863768,51684,8204093,82040,81218,True,6
tomo_sample_2_051_rec,recon_00687.tiff,687,100,0.5,-0.00064410144143,0.000876719689404,-5.68710125467e-05,-5.6930752272e-05,-5.35117487743e-05,-5.49678861976e-05,7.31204093117e-05,0.365724135532,29702,0.000385112419525,0.000385134998862,0.000379082484869,0.000382810782795,7.79492816497e-05,0.634275864468,51516,8204093,82040,81218,True,6
tomo_sample_2_051_rec,recon_00688.tiff,688,100,0.5,-0.000656867850048,0.000895033223496,-5.65004744011e-05,-5.6578585278e-05,-5.24147544638e-05,-5.62372577672e-05,7.3054312345e-05,0.365899340828,29713,0.000385393481044,0.000385398967898,0.000379325938411,0.000370420689798,7.78365095135e-05,0.634100659172,51505,8204093,82040,81218,True,6
tomo_sample_2_051_rec,recon_00689.tiff,689,100,0.5,-0.000630426210118,0.000880769765354,-5.64637227536e-05,-5.65216058973e-05,-5.27251540916e-05,-4.71682049316e-05,7.17076850185e-05,0.366528303025,29767,0.000385341923547,0.000385360850897,0.000378833763534,0.000384147648283,7.83603734762e-05,0.633471696975,51451,8204093,82040,81218,True,6
tomo_sample_2_051_rec,recon_00690.tiff,690,100,0.5,-0.00062494284095,0.000888897200348,-5.74516881862e-05,-5.7507516473e-05,-5.36469451617e-05,-5.25676796538e-05,7.09007591596e-05,0.366281365359,29747,0.000385207669425,0.000385225830971,0.000379194854759,0.000383057289402,7.7580571086e-05,0.633718634641,51471,8204093,82040,81218,True,6
tomo_sample_2_051_rec,recon_00691.tiff,691,100,0.5,-0.000593538905377,0.000876606549718,-5.54742630498e-05,-5.550734389e-05,-5.26472213096e-05,-4.5003523168e-05,6.796097995e-05,0.365431785457,29681,0.000384761270435,0.000384791950189,0.000378341326723,0.000364094546642,7.78118526379e-05,0.634568214543,51537,8204093,82040,81218,True,6
tomo_sample_2_051_rec,recon_00692.tiff,692,100,0.5,-0.000630841384409,0.000895790222276,-5.71856546641e-05,-5.71958798611e-05,-5.31620025868e-05,-6.68577485573e-05,7.14186856412e-05,0.368702317414,29951,0.000385373726234,0.0003854292086,0.000378484750399,0.000366910796277,7.93468328575e-05,0.631297682586,51267,8204093,82040,81218,True,6
tomo_sample_2_051_rec,recon_00693.tiff,693,100,0.5,-0.000582458819845,0.000903105572506,-5.53996424325e-05,-5.54643209291e-05,-5.24400056747e-05,-6.31248877091e-05,6.81136893267e-05,0.363725804681,29538,0.000385011033346,0.000385021732835,0.000378661890863,0.000374371112779,7.91533689219e-05,0.636274195319,51680,8204093,82040,81218,True,6
tomo_sample_2_051_rec,recon_00694.tiff,694,100,0.5,-0.000603501967562,0.000904295543151,-5.60158493534e-05,-5.60263447156e-05,-5.28940327058e-05,-6.99570205057e-05,6.76908392207e-05,0.363582520396,29534,0.00038525219646,0.000385297082373,0.000378200085834,0.000359664183545,7.93888203538e-05,0.636417479604,51684,8204093,82040,81218,True,6
tomo_sample_2_051_rec,recon_00695.tiff,695,100,0.5,-0.000610361576837,0.000888598781312,-5.65955984032e-05,-5.66193870664e-05,-5.40762466699e-05,-5.84100700443e-05,6.78740441634e-05,0.365176018052,29662,0.000385345738084,0.000385386290818,0.000378764656489,0.00036881270134,7.94644780058e-05,0.634823981948,51556,8204093,82040,81218,True,6
tomo_sample_2_051_rec,recon_00696.tiff,696,100,0.5,-0.000614464516402,0.000904505351209,-5.75645931044e-05,-5.76094416866e-05,-5.433457045e-05,-6.48699395812e-05,6.93719992356e-05,0.362877037887,29473,0.000385158101455,0.000385190942275,0.000378562224796,0.000361952569298,7.97680050506e-05,0.637122962113,51745,8204093,82040,81218,True,6
tomo_sample_2_051_rec,recon_00697.tiff,697,100,0.5,-0.000636185295298,0.000861485799833,-5.70025851718e-05,-5.7007018063e-05,-5.31785917701e-05,-5.61919083913e-05,7.06800705131e-05,0.365957318246,29728,0.000385790808557,0.000385842200965,0.000379498873372,0.000365950020033,7.77518251194e-05,0.634042681754,51490,8204093,82040,81218,True,6
tomo_sample_2_051_rec,recon_00698.tiff,698,100,0.5,-0.000582748673041,0.000876275952323,-5.57028956099e-05,-5.5682088574e-05,-5.32919202669e-05,-5.28283178055e-05,6.51775840182e-05,0.364002367935,29572,0.000385747464838,0.000385807826876,0.000379752644221,0.000385289331264,7.74032844151e-05,0.635997632065,51646,8204093,82040,81218,True,6
tomo_sample_2_051_rec,recon_00699.tiff,699,100,0.5,-0.000636859071383,0.000886175132473,-5.76040350604e-05,-5.76552478171e-05,-5.39116663276e-05,-5.7864980852e-05,7.06948817228e-05,0.36608019248,29731,0.000385316282061,0.000385334662135,0.000378966506105,0.000366202302746,7.75706838325e-05,0.63391980752,51487,8204093,82040,81218,True,6
tomo_sample_2_051_rec,recon_00700.tiff,700,100,0.5,-0.000613364660239,0.000877410556132,-5.74052587975e-05,-5.74766566193e-05,-5.39849934285e-05,-5.28811198099e-05,6.92985845223e-05,0.367814405189,29869,0.000385171727266,0.000385177486432,0.000379380915547,0.000371019896044,7.72887365406e-05,0.632185594811,51349,8204093,82040,81218,True,6
tomo_sample_2_051_rec,recon_00701.tiff,701,100,0.5,-0.000615038022806,0.000870897526329,-5.72738885715e-05,-5.73205963733e-05,-5.36662610102e-05,-4.84733984324e-05,6.95188441489e-05,0.362841932838,29468,0.000385609076224,0.000385624580849,0.000379165983759,0.000381167104843,7.70723185802e-05,0.637158067162,51750,8204093,82040,81218,True,6
tomo_sample_2_051_rec,recon_00702.tiff,702,100,0.5,-0.000616247167636,0.000884485321294,-5.71000375528e-05,-5.71766292676e-05,-5.32135181857e-05,-5.10776462128e-05,7.08104691218e-05,0.367341771648,29830,0.000385275711421,0.00038527916064,0.000379352743039,0.000390048680159,7.80613065644e-05,0.632658228352,51388,8204093,82040,81218,True,6
tomo_sample_2_051_rec,recon_00703.tiff,703,100,0.5,-0.000621897261299,0.00086658674205,-5.72669800776e-05,-5.7347974692e-05,-5.38569147466e-05,-6.08726601996e-05,7.1092253374e-05,0.367285116201,29825,0.000384647322408,0.000384649934669,0.000378748198273,0.000373031632506,7.65865995073e-05,0.632714883799,51393,8204093,82040,81218,True,6
tomo_sample_2_051_rec,recon_00704.tiff,704,100,0.5,-0.000619048355147,0.000891828505555,-5.67085196321e-05,-5.67776539452e-05,-5.28248783667e-05,-5.07127320231e-05,7.04767710938e-05,0.364940551508,29636,0.000385963050546,0.000385970660077,0.000379689518013,0.000361967155476,7.8355774535e-05,0.635059448492,51582,8204093,82040,81218,True,6
tomo_sample_2_051_rec,recon_00705.tiff,705,100,0.5,-0.000600298244972,0.000901603874809,-5.65857724125e-05,-5.65841450084e-05,-5.34879145562e-05,-4.91306383974e-05,6.82865646397e-05,0.367055916308,29818,0.000385585141415,0.000385639706033,0.000379180230084,0.000391640226204,7.87745303512e-05,0.632944083692,51400,8204093,82040,81218,True,6
tomo_sample_2_051_rec,recon_00706.tiff,706,100,0.5,-0.000614154744253,0.000875831931771,-5.63202043561e-05,-5.6359164523e-05,-5.30348970642e-05,-5.22885141207e-05,6.93308742888e-05,0.367278085589,29830,0.000385469933587,0.000385496060865,0.000379319768399,0.000378548791828,7.7219083532e-05,0.632721914411,51388,8204093,82040,81218,True,6
tomo_sample_2_051_rec,recon_00707.tiff,707,100,0.5,-0.000610828756471,0.000878070945328,-5.64055316559e-05,-5.6452708803e-05,-5.34900245839e-05,-5.7198829281e-05,6.84951855916e-05,0.364985304779,29643,0.000384882195975,0.000384906090004,0.000378621451091,0.000368192123565,7.75516068971e-05,0.635014695221,51575,8204093,82040,81218,True,6
tomo_sample_2_051_rec,recon_00708.tiff,708,100,0.5,-0.000657764887437,0.000882673978922,-5.70538999958e-05,-5.71668235808e-05,-5.31584191776e-05,-6.04161049575e-05,7.33595879645e-05,0.367802716618,29863,0.000384941633398,0.000384928108312,0.000378529919544,0.000372643787743,7.70990822483e-05,0.632197283382,51355,8204093,82040,81218,True,6
tomo_sample_2_051_rec,recon_00709.tiff,709,100,0.5,-0.000606856576633,0.000886163972027,-5.75042855083e-05,-5.75671015717e-05,-5.42906655028e-05,-5.99251052939e-05,6.85955735081e-05,0.364794631368,29624,0.000385113904704,0.000385116597156,0.000378545155399,0.000360268785624,7.76650599734e-05,0.635205368632,51594,8204093,82040,81218,True,6
tomo_sample_2_051_rec,recon_00710.tiff,710,100,0.5,-0.000622817550029,0.000890083975974,-5.66720048778e-05,-5.67300619531e-05,-5.29920907866e-05,-5.7607573795e-05,6.94404313168e-05,0.368192691324,29901,0.000385355658046,0.000385364730582,0.000379195495043,0.000377965312902,7.82047093905e-05,0.631807308676,51317,8204093,82040,81218,True,6
tomo_sample_2_051_rec,recon_00711.tiff,711,100,0.5,-0.00060754027043,0.000897412735503,-5.60628904159e-05,-5.61544150247e-05,-5.33769634785e-05,-5.71256930186e-05,6.9299949952e-05,0.365782158471,29701,0.000385392112525,0.000385384078208,0.000379481760319,0.000375219353235,7.78491957276e-05,0.634217841529,51517,8204093,82040,81218,True,6
tomo_sample_2_051_rec,recon_00712.tiff,712,100,0.5,-0.000635496409086,0.000892161156808,-5.68763846733e-05,-5.69599876943e-05,-5.28852942807e-05,-5.49756634705e-05,7.35936283646e-05,0.368186260155,29899,0.000385535596307,0.000385546789287,0.000378837867174,0.000374929631221,7.81828090813e-05,0.631813739845,51319,8204093,82040,81218,True,6
tomo_sample_2_051_rec,recon_00713.tiff,713,100,0.5,-0.000628855002578,0.000876334210334,-5.65969805644e-05,-5.67048670846e-05,-5.30908528162e-05,-6.43355953439e-05,7.20490383561e-05,0.367389746984,29830,0.00038481523503,0.000384803469976,0.000379023957066,0.000372975069077,7.67151855111e-05,0.632610253016,51388,8204093,82040,81218,True,6
tomo_sample_2_051_rec,recon_00714.tiff,714,100,0.5,-0.000644139129436,0.000871214432118,-5.68905031919e-05,-5.69726947153e-05,-5.3334315453e-05,-6.97711102261e-05,7.15215062178e-05,0.366795411141,29785,0.000385200815495,0.000385202085769,0.000379131088266,0.000384956105188,7.68244368043e-05,0.633204588859,51433,8204093,82040,81218,True,6
tomo_sample_2_051_rec,recon_00715.tiff,715,100,0.5,-0.000657090250461,0.000877466628153,-5.67264197748e-05,-5.6843542914e-05,-5.24274546478e-05,-4.63050362711e-05,7.47488376616e-05,0.369496437513,30001,0.000385450707193,0.00038544367056,0.000379499600967,0.000382988323504,7.78403508365e-05,0.630503562487,51217,8204092,82040,81218,True,6
tomo_sample_2_051_rec,recon_00716.tiff,716,100,0.5,-0.000647936840833,0.000888113752881,-5.57716095946e-05,-5.58194413642e-05,-5.26495423401e-05,-5.36271714561e-05,7.11406872753e-05,0.365617884032,29695,0.000384900329767,0.000384930007306,0.000378571363399,0.000376056119237,7.85290947704e-05,0.634382115968,51523,8204093,82040,81218,True,6
tomo_sample_2_051_rec,recon_00717.tiff,717,100,0.5,-0.000617815233127,0.000877835520951,-5.59376273927e-05,-5.59757991856e-05,-5.28687342012e-05,-5.69384762372e-05,7.07768006761e-05,0.367538542808,29852,0.000384871971817,0.000384904922746,0.000378433716833,0.000369338717289,7.84125915597e-05,0.632461457192,51366,8204093,82040,81218,True,6
tomo_sample_2_051_rec,recon_00718.tiff,718,100,0.5,-0.000576491917309,0.000860164785408,-5.56070521679e-05,-5.56312090098e-05,-5.21021538589e-05,-5.25037129149e-05,6.89250663428e-05,0.368116219804,29900,0.000384941346641,0.000384975482607,0.000379055796657,0.000384830103554,7.71456143997e-05,0.631883780196,51318,8204093,82040,81218,True,6
tomo_sample_2_051_rec,recon_00719.tiff,719,100,0.5,-0.000612875219085,0.000863171792007,-5.54292889387e-05,-5.54717132633e-05,-5.23823364347e-05,-4.9280950749e-05,6.92143822774e-05,0.367145000274,29819,0.00038589312113,0.000385919599859,0.000379373377655,0.000375064886808,7.73351546939e-05,0.632854999726,51399,8204092,82040,81218,True,6
tomo_sample_2_051_rec,recon_00720.tiff,720,100,0.5,-0.000643581265758,0.000885063836467,-5.64188028347e-05,-5.64991700689e-05,-5.26976618858e-05,-5.53593816558e-05,7.09398955143e-05,0.367308507815,29827,0.00038515562927,0.00038515877559,0.000378829077817,0.000382416773128,7.77758238492e-05,0.632691492185,51391,8204093,82040,81218,True,6
tomo_sample_2_051_rec,recon_00721.tiff,721,100,0.5,-0.000588592349668,0.000888987216167,-5.52071137201e-05,-5.52323797219e-05,-5.22430218552e-05,-5.70749928715e-05,6.91588205608e-05,0.364212790612,29584,0.000385223495571,0.00038526667972,0.000378885786631,0.000384953365333,7.84982359796e-05,0.635787209388,51634,8204093,82040,81218,True,6
tomo_sample_2_051_rec,recon_00722.tiff,722,100,0.5,-0.000651071265165,0.000877752988308,-5.64232034009e-05,-5.64253055968e-05,-5.32947033207e-05,-5.71334707542e-05,7.10730069105e-05,0.365824891705,29718,0.000384755034296,0.000384811364195,0.00037843757309,0.000370303419439,7.8196963133e-05,0.634175108295,51500,8204093,82040,81218,True,6
tomo_sample_2_051_rec,recon_00723.tiff,723,100,0.5,-0.000571871787542,0.000885989312374,-5.55265059846e-05,-5.5567849003e-05,-5.31288733328e-05,-5.28812378848e-05,6.70518571612e-05,0.367589768461,29856,0.000384783535123,0.000384816947331,0.000378435041057,0.000363447294055,7.9175810407e-05,0.632410231539,51362,8204093,82040,81218,True,7
tomo_sample_2_051_rec,recon_00724.tiff,724,100,0.5,-0.00060826706962,0.000867951617402,-5.58360810788e-05,-5.58472090212e-05,-5.25677387486e-05,-4.34085784044e-05,6.90065837398e-05,0.367094225937,29819,0.000384849534206,0.000384893210346,0.000378828321118,0.000359322298195,7.80260046986e-05,0.632905774063,51399,8204093,82040,81218,True,6
tomo_sample_2_051_rec,recon_00725.tiff,725,100,0.5,-0.000597125286586,0.000874752567033,-5.60148420841e-05,-5.60217643106e-05,-5.33984402864e-05,-6.39958275189e-05,6.89496406359e-05,0.367577947385,29860,0.000384238230402,0.000384294153692,0.000378359065508,0.000378633093204,7.802047908e-05,0.632422052615,51358,8204093,82040,81218,True,6
tomo_sample_2_051_rec,recon_00726.tiff,726,100,0.5,-0.000619100139593,0.000877118664212,-5.65521916546e-05,-5.65928744871e-05,-5.34240134584e-05,-5.48636262156e-05,7.02482733022e-05,0.366200330531,29743,0.000385157205417,0.000385188792074,0.000379258242901,0.000380744622638,7.8498216265e-05,0.633799669469,51475,8204093,82040,81218,True,6
tomo_sample_2_051_rec,recon_00727.tiff,727,100,0.5,-0.000565560536052,0.000845419031393,-5.4753932607e-05,-5.47806703626e-05,-5.28216951352e-05,-4.32215947762e-05,6.49210237383e-05,0.36592916028,29722,0.000383132488021,0.000383164633197,0.000378034295863,0.000371540292946,7.60269595894e-05,0.63407083972,51496,8204093,82040,81218,True,7
tomo_sample_2_051_rec,recon_00728.tiff,728,100,0.5,-0.000564345528255,0.000863832179748,-5.5543020298e-05,-5.55701615154e-05,-5.2747238442e-05,-4.80346317834e-05,6.72266919489e-05,0.370758224006,30114,0.000384281738707,0.000384312867191,0.000378820404876,0.000367501996407,7.70796155627e-05,0.629241775994,51104,8204093,82040,81218,True,6
tomo_sample_2_051_rec,recon_00729.tiff,729,100,0.5,-0.000616927492374,0.000855155642494,-5.65026242099e-05,-5.64901307307e-05,-5.34987157153e-05,-5.87842030384e-05,7.04512648719e-05,0.365682745607,29709,0.000383295529973,0.000383364987282,0.00037774554221,0.000361270071362,7.74876884195e-05,0.634317254393,51509,8204093,82040,81218,True,6
tomo_sample_2_051_rec,recon_00730.tiff,730,100,0.5,-0.000540495644673,0.000882645312522,-5.47387617975e-05,-5.46837561589e-05,-5.22310765518e-05,-5.45037710467e-05,6.62296468217e-05,0.366863740649,29811,0.000384014295929,0.000384110939583,0.000377794640372,0.000369011459287,7.83476516619e-05,0.633136259351,51407,8204093,82040,81218,True,7
tomo_sample_2_051_rec,recon_00731.tiff,731,100,0.5,-0.00060827390349,0.000867458819703,-5.50032012015e-05,-5.50675497942e-05,-5.18561282661e-05,-5.06157989371e-05,7.11693813328e-05,0.365414726688,29677,0.000383973584563,0.000383999961929,0.000378685101168,0.00036558077782,7.7607564547e-05,0.634585273312,51541,8204093,82040,81218,True,7
tomo_sample_2_051_rec,recon_00732.tiff,732,100,0.5,-0.000566468834295,0.000852015708224,-5.47739498151e-05,-5.48220725397e-05,-5.26871299371e-05,-6.91208228646e-05,6.78627989802e-05,0.365178032988,29659,0.000383209846481,0.00038323727833,0.000378199591069,0.000387275296865,7.6855868488e-05,0.634821967012,51559,8204093,82040,81218,True,7
tomo_sample_2_051_rec,recon_00733.tiff,733,100,0.5,-0.000608165137528,0.000840131312143,-5.51767314421e-05,-5.53177214915e-05,-5.21737838426e-05,-4.68063798861e-05,7.07020927208e-05,0.368006185356,29876,0.000383449673766,0.00038342299191,0.000378050288418,0.000364424028406,7.69283929102e-05,0.631993814644,51342,8204093,82040,81218,True,7
tomo_sample_2_051_rec,recon_00734.tiff,734,100,0.5,-0.000584944704606,0.000849328767217,-5.47208208865e-05,-5.47604429672e-05,-5.20135708939e-05,-6.37558957267e-05,6.87761850315e-05,0.368417558966,29924,0.00038316764434,0.000383206660682,0.00037781278661,0.000376957626598,7.70758189389e-05,0.631582441034,51294,8204093,82040,81218,True,7
tomo_sample_2_051_rec,recon_00735.tiff,735,100,0.5,-0.000606259788328,0.000865515776386,-5.4407125383e-05,-5.44225459051e-05,-5.17902117281e-05,-5.16154476607e-05,6.9439601824e-05,0.369344457357,30003,0.000383868921427,0.000383925722334,0.000377645308618,0.000372893945403,7.89484112391e-05,0.630655542643,51215,8204093,82040,81218,True,7
tomo_sample_2_051_rec,recon_00736.tiff,736,100,0.5,-0.000623296830745,0.000877094111347,-5.56691731882e-05,-5.57184198496e-05,-5.26114909007e-05,-5.66389558661e-05,7.16565049489e-05,0.368409235176,29922,0.000383844750739,0.000383878093323,0.000378003387596,0.000372440166601,7.89942953131e-05,0.631590764824,51296,8204093,82040,81218,True,6
tomo_sample_2_051_rec,recon_00737.tiff,737,100,0.5,-0.000567412809469,0.000884179145505,-5.53423070112e-05,-5.53556232241e-05,-5.29594799445e-05,-5.09911101866e-05,6.87661041499e-05,0.365774023278,29713,0.000383673834576,0.000383728954567,0.000377457967261,0.00036468671939,7.9621584287e-05,0.634225976722,51505,8204092,82040,81218,True,6
tomo_sample_2_051_rec,recon_00738.tiff,738,100,0.5,-0.000571824389626,0.000872334900778,-5.42151877367e-05,-5.42201460036e-05,-5.17988555657e-05,-6.98252574523e-05,6.78216679537e-05,0.364287911647,29594,0.000383546333181,0.000383610776195,0.000378024386009,0.000384872201728,7.97788853869e-05,0.635712088353,51624,8204093,82040,81218,True,7
tomo_sample_2_051_rec,recon_00739.tiff,739,100,0.5,-0.000616065954964,0.000873865339381,-5.58343082521e-05,-5.59059579952e-05,-5.24692550243e-05,-4.64667907196e-05,7.14561465089e-05,0.36519126296,29658,0.000382520947995,0.000382544274037,0.000376974130631,0.000379131687901,7.89370126414e-05,0.63480873704,51560,8204093,82040,81218,True,6
tomo_sample_2_051_rec,recon_00740.tiff,740,100,0.5,-0.00060745444207,0.000870842801814,-5.48439380715e-05,-5.49117385538e-05,-5.14967341587e-05,-3.45984541504e-05,7.14931330882e-05,0.365843628098,29712,0.000382852803164,0.000382882670891,0.000377061427571,0.000375310315303,7.89717140839e-05,0.634156371902,51506,8204093,82040,81218,True,7
tomo_sample_2_051_rec,recon_00741.tiff,741,100,0.5,-0.000583578872611,0.000876519599115,-5.43042609429e-05,-5.43327616572e-05,-5.16007439728e-05,-5.48048898007e-05,6.96613990681e-05,0.36784721426,29880,0.000382950823139,0.000383003055267,0.000377172007575,0.000386656560339,7.97296372301e-05,0.63215278574,51338,8204093,82040,81218,True,7
tomo_sample_2_051_rec,recon_00742.tiff,742,100,0.5,-0.000611569749599,0.000866101921129,-5.54700740629e-05,-5.5577889729e-05,-5.23563066963e-05,-4.64072529708e-05,7.09473190925e-05,0.366349021721,29747,0.000382785168181,0.000382786728455,0.000376982090529,0.000371859929156,7.93285243284e-05,0.633650978279,51471,8204093,82040,81218,True,7
tomo_sample_2_051_rec,recon_00743.tiff,743,100,0.5,-0.000637343127455,0.000860207053192,-5.6648986535e-05,-5.67898844192e-05,-5.27273987245e-05,-3.20207841109e-05,7.56975074825e-05,0.36706161181,29802,0.000382115335076,0.000382111581636,0.000376559153665,0.000367809698111,7.82850445218e-05,0.63293838819,51416,8204093,82040,81218,True,7
tomo_sample_2_051_rec,recon_00744.tiff,744,100,0.5,-0.000594848896726,0.00087711987464,-5.56889938034e-05,-5.57505579274e-05,-5.25719551661e-05,-5.02106644525e-05,7.0459420997e-05,0.367156372353,29819,0.000382505667015,0.000382535362258,0.000377125252271,0.000373162702659,7.9468337717e-05,0.632843627647,51399,8204093,82040,81218,True,7
tomo_sample_2_051_rec,recon_00745.tiff,745,100,0.5,-0.000607569117274,0.000836358679808,-5.46719001484e-05,-5.47140064307e-05,-5.18897722941e-05,-5.45588782523e-05,7.18993113235e-05,0.366054863476,29733,0.000381635393078,0.000381683066222,0.000376443145797,0.000386876125959,7.80118686305e-05,0.633945136524,51485,8204093,82040,81218,True,7
tomo_sample_2_051_rec,recon_00746.tiff,746,100,0.5,-0.000572250982514,0.000852845891204,-5.34683640706e-05,-5.35060829248e-05,-5.09820965817e-05,-4.73725671295e-05,6.83683292338e-05,0.366413844447,29762,0.000381296232503,0.000381340020252,0.000376534895622,0.000374040473961,7.78286364968e-05,0.633586155553,51456,8204093,82040,81218,True,7
tomo_sample_2_051_rec,recon_00747.tiff,747,100,0.5,-0.000595657482918,0.000863585401967,-5.50574352852e-05,-5.50797714821e-05,-5.12626502314e-05,-3.51107489342e-05,7.23038449895e-05,0.367019677033,29815,0.000381960711496,0.000382028043467,0.000376244919607,0.000381268091774,7.966816083e-05,0.632980322967,51403,8204093,82040,81218,True,7
tomo_sample_2_051_rec,recon_00748.tiff,748,100,0.5,-0.000532442319382,0.000882018305128,-5.49390807679e-05,-5.49457965602e-05,-5.2591538406e-05,-5.99798479328e-05,6.77139189723e-05,0.366720431168,29793,0.000381790430247,0.000381868206419,0.00037604465615,0.000374538170754,8.16188912267e-05,0.633279568832,51425,8204093,82040,81218,True,7
tomo_sample_2_051_rec,recon_00749.tiff,749,100,0.5,-0.000567379522836,0.000858388603665,-5.41595153876e-05,-5.41526241642e-05,-5.16219224664e-05,-4.35515740474e-05,6.8673863633e-05,0.363404045025,29526,0.000381068785614,0.000381157888772,0.000375683361199,0.000362212640117,8.03067421154e-05,0.636595954975,51692,8204093,82040,81218,True,7
tomo_sample_2_051_rec,recon_00750.tiff,750,100,0.5,-0.00056067795289,0.00087276052509,-5.43747121402e-05,-5.43980678733e-05,-5.18508586538e-05,-4.15480706728e-05,6.87092961103e-05,0.365659887002,29704,0.000381615131397,0.000381677985944,0.000376305761165,0.000365539603308,8.02523865138e-05,0.634340112998,51514,8204093,82040,81218,True,7
tomo_sample_2_051_rec,recon_00751.tiff,751,100,0.5,-0.000601222376572,0.000869254367426,-5.60207803178e-05,-5.60516165012e-05,-5.33985821676e-05,-6.34354738065e-05,7.05491337255e-05,0.364661813992,29622,0.000382095827372,0.00038215511094,0.000376750351279,0.000370838138808,8.01231167661e-05,0.635338186008,51596,8204092,82040,81218,True,7
tomo_sample_2_051_rec,recon_00752.tiff,752,100,0.5,-0.000573031186068,0.000856590378389,-5.4292820421e-05,-5.4357518218e-05,-5.12012229592e-05,-4.45884549577e-05,7.04765710768e-05,0.366283132481,29749,0.000381016295678,0.000381055522383,0.000375876552425,0.000383088294365,7.93105493992e-05,0.633716867519,51469,8204093,82040,81218,True,7
tomo_sample_2_051_rec,recon_00753.tiff,753,100,0.5,-0.000569781160739,0.000847490786109,-5.3693563748e-05,-5.37343090411e-05,-5.13739832968e-05,-4.56540601465e-05,6.86570211366e-05,0.364030789273,29569,0.000380799515928,0.000380849319454,0.000375615316443,0.000375521743692,7.8779570871e-05,0.635969210727,51649,8204093,82040,81218,True,7
tomo_sample_2_051_rec,recon_00754.tiff,754,100,0.5,-0.000564002948813,0.000851224988292,-5.39688033637e-05,-5.39674668641e-05,-5.13872873853e-05,-6.42140570903e-05,7.0003683936e-05,0.36416423359,29587,0.00038111093409,0.000381197041549,0.000376009527827,0.000365774033132,7.97323607478e-05,0.63583576641,51631,8204093,82040,81218,True,7
tomo_sample_2_051_rec,recon_00755.tiff,755,100,0.5,-0.000577565293352,0.000874560149678,-5.43861299812e-05,-5.44287508184e-05,-5.14831481269e-05,-5.57577674072e-05,7.1403082169e-05,0.363947529408,29564,0.000380683882379,0.000380749628366,0.000375263683964,0.00037142896455,8.09090638537e-05,0.636052470592,51654,8204093,82040,81218,True,7
tomo_sample_2_051_rec,recon_00756.tiff,756,100,0.5,-0.000537327538186,0.000860043556022,-5.42080069694e-05,-5.4250238864e-05,-5.20328685525e-05,-5.50685547411e-05,6.92212168899e-05,0.364827224249,29634,0.000380897562025,0.000380951029252,0.000375865856768,0.000386665029755,8.0312962076e-05,0.635172775751,51584,8204093,82040,81218,True,7
tomo_sample_2_051_rec,recon_00757.tiff,757,100,0.5,-0.000562388474646,0.000868439988699,-5.50647943665e-05,-5.5089137623e-05,-5.25228570041e-05,-5.3934595024e-05,7.13639941648e-05,0.368002068544,29896,0.000380319214696,0.000380397936613,0.000375537507352,0.000362466622455,8.02007901004e-05,0.631997931456,51322,8204093,82040,81218,True,7
tomo_sample_2_051_rec,recon_00758.tiff,758,100,0.5,-0.000562414183805,0.000873760556569,-5.38431932595e-05,-5.39294541235e-05,-5.06207979925e-05,-4.08799911226e-05,7.01170472532e-05,0.364954507807,29639,0.000380443038172,0.000380476817532,0.000375252595404,0.00037264676622,8.11688612722e-05,0.635045492193,51579,8204093,82040,81218,True,7
tomo_sample_2_051_rec,recon_00759.tiff,759,100,0.5,-0.000523610411328,0.00086873262102,-5.27869882248e-05,-5.27917434529e-05,-5.04912331962e-05,-6.64824947651e-05,6.84936383229e-05,0.362775177138,29474,0.000380886878336,0.000380974451602,0.000375984658604,0.000381609494494,8.12992660143e-05,0.637224822862,51744,8204093,82040,81218,True,7
tomo_sample_2_051_rec,recon_00760.tiff,760,100,0.5,-0.000583887397661,0.000837739147828,-5.2987538289e-05,-5.30844614439e-05,-5.05019615957e-05,-5.085230223e-05,7.02905394667e-05,0.365975687043,29720,0.000378903284088,0.000378927238517,0.00037453067489,0.000359519007291,7.90431246396e-05,0.634024312957,51498,8204093,82040,81218,True,6
tomo_sample_2_051_rec,recon_00761.tiff,761,100,0.5,-0.000564634929178,0.000846154274186,-5.33781733652e-05,-5.34222776088e-05,-5.10147292516e-05,-5.023866284e-05,7.06301334685e-05,0.365927805269,29725,0.000379604977524,0.000379673115129,0.000374702416593,0.000381995064073,8.02877840612e-05,0.634072194731,51493,8204093,82040,81218,True,7
tomo_sample_2_051_rec,recon_00762.tiff,762,100,0.5,-0.000557498674607,0.000866674116696,-5.30106875455e-05,-5.30013241584e-05,-5.10061145178e-05,-4.2999617196e-05,6.88297523345e-05,0.364006694717,29577,0.000379923898324,0.000380028395722,0.000374979863409,0.000384957550086,8.16435735137e-05,0.635993305283,51641,8204093,82040,81218,True,7
tomo_sample_2_051_rec,recon_00763.tiff,763,100,0.5,-0.000564270861796,0.000843139606004,-5.50356682201e-05,-5.51218895453e-05,-5.20618614246e-05,-5.72513087339e-05,7.27473390392e-05,0.364356221468,29592,0.000379828658109,0.000379875691311,0.000374476090656,0.000374042911311,8.0988085593e-05,0.635643778532,51626,8204093,82040,81218,True,7
tomo_sample_2_051_rec,recon_00764.tiff,764,100,0.5,-0.000553536121733,0.000887719833408,-5.42990656969e-05,-5.4261576986e-05,-5.20136964042e-05,-5.75893864057e-05,6.92525532927e-05,0.361968271999,29417,0.000380136939056,0.00038027215179,0.0003750960459,0.000365532096061,8.33739274147e-05,0.638031728001,51801,8204093,82040,81218,True,6
tomo_sample_2_051_rec,recon_00765.tiff,765,100,0.5,-0.000564168346173,0.000857113909733,-5.39595713384e-05,-5.40030076809e-05,-5.15933934366e-05,-5.89767933911e-05,7.09108831815e-05,0.367772772489,29877,0.00037899821656,0.00037908447218,0.000373487913748,0.000356841572694,8.23312444444e-05,0.632227227511,51341,8204093,82040,81218,True,7
tomo_sample_2_051_rec,recon_00766.tiff,766,100,0.5,-0.000542654754536,0.00085880728031,-5.24958798218e-05,-5.24404347404e-05,-5.04818926856e-05,-5.38494983974e-05,6.8676662273e-05,0.362524394714,29465,0.000379374321817,0.000379522116217,0.000374098250177,0.000364227287598,8.26247215674e-05,0.637475605286,51753,8204093,82040,81218,True,7
tomo_sample_2_051_rec,recon_00767.tiff,767,100,0.5,-0.000611018987547,0.000853870310239,-5.41182957505e-05,-5.41861355764e-05,-5.09544443048e-05,-5.19454991297e-05,7.3081078729e-05,0.366437977926,29765,0.000379623923079,0.000379693855017,0.000374457769794,0.000375385359329,8.14029431324e-05,0.633562022074,51453,8204093,82040,81218,True,7
tomo_sample_2_051_rec,recon_00768.tiff,768,100,0.5,-0.000532507314929,0.000866461381665,-5.20869430273e-05,-5.21140744624e-05,-5.00662245031e-05,-4.64200754576e-05,6.80320569454e-05,0.36811113085,29905,0.000379429648725,0.000379510635892,0.000374251510948,0.00036990509845,8.17973372926e-05,0.63188886915,51313,8204093,82040,81218,True,7
tomo_sample_2_051_rec,recon_00769.tiff,769,100,0.5,-0.000606811844627,0.000864211246371,-5.38183457929e-05,-5.38884671507e-05,-5.04977324454e-05,-6.74324828897e-05,7.44926937568e-05,0.361101463086,29332,0.000379551164827,0.000379624727523,0.000374671930331,0.000360821699079,8.12031352539e-05,0.638898536914,51886,8204093,82040,81218,True,7
tomo_sample_2_051_rec,recon_00770.tiff,770,100,0.5,-0.000569383633265,0.000821069637605,-5.26231472276e-05,-5.27037972124e-05,-5.00910791743e-05,-4.80498238744e-05,7.12881625214e-05,0.366669515178,29781,0.00037900548277,0.000379059186984,0.000374254799681,0.000374015929295,8.0325442398e-05,0.633330484822,51437,8204093,82040,81218,True,7
tomo_sample_2_051_rec,recon_00771.tiff,771,100,0.5,-0.000567508285458,0.00085579593142,-5.2647264477e-05,-5.27562951682e-05,-5.01047416037e-05,-4.61681757818e-05,7.14239962474e-05,0.365128044832,29652,0.000378197326842,0.000378235211603,0.000373279937776,0.000352834646369,8.09234504551e-05,0.634871955168,51566,8204093,82040,81218,True,7
tomo_sample_2_051_rec,recon_00772.tiff,772,100,0.5,-0.000630025574064,0.00083921216079,-5.39127496608e-05,-5.40462511453e-05,-4.99572051922e-05,-4.73527144392e-05,7.63707207002e-05,0.369964900359,30044,0.000379024041747,0.000379070192963,0.000374146926333,0.000374677957921,8.11757556273e-05,0.630035099641,51174,8204093,82040,81218,True,7
tomo_sample_2_051_rec,recon_00773.tiff,773,100,0.5,-0.000605572645145,0.000850749613019,-5.4691654088e-05,-5.47667838933e-05,-5.14353050676e-05,-5.42800672865e-05,7.3340473805e-05,0.366349643423,29757,0.000378723896174,0.000378791045185,0.000373437767848,0.000354963744704,8.16532303038e-05,0.633650356577,51461,8204093,82040,81218,True,7
tomo_sample_2_051_rec,recon_00774.tiff,774,100,0.5,-0.00060626919847,0.000854765907279,-5.4177670595e-05,-5.42673124415e-05,-5.1015005738e-05,-5.87737486567e-05,7.41171250477e-05,0.366721397704,29787,0.000378950537659,0.000379024532264,0.000373918912373,0.000372445480372,8.29729869649e-05,0.633278602296,51431,8204093,82040,81218,True,6
tomo_sample_2_051_rec,recon_00775.tiff,775,100,0.5,-0.000569356056512,0.000865682657459,-5.25450820011e-05,-5.25635479995e-05,-5.00397254655e-05,-5.39062130764e-05,7.15539344982e-05,0.36701273298,29821,0.000378609167913,0.000378728598428,0.000373205257347,0.000390424987032,8.34719207977e-05,0.63298726702,51397,8204093,82040,81218,True,7
tomo_sample_2_051_rec,recon_00776.tiff,776,100,0.5,-0.000604342366569,0.000866266676458,-5.3664730091e-05,-5.37392296881e-05,-5.05850839545e-05,-5.06598717199e-05,7.32944651553e-05,0.366154992992,29743,0.000378284040977,0.000378365888034,0.000373024435248,0.000362561259894,8.2941740337e-05,0.633845007008,51475,8204093,82040,81218,True,6
tomo_sample_2_051_rec,recon_00777.tiff,777,100,0.5,-0.000587823683745,0.000848693044099,-5.29423276829e-05,-5.30831983523e-05,-5.03784649482e-05,-6.17949126093e-05,7.23181056994e-05,0.365227989505,29657,0.000378113418986,0.000378143558608,0.000373273622245,0.000373729789075,8.18458975551e-05,0.634772010495,51561,8204093,82040,81218,True,7
tomo_sample_2_051_rec,recon_00778.tiff,778,100,0.5,-0.000608501013194,0.000858831730729,-5.42845301443e-05,-5.44169910828e-05,-5.11024209118e-05,-6.73021646872e-05,7.30895983132e-05,0.366528350584,29764,0.000377417686887,0.000377454880288,0.000372589056497,0.000369986805179,8.19658090705e-05,0.633471649416,51454,8204093,82040,81218,True,7
tomo_sample_2_051_rec,recon_00779.tiff,779,100,0.5,-0.000577316550189,0.00084916170279,-5.36188971205e-05,-5.3701581614e-05,-5.03531555296e-05,-4.96251028774e-05,7.35535787153e-05,0.361782328283,29387,0.00037863993066,0.000378718192305,0.000373562739696,0.000355087407735,8.2433379311e-05,0.638217671717,51831,8204093,82040,81218,True,7
tomo_sample_2_051_rec,recon_00780.tiff,780,100,0.5,-0.000562375783629,0.000858118744218,-5.43909723147e-05,-5.44808871205e-05,-5.21472338733e-05,-5.66829042914e-05,7.16655142762e-05,0.365078037106,29652,0.000377686623369,0.000377747476934,0.000372285678168,0.000377898904667,8.2855802162e-05,0.634921962894,51566,8204093,82040,81218,True,7
tomo_sample_2_051_rec,recon_00781.tiff,781,100,0.5,-0.000573739473184,0.000870019063295,-5.48102291912e-05,-5.48779463047e-05,-5.17952412338e-05,-4.72981911979e-05,7.24724641134e-05,0.366202472211,29748,0.000377816205941,0.00037790382339,0.00037218327634,0.000379321401072,8.35807947735e-05,0.633797527789,51470,8204093,82040,81218,True,7
tomo_sample_2_051_rec,recon_00782.tiff,782,100,0.5,-0.000576981823542,0.000869177551649,-5.46999573932e-05,-5.47321191011e-05,-5.1817172789e-05,-6.29935146595e-05,7.27627540642e-05,0.366273497045,29759,0.00037772362344,0.000377834651206,0.000372680457076,0.000376567008964,8.32659325724e-05,0.633726502955,51459,8204093,82040,81218,True,7
tomo_sample_2_051_rec,recon_00783.tiff,783,100,0.5,-0.000624602040043,0.000884220214793,-5.40407367433e-05,-5.41259094016e-05,-5.06911255798e-05,-5.3730789839e-05,7.43481183805e-05,0.365205855536,29666,0.000377416362189,0.000377504802036,0.000372180424165,0.000381320529524,8.32975364305e-05,0.634794144464,51552,8204093,82040,81218,True,7
tomo_sample_2_051_rec,recon_00784.tiff,784,100,0.5,-0.000579462237365,0.000839189092803,-5.42416613993e-05,-5.43299689459e-05,-5.12455299031e-05,-5.70665597925e-05,7.23521880865e-05,0.366758966481,29789,0.000377026992855,0.000377091310605,0.000372620736016,0.000365175467493,8.15096383045e-05,0.633241033519,51429,8204093,82040,81218,True,7
tomo_sample_2_051_rec,recon_00785.tiff,785,100,0.5,-0.000602364281367,0.000861797136313,-5.44509625775e-05,-5.45766964501e-05,-5.14475359523e-05,-5.51420101724e-05,7.33326580604e-05,0.364561361433,29606,0.000377904524682,0.000377951981479,0.00037285075814,0.000378954517276,8.31975694538e-05,0.635438638567,51612,8204093,82040,81218,True,7
tomo_sample_2_051_rec,recon_00786.tiff,786,100,0.5,-0.000569239897886,0.000865728502395,-5.43056376421e-05,-5.43033893355e-05,-5.19551249454e-05,-5.1178228779e-05,7.14487146747e-05,0.363857364776,29567,0.000377116043556,0.000377241988371,0.000372244423488,0.000359398632747,8.22744992698e-05,0.636142635224,51651,8204093,82040,81218,True,7
tomo_sample_2_051_rec,recon_00787.tiff,787,100,0.5,-0.000602581395069,0.000855444020126,-5.38776997946e-05,-5.39435182746e-05,-5.08257617184e-05,-5.26238585242e-05,7.47404179907e-05,0.363322605005,29515,0.00037714874796,0.000377241881435,0.000372073438484,0.000368915239307,8.24158775912e-05,0.636677394995,51703,8204093,82040,81218,True,7
tomo_sample_2_051_rec,recon_00788.tiff,788,100,0.5,-0.000565209955967,0.000847823043878,-5.28298558081e-05,-5.29541254775e-05,-5.00373425893e-05,-3.93134163041e-05,7.14786612664e-05,0.36557827321,29688,0.00037683445062,0.000376876560881,0.000372204216546,0.000361692973469,8.16581596312e-05,0.63442172679,51530,8204093,82040,81218,True,7
tomo_sample_2_051_rec,recon_00789.tiff,789,100,0.5,-0.000601551251602,0.000862297572021,-5.34631377441e-05,-5.35382066364e-05,-5.02486473124e-05,-4.85532449521e-05,7.41346149989e-05,0.362786803399,29471,0.00037725401268,0.000377348217,0.000372088252334,0.000365768989574,8.28351047661e-05,0.637213196601,51747,8204093,82040,81218,True,7
tomo_sample_2_051_rec,recon_00790.tiff,790,100,0.5,-0.000563201995974,0.000857933016086,-5.40814781593e-05,-5.41571460138e-05,-5.16783147759e-05,-6.44325712383e-05,7.18739671948e-05,0.364940351357,29643,0.000376586603311,0.000376657437312,0.000371502246708,0.000357332648404,8.1920067764e-05,0.635059648643,51575,8204093,82040,81218,True,7
tomo_sample_2_051_rec,recon_00791.tiff,791,100,0.5,-0.000573957137822,0.00084973733261,-5.27248784898e-05,-5.28094971799e-05,-4.97567616549e-05,-6.19076841763e-05,7.19798949867e-05,0.366571191871,29774,0.000377969312541,0.000378033531975,0.000372725175112,0.000352067231523,8.21641590633e-05,0.633428808129,51444,8204093,82040,81218,True,7
tomo_sample_2_051_rec,recon_00792.tiff,792,100,0.5,-0.000540386251814,0.000846439950692,-5.30954143498e-05,-5.30876813514e-05,-5.03964038217e-05,-4.64996320756e-05,6.9794247851e-05,0.363872297939,29568,0.00037692226551,0.000377042886804,0.000372444977984,0.000380694625666,8.16785091633e-05,0.636127702061,51650,8204093,82040,81218,True,7
tomo_sample_2_051_rec,recon_00793.tiff,793,100,0.5,-0.000563103386667,0.000848374771012,-5.3285821077e-05,-5.33028606167e-05,-5.02809652971e-05,-5.41306757837e-05,7.1338157934e-05,0.364876805774,29648,0.000377121330804,0.000377243261418,0.000372051290469,0.000358447063983,8.28745574789e-05,0.635123194226,51570,8204093,82040,81218,True,7
tomo_sample_2_051_rec,recon_00794.tiff,794,100,0.5,-0.000578364664689,0.000852243968984,-5.39180547258e-05,-5.3997882782e-05,-5.10825266247e-05,-4.71395618618e-05,7.29912883906e-05,0.366513863986,29772,0.000376603425976,0.000376687088132,0.000371304049622,0.000359203966747,8.25375627128e-05,0.633486136014,51446,8204093,82040,81218,True,7
tomo_sample_2_051_rec,recon_00795.tiff,795,100,0.5,-0.000615600725869,0.000841980719706,-5.3620185918e-05,-5.37571727188e-05,-5.03144729009e-05,-4.91624393517e-05,7.4174337387e-05,0.363765280133,29541,0.000376942252451,0.000376993161233,0.00037144109956,0.000369773622835,8.28335575324e-05,0.636234719867,51677,8204093,82040,81218,True,7
tomo_sample_2_051_rec,recon_00796.tiff,796,100,0.5,-0.000577839512262,0.000843126797408,-5.33192706929e-05,-5.33950853768e-05,-5.02485672769e-05,-4.30463493289e-05,7.32204110489e-05,0.363494234972,29527,0.000376630952373,0.000376713562331,0.000371812348021,0.000371346585894,8.1503242176e-05,0.636505765028,51691,8204093,82040,81218,True,7
tomo_sample_2_051_rec,recon_00797.tiff,797,100,0.5,-0.000603084299364,0.000855526541709,-5.31158661257e-05,-5.3258459855e-05,-5.02814691572e-05,-5.79233911822e-05,7.5021567337e-05,0.369577871716,30013,0.000377324809632,0.000377380012766,0.000372264097678,0.000362574824589,8.26056917929e-05,0.630422128284,51205,8204093,82040,81218,True,7
tomo_sample_2_051_rec,recon_00798.tiff,798,100,0.5,-0.000608908355352,0.000876570683322,-5.34451754157e-05,-5.35803814441e-05,-5.04557065142e-05,-5.16540391345e-05,7.43230712856e-05,0.364809621458,29627,0.000376968879087,0.000377028938147,0.000371750182239,0.00036313383268,8.33211504656e-05,0.635190378542,51591,8204093,82040,81218,True,7
tomo_sample_2_051_rec,recon_00799.tiff,799,100,0.5,-0.000604205551499,0.000868397781742,-5.33465897511e-05,-5.34720897797e-05,-5.03481460328e-05,-6.81199151399e-05,7.50659843732e-05,0.364116147161,29572,0.000376927583343,0.000376992901438,0.000371576592443,0.000365916288599,8.270319209e-05,0.635883852839,51646,8204093,82040,81218,True,7
tomo_sample_2_051_rec,recon_00800.tiff,800,100,0.5,-0.000579573752184,0.000831556946505,-5.2919131822e-05,-5.29740129054e-05,-5.02758557559e-05,-6.0160981566e-05,7.20499199239e-05,0.363686800146,29546,0.000375919699987,0.000376018184237,0.00037104175135,0.000379098251395,8.20299671069e-05,0.636313199854,51672,8204093,82040,81218,True,7
tomo_sample_2_051_rec,recon_00801.tiff,801,100,0.5,-0.000580661082931,0.000840722213616,-5.4115735132e-05,-5.42467826039e-05,-5.15839219588e-05,-3.75726291285e-05,7.24882130647e-05,0.360565241249,29280,0.000376399295184,0.000376436802822,0.000371105983504,0.000367719146658,8.1416321453e-05,0.639434758751,51938,8204093,82040,81218,True,7
tomo_sample_2_051_rec,recon_00802.tiff,802,100,0.5,-0.000589629941678,0.000871313481184,-5.39406320016e-05,-5.39933951094e-05,-5.09838464495e-05,-4.21103800312e-05,7.25221391459e-05,0.364538292013,29615,0.000377180754855,0.0003772772791,0.000371964153601,0.000372777387925,8.29271814646e-05,0.635461707987,51603,8204093,82040,81218,True,7
tomo_sample_2_051_rec,recon_00803.tiff,803,100,0.5,-0.000571493316966,0.00084575421788,-5.2865407294e-05,-5.29459715806e-05,-5.05882417201e-05,-5.78398042256e-05,7.27313247975e-05,0.362368346659,29435,0.000377193054117,0.000377273461402,0.000371994567104,0.000356244650825,8.23634995449e-05,0.637631653341,51783,8204093,82040,81218,True,7
tomo_sample_2_051_rec,recon_00804.tiff,804,100,0.5,-0.000581492558704,0.000842863406288,-5.36332506806e-05,-5.37586178353e-05,-5.13824361406e-05,-5.85420015104e-05,7.22800484719e-05,0.36541297913,29674,0.000377090712609,0.000377128530642,0.000372025679098,0.000366344141148,8.11804486525e-05,0.63458702087,51544,8204093,82040,81218,True,7
tomo_sample_2_051_rec,recon_00805.tiff,805,100,0.5,-0.000559306083305,0.000854975453112,-5.31203156567e-05,-5.31998232919e-05,-5.02517359564e-05,-5.90560058987e-05,7.1123524171e-05,0.365133186651,29657,0.000376548804908,0.000376607976535,0.000371925882064,0.000380675697898,8.13740554563e-05,0.634866813349,51561,8204091,82040,81218,True,7
tomo_sample_2_051_rec,recon_00806.tiff,806,100,0.5,-0.000565594014188,0.000851147367503,-5.33116910761e-05,-5.33818997107e-05,-5.04475610796e-05,-3.78524659e-05,7.26350727278e-05,0.363392076902,29519,0.00037670670814,0.000376788569865,0.000372167647583,0.000374371292082,8.18778784134e-05,0.636607923098,51699,8204093,82040,81218,True,7
tomo_sample_2_051_rec,recon_00807.tiff,807,100,0.5,-0.000625149976986,0.000828662916319,-5.44699376062e-05,-5.45639874921e-05,-5.11224097863e-05,-4.36187518517e-05,7.55576200192e-05,0.362091252094,29411,0.000377052163253,0.000377127817602,0.000372352922568,0.000380406265276,8.12691254309e-05,0.637908747906,51807,8204093,82040,81218,True,7
tomo_sample_2_051_rec,recon_00808.tiff,808,100,0.5,-0.00059798829403,0.000856315369892,-5.25924192251e-05,-5.2644017878e-05,-4.98562367284e-05,-4.69196742076e-05,7.31884578464e-05,0.362324315442,29437,0.000376099310967,0.000376209312201,0.000371473666746,0.000379180941361,8.20592504426e-05,0.637675684558,51781,8204093,82040,81218,True,7
tomo_sample_2_051_rec,recon_00809.tiff,809,100,0.5,-0.000596910389431,0.000857573034882,-5.41453110467e-05,-5.42980631873e-05,-5.18180058862e-05,-5.66265404396e-05,7.34100497979e-05,0.363951622353,29552,0.000375935399136,0.000375960980767,0.000370998168364,0.000371350944042,8.16722180241e-05,0.636048377647,51666,8204093,82040,81218,True,7
tomo_sample_2_051_rec,recon_00810.tiff,810,100,0.5,-0.000595271727652,0.000827422121656,-5.39670809706e-05,-5.40991169923e-05,-5.08593257109e-05,-5.83135286307e-05,7.50853967372e-05,0.363028654438,29481,0.000376323415989,0.000376369866466,0.00037172230077,0.000365337764724,8.09247642196e-05,0.636971345562,51737,8204093,82040,81218,True,7
tomo_sample_2_051_rec,recon_00811.tiff,811,100,0.5,-0.000548819334945,0.000859190017218,-5.34980820826e-05,-5.35452594039e-05,-5.12102469656e-05,-4.15967127023e-05,7.07683234201e-05,0.365193731844,29668,0.000376420619912,0.000376511950476,0.000371789268684,0.00037248414538,8.20846178091e-05,0.634806268156,51550,8204093,82040,81218,True,7
tomo_sample_2_051_rec,recon_00812.tiff,812,100,0.5,-0.000588998247113,0.000851637040323,-5.40774017935e-05,-5.41420183023e-05,-5.12882179464e-05,-3.81564863589e-05,7.2535489671e-05,0.360438398338,29279,0.000375710705026,0.00037578779461,0.000370656169252,0.000364697703562,8.10723350004e-05,0.639561601662,51939,8204093,82040,81218,True,7
tomo_sample_2_051_rec,recon_00813.tiff,813,100,0.5,-0.000551459848066,0.000841304757632,-5.40147553059e-05,-5.40935003278e-05,-5.15550764248e-05,-5.49105423488e-05,7.24564797446e-05,0.363447316182,29522,0.000376320155177,0.000376394557852,0.000371924194042,0.000376663155674,8.13956857217e-05,0.636552683818,51696,8204093,82040,81218,True,7
tomo_sample_2_051_rec,recon_00814.tiff,814,100,0.5,-0.000566488212789,0.000840607021237,-5.28894062962e-05,-5.29891079879e-05,-5.04463278048e-05,-5.56700532065e-05,7.31177968014e-05,0.363278901251,29505,0.000376425897213,0.000376484560546,0.000371715024812,0.000361819594279,8.04513698647e-05,0.636721098749,51713,8204093,82040,81218,True,7
tomo_sample_2_051_rec,recon_00815.tiff,815,100,0.5,-0.000573125722294,0.000850176410167,-5.30157728149e-05,-5.31039912538e-05,-5.03145820403e-05,-5.09743324487e-05,7.39283590212e-05,0.362119031614,29413,0.000376922059029,0.000376992201092,0.000372165784938,0.000376304049283,8.08671783632e-05,0.637880968386,51805,8204093,82040,81218,True,6
tomo_sample_2_051_rec,recon_00816.tiff,816,100,0.5,-0.000597685327521,0.000851570595405,-5.38821874343e-05,-5.39287878882e-05,-5.06979849888e-05,-4.72327957104e-05,7.48205444497e-05,0.366494648563,29775,0.000376514395408,0.000376616980694,0.000371528090909,0.00036911790346,8.10109052235e-05,0.633505351437,51443,8204093,82040,81218,True,7
tomo_sample_2_051_rec,recon_00817.tiff,817,100,0.5,-0.000598741057038,0.000831324166211,-5.27042605084e-05,-5.28172413683e-05,-4.91426526423e-05,-5.2488184474e-05,7.46691228115e-05,0.364816258204,29628,0.000376682554974,0.000376733732672,0.000372302660253,0.000359811588375,8.00961561925e-05,0.635183741796,51590,8204093,82040,81218,True,7
tomo_sample_2_051_rec,recon_00818.tiff,818,100,0.5,-0.00059617058665,0.000844925218844,-5.30182987217e-05,-5.30911234171e-05,-5.01979884575e-05,-3.98821045585e-05,7.28517707051e-05,0.364822919201,29634,0.000377030462026,0.00037710407975,0.000372054782929,0.000368060303822,8.09305176655e-05,0.635177080799,51584,8204093,82040,81218,True,7
tomo_sample_2_051_rec,recon_00819.tiff,819,100,0.5,-0.000583501772489,0.000859676135588,-5.32820253677e-05,-5.33374159252e-05,-5.05130901729e-05,-4.83984204124e-05,7.43305863918e-05,0.363962139699,29568,0.000377160161825,0.000377256232809,0.000372259368305,0.000371571952816,8.12686003102e-05,0.636037860301,51650,8204093,82040,81218,True,7
tomo_sample_2_051_rec,recon_00820.tiff,820,100,0.5,-0.000534468514088,0.000854717543698,-5.38213755881e-05,-5.38503768022e-05,-5.12796923431e-05,-5.26235355359e-05,7.01312137807e-05,0.365595852722,29702,0.000377500984573,0.000377593360483,0.000373035654775,0.000365530789743,8.17626949756e-05,0.634404147278,51516,8204093,82040,81218,True,7
tomo_sample_2_051_rec,recon_00821.tiff,821,100,0.5,-0.000611860603967,0.000850314015406,-5.30024167813e-05,-5.31124066381e-05,-4.97960281791e-05,-4.43426866978e-05,7.52558958619e-05,0.367649243863,29859,0.00037785083347,0.000377908602411,0.000372458423954,0.000346235332938,8.11122426946e-05,0.632350756137,51359,8204093,82040,81218,True,7
tomo_sample_2_051_rec,recon_00822.tiff,822,100,0.5,-0.000578541659925,0.000854017817474,-5.32365748932e-05,-5.33429019418e-05,-5.05342250108e-05,-5.5436935123e-05,7.30221720857e-05,0.367015917305,29808,0.000377333318275,0.000377392465417,0.00037210440496,0.000362237705378,8.18039029812e-05,0.632984082695,51410,8204093,82040,81218,True,7
tomo_sample_2_051_rec,recon_00823.tiff,823,100,0.5,-0.000592581441742,0.000856314918783,-5.33532936606e-05,-5.34276088137e-05,-5.09212259203e-05,-5.1645046065e-05,7.30185345773e-05,0.361842367887,29393,0.000377270588363,0.000377353340256,0.000371944828657,0.000355393028284,8.21350995081e-05,0.638157632113,51825,8204092,82040,81218,True,7
tomo_sample_2_051_rec,recon_00824.tiff,824,100,0.5,-0.000577171515906,0.000853787346277,-5.29356610243e-05,-5.29951467648e-05,-5.01162685396e-05,-5.74328378914e-05,7.21127611706e-05,0.364004958179,29570,0.000377113202529,0.000377199261628,0.000372433452867,0.000389826298697,8.14332337221e-05,0.635995041821,51648,8204093,82040,81218,True,7
tomo_sample_2_051_rec,recon_00825.tiff,825,100,0.5,-0.000600406520825,0.000855406782648,-5.31850738488e-05,-5.33129343559e-05,-5.05421267007e-05,-5.37578055862e-05,7.47111502432e-05,0.365462582445,29679,0.000377706171394,0.000377753548418,0.000372425944079,0.000368659652319,8.11671151753e-05,0.634537417555,51539,8204093,82040,81218,True,7
tomo_sample_2_051_rec,recon_00826.tiff,826,100,0.5,-0.000644984965038,0.000860291658319,-5.37720939322e-05,-5.39362858526e-05,-5.03715455125e-05,-5.38444804811e-05,7.62030840785e-05,0.363090293303,29484,0.000377710437829,0.000377758412644,0.000372390873963,0.000387572702544,8.25706152263e-05,0.636909706697,51734,8204093,82040,81218,True,7
tomo_sample_2_051_rec,recon_00827.tiff,827,100,0.5,-0.000583421273914,0.000837698621908,-5.31134750158e-05,-5.31657886398e-05,-5.04081144754e-05,-4.030093808e-05,7.26679841852e-05,0.363664121399,29543,0.000377482927787,0.000377570560295,0.000372771202819,0.000369943710816,8.08858501856e-05,0.636335878601,51675,8204093,82040,81218,True,7
tomo_sample_2_051_rec,recon_00828.tiff,828,100,0.5,-0.000574187611346,0.000880707106262,-5.27934303076e-05,-5.27925200857e-05,-4.97698711115e-05,-5.77761164381e-05,7.23348885295e-05,0.362190292092,29433,0.000377680984081,0.000377818697837,0.000372281094315,0.000373276935999,8.30689259175e-05,0.637809707908,51785,8204093,82040,81218,True,7
tomo_sample_2_051_rec,recon_00829.tiff,829,100,0.5,-0.000571130893368,0.000872792124865,-5.2333035785e-05,-5.23381154164e-05,-4.98443459946e-05,-5.88237195507e-05,7.28089454858e-05,0.359668816824,29228,0.000378466277561,0.000378605176306,0.000373584261979,0.000369919123975,8.3299716772e-05,0.640331183176,51990,8204092,82040,81218,True,7
tomo_sample_2_051_rec,recon_00830.tiff,830,100,0.5,-0.000579116273148,0.000843275053485,-5.28928450638e-05,-5.28770149484e-05,-5.03548289998e-05,-4.94591052688e-05,7.25367918614e-05,0.365475415406,29701,0.00037702565345,0.000377165218905,0.000372411450371,0.000376672106446,8.1187291147e-05,0.634524584594,51517,8204093,82040,81218,True,7
tomo_sample_2_051_rec,recon_00831.tiff,831,100,0.5,-0.000613107017707,0.000861483250628,-5.29650782752e-05,-5.30316440218e-05,-5.04723684571e-05,-4.1313304849e-05,7.28986709971e-05,0.363911343215,29561,0.000377822142803,0.000377900669109,0.000372942682588,0.000364939656053,8.14387761002e-05,0.636088656785,51657,8204093,82040,81218,True,7
tomo_sample_2_051_rec,recon_00832.tiff,832,100,0.5,-0.000568735147826,0.000875032263866,-5.29881468314e-05,-5.30880739377e-05,-5.00910537085e-05,-5.3298673887e-05,7.20587743509e-05,0.366188249301,29740,0.0003774930157,0.000377541737565,0.000372505994164,0.000372141757609,8.154471788e-05,0.633811750699,51478,8204092,82040,81218,True,7
tomo_sample_2_051_rec,recon_00833.tiff,833,100,0.5,-0.000543102352822,0.000855047777586,-5.23567167149e-05,-5.23502745681e-05,-4.98650952068e-05,-3.89495543674e-05,7.03868372471e-05,0.362592664933,29465,0.000377626262683,0.00037775510458,0.000372688024072,0.000371339362041,8.20474806985e-05,0.637407335067,51753,8204093,82040,81218,True,7
tomo_sample_2_051_rec,recon_00834.tiff,834,100,0.5,-0.000577124024858,0.000864179805503,-5.33099054228e-05,-5.33001730722e-05,-5.09794244863e-05,-6.30480245861e-05,7.20493573636e-05,0.362234093483,29436,0.00037797581888,0.000378104143046,0.000372861875803,0.000366324445354,8.17395425224e-05,0.637765906517,51782,8204093,82040,81218,True,7
tomo_sample_2_051_rec,recon_00835.tiff,835,100,0.5,-0.000550495939679,0.000849943690409,-5.30548360021e-05,-5.31257932176e-05,-5.05190564581e-05,-4.25964615495e-05,7.13548030433e-05,0.36330312097,29510,0.000377580510698,0.000377648049039,0.000372701251763,0.000360134682697,8.10200068901e-05,0.63669687903,51708,8204093,82040,81218,True,7
tomo_sample_2_051_rec,recon_00836.tiff,836,100,0.5,-0.000584598128335,0.000866607634816,-5.35726494135e-05,-5.36520330081e-05,-5.09598830831e-05,-3.68637350845e-05,7.37018020739e-05,0.361391747428,29355,0.000378218722039,0.000378292669229,0.00037330732448,0.00037374378773,8.14763038574e-05,0.638608252572,51863,8204093,82040,81218,True,7
tomo_sample_2_051_rec,recon_00837.tiff,837,100,0.5,-0.000559763487545,0.000861656645429,-5.29974426844e-05,-5.30258874188e-05,-5.02872808283e-05,-4.58969046274e-05,7.07152062817e-05,0.364878379811,29644,0.00037812049019,0.000378214645249,0.00037306905142,0.000360089209,8.14767755856e-05,0.635121620189,51574,8204093,82040,81218,True,7
tomo_sample_2_051_rec,recon_00838.tiff,838,100,0.5,-0.000580844801443,0.000820776639739,-5.32914715488e-05,-5.33947920623e-05,-5.09326855536e-05,-4.3005781743e-05,7.22112986975e-05,0.361391433259,29350,0.000377037781065,0.000377083888748,0.000372417693143,0.000358072262048,7.99600717297e-05,0.638608566741,51868,8204093,82040,81218,True,7
tomo_sample_2_051_rec,recon_00839.tiff,839,100,0.5,-0.000558101934439,0.000869175152329,-5.41899998405e-05,-5.42135951576e-05,-5.13591257914e-05,-6.33595062204e-05,7.14022246489e-05,0.365035969816,29657,0.000378210494139,0.000378303806742,0.000373308314011,0.000360704737031,8.08471952869e-05,0.634964030184,51561,8204093,82040,81218,True,7
tomo_sample_2_051_rec,recon_00840.tiff,840,100,0.5,-0.000570989273838,0.000857120797446,-5.28722939881e-05,-5.29163285885e-05,-5.06786491314e-05,-6.29249742953e-05,7.08479331218e-05,0.360496445917,29285,0.000378654924506,0.00037873127044,0.000373384827981,0.00035877364559,8.08648001102e-05,0.639503554083,51933,8204093,82040,81218,True,7
tomo_sample_2_051_rec,recon_00841.tiff,841,100,0.5,-0.000577926150872,0.000847367107635,-5.33324781916e-05,-5.34292514686e-05,-5.02553866681e-05,-3.46572087511e-05,7.20532753208e-05,0.360327748538,29264,0.000377591280527,0.000377636673627,0.000372639711713,0.000362247629428,8.03418264082e-05,0.639672251462,51954,8204093,82040,81218,True,7
tomo_sample_2_051_rec,recon_00842.tiff,842,100,0.5,-0.000589475502202,0.000869467050361,-5.35516607611e-05,-5.36471581816e-05,-5.00248570461e-05,-4.38159277553e-05,7.31012997428e-05,0.36405783737,29567,0.000378321554279,0.00037836744592,0.000372689246433,0.000368427685987,8.12282996565e-05,0.63594216263,51651,8204093,82040,81218,True,7
tomo_sample_2_051_rec,recon_00843.tiff,843,100,0.5,-0.000535185477347,0.000838786431996,-5.28808116578e-05,-5.28785977731e-05,-5.1440722018e-05,-5.26440748985e-05,6.84208140889e-05,0.360656176829,29304,0.000377426925231,0.000377527020349,0.000372663984308,0.000384113595078,7.96468208377e-05,0.639343823171,51914,8204093,82040,81218,True,7
tomo_sample_2_051_rec,recon_00844.tiff,844,100,0.5,-0.000566242639325,0.000862058530329,-5.36531115158e-05,-5.37161453798e-05,-5.11148846272e-05,-4.57127747993e-05,7.06887698883e-05,0.361738935233,29382,0.000377576071602,0.000377630827956,0.000373188740923,0.000368880476389,7.97397241068e-05,0.638261064767,51836,8204093,82040,81218,True,7
tomo_sample_2_051_rec,recon_00845.tiff,845,100,0.5,-0.000568490086298,0.00087299964187,-5.22804631232e-05,-5.22931756062e-05,-4.96904322063e-05,-4.48258621487e-05,7.01612822685e-05,0.363579400725,29539,0.000378718100427,0.000378807166545,0.000373575778212,0.000356498206771,8.04206593558e-05,0.636420599275,51679,8204093,82040,81218,True,7
tomo_sample_2_051_rec,recon_00846.tiff,846,100,0.5,-0.000589164777775,0.000866685652582,-5.33789392155e-05,-5.3446173184e-05,-5.05963816977e-05,-6.04352117611e-05,7.18321562621e-05,0.361205513009,29340,0.000378116318579,0.000378184374799,0.000373126938939,0.00037696612788,8.12224911835e-05,0.638794486991,51878,8204093,82040,81218,True,7
tomo_sample_2_051_rec,recon_00847.tiff,847,100,0.5,-0.000557129818772,0.000866731696879,-5.31574973188e-05,-5.32037058734e-05,-5.02896346006e-05,-5.94660277642e-05,6.97808455332e-05,0.362333884785,29432,0.000378728841252,0.00037878818368,0.000373426795704,0.000373659526679,8.05956825589e-05,0.637666115215,51786,8204093,82040,81218,True,7
tomo_sample_2_051_rec,recon_00848.tiff,848,100,0.5,-0.000564397739945,0.000861842910235,-5.31430858831e-05,-5.31897868849e-05,-5.05573298142e-05,-6.1403952772e-05,7.07421558951e-05,0.363023780968,29488,0.000379011575631,0.000379071066379,0.00037430334487,0.000377391796859,7.96654858948e-05,0.636976219032,51730,8204093,82040,81218,True,6
tomo_sample_2_051_rec,recon_00849.tiff,849,100,0.5,-0.000569184839551,0.000850355632429,-5.29936309464e-05,-5.31407382266e-05,-5.00747628394e-05,-4.8838929401e-05,7.01809313662e-05,0.360013743895,29230,0.000378134801622,0.000378137931746,0.000373333052266,0.000358790952788,8.03519777932e-05,0.639986256105,51988,8204093,82040,81218,True,7
tomo_sample_2_051_rec,recon_00850.tiff,850,100,0.5,-0.000568224490853,0.000842980629532,-5.43993024843e-05,-5.44865194834e-05,-5.10336631123e-05,-4.22364257752e-05,7.08577793626e-05,0.363659331429,29534,0.000378346310964,0.000378382053264,0.000373320348444,0.000383165024124,8.04687321749e-05,0.636340668571,51684,8204092,82040,81218,True,6
tomo_sample_2_051_rec,recon_00851.tiff,851,100,0.5,-0.000583732301602,0.000851156759309,-5.32408884156e-05,-5.32804523261e-05,-5.06294272782e-05,-5.34767460181e-05,7.02258857915e-05,0.362200660738,29422,0.000378625852445,0.000378688237215,0.000373794435291,0.000363898398502,8.00140256201e-05,0.637799339262,51796,8204093,82040,81218,True,7
tomo_sample_2_051_rec,recon_00852.tiff,852,100,0.5,-0.000584935780498,0.000858391500951,-5.46947759027e-05,-5.47539185142e-05,-5.19287332281e-05,-5.24627770509e-05,7.07304081868e-05,0.362209787122,29420,0.000378579048484,0.000378629750081,0.000373260874767,0.000368797971386,7.99343008745e-05,0.637790212878,51798,8204093,82040,81218,True,7
tomo_sample_2_051_rec,recon_00853.tiff,853,100,0.5,-0.000565712379466,0.000834372616955,-5.35282057798e-05,-5.35795948427e-05,-5.06384130858e-05,-4.18432752682e-05,6.98150770261e-05,0.360274964534,29263,0.000378522592748,0.000378569731527,0.000373563409084,0.000373841499502,7.81685154219e-05,0.639725035466,51955,8204093,82040,81218,True,7
tomo_sample_2_051_rec,recon_00854.tiff,854,100,0.5,-0.000584686826915,0.000839448005427,-5.45299485098e-05,-5.4613531173e-05,-5.14898019901e-05,-6.18266923397e-05,7.16052890051e-05,0.360585353176,29284,0.000379083530999,0.000379113784955,0.000374387265765,0.000370840816363,7.9207177659e-05,0.639414646824,51934,8204093,82040,81218,True,7
tomo_sample_2_051_rec,recon_00855.tiff,855,100,0.5,-0.000550179179991,0.00084006899182,-5.32995230723e-05,-5.33022000302e-05,-5.08335397171e-05,-4.40352868931e-05,6.90104201561e-05,0.363625767919,29543,0.000378714051148,0.000378799537947,0.000373661780031,0.000371414999586,7.97407082511e-05,0.636374232081,51675,8204093,82040,81218,True,7
tomo_sample_2_051_rec,recon_00856.tiff,856,100,0.5,-0.000575967503537,0.000842721597292,-5.42978968441e-05,-5.43540058757e-05,-5.19547429576e-05,-5.79617643289e-05,7.02172657817e-05,0.362188201617,29419,0.000379032624753,0.000379087903971,0.000373606570065,0.000379416286528,8.04810780062e-05,0.637811798383,51799,8204093,82040,81218,True,7
tomo_sample_2_051_rec,recon_00857.tiff,857,100,0.5,-0.000588585498626,0.000840695709339,-5.40042894076e-05,-5.40692323439e-05,-5.14220591867e-05,-5.38325824522e-05,7.12325446088e-05,0.363358188849,29513,0.000379525101835,0.000379577050583,0.000374717928935,0.000358096872757,7.97688853058e-05,0.636641811151,51705,8204093,82040,81218,True,7
tomo_sample_2_051_rec,recon_00858.tiff,858,100,0.5,-0.000619344111474,0.000835067103326,-5.44002236795e-05,-5.44947933387e-05,-5.15732681379e-05,-4.05116293005e-05,7.2780702572e-05,0.361447698854,29353,0.000379192079209,0.000379220025903,0.000374461320462,0.000369403467029,7.87558116762e-05,0.638552301146,51865,8204093,82040,81218,True,7
tomo_sample_2_051_rec,recon_00859.tiff,859,100,0.5,-0.000585830413911,0.000847632437944,-5.4521702276e-05,-5.46043105786e-05,-5.15745086886e-05,-5.23479333929e-05,7.09573113534e-05,0.363125930842,29491,0.000379240162217,0.000379275839569,0.000374160852516,0.000366929403274,7.99455799074e-05,0.636874069158,51727,8204093,82040,81218,True,6
tomo_sample_2_051_rec,recon_00860.tiff,860,100,0.5,-0.000575715727173,0.0008518278884,-5.46425631062e-05,-5.47164972222e-05,-5.13658160344e-05,-5.04794354299e-05,7.02393034952e-05,0.359325386047,29183,0.000378898770784,0.000378934493296,0.000373906194,0.000373369760227,7.96821443182e-05,0.640674613953,52035,8204093,82040,81218,True,7
tomo_sample_2_051_rec,recon_00861.tiff,861,100,0.5,-0.000539131558326,0.000845237819594,-5.3956579369e-05,-5.3983258133e-05,-5.1164703109e-05,-4.97924388583e-05,6.8166911821e-05,0.361900450933,29398,0.00037877626691,0.000378834568233,0.000373937175027,0.000378643476291,7.87383571296e-05,0.638099549067,51820,8204093,82040,81218,True,7
tomo_sample_2_051_rec,recon_00862.tiff,862,100,0.5,-0.00055577471474,0.000870560288022,-5.48479868549e-05,-5.48637885052e-05,-5.25552404724e-05,-6.52152563733e-05,6.84083025294e-05,0.362234497049,29428,0.000380183290698,0.000380259793141,0.000374632727471,0.00037917785513,8.17671582013e-05,0.637765502951,51790,8204093,82040,81218,True,7
tomo_sample_2_051_rec,recon_00863.tiff,863,100,0.5,-0.000577409595135,0.000851395384816,-5.41420714447e-05,-5.42025819835e-05,-5.18894175912e-05,-5.46309472534e-05,6.86993255025e-05,0.360946811328,29316,0.000379438702568,0.000379478076025,0.000374242823455,0.000356985100564,7.99074346303e-05,0.639053188672,51902,8204093,82040,81218,True,7
tomo_sample_2_051_rec,recon_00864.tiff,864,100,0.5,-0.000566708314291,0.000876298200164,-5.52678939211e-05,-5.52463742836e-05,-5.23228409293e-05,-5.62041705692e-05,7.00778071159e-05,0.360826467062,29319,0.000380154725243,0.000380254958125,0.000374741211999,0.000368866813897,8.0629824085e-05,0.639173532938,51899,8204093,82040,81218,True,7
tomo_sample_2_051_rec,recon_00865.tiff,865,100,0.5,-0.000582893955871,0.000865746650088,-5.3808098419e-05,-5.38981283214e-05,-5.05430871272e-05,-6.06307867149e-05,7.03588938805e-05,0.361294163851,29341,0.000379872456434,0.000379901729428,0.000374591909349,0.000370630079686,8.06233946723e-05,0.638705836149,51877,8204093,82040,81218,True,7
tomo_sample_2_051_rec,recon_00866.tiff,866,100,0.5,-0.000560160647728,0.000840335513058,-5.37951151079e-05,-5.38644197535e-05,-5.07289514644e-05,-5.30170891412e-05,6.96206411198e-05,0.361236475401,29338,0.000379676067151,0.000379707705087,0.000374957089662,0.000383380754995,7.83684548796e-05,0.638763524599,51880,8204093,82040,81218,True,7
tomo_sample_2_051_rec,recon_00867.tiff,867,100,0.5,-0.000600986194622,0.000861575664021,-5.43426771564e-05,-5.44172293232e-05,-5.08378652739e-05,-4.48082819305e-05,7.12597865022e-05,0.364784206626,29626,0.000380371945382,0.000380405961771,0.000374975366867,0.000376345898381,8.00279008252e-05,0.635215793374,51592,8204093,82040,81218,True,7
tomo_sample_2_051_rec,recon_00868.tiff,868,100,0.5,-0.000609992663667,0.000864527770027,-5.41935584828e-05,-5.42728740309e-05,-5.09401907038e-05,-5.38246434228e-05,7.23327615484e-05,0.362375110512,29431,0.000379429549941,0.000379471429387,0.000374424125766,0.000381271046252,7.93915555273e-05,0.637624889488,51787,8204093,82040,81218,True,7
tomo_sample_2_051_rec,recon_00869.tiff,869,100,0.5,-0.000583839993342,0.000852927192172,-5.45189110735e-05,-5.45763762312e-05,-5.14670446137e-05,-2.96160145002e-05,6.97700873709e-05,0.362837141542,29470,0.000379951162223,0.00037999306511,0.00037486947258,0.000366363931722,7.985201773e-05,0.637162858458,51748,8204093,82040,81218,True,7
tomo_sample_2_051_rec,recon_00870.tiff,870,100,0.5,-0.000571753786062,0.000863684597425,-5.42527717332e-05,-5.43153068555e-05,-5.19454479218e-05,-5.37761100541e-05,6.8237132002e-05,0.36319141421,29498,0.000379964336404,0.00038000268693,0.000375032570446,0.000383799978016,8.02907577995e-05,0.63680858579,51720,8204093,82040,81218,True,7
tomo_sample_2_051_rec,recon_00871.tiff,871,100,0.5,-0.000536541723122,0.000851199388271,-5.46314350041e-05,-5.46524258896e-05,-5.20243920619e-05,-5.64405222459e-05,6.811043783e-05,0.360454227251,29281,0.000379114899997,0.000379173740635,0.000373831746401,0.000365452177001,7.87156343265e-05,0.639545772749,51937,8204093,82040,81218,True,7
tomo_sample_2_051_rec,recon_00872.tiff,872,100,0.5,-0.000557478318806,0.00086359232344,-5.45017497361e-05,-5.45523879645e-05,-5.17188291269e-05,-3.83298506677e-05,6.88400044258e-05,0.366336443255,29754,0.000380240190675,0.000380276958085,0.000375156538212,0.000368616876317,7.9260397558e-05,0.633663556745,51464,8204093,82040,81218,True,7
tomo_sample_2_051_rec,recon_00873.tiff,873,100,0.5,-0.000592158173968,0.000857378571527,-5.56224556006e-05,-5.57026225523e-05,-5.2155002777e-05,-3.61242895863e-05,7.14915975938e-05,0.363635705012,29531,0.000379985108188,0.000380007610762,0.00037440052256,0.000370646708305,7.98472990754e-05,0.636364294988,51687,8204092,82040,81218,True,7
tomo_sample_2_051_rec,recon_00874.tiff,874,100,0.5,-0.000577855143056,0.000886784758768,-5.5758871968e-05,-5.57913277462e-05,-5.268525274e-05,-6.81512709228e-05,7.0013817512e-05,0.359185788924,29177,0.000380496956927,0.00038055412222,0.00037498617894,0.000371202416076,8.05562645188e-05,0.640814211076,52041,8204093,82040,81218,True,7
tomo_sample_2_051_rec,recon_00875.tiff,875,100,0.5,-0.000569201883918,0.000898363547749,-5.53491172007e-05,-5.54289929684e-05,-5.25591276528e-05,-4.23006170998e-05,6.94121804723e-05,0.360815730167,29302,0.000380667986403,0.000380690124721,0.000374787734472,0.00037465533826,8.09996595332e-05,0.639184269833,51916,8204093,82040,81218,True,7
tomo_sample_2_051_rec,recon_00876.tiff,876,100,0.5,-0.00061559668713,0.000873084106424,-5.53930792229e-05,-5.54855243424e-05,-5.16138279636e-05,-5.288038114e-05,7.19765967664e-05,0.36417628158,29574,0.000380585165592,0.00038060712873,0.000375159987016,0.000361848169155,8.08241346298e-05,0.63582371842,51644,8204093,82040,81218,True,7
tomo_sample_2_051_rec,recon_00877.tiff,877,100,0.5,-0.000607910810795,0.000868032950966,-5.54248847158e-05,-5.54938355104e-05,-5.22811515111e-05,-4.75526518528e-05,7.1502103131e-05,0.361107799021,29328,0.000380699636483,0.000380734797943,0.000375145769794,0.000382202826317,7.99800265465e-05,0.638892200979,51890,8204093,82040,81218,True,7
tomo_sample_2_051_rec,recon_00878.tiff,878,100,0.5,-0.000575527398905,0.00085821517976,-5.5221646376e-05,-5.52793500843e-05,-5.21964902873e-05,-3.52645059042e-05,6.78055170844e-05,0.363079472822,29488,0.000380172972422,0.000380200911401,0.000374926690711,0.000378219441694,7.95436760049e-05,0.636920527178,51730,8204093,82040,81218,True,7
tomo_sample_2_051_rec,recon_00879.tiff,879,100,0.5,-0.000628470241209,0.000875417572679,-5.67576542706e-05,-5.68612492577e-05,-5.26497060491e-05,-6.99374336233e-05,7.39271668322e-05,0.362347477084,29424,0.000380918531104,0.00038093397042,0.000375292976969,0.000363402791312,8.02712700466e-05,0.637652522916,51794,8204093,82040,81218,True,7
tomo_sample_2_051_rec,recon_00880.tiff,880,100,0.5,-0.00058809969225,0.000883390838571,-5.4566535498e-05,-5.46141674611e-05,-5.18333254149e-05,-4.11278254774e-05,6.90667974334e-05,0.363631324885,29535,0.000380106120388,0.000380146721714,0.000374565395759,0.000349874779364,8.02937682654e-05,0.636368675115,51683,8204093,82040,81218,True,7
tomo_sample_2_051_rec,recon_00881.tiff,881,100,0.5,-0.000589939459169,0.000865722009912,-5.505726903e-05,-5.51171145922e-05,-5.16219115525e-05,-4.05355883361e-05,7.16195435374e-05,0.362524439485,29444,0.00038074584767,0.000380784007141,0.000375227391487,0.0003542124335,7.94229151031e-05,0.637475560515,51774,8204093,82040,81218,True,7
tomo_sample_2_051_rec,recon_00882.tiff,882,100,0.5,-0.000586429036921,0.000872315959423,-5.61244467434e-05,-5.61923940937e-05,-5.29172284587e-05,-4.41720128143e-05,6.95251450274e-05,0.361896980563,29391,0.000380728579077,0.000380754055556,0.000374783121515,0.000376067418565,8.02850702866e-05,0.638103019437,51827,8204093,82040,81218,True,7
tomo_sample_2_051_rec,recon_00883.tiff,883,100,0.5,-0.000580344201007,0.000867478251457,-5.51802864909e-05,-5.52647935709e-05,-5.2485956985e-05,-4.15768104418e-05,6.86342187396e-05,0.360969311219,29313,0.000379790751388,0.000379803233369,0.000374138355255,0.000367262081318,7.93743718968e-05,0.639030688781,51905,8204092,82040,81218,True,7
tomo_sample_2_051_rec,recon_00884.tiff,884,100,0.5,-0.000609633987187,0.000880112772575,-5.49690893817e-05,-5.50222208559e-05,-5.175503793e-05,-6.33490263257e-05,7.13526237638e-05,0.364040762605,29568,0.000381091708703,0.000381133415463,0.000375934774638,0.000375345222444,7.95972051408e-05,0.635959237395,51650,8204093,82040,81218,True,7
tomo_sample_2_051_rec,recon_00885.tiff,885,100,0.5,-0.000606832743797,0.000881475964561,-5.57525453398e-05,-5.57961001907e-05,-5.26541225554e-05,-6.17942714822e-05,7.09985212581e-05,0.362921685835,29478,0.000381618269549,0.000381661905512,0.000376112075173,0.000369468435314,8.00178030129e-05,0.637078314165,51740,8204093,82040,81218,True,7
tomo_sample_2_051_rec,recon_00886.tiff,886,100,0.5,-0.00054811107897,0.000875168078055,-5.56571192558e-05,-5.56292969853e-05,-5.2939150919e-05,-5.14718705858e-05,6.8164335835e-05,0.359578429532,29217,0.000380267426943,0.000380358754534,0.00037510911352,0.0003789865385,7.95835375154e-05,0.640421570468,52001,8204093,82040,81218,True,7
tomo_sample_2_051_rec,recon_00887.tiff,887,100,0.5,-0.000606931932271,0.000869397072529,-5.49583252978e-05,-5.49790343765e-05,-5.17338739883e-05,-5.86745588563e-05,7.02999491581e-05,0.366874501702,29803,0.000380616536632,0.0003806809531,0.000375475152396,0.000371967662038,7.94467190214e-05,0.633125498298,51415,8204093,82040,81218,True,7
tomo_sample_2_051_rec,recon_00888.tiff,888,100,0.5,-0.000566375225317,0.000858736516093,-5.46639976643e-05,-5.47215842071e-05,-5.19354252901e-05,-5.02370589727e-05,6.86968104253e-05,0.363944144482,29558,0.000380547895905,0.000380573974422,0.000375208852347,0.000372320486589,7.87397219413e-05,0.636055855518,51660,8204093,82040,81218,True,6
tomo_sample_2_051_rec,recon_00889.tiff,889,100,0.5,-0.000601456543955,0.000887311219121,-5.46522053682e-05,-5.46840126653e-05,-5.19686127518e-05,-5.45059026362e-05,6.90017788731e-05,0.363940334647,29562,0.000381138493635,0.000381186172447,0.00037560252531,0.000380191380799,7.96647762878e-05,0.636059665353,51656,8204093,82040,81218,True,7
tomo_sample_2_051_rec,recon_00890.tiff,890,100,0.5,-0.000558616298949,0.000849077901803,-5.59880831e-05,-5.60534380044e-05,-5.28374257556e-05,-6.95145769374e-05,6.83012266983e-05,0.364714898523,29619,0.000380270224308,0.000380287324354,0.000375085161068,0.000377987120061,7.81847360887e-05,0.635285101477,51599,8204093,82040,81218,True,7
tomo_sample_2_051_rec,recon_00891.tiff,891,100,0.5,-0.000601916336454,0.000864719958045,-5.53254422111e-05,-5.54451022082e-05,-5.3011579439e-05,-6.9222379432e-05,6.9261825012e-05,0.367770255426,29860,0.000380297333239,0.000380285776864,0.000375216812245,0.000375669092602,7.811198315e-05,0.632229744574,51358,8204093,82040,81218,True,7
tomo_sample_2_051_rec,recon_00892.tiff,892,100,0.5,-0.000637227112602,0.000865693815285,-5.7143681921e-05,-5.72180972399e-05,-5.31973746547e-05,-6.53141663372e-05,7.41724871902e-05,0.364039673382,29565,0.000380897369483,0.000380926613241,0.000375671719667,0.000368128056921,7.86522922316e-05,0.635960326618,51653,8204093,82040,81218,True,6
tomo_sample_2_051_rec,recon_00893.tiff,893,100,0.5,-0.000608994625509,0.000867257494538,-5.57316164907e-05,-5.58118859e-05,-5.2187275287e-05,-4.42880728807e-05,7.01038656424e-05,0.365006704835,29641,0.000380739091991,0.000380750402915,0.000375739560695,0.000386760800886,7.84556809514e-05,0.634993295165,51577,8204093,82040,81218,True,7
tomo_sample_2_051_rec,recon_00894.tiff,894,100,0.5,-0.000584979736304,0.000872911490151,-5.41860441484e-05,-5.42464516974e-05,-5.09042765771e-05,-5.68429483841e-05,6.94642966135e-05,0.362838360622,29468,0.00038098669823,0.000381012636735,0.000375604620785,0.00037321174781,7.88994051389e-05,0.637161639378,51750,8204092,82040,81218,True,7
tomo_sample_2_051_rec,recon_00895.tiff,895,100,0.5,-0.000619642142265,0.000871762462484,-5.51971902554e-05,-5.52814263034e-05,-5.13860832143e-05,-4.69460721337e-05,7.09020880303e-05,0.364021590245,29561,0.000381588568962,0.000381602059305,0.000375976436771,0.000376570481376,7.96904265654e-05,0.635978409755,51657,8204093,82040,81218,True,7
tomo_sample_2_051_rec,recon_00896.tiff,896,100,0.5,-0.000627804675605,0.000865389951505,-5.68248240199e-05,-5.68744612119e-05,-5.31460664206e-05,-5.70019060992e-05,7.22014371434e-05,0.364813084168,29630,0.00038104855363,0.000381082248675,0.000375161107513,0.000375607104239,7.90104963678e-05,0.635186915832,51588,8204093,82040,81218,True,6
tomo_sample_2_051_rec,recon_00897.tiff,897,100,0.5,-0.000600558728329,0.000853666265029,-5.55472695556e-05,-5.55856037447e-05,-5.20231333212e-05,-4.56832957019e-05,7.14976406939e-05,0.364188283399,29581,0.00038124465282,0.000381286542258,0.000376005540602,0.000377156911682,7.81918559334e-05,0.635811716601,51637,8204093,82040,81218,True,6
tomo_sample_2_051_rec,recon_00898.tiff,898,100,0.5,-0.000625327633461,0.000867389311024,-5.4943720397e-05,-5.50095801528e-05,-5.14965940965e-05,-5.07737862546e-05,7.10728596342e-05,0.366576272017,29771,0.000381513281238,0.000381537889464,0.000375854520826,0.000382966488836,7.90566834265e-05,0.633423727983,51447,8204093,82040,81218,True,6
tomo_sample_2_051_rec,recon_00899.tiff,899,100,0.5,-0.000598523133085,0.000878032974433,-5.51802578336e-05,-5.52388341082e-05,-5.16996624356e-05,-6.16495982874e-05,6.99953722558e-05,0.364181733849,29578,0.000381548014026,0.000381580617228,0.000375559233362,0.000366847912693,7.96756040227e-05,0.635818266151,51640,8204093,82040,81218,True,7
tomo_sample_2_051_rec,recon_00900.tiff,900,100,0.5,-0.000623558872903,0.000878813014424,-5.62000167621e-05,-5.62973664121e-05,-5.23048147443e-05,-4.79205021273e-05,7.22228733921e-05,0.365817424193,29707,0.000381423298259,0.000381445801629,0.00037578449701,0.000380527370654,8.05564634072e-05,0.634182575807,51511,8204093,82040,81218,True,7
tomo_sample_2_051_rec,recon_00901.tiff,901,100,0.5,-0.000670824389381,0.000884097283415,-5.64139641631e-05,-5.64938212237e-05,-5.24594033777e-05,-5.50149082557e-05,7.41886957538e-05,0.368541650766,29930,0.000382523454237,0.000382551092824,0.000375918869395,0.000365267581026,8.11548776165e-05,0.631458349234,51288,8204093,82040,81218,True,6
tomo_sample_2_051_rec,recon_00902.tiff,902,100,0.5,-0.000616285511351,0.000890391322027,-5.56007079922e-05,-5.57255629051e-05,-5.20034045621e-05,-4.13139560818e-05,7.09578938396e-05,0.36578780075,29699,0.0003820834545,0.000382074265774,0.000376409152523,0.000383128989735,8.09288521104e-05,0.63421219925,51519,8204093,82040,81218,True,7
tomo_sample_2_051_rec,recon_00903.tiff,903,100,0.5,-0.000635112643649,0.000852966259699,-5.52602522442e-05,-5.53168177324e-05,-5.18652541359e-05,-3.35875661905e-05,7.27293697153e-05,0.367172384857,29822,0.000381184172138,0.000381225428131,0.000375866220566,0.000359372418044,7.88889648554e-05,0.632827615143,51396,8204091,82040,81218,True,7
tomo_sample_2_051_rec,recon_00904.tiff,904,100,0.5,-0.000668421634182,0.00087936984346,-5.65258745575e-05,-5.66144207617e-05,-5.24320457771e-05,-5.93475600137e-05,7.55385744643e-05,0.362514998259,29440,0.000382126393247,0.000382153499753,0.000375847928808,0.000375493791723,7.99196789059e-05,0.637485001741,51778,8204093,82040,81218,True,6
tomo_sample_2_051_rec,recon_00905.tiff,905,100,0.5,-0.000620281792944,0.000891699267377,-5.52883416348e-05,-5.5308660921e-05,-5.18411106896e-05,-4.96779695612e-05,7.05428868599e-05,0.359836614444,29231,0.000381715825802,0.000381775920456,0.000375930045266,0.00037738289484,8.01150367646e-05,0.640163385556,51987,8204093,82040,81218,True,7
tomo_sample_2_051_rec,recon_00906.tiff,906,100,0.5,-0.000580717443081,0.000914437022584,-5.44128241933e-05,-5.44421202932e-05,-5.13905088155e-05,-5.38696047491e-05,6.90234973447e-05,0.363338396375,29514,0.00038295489233,0.000383008683996,0.000376447584131,0.000363472584562,8.16439444612e-05,0.636661603625,51704,8204093,82040,81218,True,7
tomo_sample_2_051_rec,recon_00907.tiff,907,100,0.5,-0.000607072151906,0.00090392086975,-5.52048899224e-05,-5.52790608304e-05,-5.19545810675e-05,-7.32539187104e-05,7.17188596739e-05,0.363391584814,29512,0.000382503166645,0.00038252909728,0.000376429408789,0.00036509545439,8.07857501912e-05,0.636608415186,51706,8204093,82040,81218,True,6
tomo_sample_2_051_rec,recon_00908.tiff,908,100,0.5,-0.000601618452638,0.00087768185098,-5.52443617716e-05,-5.52919045615e-05,-5.17406824656e-05,-4.1751507043e-05,7.10928657094e-05,0.361816102418,29388,0.000381809542834,0.000381853531764,0.000375727584469,0.000376038507915,8.0085174267e-05,0.638183897582,51830,8204092,82040,81218,True,7
tomo_sample_2_051_rec,recon_00909.tiff,909,100,0.5,-0.000627296319872,0.000899429299752,-5.59253651415e-05,-5.59782056758e-05,-5.20650792168e-05,-3.98767489454e-05,7.40673468612e-05,0.363300681558,29509,0.000382049214747,0.00038210008068,0.000375857955078,0.000362885301175,8.07463927323e-05,0.636699318442,51709,8204093,82040,81218,True,7
tomo_sample_2_051_rec,recon_00910.tiff,910,100,0.5,-0.000641835801653,0.000897502007138,-5.54451513339e-05,-5.55068289498e-05,-5.19035966136e-05,-5.94019939386e-05,7.24080172354e-05,0.364595439405,29612,0.00038103324055,0.000381071064248,0.000374631985324,0.000363780182029,7.9998431687e-05,0.635404560595,51606,8204093,82040,81218,True,6
tomo_sample_2_051_rec,recon_00911.tiff,911,100,0.5,-0.000578809131985,0.000898820187722,-5.45514401661e-05,-5.45613124019e-05,-5.11988291692e-05,-6.65741017572e-05,6.85943772136e-05,0.364600917356,29619,0.000381038572932,0.000381102004684,0.00037519109901,0.000363607267082,8.02744258272e-05,0.635399082644,51599,8204093,82040,81218,True,7
tomo_sample_2_051_rec,recon_00912.tiff,912,100,0.5,-0.000618750919821,0.000913605032256,-5.57082919231e-05,-5.57269790093e-05,-5.25306422787e-05,-5.03317621951e-05,7.02984311153e-05,0.363598459916,29537,0.000381553734815,0.000381617381886,0.000375718751457,0.000378606335886,8.11336471843e-05,0.636401540084,51681,8204093,82040,81218,True,7
tomo_sample_2_051_rec,recon_00913.tiff,913,100,0.5,-0.000579011313093,0.000893880499643,-5.50617061483e-05,-5.50852671825e-05,-5.15684296261e-05,-5.01298684748e-05,6.94143164654e-05,0.365001545213,29649,0.000382150313088,0.000382200353628,0.000376100972062,0.000360714480585,8.04805635965e-05,0.634998454787,51569,8204093,82040,81218,True,6
tomo_sample_2_051_rec,recon_00914.tiff,914,100,0.5,-0.000642597104888,0.000883055301965,-5.64739498816e-05,-5.64932983532e-05,-5.22934496985e-05,-5.17579898505e-05,7.39620785031e-05,0.363107877012,29497,0.000381118188106,0.000381180870168,0.000375120551325,0.000381670115202,7.89999885644e-05,0.636892122988,51721,8204093,82040,81218,True,6
tomo_sample_2_051_rec,recon_00915.tiff,915,100,0.5,-0.000584252059925,0.000873740177194,-5.50733081377e-05,-5.51177348735e-05,-5.20010144101e-05,-5.1881640349e-05,6.92853296721e-05,0.362974389331,29481,0.000381468039114,0.000381501337013,0.000375508796424,0.000375475168475,7.88040302035e-05,0.637025610669,51737,8204093,82040,81218,True,6
tomo_sample_2_051_rec,recon_00916.tiff,916,100,0.5,-0.000581684286299,0.000874332490785,-5.5739958308e-05,-5.57215583168e-05,-5.31907771801e-05,-5.56644773811e-05,6.83157314739e-05,0.365553773382,29700,0.000380057677912,0.000380135499043,0.000374570605345,0.00038295293559,7.84937729741e-05,0.634446226618,51518,8204093,82040,81218,True,7
tomo_sample_2_051_rec,recon_00917.tiff,917,100,0.5,-0.000587507117016,0.00089634335658,-5.56566333546e-05,-5.56824508625e-05,-5.2839925047e-05,-5.1964701548e-05,6.94499530889e-05,0.363171399993,29501,0.000381131138909,0.000381187632144,0.000375298637664,0.000379892534653,7.98171964735e-05,0.636828600007,51717,8204093,82040,81218,True,7
tomo_sample_2_051_rec,recon_00918.tiff,918,100,0.5,-0.000629505334946,0.000878068131278,-5.5876996598e-05,-5.591557365e-05,-5.24887564097e-05,-5.0795850051e-05,7.24898543305e-05,0.361702267862,29380,0.000380979501631,0.000381028882809,0.000375288407668,0.00037160280027,7.87210914316e-05,0.638297732138,51838,8204093,82040,81218,True,6
tomo_sample_2_051_rec,recon_00919.tiff,919,100,0.5,-0.000616892693215,0.000896695550182,-5.61410371945e-05,-5.61736276823e-05,-5.30031629751e-05,-6.69649802962e-05,7.068357907e-05,0.363495062781,29526,0.000382256528383,0.000382306167033,0.000375889940187,0.000364366126414,8.04823138432e-05,0.636504937219,51692,8204093,82040,81218,True,6
tomo_sample_2_051_rec,recon_00920.tiff,920,100,0.5,-0.00060261768027,0.000879013017984,-5.60081475994e-05,-5.60529640455e-05,-5.23162361787e-05,-4.30274372473e-05,7.17108963276e-05,0.36083221866,29308,0.000381615713673,0.000381657277874,0.000375617528334,0.000359680932568,7.95381783282e-05,0.63916778134,51910,8204093,82040,81218,True,6
tomo_sample_2_051_rec,recon_00921.tiff,921,100,0.5,-0.000672354741546,0.000894142430625,-5.59036014529e-05,-5.59644302478e-05,-5.18335400557e-05,-6.20321153235e-05,7.36151184393e-05,0.362334836245,29429,0.00038088540153,0.000380927467487,0.000374937517336,0.000374259849927,8.00646074978e-05,0.637665163755,51789,8204093,82040,81218,True,6
tomo_sample_2_051_rec,recon_00922.tiff,922,100,0.5,-0.000625814895902,0.000879761624383,-5.54965747712e-05,-5.56123904449e-05,-5.19476252521e-05,-4.92518795638e-05,7.19487078788e-05,0.364868724232,29626,0.000381113754339,0.00038111333608,0.000375130504835,0.000374711357195,7.94925116115e-05,0.635131275768,51592,8204093,82040,81218,True,7
tomo_sample_2_051_rec,recon_00923.tiff,923,100,0.5,-0.000604415476846,0.000889799050346,-5.49689008969e-05,-5.50045963025e-05,-5.23450671608e-05,-6.26565292524e-05,7.02708173683e-05,0.362797874278,29470,0.000380855415969,0.00038091180947,0.000374641313101,0.000366163101717,8.11481031699e-05,0.637202125722,51748,8204093,82040,81218,True,7
tomo_sample_2_051_rec,recon_00924.tiff,924,100,0.5,-0.000616347226023,0.000905413866858,-5.53525630184e-05,-5.53808930887e-05,-5.23573398823e-05,-5.26457784008e-05,7.01498069368e-05,0.360993871304,29324,0.00038070736998,0.000380763710486,0.000374505805667,0.000376874021978,8.0223381512e-05,0.639006128696,51894,8204093,82040,81218,True,7
tomo_sample_2_051_rec,recon_00925.tiff,925,100,0.5,-0.000637660902285,0.000900477942487,-5.50319786882e-05,-5.50261670092e-05,-5.1641905884e-05,-4.22300362185e-05,7.23955799986e-05,0.363044145952,29497,0.000381469334398,0.000381561222598,0.000375496514607,0.000363931461499,8.11942324272e-05,0.636955854048,51721,8204093,82040,81218,True,7
tomo_sample_2_051_rec,recon_00926.tiff,926,100,0.5,-0.000626396727457,0.000910281643446,-5.57368834127e-05,-5.57571761111e-05,-5.24447241332e-05,-4.0220514407e-05,7.08089172476e-05,0.363405879624,29522,0.000381411313526,0.000381481260103,0.000375003641238,0.000384004695196,8.18166973261e-05,0.636594120376,51696,8204093,82040,81218,True,7
tomo_sample_2_051_rec,recon_00927.tiff,927,100,0.5,-0.000600095789996,0.000911019298655,-5.57643859164e-05,-5.57847612349e-05,-5.24425922777e-05,-4.36728860124e-05,7.15062528406e-05,0.364354398384,29599,0.000381622452212,0.000381692300888,0.000375178293325,0.000360690000833,8.095314561e-05,0.635645601616,51619,8204093,82040,81218,True,6
tomo_sample_2_051_rec,recon_00928.tiff,928,100,0.5,-0.000674635428877,0.000894532358798,-5.6357700146e-05,-5.64767443464e-05,-5.20127396157e-05,-5.95721353816e-05,7.69084122861e-05,0.362358589812,29425,0.000381554646694,0.000381579665913,0.000375367730157,0.000381439921412,8.07936586593e-05,0.637641410188,51793,8204093,82040,81218,True,7
tomo_sample_2_051_rec,recon_00929.tiff,929,100,0.5,-0.000694691934623,0.000874592548644,-5.60059653159e-05,-5.61299706483e-05,-5.12798051204e-05,-4.46874961947e-05,7.78226739252e-05,0.362060708732,29400,0.000380969915039,0.000380990967865,0.000375041388907,0.000384709576998,7.94663168632e-05,0.637939291268,51818,8204093,82040,81218,True,6
tomo_sample_2_051_rec,recon_00930.tiff,930,100,0.5,-0.000658457320533,0.000892102330981,-5.61822214113e-05,-5.62578236926e-05,-5.26973453816e-05,-4.43381627788e-05,7.40742979024e-05,0.362363563145,29430,0.000380560339698,0.000380599559547,0.000374493552954,0.000384322944768,8.03449089569e-05,0.637636436855,51788,8204093,82040,81218,True,7
tomo_sample_2_051_rec,recon_00931.tiff,931,100,0.5,-0.000642181481817,0.000897927612823,-5.5742930514e-05,-5.58545468641e-05,-5.1560375141e-05,-5.59806763036e-05,7.62401808627e-05,0.361594332294,29364,0.000381536499993,0.000381566240567,0.00037515477743,0.000376418652514,8.14754466104e-05,0.638405667706,51854,8204093,82040,81218,True,7
tomo_sample_2_051_rec,recon_00932.tiff,932,100,0.5,-0.000629791061801,0.000887970556214,-5.53962294152e-05,-5.5456364009e-05,-5.2027458878e-05,-4.99350203825e-05,7.32518553273e-05,0.360626358142,29291,0.000380653328863,0.000380701092182,0.000374341732822,0.000371713220903,8.06549462783e-05,0.639373641858,51927,8204093,82040,81218,True,7
tomo_sample_2_051_rec,recon_00933.tiff,933,100,0.5,-0.00069436553109,0.000889926059172,-5.64758812001e-05,-5.65915196005e-05,-5.26170915691e-05,-6.09781072935e-05,7.68699534981e-05,0.363756138348,29538,0.000380962329969,0.000380981480034,0.000374897557776,0.000369175103077,7.99726340759e-05,0.636243861652,51680,8204093,82040,81218,True,6
tomo_sample_2_051_rec,recon_00934.tiff,934,100,0.5,-0.000612099639548,0.000918962813157,-5.53254101027e-05,-5.5367248844e-05,-5.19371769769e-05,-5.45093629861e-05,7.05188375589e-05,0.359251287779,29182,0.00038155402,0.000381613827624,0.000374478317099,0.000374868281033,8.27934683912e-05,0.640748712221,52036,8204093,82040,81218,True,7
tomo_sample_2_051_rec,recon_00935.tiff,935,100,0.5,-0.00065070821438,0.000927529607434,-5.61894569987e-05,-5.62584686566e-05,-5.23065609741e-05,-3.64148989681e-05,7.52851370477e-05,0.361397542214,29354,0.000381186362992,0.000381242410063,0.00037438608706,0.000366582941819,8.20613415463e-05,0.638602457786,51864,8204093,82040,81218,True,7
tomo_sample_2_051_rec,recon_00936.tiff,936,100,0.5,-0.000639243918413,0.000906558616844,-5.5353127852e-05,-5.54625615865e-05,-5.17138614669e-05,-5.42911999367e-05,7.45748841059e-05,0.361021687704,29318,0.00038140185444,0.000381434560685,0.000375048257411,0.000369563441284,8.21404186423e-05,0.638978312296,51900,8204093,82040,81218,True,7
tomo_sample_2_051_rec,recon_00937.tiff,937,100,0.5,-0.000695014610537,0.000893066871213,-5.60238521623e-05,-5.61996975694e-05,-5.20186895301e-05,-4.55359501117e-05,7.7293339236e-05,0.362564198031,29434,0.000380908576848,0.000380901040465,0.000374912575353,0.000363240667563,8.08213857742e-05,0.637435801969,51784,8204093,82040,81218,True,7
tomo_sample_2_051_rec,recon_00938.tiff,938,100,0.5,-0.000628858666169,0.000898960269114,-5.57163236282e-05,-5.57588920812e-05,-5.23721701029e-05,-5.75482659428e-05,7.42655731492e-05,0.362606866664,29456,0.000380717046013,0.000380790135295,0.000374370385543,0.000367515718382,8.12820668191e-05,0.637393133336,51762,8204092,82040,81218,True,7
tomo_sample_2_051_rec,recon_00939.tiff,939,100,0.5,-0.000660937319917,0.000904708440357,-5.51414996167e-05,-5.51923058249e-05,-5.15975807502e-05,-5.09368061497e-05,7.46639947821e-05,0.363545359232,29531,0.0003806876489,0.000380755236705,0.000374199764337,0.000365619917422,8.13745855896e-05,0.636454640768,51687,8204093,82040,81218,True,7
tomo_sample_2_051_rec,recon_00940.tiff,940,100,0.5,-0.000664004659338,0.000890822011279,-5.55583098196e-05,-5.57152756985e-05,-5.1865754358e-05,-5.96721609236e-05,7.49032410154e-05,0.363705137879,29528,0.000380199436306,0.000380192966115,0.000374337483663,0.000355458144747,8.09199366909e-05,0.636294862121,51690,8204093,82040,81218,True,7
tomo_sample_2_051_rec,recon_00941.tiff,941,100,0.5,-0.000656285023433,0.000935861001199,-5.65917746079e-05,-5.66582712928e-05,-5.2861034419e-05,-6.03149989265e-05,7.41544361735e-05,0.362690397933,29460,0.000380896348974,0.000380959650939,0.000374358816771,0.000369694402512,8.32604168629e-05,0.637309602067,51758,8204093,82040,81218,True,7
tomo_sample_2_051_rec,recon_00942.tiff,942,100,0.5,-0.000634084796766,0.000875288534153,-5.56380550555e-05,-5.57644870973e-05,-5.2212673836e-05,-6.05287611993e-05,7.42265833641e-05,0.361363932474,29342,0.000380144519407,0.000380155078978,0.000374022100004,0.000362987936677,8.00816748268e-05,0.638636067526,51876,8204093,82040,81218,True,7
tomo_sample_2_051_rec,recon_00943.tiff,943,100,0.5,-0.000631534093409,0.000906688166142,-5.53880312978e-05,-5.53663674039e-05,-5.20419525856e-05,-6.6212148278e-05,7.2023165349e-05,0.365450214716,29696,0.00038136486721,0.000381478386978,0.000374880663003,0.000388598010225,8.33141118336e-05,0.634549785284,51522,8204092,82040,81218,True,7
tomo_sample_2_051_rec,recon_00944.tiff,944,100,0.5,-0.000671200180659,0.00088506218337,-5.53507017785e-05,-5.53863985449e-05,-5.19423447258e-05,-5.98144180109e-05,7.42899661952e-05,0.362807902603,29473,0.000379624268686,0.000379698969764,0.000373985967599,0.000383825964799,8.01354849642e-05,0.637192097397,51745,8204093,82040,81218,True,7
tomo_sample_2_051_rec,recon_00945.tiff,945,100,0.5,-0.000660767097434,0.000890949719469,-5.50200772814e-05,-5.5110004893e-05,-5.17263342772e-05,-5.96072874474e-05,7.48448426191e-05,0.363712197365,29540,0.000380468823788,0.00038052041965,0.00037426284689,0.000371079870353,8.14482501835e-05,0.636287802635,51678,8204093,82040,81218,True,7
tomo_sample_2_051_rec,recon_00946.tiff,946,100,0.5,-0.000622861445881,0.00089356335433,-5.41796530671e-05,-5.42097806154e-05,-5.16672189406e-05,-5.57235925567e-05,7.17706964232e-05,0.363039520883,29493,0.000380404030736,0.000380485535005,0.000374284689315,0.000359081640158,8.19143749888e-05,0.636960479117,51725,8204093,82040,81218,True,7
tomo_sample_2_051_rec,recon_00947.tiff,947,100,0.5,-0.000634817283426,0.000908302369062,-5.43419702003e-05,-5.43006192646e-05,-5.08810026076e-05,-4.60848106254e-05,7.31234345035e-05,0.363625804067,29552,0.000381710995649,0.000381848033618,0.000374798662961,0.000363027278695,8.36013831706e-05,0.636374195933,51666,8204093,82040,81218,True,7
tomo_sample_2_051_rec,recon_00948.tiff,948,100,0.5,-0.000593999593111,0.000881277128938,-5.43299130108e-05,-5.43687297488e-05,-5.1127097322e-05,-5.96045740955e-05,7.13446342275e-05,0.360287284675,29268,0.000379031964858,0.000379105447707,0.00037318484101,0.000366880558899,8.10851222448e-05,0.639712715325,51950,8204093,82040,81218,True,7
tomo_sample_2_051_rec,recon_00949.tiff,949,100,0.5,-0.000669922711677,0.000899997809611,-5.42450775448e-05,-5.42546252696e-05,-5.08864632138e-05,-5.41590728669e-05,7.49488558202e-05,0.363147137698,29506,0.000380047014045,0.000380152533848,0.000374055249267,0.000369155747467,8.1583771041e-05,0.636852862302,51712,8204093,82040,81218,True,7
tomo_sample_2_051_rec,recon_00950.tiff,950,100,0.5,-0.000645390031568,0.000907114665606,-5.47175374006e-05,-5.48125938006e-05,-5.15239335073e-05,-4.17340616394e-05,7.45715207101e-05,0.360942677848,29315,0.000380427618143,0.000380480950784,0.000374019349692,0.000377718067082,8.28862706863e-05,0.639057322152,51903,8204093,82040,81218,True,7
tomo_sample_2_051_rec,recon_00951.tiff,951,100,0.5,-0.000655447487079,0.00088461479143,-5.40392555993e-05,-5.41011140446e-05,-5.09437886649e-05,-5.89590258334e-05,7.37656827357e-05,0.361410816833,29357,0.000379431550468,0.000379499467403,0.000373159477022,0.000374777893504,8.16243144147e-05,0.638589183167,51861,8204092,82040,81218,True,6
tomo_sample_2_051_rec,recon_00952.tiff,952,100,0.5,-0.000634223898815,0.000856440256757,-5.41081304226e-05,-5.41390679261e-05,-5.09794081154e-05,-4.06734166784e-05,7.32612059465e-05,0.361695697735,29384,0.000379368609793,0.000379451367737,0.000373594084522,0.000373213395507,8.0159973082e-05,0.638304302265,51834,8204093,82040,81218,True,7
tomo_sample_2_051_rec,recon_00953.tiff,953,100,0.5,-0.000627051294141,0.000891096613486,-5.47413452358e-05,-5.47674074221e-05,-5.19109471497e-05,-5.48222937308e-05,7.26373056385e-05,0.361384129543,29360,0.000379722042238,0.000379813068485,0.000373745075194,0.000370561366806,8.18044258401e-05,0.638615870457,51858,8204093,82040,81218,True,7
tomo_sample_2_051_rec,recon_00954.tiff,954,100,0.5,-0.000635253075743,0.000872261916229,-5.46788270374e-05,-5.48236334081e-05,-5.12413971592e-05,-5.07558292652e-05,7.48156081356e-05,0.362058241104,29398,0.000379059292481,0.000379077442963,0.000372687529307,0.000359539476363,8.11957952782e-05,0.637941758896,51820,8204093,82040,81218,True,7
tomo_sample_2_051_rec,recon_00955.tiff,955,100,0.5,-0.0006308571095,0.00088416808052,-5.48363170771e-05,-5.4914853001e-05,-5.15529718541e-05,-5.0141782976e-05,7.33351289654e-05,0.361856481208,29391,0.00037920214903,0.000379261261278,0.000373691495042,0.00036710842993,8.20724765082e-05,0.638143518792,51827,8204093,82040,81218,True,7
tomo_sample_2_051_rec,recon_00956.tiff,956,100,0.5,-0.000637605070951,0.000882704554824,-5.46515310381e-05,-5.47476903586e-05,-5.14346756972e-05,-6.75314140381e-05,7.44949988006e-05,0.362905496375,29475,0.000378552427181,0.000378611736278,0.000372491660528,0.000361327057377,8.20499944004e-05,0.637094503625,51743,8204093,82040,81218,True,7
tomo_sample_2_051_rec,recon_00957.tiff,957,100,0.5,-0.000645101860282,0.00088540399418,-5.53972101505e-05,-5.54607878541e-05,-5.18695160281e-05,-6.29111244296e-05,7.61184975249e-05,0.364243373077,29587,0.000379335579404,0.00037940469654,0.00037327548489,0.000364831992761,8.08964385707e-05,0.635756626923,51631,8204093,82040,81218,True,7
tomo_sample_2_051_rec,recon_00958.tiff,958,100,0.5,-0.000632074832101,0.000897117510031,-5.43264578884e-05,-5.4332868491e-05,-5.07843105879e-05,-5.76013355364e-05,7.48002693707e-05,0.362341403843,29441,0.000378843541847,0.000378950557001,0.000372887443518,0.000350806090661,8.17178167894e-05,0.637658596157,51777,8204093,82040,81218,True,7
tomo_sample_2_051_rec,recon_00959.tiff,959,100,0.5,-0.000635722337174,0.000907479009475,-5.39330961927e-05,-5.40004709719e-05,-4.99904235767e-05,-4.58432368026e-05,7.39933126865e-05,0.364025121813,29570,0.000379111249506,0.000379188456597,0.00037276832154,0.000361589825702,8.30873720172e-05,0.635974878187,51648,8204093,82040,81218,True,7
tomo_sample_2_051_rec,recon_00960.tiff,960,100,0.5,-0.000624604028126,0.000884534100187,-5.45637976878e-05,-5.45860841381e-05,-5.15739047842e-05,-6.93392346522e-05,7.41580495477e-05,0.362291201009,29435,0.000379615564715,0.000379715711436,0.000373188784579,0.0003769334881,8.21644332325e-05,0.637708798991,51783,8204093,82040,81218,True,7
tomo_sample_2_051_rec,recon_00961.tiff,961,100,0.5,-0.000603872538195,0.000869261564803,-5.44347503429e-05,-5.4464403699e-05,-5.15336796525e-05,-4.46525209462e-05,7.24882594501e-05,0.362358942735,29438,0.00037844667567,0.000378529840724,0.00037305339356,0.000356175500391,8.04370471545e-05,0.637641057265,51780,8204093,82040,81218,True,7
tomo_sample_2_051_rec,recon_00962.tiff,962,100,0.5,-0.000686701830709,0.000867782690621,-5.46331692272e-05,-5.4719851206e-05,-5.09082437929e-05,-5.51797626408e-05,7.59468968817e-05,0.361116686712,29330,0.000378335061212,0.000378390942237,0.000372694252292,0.000351240701767,8.07281941432e-05,0.638883313288,51888,8204093,82040,81218,True,7
tomo_sample_2_051_rec,recon_00963.tiff,963,100,0.5,-0.000605514243944,0.000884779992921,-5.34482628776e-05,-5.3476626269e-05,-5.04457966599e-05,-6.24932638776e-05,7.23964405751e-05,0.362143211698,29421,0.000378684411134,0.000378771040436,0.000372786424123,0.000390356986164,8.16198987865e-05,0.637856788302,51797,8204093,82040,81218,True,7
tomo_sample_2_051_rec,recon_00964.tiff,964,100,0.5,-0.000640303529799,0.000889473331044,-5.49951215957e-05,-5.50823713343e-05,-5.12806636834e-05,-5.03854765166e-05,7.49431588523e-05,0.362960644014,29480,0.000378810558427,0.000378869180789,0.000372613401851,0.000380929952552,8.26051164123e-05,0.637039355986,51738,8204093,82040,81218,True,7
tomo_sample_2_051_rec,recon_00965.tiff,965,100,0.5,-0.000616159979836,0.000886607875291,-5.47056409571e-05,-5.47911946634e-05,-5.15074498253e-05,-4.03104611134e-05,7.29332467601e-05,0.363555720057,29529,0.000378897397247,0.000378960797804,0.00037309480831,0.000376539387753,8.32318265761e-05,0.636444279943,51689,8204092,82040,81218,True,7
tomo_sample_2_051_rec,recon_00966.tiff,966,100,0.5,-0.000619704459095,0.000886245919683,-5.4541333869e-05,-5.46126726885e-05,-5.10062272951e-05,-3.50300852205e-05,7.4219543822e-05,0.365876279954,29719,0.000378180589973,0.000378249152845,0.000372285459889,0.000348349135974,8.15846409314e-05,0.634123720046,51499,8204093,82040,81218,True,6
tomo_sample_2_051_rec,recon_00967.tiff,967,100,0.5,-0.000661420686811,0.000888923482271,-5.53551819654e-05,-5.54659134484e-05,-5.13832073921e-05,-6.71785468987e-05,7.70680789404e-05,0.362605704203,29450,0.000378806299548,0.000378868369707,0.000372483744286,0.000368554780055,8.30847814398e-05,0.637394295797,51768,8204092,82040,81218,True,7
tomo_sample_2_051_rec,recon_00968.tiff,968,100,0.5,-0.000649904307211,0.000849107159593,-5.41039801971e-05,-5.42623657358e-05,-5.06698797835e-05,-5.71102310509e-05,7.60971044733e-05,0.362243792046,29412,0.000378066776777,0.000378083985295,0.000372066147975,0.000371445111832,8.12594590727e-05,0.637756207954,51806,8204093,82040,81218,True,7
tomo_sample_2_051_rec,recon_00969.tiff,969,100,0.5,-0.000646891193755,0.000864486557548,-5.3742722449e-05,-5.3844876424e-05,-5.05730204168e-05,-5.56445602549e-05,7.46410208472e-05,0.364348102503,29591,0.000377545542084,0.000377598879153,0.000371766247554,0.000370033283682,8.11692808848e-05,0.635651897497,51627,8204093,82040,81218,True,7
tomo_sample_2_051_rec,recon_00970.tiff,970,100,0.5,-0.000620008440746,0.000888715370093,-5.43415306209e-05,-5.43743658388e-05,-5.11192884005e-05,-4.61511651582e-05,7.42270727138e-05,0.361357066987,29359,0.000377914351538,0.000378018807738,0.000372244801838,0.000363840485553,8.27154643924e-05,0.638642933013,51859,8204093,82040,81218,True,7
tomo_sample_2_051_rec,recon_00971.tiff,971,100,0.5,-0.000611595457012,0.000873300033563,-5.41990706916e-05,-5.43086902913e-05,-5.1000595704e-05,-5.65914683999e-05,7.35401922561e-05,0.36618223348,29740,0.000377993507294,0.000378051894986,0.000372195092496,0.000367837433577,8.28203784939e-05,0.63381776652,51478,8204093,82040,81218,True,7
tomo_sample_2_051_rec,recon_00972.tiff,972,100,0.5,-0.000571308779181,0.000869829294097,-5.34500663368e-05,-5.34258341988e-05,-5.08065240865e-05,-6.02222460581e-05,7.12394678523e-05,0.359841266678,29243,0.000377488193456,0.000377618927036,0.000371422327589,0.000361415012464,8.21168825758e-05,0.640158733322,51975,8204093,82040,81218,True,7
tomo_sample_2_051_rec,recon_00973.tiff,973,100,0.5,-0.000604467831727,0.000866988777416,-5.30853670005e-05,-5.31104596019e-05,-4.98297231388e-05,-4.63852505398e-05,7.28834383652e-05,0.359698861453,29225,0.00037729236073,0.000377397335673,0.000372001173673,0.000361485217192,8.16615984434e-05,0.640301138547,51993,8204093,82040,81218,True,7
tomo_sample_2_051_rec,recon_00974.tiff,974,100,0.5,-0.00063263336313,0.000905706651683,-5.32754017869e-05,-5.33127537648e-05,-5.0411275879e-05,-6.67178551377e-05,7.29499951044e-05,0.361991663381,29410,0.000379004841353,0.000379107490466,0.000373142553144,0.000376811951343,8.39431848546e-05,0.638008336619,51808,8204092,82040,81218,True,7
tomo_sample_2_051_rec,recon_00975.tiff,975,100,0.5,-0.000611339084862,0.00088161201711,-5.38175111998e-05,-5.38829594383e-05,-5.05067328049e-05,-7.24160101246e-05,7.48145159767e-05,0.361945002824,29403,0.000377930129634,0.000378021853073,0.000372208451154,0.000356888378247,8.29268986099e-05,0.638054997176,51815,8204093,82040,81218,True,7
tomo_sample_2_051_rec,recon_00976.tiff,976,100,0.5,-0.000607043151686,0.000880197926599,-5.34701679026e-05,-5.35016064865e-05,-5.0449039918e-05,-5.31087910257e-05,7.36664459633e-05,0.36449714311,29614,0.000377396703853,0.000377500503349,0.000371547605027,0.000356939560115,8.22625274203e-05,0.63550285689,51604,8204093,82040,81218,True,7
tomo_sample_2_051_rec,recon_00977.tiff,977,100,0.5,-0.000618463099236,0.000877500937495,-5.35883537354e-05,-5.36747588367e-05,-5.00146561535e-05,-4.52964519032e-05,7.46575823328e-05,0.363262155959,29507,0.000377027276508,0.000377106344195,0.000370850466425,0.000355507569976,8.26029356865e-05,0.636737844041,51711,8204093,82040,81218,True,7
tomo_sample_2_051_rec,recon_00978.tiff,978,100,0.5,-0.000613849206129,0.00083368844731,-5.28201739136e-05,-5.29623990626e-05,-5.04158888361e-05,-6.68045482088e-05,7.35916761181e-05,0.357585690124,29036,0.000376916303842,0.000376942781649,0.000372425129171,0.000377582524,8.05704460388e-05,0.642414309876,52182,8204093,82040,81218,True,7
tomo_sample_2_051_rec,recon_00979.tiff,979,100,0.5,-0.000632970147126,0.000880646050209,-5.39301528517e-05,-5.40639237276e-05,-5.0514619943e-05,-4.81751682244e-05,7.5649867291e-05,0.364826590924,29628,0.000376764088219,0.000376820157826,0.000370919558918,0.000372392915491,8.26388322411e-05,0.635173409076,51590,8204092,82040,81218,True,7
tomo_sample_2_051_rec,recon_00980.tiff,980,100,0.5,-0.000567257495131,0.000887243835314,-5.23374347301e-05,-5.23307070233e-05,-5.01186441397e-05,-4.66461836816e-05,7.02415934897e-05,0.362954471867,29495,0.000377371798483,0.00037750557152,0.000370942667359,0.000358782809417,8.3553431103e-05,0.637045528133,51723,8204093,82040,81218,True,7
tomo_sample_2_051_rec,recon_00981.tiff,981,100,0.5,-0.000602605834429,0.000889035974105,-5.35632271748e-05,-5.36502225358e-05,-5.01761605847e-05,-4.75971245486e-05,7.45506062474e-05,0.359870757356,29233,0.000377641450639,0.000377731984746,0.000372064270778,0.000368084198105,8.39393442451e-05,0.640129242644,51985,8204092,82040,81218,True,7
tomo_sample_2_051_rec,recon_00982.tiff,982,100,0.5,-0.000609327078273,0.000866484435101,-5.26045987323e-05,-5.26405633965e-05,-4.94477790198e-05,-4.26173804158e-05,7.33951020865e-05,0.359745376456,29229,0.00037690417058,0.000377016919735,0.000371420290321,0.000361814467533,8.22461112308e-05,0.640254623544,51989,8204093,82040,81218,True,7
tomo_sample_2_051_rec,recon_00983.tiff,983,100,0.5,-0.000624310944113,0.000901546333625,-5.34692965864e-05,-5.35288645181e-05,-5.01710419485e-05,-5.32798996022e-05,7.47991267389e-05,0.36228638899,29434,0.000377893694042,0.000378009387267,0.000372344526113,0.000369900955795,8.43817775566e-05,0.63771361101,51784,8204093,82040,81218,True,7
tomo_sample_2_051_rec,recon_00984.tiff,984,100,0.5,-0.000622638795758,0.000893895742774,-5.32793240721e-05,-5.33490669091e-05,-4.96780303365e-05,-5.55414211158e-05,7.68589876285e-05,0.364812262317,29639,0.000377240235998,0.000377361090185,0.000371499569155,0.000370637833854,8.43601249523e-05,0.635187737683,51579,8204093,82040,81218,True,7
tomo_sample_2_051_rec,recon_00985.tiff,985,100,0.5,-0.000611209308845,0.000892808895151,-5.30496513536e-05,-5.31297918205e-05,-4.98625231558e-05,-4.20478666524e-05,7.40495241264e-05,0.362616838818,29457,0.000378007568106,0.00037810302274,0.000372478360077,0.000377786220644,8.41595130569e-05,0.637383161182,51761,8204093,82040,81218,True,7
tomo_sample_2_051_rec,recon_00986.tiff,986,100,0.5,-0.000664906974416,0.000874515537289,-5.35610864318e-05,-5.36845832179e-05,-4.96290740557e-05,-5.58268444659e-05,7.77881288176e-05,0.366475915231,29765,0.00037725201589,0.000377328138889,0.000371945498046,0.000374627283499,8.2479895305e-05,0.633524084769,51453,8204093,82040,81218,True,7
tomo_sample_2_051_rec,recon_00987.tiff,987,100,0.5,-0.000637080719462,0.000876065859629,-5.33261925316e-05,-5.35681112995e-05,-4.98893132317e-05,-4.11693123313e-05,7.70821210269e-05,0.365760994177,29689,0.000377083778046,0.000377078020894,0.000371465343051,0.000367219058973,8.25911816437e-05,0.634239005823,51529,8204093,82040,81218,True,7
tomo_sample_2_051_rec,recon_00988.tiff,988,100,0.5,-0.000606447306927,0.000887676300481,-5.36487607884e-05,-5.38249129846e-05,-5.02890761709e-05,-6.39137148216e-05,7.43301720009e-05,0.362997428952,29475,0.000376908293527,0.000376951012328,0.000371244299458,0.000361007356294,8.46305196973e-05,0.637002571048,51743,8204093,82040,81218,True,7
tomo_sample_2_051_rec,recon_00989.tiff,989,100,0.5,-0.0006152555687,0.000884753752034,-5.38679580734e-05,-5.39497364826e-05,-5.11315047333e-05,-5.70540008913e-05,7.40129837389e-05,0.363139086139,29500,0.000377195746452,0.000377297150666,0.000371378409909,0.000375620055593,8.4472506146e-05,0.636860913861,51718,8204093,82040,81218,True,7
tomo_sample_2_051_rec,recon_00990.tiff,990,100,0.5,-0.000604985103128,0.000884119544935,-5.26806783627e-05,-5.26742750653e-05,-4.95867352583e-05,-5.21554522445e-05,7.36829343521e-05,0.36116076399,29354,0.00037746325714,0.000377635833026,0.000371581787476,0.000376781187819,8.53089908032e-05,0.63883923601,51864,8204093,82040,81218,True,7
tomo_sample_2_051_rec,recon_00991.tiff,991,100,0.5,-0.000577230439812,0.000886946450337,-5.30479760283e-05,-5.30774892793e-05,-5.03914852743e-05,-6.1877037339e-05,7.24238170596e-05,0.363457476514,29533,0.000377624502444,0.000377755612517,0.000372074864572,0.000373509524217,8.47111983923e-05,0.636542523486,51685,8204093,82040,81218,True,7
tomo_sample_2_051_rec,recon_00992.tiff,992,100,0.5,-0.000611695958069,0.000866306018434,-5.34213736446e-05,-5.34945964649e-05,-5.028580199e-05,-5.01859533628e-05,7.5105146891e-05,0.363541411359,29533,0.000376892450075,0.000376991684348,0.00037205699482,0.000375160212922,8.28198286282e-05,0.636458588641,51685,8204093,82040,81218,True,7
tomo_sample_2_051_rec,recon_00993.tiff,993,100,0.5,-0.000616632111196,0.000876068460639,-5.34318268885e-05,-5.35408304766e-05,-4.99092566315e-05,-4.7639063692e-05,7.59930956511e-05,0.360281985182,29265,0.000377469206106,0.000377560613195,0.000372293667169,0.000378464828373,8.33389334392e-05,0.639718014818,51953,8204093,82040,81218,True,7
tomo_sample_2_051_rec,recon_00994.tiff,994,100,0.5,-0.000608616617101,0.000852810050419,-5.34404642838e-05,-5.36271076268e-05,-5.02184921061e-05,-6.1165411816e-05,7.47532594523e-05,0.363657747373,29525,0.000376875378869,0.00037689411821,0.000371633534087,0.000371490902968,8.30616563118e-05,0.636342252627,51693,8204092,82040,81218,True,7
tomo_sample_2_051_rec,recon_00995.tiff,995,100,0.5,-0.000604310903,0.000846022512123,-5.36436246437e-05,-5.37982107097e-05,-5.03757655679e-05,-4.31789065117e-05,7.59636867305e-05,0.360605354145,29283,0.000376332358633,0.000376381058442,0.000371051544789,0.000369494324245,8.17370892868e-05,0.639394645855,51935,8204093,82040,81218,True,7
tomo_sample_2_051_rec,recon_00996.tiff,996,100,0.5,-0.000582424528548,0.000874607735896,-5.36057451096e-05,-5.36484305864e-05,-5.03217124788e-05,-4.73551694244e-05,7.49839329762e-05,0.36358239968,29543,0.00037709831203,0.000377235775259,0.000371632602764,0.000364928418292,8.39711561674e-05,0.63641760032,51675,8204093,82040,81218,True,7
tomo_sample_2_051_rec,recon_00997.tiff,997,100,0.5,-0.000636429405713,0.000895777850819,-5.39027054148e-05,-5.39332277057e-05,-5.05102580064e-05,-6.29662968748e-05,7.62366980585e-05,0.362554128323,29463,0.000377472571773,0.000377632298424,0.000371794623788,0.000377363277391,8.53804522814e-05,0.637445871677,51755,8204092,82040,81218,True,7
tomo_sample_2_051_rec,recon_00998.tiff,998,100,0.5,-0.000653468359087,0.000880655595101,-5.36028827572e-05,-5.37183052878e-05,-4.94754513056e-05,-5.76915944074e-05,7.71961614011e-05,0.361592683232,29372,0.000377942540765,0.000378042601963,0.000372531270841,0.000378355073314,8.48343660572e-05,0.638407316768,51846,8204093,82040,81218,True,7
tomo_sample_2_051_rec,recon_00999.tiff,999,100,0.5,-0.00065314970765,0.000901560886414,-5.3648017806e-05,-5.37833299889e-05,-4.96642569487e-05,-4.61064009576e-05,7.75191159849e-05,0.364772337379,29627,0.0003778013257,0.00037788672738,0.000372195558157,0.000373054548172,8.47484718838e-05,0.635227662621,51591,8204093,82040,81218,True,7
tomo_sample_2_051_rec,recon_01000.tiff,1000,100,0.5,-0.00062997402274,0.000854629575624,-5.46904061918e-05,-5.48109280027e-05,-5.08631455887e-05,-5.09265587403e-05,7.69226270012e-05,0.365371829936,29675,0.000377688104184,0.000377759427961,0.00037273473572,0.000358542578815,8.23528730911e-05,0.634628170064,51543,8204093,82040,81218,True,7
tomo_sample_2_051_rec,recon_01001.tiff,1001,100,0.5,-0.000612208821403,0.000858604213572,-5.34700787684e-05,-5.3622834876e-05,-4.99545622006e-05,-4.16417859987e-05,7.52339603376e-05,0.363484847221,29516,0.000377195274406,0.000377236564556,0.000372198424884,0.000393865203989,8.27577110265e-05,0.636515152779,51702,8204093,82040,81218,True,7
tomo_sample_2_051_rec,recon_01002.tiff,1002,100,0.5,-0.000627636284335,0.000852926677617,-5.37653087291e-05,-5.39478467056e-05,-5.0070357247e-05,-4.42927755772e-05,7.67626993523e-05,0.365375677172,29666,0.000376875298065,0.000376904476407,0.000371185116819,0.000358639947185,8.22843546058e-05,0.634624322828,51552,8204093,82040,81218,True,7
tomo_sample_2_051_rec,recon_01003.tiff,1003,100,0.5,-0.000603683844674,0.000890575994563,-5.32544326066e-05,-5.33405845401e-05,-4.99185625813e-05,-4.65240224095e-05,7.47075980145e-05,0.364156972836,29583,0.000377068937716,0.00037717579208,0.000371576636098,0.00036244866131,8.43896022567e-05,0.635843027164,51635,8204093,82040,81218,True,7
tomo_sample_2_051_rec,recon_01004.tiff,1004,100,0.5,-0.000625700454402,0.000873431868386,-5.35568556372e-05,-5.37155850963e-05,-5.03930568811e-05,-4.64049873268e-05,7.61701139633e-05,0.365989311144,29720,0.000376718658427,0.000376769156288,0.000371166082914,0.000362448916872,8.2628671081e-05,0.634010688856,51498,8204093,82040,81218,True,7
tomo_sample_2_051_rec,recon_01005.tiff,1005,100,0.5,-0.000598479793407,0.000881464440899,-5.31597476966e-05,-5.32481204575e-05,-5.00438363815e-05,-5.54967011145e-05,7.46956923774e-05,0.368291427355,29917,0.000377074352396,0.000377168716838,0.000371865316993,0.00037500542241,8.35677483809e-05,0.631708572645,51301,8204093,82040,81218,True,7
tomo_sample_2_051_rec,recon_01006.tiff,1006,100,0.5,-0.000614340138563,0.000876312466571,-5.36063925977e-05,-5.37050942208e-05,-4.99212255818e-05,-5.4434272293e-05,7.58430445238e-05,0.366315277191,29756,0.000377961701471,0.000378057397114,0.000371902991901,0.000367299342974,8.46859496188e-05,0.633684722809,51462,8204093,82040,81218,True,7
tomo_sample_2_051_rec,recon_01007.tiff,1007,100,0.5,-0.000631502828037,0.000874285172322,-5.36194159606e-05,-5.37887396889e-05,-5.01434151374e-05,-4.34295710786e-05,7.82054486215e-05,0.365147101077,29653,0.000377310333862,0.000377378311494,0.000372078735381,0.000371027855286,8.34067583084e-05,0.634852898923,51565,8204093,82040,81218,True,7
tomo_sample_2_051_rec,recon_01008.tiff,1008,100,0.5,-0.000622370733763,0.000916034851689,-5.38508266462e-05,-5.39765856268e-05,-5.03198134538e-05,-6.39313860431e-05,7.56587895062e-05,0.363414648004,29519,0.000377250399085,0.000377348797743,0.000371373258531,0.000358672370156,8.63023361818e-05,0.636585351996,51699,8204093,82040,81218,True,7
tomo_sample_2_051_rec,recon_01009.tiff,1009,100,0.5,-0.000636845766858,0.000899295908166,-5.39233035504e-05,-5.40668607171e-05,-5.04399049532e-05,-5.13837698241e-05,7.75345643404e-05,0.363151321021,29496,0.000378199251941,0.000378294286769,0.000372127600713,0.000360580568274,8.57473229975e-05,0.636848678979,51722,8204093,82040,81218,True,7
tomo_sample_2_051_rec,recon_01010.tiff,1010,100,0.5,-0.000616373129888,0.000915326427203,-5.34953761914e-05,-5.35742092036e-05,-4.99385550938e-05,-5.0326116826e-05,7.6086675342e-05,0.364483207757,29612,0.000378459525172,0.000378583464301,0.000372626789613,0.000378741684265,8.57911631639e-05,0.635516792243,51606,8204093,82040,81218,True,7
tomo_sample_2_051_rec,recon_01011.tiff,1011,100,0.5,-0.000623997606745,0.000896008713753,-5.3234226029e-05,-5.33498142928e-05,-5.00009409734e-05,-4.60229028383e-05,7.58261719924e-05,0.361758778131,29384,0.000378238973771,0.000378326770912,0.000372562935809,0.000367880783488,8.45684921646e-05,0.638241221869,51834,8204093,82040,81218,True,7
tomo_sample_2_051_rec,recon_01012.tiff,1012,100,0.5,-0.000631543033815,0.000886317661789,-5.31163340204e-05,-5.32939082419e-05,-5.00308669871e-05,-6.30268941741e-05,7.59927656444e-05,0.36113427221,29325,0.000377861892793,0.000377915704578,0.000371904112399,0.000383643736094,8.48976790571e-05,0.63886572779,51893,8204093,82040,81218,True,7
tomo_sample_2_051_rec,recon_01013.tiff,1013,100,0.5,-0.000629054149904,0.000906774656323,-5.34295975501e-05,-5.3595315429e-05,-4.93556726724e-05,-4.19167792272e-05,7.73778748806e-05,0.363343198848,29508,0.000378323289139,0.000378401089877,0.000372061520466,0.000372508041142,8.57005157246e-05,0.636656801152,51710,8204093,82040,81218,True,7
tomo_sample_2_051_rec,recon_01014.tiff,1014,100,0.5,-0.000698741937522,0.000910200557264,-5.35316010705e-05,-5.37051557444e-05,-4.95484455314e-05,-4.18815348032e-05,7.96498006221e-05,0.364055782203,29568,0.000378118559626,0.00037821889603,0.000372236987459,0.000359202772306,8.57665924718e-05,0.635944217797,51650,8204093,82040,81218,True,7
tomo_sample_2_051_rec,recon_01015.tiff,1015,100,0.5,-0.00066811052995,0.000888220128545,-5.36912380652e-05,-5.39235472898e-05,-4.99483212479e-05,-4.65963958758e-05,7.91002464096e-05,0.361701108858,29367,0.000378182769249,0.000378234044535,0.000372192589566,0.000365650834977,8.55940807887e-05,0.638298891142,51851,8204093,82040,81218,True,7
tomo_sample_2_051_rec,recon_01016.tiff,1016,100,0.5,-0.000622437745042,0.000884753505816,-5.30817233904e-05,-5.32286070954e-05,-4.94674713991e-05,-5.0253526072e-05,7.60283302789e-05,0.363336252983,29509,0.000378098792378,0.000378178914515,0.000372044596588,0.000368162707281,8.54164883654e-05,0.636663747017,51709,8204093,82040,81218,True,7
tomo_sample_2_051_rec,recon_01017.tiff,1017,100,0.5,-0.000622654907638,0.000878154379025,-5.38597926551e-05,-5.39170146546e-05,-5.08914436068e-05,-5.24185235856e-05,7.5642662635e-05,0.36439934918,29608,0.000377442578867,0.000377577475374,0.000371991161956,0.000381638221085,8.48539492546e-05,0.63560065082,51610,8204093,82040,81218,True,7
tomo_sample_2_051_rec,recon_01018.tiff,1018,100,0.5,-0.000675693305675,0.000917729687353,-5.36099296506e-05,-5.37285112315e-05,-4.95682652399e-05,-5.50596478627e-05,7.87320638512e-05,0.365799651112,29717,0.000378520826913,0.000378652046263,0.000371754198568,0.00038015927019,8.75914807094e-05,0.634200348888,51501,8204093,82040,81218,True,7
tomo_sample_2_051_rec,recon_01019.tiff,1019,100,0.5,-0.000654369386029,0.0009037712586,-5.37729867419e-05,-5.38548284825e-05,-5.02640377817e-05,-4.92055405397e-05,7.62151614498e-05,0.367574079422,29864,0.000378663910428,0.000378798813416,0.000372552996851,0.000373802701072,8.71118165819e-05,0.632425920578,51354,8204093,82040,81218,True,7
tomo_sample_2_051_rec,recon_01020.tiff,1020,100,0.5,-0.000625533032871,0.000901590232097,-5.33666180226e-05,-5.34213531073e-05,-5.01376780448e-05,-6.00407942102e-05,7.62314943209e-05,0.365976711165,29737,0.000378576550845,0.000378718110113,0.000372914160835,0.000376455821132,8.58075886126e-05,0.634023288835,51481,8204093,82040,81218,True,7
tomo_sample_2_051_rec,recon_01021.tiff,1021,100,0.5,-0.000619705538265,0.000901008182554,-5.36444132249e-05,-5.36426471215e-05,-5.03136270709e-05,-4.75417726257e-05,7.44573804365e-05,0.368370914365,29940,0.000378168448182,0.000378349741065,0.000371955800802,0.000366903959053,8.6615719542e-05,0.631629085635,51278,8204093,82040,81218,True,7
tomo_sample_2_051_rec,recon_01022.tiff,1022,100,0.5,-0.000631169073167,0.000883631820907,-5.34999472091e-05,-5.36121804147e-05,-4.95255844726e-05,-5.58463188092e-05,7.70165067917e-05,0.364177303062,29582,0.000378058630605,0.000378158430302,0.00037185724068,0.000363772988237,8.4922772639e-05,0.635822696938,51636,8204093,82040,81218,True,7
tomo_sample_2_051_rec,recon_01023.tiff,1023,100,0.5,-0.000631552497798,0.000908739403239,-5.36928819597e-05,-5.3768170513e-05,-5.01774593431e-05,-3.87772047488e-05,7.5007994286e-05,0.363718779222,29549,0.000377852245691,0.000377966196766,0.000371396687115,0.000360883410608,8.56131089067e-05,0.636281220778,51669,8204093,82040,81218,True,7
tomo_sample_2_051_rec,recon_01024.tiff,1024,100,0.5,-0.000640856343962,0.000879894920508,-5.30825325109e-05,-5.32202487264e-05,-4.92386316182e-05,-4.33299860809e-05,7.66173997141e-05,0.36292918512,29477,0.000376976963557,0.000377060552936,0.000371100002667,0.000353457141354,8.43368537871e-05,0.63707081488,51741,8204093,82040,81218,True,7
tomo_sample_2_051_rec,recon_01025.tiff,1025,100,0.5,-0.000620714315155,0.000894812571642,-5.39448239254e-05,-5.40499169126e-05,-5.04879408254e-05,-3.41442391437e-05,7.69058668212e-05,0.36582138423,29716,0.000378345002009,0.000378445247421,0.000371994043235,0.000353471967552,8.48625637568e-05,0.63417861577,51502,8204093,82040,81218,True,7
tomo_sample_2_051_rec,recon_01026.tiff,1026,100,0.5,-0.000658316244371,0.000894414707727,-5.37192021267e-05,-5.38452544402e-05,-4.99349735037e-05,-6.2285740313e-05,7.74765232346e-05,0.363261708383,29506,0.000377739097395,0.000377832801971,0.000372003312805,0.000374242035013,8.47229767249e-05,0.636738291617,51712,8204093,82040,81218,True,7
tomo_sample_2_051_rec,recon_01027.tiff,1027,100,0.5,-0.000626967148855,0.000889536011673,-5.30980963575e-05,-5.3211235287e-05,-4.94395262649e-05,-4.92224336044e-05,7.54405110803e-05,0.367062571511,29814,0.000378179833824,0.000378261495881,0.000372373659047,0.000359888755234,8.41776419345e-05,0.632937428489,51404,8204093,82040,81218,True,7
tomo_sample_2_051_rec,recon_01028.tiff,1028,100,0.5,-0.000609638502065,0.000908634405932,-5.29963705578e-05,-5.30203653328e-05,-4.93705738336e-05,-3.74663879695e-05,7.40577867787e-05,0.36570947873,29719,0.000379012248699,0.000379167088793,0.000372297858121,0.000370280792964,8.67345637626e-05,0.63429052127,51499,8204093,82040,81218,True,7
tomo_sample_2_051_rec,recon_01029.tiff,1029,100,0.5,-0.00065360384091,0.000877002017514,-5.35124541883e-05,-5.36224225919e-05,-4.97003984492e-05,-6.65702785215e-05,7.8851201004e-05,0.367046797022,29816,0.000378532199731,0.000378639637754,0.000372647060431,0.000364386535463,8.37600156229e-05,0.632953202978,51402,8204093,82040,81218,True,7
tomo_sample_2_051_rec,recon_01030.tiff,1030,100,0.5,-0.000616826312616,0.000901644091646,-5.26723007451e-05,-5.26843224223e-05,-4.94873165735e-05,-5.18469253052e-05,7.58648499996e-05,0.367600791735,29875,0.000378740465241,0.000378908780236,0.000372784590581,0.000355716149412,8.55374190461e-05,0.632399208265,51343,8204093,82040,81218,True,7
tomo_sample_2_051_rec,recon_01031.tiff,1031,100,0.5,-0.000637642428337,0.000920169545279,-5.29947087701e-05,-5.30532652768e-05,-4.99135931022e-05,-5.48908212224e-05,7.59343047433e-05,0.362936892417,29490,0.000378939441015,0.00037908130406,0.00037248794979,0.000363178016791,8.62293038309e-05,0.637063107583,51728,8204093,82040,81218,True,7
tomo_sample_2_051_rec,recon_01032.tiff,1032,100,0.5,-0.000666094284388,0.000888831324119,-5.23222328166e-05,-5.24035678387e-05,-4.89881349495e-05,-4.48548335522e-05,7.62426342612e-05,0.367790534916,29878,0.000378457471078,0.000378561764121,0.000372386435629,0.000368516034939,8.3880576148e-05,0.632209465084,51340,8204093,82040,81218,True,7
tomo_sample_2_051_rec,recon_01033.tiff,1033,100,0.5,-0.000669597451342,0.000907339251426,-5.37887032242e-05,-5.39719121704e-05,-5.03449264215e-05,-5.2897227037e-05,7.7954503668e-05,0.368829126348,29949,0.000378176567342,0.000378228284982,0.000372645561583,0.000381608460162,8.4235807445e-05,0.631170873652,51269,8204093,82040,81218,True,7
tomo_sample_2_051_rec,recon_01034.tiff,1034,100,0.5,-0.000618029145116,0.000908301124873,-5.37876442252e-05,-5.38399596837e-05,-4.98157678521e-05,-4.82786613146e-05,7.60233158186e-05,0.366921442412,29813,0.000378065404314,0.000378199701672,0.000371465983335,0.000380616446705,8.53449101874e-05,0.633078557588,51405,8204093,82040,81218,True,7
tomo_sample_2_051_rec,recon_01035.tiff,1035,100,0.5,-0.000637977900915,0.000888273234596,-5.33483348131e-05,-5.34164342926e-05,-4.98720110045e-05,-4.01451177715e-05,7.68344532188e-05,0.365750403079,29715,0.00037846504403,0.000378583848597,0.000372155976947,0.00036701053469,8.4619147188e-05,0.634249596921,51503,8204093,82040,81218,True,7
tomo_sample_2_051_rec,recon_01036.tiff,1036,100,0.5,-0.000600658784388,0.000885911714577,-5.30491580305e-05,-5.31400676403e-05,-4.95134845551e-05,-5.40943463718e-05,7.41322856872e-05,0.366391599201,29762,0.000378456735076,0.000378546274483,0.000372578462702,0.000363233612418,8.42875123418e-05,0.633608400799,51456,8204093,82040,81218,True,7
tomo_sample_2_051_rec,recon_01037.tiff,1037,100,0.5,-0.000649721510999,0.000917122132669,-5.4103403413e-05,-5.42151074473e-05,-5.08542034368e-05,-5.07751220198e-05,7.72574155009e-05,0.364441163754,29603,0.000379186670118,0.000379282783386,0.000372778216843,0.000363041571685,8.5751494189e-05,0.635558836246,51615,8204093,82040,81218,True,7
tomo_sample_2_051_rec,recon_01038.tiff,1038,100,0.5,-0.000687352487876,0.00088633383566,-5.52021347388e-05,-5.54422534381e-05,-5.03779265273e-05,-5.2166000592e-05,8.22687764641e-05,0.367135198886,29808,0.000379207777852,0.000379262615189,0.000372818132746,0.000368427378528,8.56978368644e-05,0.632864801114,51410,8204093,82040,81218,True,7
tomo_sample_2_051_rec,recon_01039.tiff,1039,100,0.5,-0.000658518785203,0.000902468862769,-5.37367130154e-05,-5.39075624432e-05,-5.03536793985e-05,-4.18409640012e-05,7.81341549407e-05,0.369076753188,29973,0.000378915792952,0.000378993131309,0.000372948939912,0.000365157669694,8.56541810208e-05,0.630923246812,51245,8204092,82040,81218,True,7
tomo_sample_2_051_rec,recon_01040.tiff,1040,100,0.5,-0.000680347554444,0.000911835923616,-5.3744590784e-05,-5.39504792214e-05,-5.01538415847e-05,-5.50065667642e-05,7.95358189124e-05,0.368536423489,29923,0.000379261051723,0.000379306945902,0.000372868787963,0.000364837642926,8.49879730257e-05,0.631463576511,51295,8204093,82040,81218,True,7
tomo_sample_2_051_rec,recon_01041.tiff,1041,100,0.5,-0.000626108586439,0.000906319852802,-5.381283245e-05,-5.38773182943e-05,-4.98446806887e-05,-3.99653472385e-05,7.69165442761e-05,0.364294558481,29598,0.000378605665098,0.000378732479231,0.000371874048142,0.000364829914126,8.51678334048e-05,0.635705441519,51620,8204093,82040,81218,True,7
tomo_sample_2_051_rec,recon_01042.tiff,1042,100,0.5,-0.000698282359226,0.000889208601438,-5.41863929395e-05,-5.44854913111e-05,-4.97530891153e-05,-6.45812589206e-05,8.2762017992e-05,0.370754078536,30093,0.000378815784505,0.000378831725221,0.000372474751202,0.000375895550934,8.45094266693e-05,0.629245921464,51125,8204093,82040,81218,True,7
tomo_sample_2_051_rec,recon_01043.tiff,1043,100,0.5,-0.000680226239201,0.000906631886901,-5.44144625315e-05,-5.45398128604e-05,-5.03368355567e-05,-5.21245852879e-05,8.01177180674e-05,0.366716984411,29790,0.00037988578161,0.000380008891286,0.000373291841242,0.000368790457032,8.66437141579e-05,0.633283015589,51428,8204093,82040,81218,True,7
tomo_sample_2_051_rec,recon_01044.tiff,1044,100,0.5,-0.000689422683208,0.000921439391095,-5.46434171295e-05,-5.49388413388e-05,-5.06064825458e-05,-5.29075304563e-05,8.18945510548e-05,0.365875565302,29698,0.000379258354914,0.000379279733085,0.00037290668115,0.000363375064054,8.63148618801e-05,0.634124434698,51520,8204093,82040,81218,True,7
tomo_sample_2_051_rec,recon_01045.tiff,1045,100,0.5,-0.00066158047237,0.000921560561401,-5.3123169215e-05,-5.32346914599e-05,-4.96261636727e-05,-3.8591405376e-05,7.84473170974e-05,0.367600471524,29863,0.000379614406201,0.000379740136435,0.000372849404812,0.000359804666026,8.66763086673e-05,0.632399528476,51355,8204092,82040,81218,True,7
tomo_sample_2_051_rec,recon_01046.tiff,1046,100,0.5,-0.000608858266787,0.000920787024952,-5.2875077887e-05,-5.28880364339e-05,-4.93675288453e-05,-4.47334888403e-05,7.46926886941e-05,0.366687988219,29801,0.000378718553318,0.000378888361529,0.000372209906345,0.000370475382426,8.65257929156e-05,0.633312011781,51417,8204093,82040,81218,True,7
tomo_sample_2_051_rec,recon_01047.tiff,1047,100,0.5,-0.000645472996985,0.000899159055843,-5.3743608488e-05,-5.38888441491e-05,-4.97517248732e-05,-4.0534740283e-05,7.82389725523e-05,0.36468527874,29619,0.000378432429241,0.000378515722696,0.000372678274289,0.000370996024917,8.45549144067e-05,0.63531472126,51599,8204093,82040,81218,True,7
tomo_sample_2_051_rec,recon_01048.tiff,1048,100,0.5,-0.000639267834194,0.000891604662174,-5.39174187118e-05,-5.40424329686e-05,-5.04641320731e-05,-5.05520324054e-05,7.81556734826e-05,0.372106575467,30225,0.000378283725019,0.000378385354883,0.000372487324057,0.000363204030336,8.44816794619e-05,0.627893424533,50993,8204093,82040,81218,True,7
tomo_sample_2_051_rec,recon_01049.tiff,1049,100,0.5,-0.000685054334463,0.00091663570347,-5.4454360032e-05,-5.46015667658e-05,-4.99754460179e-05,-3.63464748302e-05,8.08165713731e-05,0.372594792491,30265,0.000378721656041,0.000378839666264,0.000372547889128,0.000372658002484,8.58296565283e-05,0.627405207509,50953,8204093,82040,81218,True,7
tomo_sample_2_051_rec,recon_01050.tiff,1050,100,0.5,-0.000669835593726,0.000904771119822,-5.38328462794e-05,-5.39256463185e-05,-4.95795702591e-05,-4.85584119357e-05,7.92179968171e-05,0.362797577418,29476,0.000379465481518,0.000379604654749,0.000372617636458,0.000367797043402,8.61072811013e-05,0.637202422582,51742,8204093,82040,81218,True,7
tomo_sample_2_051_rec,recon_01051.tiff,1051,100,0.5,-0.000682285000221,0.00091621823376,-5.26516759648e-05,-5.28522338762e-05,-4.89047233714e-05,-6.48537024704e-05,7.87427381734e-05,0.369766145092,30026,0.000378885339552,0.000378955204569,0.000372666923795,0.000366153923778,8.61578486413e-05,0.630233854908,51192,8204093,82040,81218,True,7
tomo_sample_2_051_rec,recon_01052.tiff,1052,100,0.5,-0.000687360785669,0.000914262652514,-5.43309394756e-05,-5.4546476514e-05,-5.00777205161e-05,-4.15555981492e-05,8.13560363641e-05,0.369789715952,30028,0.000379059512957,0.000379138695004,0.000372856724425,0.000366470185771,8.61461801199e-05,0.630210284048,51190,8204093,82040,81218,True,7
tomo_sample_2_051_rec,recon_01053.tiff,1053,100,0.5,-0.000719896827941,0.000906920178968,-5.37187520531e-05,-5.40125473241e-05,-5.00094029121e-05,-5.68693888178e-05,8.25815357451e-05,0.368916801581,29945,0.000379127463241,0.000379149753816,0.000372680369765,0.000368114534167,8.44620419042e-05,0.631083198419,51273,8204093,82040,81218,True,7
tomo_sample_2_051_rec,recon_01054.tiff,1054,100,0.5,-0.000670636000577,0.000907537940075,-5.46795375586e-05,-5.48963743748e-05,-5.05889056512e-05,-3.73940927261e-05,7.99309255215e-05,0.364678089929,29610,0.000379118729063,0.000379172320385,0.000372802591301,0.000364623372361,8.55816980679e-05,0.635321910071,51608,8204093,82040,81218,True,7
tomo_sample_2_051_rec,recon_01055.tiff,1055,100,0.5,-0.000631467492494,0.000924030054884,-5.29678188017e-05,-5.30154312196e-05,-4.98103399877e-05,-4.9702257581e-05,7.65135889968e-05,0.36716547576,29837,0.000379496035941,0.000379663019591,0.00037294338108,0.000380649700496,8.68994988397e-05,0.63283452424,51381,8204093,82040,81218,True,7
tomo_sample_2_051_rec,recon_01056.tiff,1056,100,0.5,-0.000657015564211,0.0008854488816,-5.29885265772e-05,-5.31051184724e-05,-4.89916310471e-05,-3.57728640564e-05,7.83385967132e-05,0.368492430843,29933,0.000379046079592,0.000379154411998,0.000373206945369,0.000387304334104,8.46898656872e-05,0.631507569157,51285,8204093,82040,81218,True,7
tomo_sample_2_051_rec,recon_01057.tiff,1057,100,0.5,-0.000648799469927,0.000883531174914,-5.27039188937e-05,-5.27876175421e-05,-4.9844107707e-05,-3.98021428153e-05,7.712213033e-05,0.369840497825,30047,0.000377829416716,0.000377956763511,0.000372345093638,0.000389920847082,8.40153882298e-05,0.630159502175,51171,8204093,82040,81218,True,7
tomo_sample_2_051_rec,recon_01058.tiff,1058,100,0.5,-0.000665279242094,0.000911021945649,-5.31577705483e-05,-5.33916982164e-05,-4.91063965455e-05,-6.87284561492e-05,7.83289168685e-05,0.368601920988,29926,0.000378732416593,0.000378775344648,0.000372342663468,0.000355476839613,8.60621686885e-05,0.631398079012,51292,8204093,82040,81218,True,7
tomo_sample_2_051_rec,recon_01059.tiff,1059,100,0.5,-0.000651431192819,0.000930286933726,-5.27104733964e-05,-5.27404213173e-05,-4.86931894557e-05,-4.56603904455e-05,7.87687481277e-05,0.369566812622,30035,0.000378921376856,0.000379103587104,0.000372580892872,0.000370973431491,8.56074258055e-05,0.630433187378,51183,8204093,82040,81218,True,7
tomo_sample_2_051_rec,recon_01060.tiff,1060,100,0.5,-0.000641169048322,0.00090483824024,-5.28611575518e-05,-5.29686751305e-05,-4.9289479648e-05,-4.84214460812e-05,7.7291789886e-05,0.367979083885,29893,0.000377831331953,0.000377948285789,0.000372324720956,0.000363279088456,8.49192444181e-05,0.632020916115,51325,8204092,82040,81218,True,7
tomo_sample_2_051_rec,recon_01061.tiff,1061,100,0.5,-0.000640257408959,0.000926887216629,-5.23609582126e-05,-5.24142649793e-05,-4.96024440508e-05,-5.57253577127e-05,7.60250693257e-05,0.367922741565,29899,0.000378506243761,0.000378680456801,0.000372206617612,0.000379789395801,8.76154069379e-05,0.632077258435,51319,8204093,82040,81218,True,8
tomo_sample_2_051_rec,recon_01062.tiff,1062,100,0.5,-0.000618809322768,0.000916557613527,-5.29970626634e-05,-5.31559732907e-05,-5.0035861932e-05,-5.08942103816e-05,7.63273721374e-05,0.364465374879,29601,0.000378805846536,0.000378895732696,0.00037262722617,0.000355119476965,8.63542440915e-05,0.635534625121,51617,8204093,82040,81218,True,8
tomo_sample_2_051_rec,recon_01063.tiff,1063,100,0.5,-0.000632633509522,0.000927924420102,-5.28408977577e-05,-5.29078835241e-05,-4.97045002703e-05,-5.66879927002e-05,7.61375486854e-05,0.365780947606,29722,0.000379293921431,0.000379450091496,0.00037300690019,0.000383327383553,8.72294369413e-05,0.634219052394,51496,8204093,82040,81218,True,8
tomo_sample_2_051_rec,recon_01064.tiff,1064,100,0.5,-0.000656510441331,0.000892967459804,-5.30086394034e-05,-5.32626329001e-05,-4.92825492984e-05,-6.90118189814e-05,7.80858925243e-05,0.366478256874,29749,0.000377979222444,0.000377995139841,0.000372673384845,0.0003767346276,8.4328023722e-05,0.633521743126,51469,8204093,82040,81218,True,7
tomo_sample_2_051_rec,recon_01065.tiff,1065,100,0.5,-0.000622012958338,0.000922628114058,-5.30264905851e-05,-5.31607533592e-05,-5.00527821714e-05,-4.68071139775e-05,7.61684400008e-05,0.366416395418,29762,0.000378120460812,0.000378218170472,0.00037218190846,0.000367824598631,8.56907156563e-05,0.633583604582,51456,8204093,82040,81218,True,7
tomo_sample_2_051_rec,recon_01066.tiff,1066,100,0.5,-0.000624396747735,0.00087148294464,-5.2950479765e-05,-5.30655478664e-05,-5.03901737829e-05,-6.25818602111e-05,7.65113453856e-05,0.367818252325,29876,0.000377676829605,0.000377765068372,0.000372523616534,0.000371785718552,8.26317282349e-05,0.632181747675,51342,8204093,82040,81218,True,7
tomo_sample_2_051_rec,recon_01067.tiff,1067,100,0.5,-0.000616053697886,0.00086659695633,-5.25005976063e-05,-5.2597032695e-05,-4.93791903864e-05,-5.41196651855e-05,7.63345673493e-05,0.364674557836,29624,0.000377871511517,0.000377975778134,0.000372562135453,0.000369387698169,8.30805419768e-05,0.635325442164,51594,8204093,82040,81218,True,7
tomo_sample_2_051_rec,recon_01068.tiff,1068,100,0.5,-0.000639772708528,0.000888315915072,-5.22007246875e-05,-5.23505599587e-05,-4.89627636853e-05,-6.32957448298e-05,7.74953014823e-05,0.367671491041,29861,0.000377478099985,0.000377560675815,0.000372487818822,0.000376159368294,8.3275316124e-05,0.632328508959,51357,8204093,82040,81218,True,7
tomo_sample_2_051_rec,recon_01069.tiff,1069,100,0.5,-0.000603317366913,0.000859717431595,-5.27549814142e-05,-5.28045933609e-05,-4.97727305628e-05,-3.78800528376e-05,7.55073196033e-05,0.366822897385,29803,0.000377487734352,0.000377603335041,0.000372593378415,0.000365779292577,8.19632083502e-05,0.633177102615,51415,8204093,82040,81218,True,7
tomo_sample_2_051_rec,recon_01070.tiff,1070,100,0.5,-0.000622339732654,0.000868638353713,-5.22304082005e-05,-5.22576767097e-05,-4.93341467518e-05,-3.83477324251e-05,7.64459714336e-05,0.36499347174,29662,0.000377574423249,0.000377739839971,0.000371578484192,0.000364093113493,8.40983098703e-05,0.63500652826,51556,8204093,82040,81218,True,8
tomo_sample_2_051_rec,recon_01071.tiff,1071,100,0.5,-0.0006364613396,0.000859119844972,-5.27072359865e-05,-5.2894064977e-05,-4.99061479786e-05,-5.87517469049e-05,7.75263590364e-05,0.370425392756,30080,0.000377087698429,0.000377153809312,0.000371615271433,0.00035345338564,8.30575976114e-05,0.629574607244,51138,8204093,82040,81218,True,8
tomo_sample_2_051_rec,recon_01072.tiff,1072,100,0.5,-0.000619391854561,0.000894687777036,-5.16660811706e-05,-5.1735269981e-05,-4.8982894441e-05,-4.31051514155e-05,7.71962907314e-05,0.364466937377,29614,0.000377756423289,0.000377902013741,0.000372282214812,0.000366048557869,8.42052441447e-05,0.635533062623,51604,8204093,82040,81218,True,8
tomo_sample_2_051_rec,recon_01073.tiff,1073,100,0.5,-0.000562716064742,0.000897402289847,-5.17858686677e-05,-5.17812188691e-05,-4.98723566125e-05,-5.48212217709e-05,7.28943646321e-05,0.363900485492,29578,0.000377881651502,0.000378068114895,0.000372235634131,0.000367522258696,8.52948511408e-05,0.636099514508,51640,8204093,82040,81218,True,8
tomo_sample_2_051_rec,recon_01074.tiff,1074,100,0.5,-0.000606626687804,0.000905867820256,-5.22580686924e-05,-5.23128142731e-05,-4.92592844239e-05,-6.01048568337e-05,7.46268665828e-05,0.362986993543,29494,0.000377239897174,0.000377378416871,0.000371740345145,0.000371174270509,8.47180981244e-05,0.637013006457,51724,8204093,82040,81218,True,8
tomo_sample_2_051_rec,recon_01075.tiff,1075,100,0.5,-0.000597817630915,0.00085951529356,-5.21016022223e-05,-5.22551774578e-05,-4.97091386933e-05,-5.9073012675e-05,7.58099796823e-05,0.367217204233,29823,0.000377957509783,0.000378032844207,0.000372606300516,0.000367163548938,8.32377892635e-05,0.632782795767,51395,8204093,82040,81218,True,8
tomo_sample_2_051_rec,recon_01076.tiff,1076,100,0.5,-0.000608957149379,0.000860181983444,-5.208798445e-05,-5.21149281062e-05,-4.93574025313e-05,-4.64760717077e-05,7.61097191079e-05,0.367624530733,29876,0.000377617631249,0.000377786227351,0.000372729511582,0.000359124795376,8.3572456528e-05,0.632375469267,51342,8204093,82040,81218,True,8
tomo_sample_2_051_rec,recon_01077.tiff,1077,100,0.5,-0.000595265633019,0.000881603592716,-5.20357323373e-05,-5.20914524609e-05,-4.96946558997e-05,-6.69315089845e-05,7.44837649041e-05,0.363245976206,29515,0.000377293625745,0.000377432455348,0.000372086418793,0.000373993774767,8.4284005554e-05,0.636754023794,51703,8204093,82040,81218,True,8
tomo_sample_2_051_rec,recon_01078.tiff,1078,100,0.5,-0.000593509108294,0.000904738338431,-5.09377828977e-05,-5.09707231961e-05,-4.88638215757e-05,-4.93924201421e-05,7.31115886118e-05,0.362935391479,29492,0.000377607603788,0.000377751597956,0.000372704467736,0.000365271949187,8.47707297848e-05,0.637064608521,51726,8204093,82040,81218,True,8
tomo_sample_2_051_rec,recon_01079.tiff,1079,100,0.5,-0.00059515263245,0.000868384412024,-5.1703916558e-05,-5.17455683082e-05,-4.98723420606e-05,-5.53492605118e-05,7.35684035198e-05,0.365090062885,29664,0.000377530335514,0.000377655172529,0.000372634051018,0.000381014204501,8.24742834208e-05,0.634909937115,51554,8204093,82040,81218,True,7
tomo_sample_2_051_rec,recon_01080.tiff,1080,100,0.5,-0.000561430466769,0.000863161605375,-5.13457863314e-05,-5.13255656069e-05,-4.95420772495e-05,-5.32472377312e-05,7.12754312186e-05,0.36242679813,29456,0.000377058052293,0.000377215552338,0.000372333248379,0.000369766828878,8.29424227092e-05,0.63757320187,51762,8204093,82040,81218,True,7
tomo_sample_2_051_rec,recon_01081.tiff,1081,100,0.5,-0.000602793376893,0.000901494182763,-5.10758477609e-05,-5.10331695022e-05,-4.87714823976e-05,-4.09367716437e-05,7.33259622662e-05,0.366331099427,29781,0.000377696070747,0.000377907438989,0.000372110574972,0.000365843907801,8.53749816807e-05,0.633668900573,51437,8204093,82040,81218,True,8
tomo_sample_2_051_rec,recon_01082.tiff,1082,100,0.5,-0.00055765344965,0.000893051619059,-5.14980860989e-05,-5.15133188457e-05,-4.91593418701e-05,-3.76136372982e-05,7.18202963809e-05,0.366042973491,29747,0.000376979303299,0.000377135634245,0.000371974136215,0.000383460355829,8.45339453349e-05,0.633957026509,51471,8204093,82040,81218,True,8
tomo_sample_2_051_rec,recon_01083.tiff,1083,100,0.5,-0.000590219795122,0.000886176919739,-5.15372240831e-05,-5.15477460495e-05,-4.92566032335e-05,-4.49795030897e-05,7.28068948249e-05,0.364689299523,29637,0.000376975653888,0.000377128448385,0.000371623551473,0.000376134254349,8.41860011607e-05,0.635310700477,51581,8204093,82040,81218,True,7
tomo_sample_2_051_rec,recon_01084.tiff,1084,100,0.5,-0.000586365199706,0.000888472205843,-5.05767740885e-05,-5.06136607354e-05,-4.80410380987e-05,-5.34741300988e-05,7.22326576546e-05,0.363710100548,29553,0.000376947088941,0.00037707736004,0.000372172653442,0.000372718383992,8.37020309501e-05,0.636289899452,51665,8204093,82040,81218,True,8
tomo_sample_2_051_rec,recon_01085.tiff,1085,100,0.5,-0.00060669401777,0.000874964596878,-5.18569175371e-05,-5.199185963e-05,-4.92940089316e-05,-5.38630398766e-05,7.49635251984e-05,0.365673348635,29699,0.00037778696124,0.000377862599052,0.00037216747296,0.0003622716506,8.3757998321e-05,0.634326651365,51519,8204093,82040,81218,True,8
tomo_sample_2_051_rec,recon_01086.tiff,1086,100,0.5,-0.000584229872329,0.000895053312415,-5.22833451496e-05,-5.22343836663e-05,-4.99707493873e-05,-5.67858929869e-05,7.25371401515e-05,0.366069403628,29758,0.000377910154699,0.000378104003751,0.00037211162271,0.00036694611627,8.49738946572e-05,0.633930596372,51460,8204093,82040,81218,True,7
tomo_sample_2_051_rec,recon_01087.tiff,1087,100,0.5,-0.000600789829332,0.000885582101764,-5.14499918413e-05,-5.14841583207e-05,-4.91081063956e-05,-4.7126494034e-05,7.36380196246e-05,0.364887336263,29650,0.000377174408039,0.00037731524186,0.000371962014469,0.000373905072321,8.40627290327e-05,0.635112663737,51568,8204093,82040,81218,True,7
tomo_sample_2_051_rec,recon_01088.tiff,1088,100,0.5,-0.000608444368991,0.000913163514633,-5.27251153708e-05,-5.27752199804e-05,-4.97684959555e-05,-4.09988634235e-05,7.5574110283e-05,0.367002686158,29822,0.000377917768735,0.000378070646938,0.000372048190911,0.000360227147519,8.56246866612e-05,0.632997313842,51396,8204093,82040,81218,True,7
tomo_sample_2_051_rec,recon_01089.tiff,1089,100,0.5,-0.000625041295716,0.000873486158962,-5.21558556296e-05,-5.23377238153e-05,-4.90319689561e-05,-6.10134656363e-05,7.67957078609e-05,0.364662414477,29612,0.000377724668286,0.000377786109693,0.000372382550268,0.000372030129457,8.39387884265e-05,0.635337585523,51606,8204093,82040,81218,True,7
tomo_sample_2_051_rec,recon_01090.tiff,1090,100,0.5,-0.000636016343487,0.000860914103687,-5.17903797805e-05,-5.1919593267e-05,-4.91750615765e-05,-6.24752116511e-05,7.54433253242e-05,0.365918506677,29720,0.00037749692566,0.000377578420949,0.000372988375602,0.000377258013578,8.28840680978e-05,0.634081493323,51498,8204093,82040,81218,True,8
tomo_sample_2_051_rec,recon_01091.tiff,1091,100,0.5,-0.000592195613717,0.000901188438293,-5.12439509424e-05,-5.1352179664e-05,-4.83630174131e-05,-4.21165734596e-05,7.46467259047e-05,0.366798526494,29795,0.000378739008953,0.000378838151921,0.000373255403247,0.000369821823154,8.46511908685e-05,0.633201473506,51423,8204093,82040,81218,True,8
tomo_sample_2_051_rec,recon_01092.tiff,1092,100,0.5,-0.000598607443389,0.000887886765122,-5.27237152644e-05,-5.2735678708e-05,-5.00910100527e-05,-5.27194231974e-05,7.34104238987e-05,0.365680540526,29715,0.000377835802251,0.000377969422708,0.000372059235815,0.000372452191448,8.33518055488e-05,0.634319459474,51503,8204093,82040,81218,True,7
tomo_sample_2_051_rec,recon_01093.tiff,1093,100,0.5,-0.000618879886169,0.000907010755909,-5.23385459077e-05,-5.23890998271e-05,-4.95001586387e-05,-5.37744718088e-05,7.4109861143e-05,0.367624676472,29869,0.000378773260664,0.000378897194804,0.00037248863373,0.00035991726775,8.52455647518e-05,0.632375323528,51349,8204093,82040,81218,True,7
tomo_sample_2_051_rec,recon_01094.tiff,1094,100,0.5,-0.00060175044724,0.000886445621145,-5.27592559825e-05,-5.28593015413e-05,-4.96923530591e-05,-5.08709426433e-05,7.33140143581e-05,0.365797837744,29712,0.000377870043042,0.000377949754756,0.000372160546249,0.000358536218024,8.43314076541e-05,0.634202162256,51506,8204093,82040,81218,True,7
tomo_sample_2_051_rec,recon_01095.tiff,1095,100,0.5,-0.000613872568065,0.000897357391659,-5.22675672069e-05,-5.23339630347e-05,-4.97140463267e-05,-5.20899900387e-05,7.38388251038e-05,0.363998843292,29573,0.000378397204806,0.000378516461977,0.000372633658117,0.000370254187798,8.48063708257e-05,0.636001156708,51645,8204093,82040,81218,True,7
tomo_sample_2_051_rec,recon_01096.tiff,1096,100,0.5,-0.00061940998683,0.000895485427463,-5.2855350577e-05,-5.28867456088e-05,-5.02015427628e-05,-5.3680728245e-05,7.33612720556e-05,0.366781200531,29803,0.000377813669908,0.000377947163842,0.000372536247596,0.000389451718959,8.42685444547e-05,0.633218799469,51415,8204093,82040,81218,True,7
tomo_sample_2_051_rec,recon_01097.tiff,1097,100,0.5,-0.000618798975192,0.000890665918414,-5.32453095453e-05,-5.32995954078e-05,-5.04458566866e-05,-4.14626709144e-05,7.34068436425e-05,0.363991268907,29572,0.000378471829846,0.000378581131078,0.000372796348529,0.000372605485829,8.38484405427e-05,0.636008731093,51646,8204093,82040,81218,True,7
tomo_sample_2_051_rec,recon_01098.tiff,1098,100,0.5,-0.000613576254982,0.000880030952685,-5.33177375336e-05,-5.34048977223e-05,-5.05569150846e-05,-5.02385276963e-05,7.35388582497e-05,0.365775893364,29712,0.00037691304316,0.000377000188812,0.000371632369934,0.000377870337803,8.36516096269e-05,0.634224106636,51506,8204093,82040,81218,True,7
tomo_sample_2_051_rec,recon_01099.tiff,1099,100,0.5,-0.000617536365753,0.000891735484183,-5.41111575669e-05,-5.41414390435e-05,-5.10993377247e-05,-5.60239317693e-05,7.34458151233e-05,0.36369581702,29550,0.000377352907799,0.000377465033034,0.000371721602278,0.000371461622874,8.38764299325e-05,0.63630418298,51668,8204093,82040,81218,True,7
tomo_sample_2_051_rec,recon_01100.tiff,1100,100,0.5,-0.000551943873579,0.000891505490581,-5.22740318398e-05,-5.23554125449e-05,-4.9065976782e-05,-3.58706566559e-05,7.23095955195e-05,0.365893890892,29721,0.000377977238276,0.000378056205308,0.000371822010493,0.00036038221306,8.4136951762e-05,0.634106109108,51497,8204093,82040,81218,True,7
tomo_sample_2_051_rec,recon_01101.tiff,1101,100,0.5,-0.000605443305976,0.000875722018536,-5.20885496193e-05,-5.21441228834e-05,-4.90503734909e-05,-4.8565264961e-05,7.18713636579e-05,0.365466513779,29689,0.000377712896322,0.000377799471067,0.00037200038787,0.000374225145325,8.32760395844e-05,0.634533486221,51529,8204093,82040,81218,True,7
tomo_sample_2_051_rec,recon_01102.tiff,1102,100,0.5,-0.000625842279405,0.000899436555919,-5.40502770853e-05,-5.41272596301e-05,-5.02806142322e-05,-4.57367829244e-05,7.41753254316e-05,0.365604709966,29699,0.000377782889976,0.000377871832255,0.000371899368474,0.000366273712678,8.42609782687e-05,0.634395290034,51519,8204093,82040,81218,True,7
tomo_sample_2_051_rec,recon_01103.tiff,1103,100,0.5,-0.000613743118593,0.000887330310943,-5.23446310521e-05,-5.24154054619e-05,-4.97928194818e-05,-6.07738852e-05,7.26005254974e-05,0.3654280452,29685,0.000378236858122,0.00037832496076,0.000372496549971,0.000372500897581,8.3515636743e-05,0.6345719548,51533,8204093,82040,81218,True,7
tomo_sample_2_051_rec,recon_01104.tiff,1104,100,0.5,-0.000577027010731,0.0008641849985,-5.19762262604e-05,-5.19882284536e-05,-4.94744817843e-05,-3.33911669377e-05,7.14689494994e-05,0.36562249582,29708,0.000377851631498,0.000377965965863,0.000372778798919,0.00038056823483,8.18715733357e-05,0.63437750418,51510,8204093,82040,81218,True,7
tomo_sample_2_051_rec,recon_01105.tiff,1105,100,0.5,-0.000587105067389,0.000904803832527,-5.2616468683e-05,-5.27061094443e-05,-4.95973872603e-05,-7.31208747352e-05,7.22942630195e-05,0.365259973437,29668,0.000378425308293,0.000378496259401,0.000372414186131,0.00036461971823,8.39606611231e-05,0.634740026563,51550,8204093,82040,81218,True,6
tomo_sample_2_051_rec,recon_01106.tiff,1106,100,0.5,-0.000632257492107,0.000915376673802,-5.38322351004e-05,-5.39291652762e-05,-5.06013893755e-05,-5.81734747139e-05,7.45998034962e-05,0.364585988001,29613,0.00037812588163,0.00037819870723,0.000372132373741,0.000371499651044,8.4291193627e-05,0.635414011999,51605,8204093,82040,81218,True,7
tomo_sample_2_051_rec,recon_01107.tiff,1107,100,0.5,-0.000596369229315,0.000897509440838,-5.41429574995e-05,-5.42129357791e-05,-5.06468095409e-05,-6.94880743653e-05,7.31229092274e-05,0.36326084157,29509,0.000377949130906,0.000378036537178,0.000372152222553,0.000358334089629,8.37265163299e-05,0.63673915843,51709,8204093,82040,81218,True,7
tomo_sample_2_051_rec,recon_01108.tiff,1108,100,0.5,-0.000622322368436,0.000867353036301,-5.39395045375e-05,-5.3985889608e-05,-5.04838317283e-05,-5.1198945367e-05,7.30789193115e-05,0.363315266009,29515,0.000378035119765,0.000378122261796,0.000372798385797,0.000355090884694,8.18538589938e-05,0.636684733991,51703,8204092,82040,81218,True,7
tomo_sample_2_051_rec,recon_01109.tiff,1109,100,0.5,-0.000600851746858,0.000876977185835,-5.40643080021e-05,-5.40953792506e-05,-5.12876504217e-05,-5.39975403058e-05,7.30086207528e-05,0.366745611326,29795,0.000378047598399,0.000378138329593,0.000372086127754,0.000365065105265,8.13640218248e-05,0.633254388674,51423,8204093,82040,81218,True,7
tomo_sample_2_051_rec,recon_01110.tiff,1110,100,0.5,-0.000591963219631,0.000920114232867,-5.31524179086e-05,-5.32189668806e-05,-4.99987509102e-05,-5.3592982039e-05,7.16948336972e-05,0.363692298502,29543,0.000378558562403,0.00037863536396,0.000372501992388,0.000357347299983,8.34031381164e-05,0.636307701498,51675,8204093,82040,81218,True,7
tomo_sample_2_051_rec,recon_01111.tiff,1111,100,0.5,-0.000645609107451,0.000898330835043,-5.37470417426e-05,-5.38730575166e-05,-5.02881757711e-05,-6.31949069735e-05,7.49416426422e-05,0.365021301639,29642,0.000378769890361,0.000378806254245,0.000373138653231,0.000388961963587,8.22238000428e-05,0.634978698361,51576,8204093,82040,81218,True,7
tomo_sample_2_051_rec,recon_01112.tiff,1112,100,0.5,-0.000562062663957,0.000892886885267,-5.25862653178e-05,-5.26047368379e-05,-4.97263936268e-05,-5.74513348662e-05,6.98770012363e-05,0.361736424169,29390,0.000378289164328,0.000378386857389,0.000372599475668,0.000362100162234,8.33048049998e-05,0.638263575831,51828,8204093,82040,81218,True,6
tomo_sample_2_051_rec,recon_01113.tiff,1113,100,0.5,-0.000609814990894,0.000912148029893,-5.42799042732e-05,-5.43933078019e-05,-5.03452502016e-05,-4.35491020477e-05,7.33689733921e-05,0.366474486297,29762,0.000378958002667,0.000379004020861,0.000372945607523,0.000366192178553,8.3805786333e-05,0.633525513703,51456,8204093,82040,81218,True,7
tomo_sample_2_051_rec,recon_01114.tiff,1114,100,0.5,-0.000604497313325,0.000903395469941,-5.34125154548e-05,-5.34167524241e-05,-5.01170106872e-05,-4.58993336074e-05,7.36400051073e-05,0.363759482524,29557,0.000378645354827,0.000378758027239,0.000372658483684,0.000371659726089,8.22691860725e-05,0.636240517476,51661,8204093,82040,81218,True,7
tomo_sample_2_051_rec,recon_01115.tiff,1115,100,0.5,-0.000619210929726,0.000883544868557,-5.38997853622e-05,-5.39775861474e-05,-5.07574004587e-05,-3.41107248572e-05,7.20194219148e-05,0.364611986752,29615,0.000378150662786,0.000378211586171,0.00037218775833,0.000361444241531,8.20355601793e-05,0.635388013248,51603,8204093,82040,81218,True,7
tomo_sample_2_051_rec,recon_01116.tiff,1116,100,0.5,-0.000557758326177,0.000891249954293,-5.3950686502e-05,-5.39304198859e-05,-5.10994141223e-05,-6.98812455715e-05,6.90747086251e-05,0.362201789148,29433,0.000378897521486,0.000379017190962,0.00037294998765,0.000367404465171,8.3529169607e-05,0.637798210852,51785,8204093,82040,81218,True,7
tomo_sample_2_051_rec,recon_01117.tiff,1117,100,0.5,-0.000648668160429,0.000890449624858,-5.40969339935e-05,-5.42602658433e-05,-5.01329268445e-05,-5.53247504076e-05,7.65035486318e-05,0.36712731644,29809,0.000379712594592,0.000379736870829,0.000373329909053,0.000350743098114,8.2968375214e-05,0.63287268356,51409,8204093,82040,81218,True,7
tomo_sample_2_051_rec,recon_01118.tiff,1118,100,0.5,-0.000600475083629,0.000894733702298,-5.40374420381e-05,-5.40104177324e-05,-5.13985087309e-05,-4.79719756122e-05,7.08777488488e-05,0.363577050896,29546,0.000377944444163,0.000378071105307,0.00037213350879,0.00037093760905,8.20015999598e-05,0.636422949104,51672,8204093,82040,81218,True,7
tomo_sample_2_051_rec,recon_01119.tiff,1119,100,0.5,-0.000611648433551,0.000913314878126,-5.42676272082e-05,-5.4320218529e-05,-5.04919917148e-05,-4.66982062663e-05,7.338981001e-05,0.364699757039,29626,0.000379495179237,0.000379574270158,0.000373585469788,0.000373019079346,8.32252780764e-05,0.635300242961,51592,8204093,82040,81218,True,7
tomo_sample_2_051_rec,recon_01120.tiff,1120,100,0.5,-0.000622068794619,0.000876516694552,-5.39138439899e-05,-5.40074575438e-05,-5.10240388394e-05,-5.15150613677e-05,7.23897055037e-05,0.361203060982,29334,0.000378155053166,0.000378189740926,0.000372455455363,0.000374096172313,8.07005245588e-05,0.638796939018,51884,8204093,82040,81218,True,7
tomo_sample_2_051_rec,recon_01121.tiff,1121,100,0.5,-0.000645005694532,0.000896062087268,-5.50054184828e-05,-5.51330272395e-05,-5.07123295392e-05,-3.14550513065e-05,7.44912118678e-05,0.363515999229,29518,0.000379572545667,0.000379594612405,0.0003733876365,0.000359883067734,8.21738865425e-05,0.636484000771,51700,8204093,82040,81218,True,7
tomo_sample_2_051_rec,recon_01122.tiff,1122,100,0.5,-0.000605963996495,0.000907709946914,-5.31216131789e-05,-5.32222837591e-05,-4.9606016546e-05,-5.90098596498e-05,7.27548223945e-05,0.361064981843,29324,0.000379101253178,0.000379150013078,0.000373126138584,0.00038208418233,8.30779774425e-05,0.638935018157,51894,8204093,82040,81218,True,7
tomo_sample_2_051_rec,recon_01123.tiff,1123,100,0.5,-0.000612965269829,0.000900364059198,-5.32751412037e-05,-5.33573616722e-05,-4.93675579492e-05,-4.38912527863e-05,7.33216465819e-05,0.363660612106,29536,0.000379605268571,0.00037965403623,0.000373515606043,0.000378583076365,8.21400760525e-05,0.636339387894,51682,8204093,82040,81218,True,7
tomo_sample_2_051_rec,recon_01124.tiff,1124,100,0.5,-0.000604682946287,0.000909485403681,-5.31185540402e-05,-5.31717329712e-05,-5.00283895235e-05,-5.74626681853e-05,7.07803153897e-05,0.364705785209,29624,0.000380191984959,0.000380250448401,0.000373840404791,0.000368409677878,8.25821734828e-05,0.635294214791,51594,8204093,82040,81218,True,7
tomo_sample_2_051_rec,recon_01125.tiff,1125,100,0.5,-0.000631212785665,0.000890814061859,-5.52831131765e-05,-5.53482414411e-05,-5.12716542289e-05,-4.50171392543e-05,7.36589409829e-05,0.36349131106,29524,0.000379806610701,0.000379860326738,0.000373625531211,0.00037311867769,8.15287348805e-05,0.63650868894,51694,8204093,82040,81218,True,7
tomo_sample_2_051_rec,recon_01126.tiff,1126,100,0.5,-0.00060466227209,0.000908815927396,-5.45512607786e-05,-5.45509449894e-05,-5.1338929552e-05,-5.36893172803e-05,7.14336653948e-05,0.363822609018,29560,0.000380020724546,0.000380113546696,0.00037356215762,0.000380170721607,8.27379922367e-05,0.636177390982,51658,8204093,82040,81218,True,7
tomo_sample_2_051_rec,recon_01127.tiff,1127,100,0.5,-0.00062778109248,0.000891905999742,-5.54568730389e-05,-5.55563803696e-05,-5.15700212418e-05,-4.85353655307e-05,7.2936874571e-05,0.36472041924,29618,0.000378950365374,0.000378974960116,0.000373355433112,0.000374291977737,8.06270804152e-05,0.63527958076,51600,8204093,82040,81218,True,7
tomo_sample_2_051_rec,recon_01128.tiff,1128,100,0.5,-0.000640659306082,0.000903620560421,-5.57215138594e-05,-5.57874794737e-05,-5.22829832335e-05,-5.63143435003e-05,7.41443224594e-05,0.364777791037,29629,0.000379142585072,0.000379201353674,0.000373353657778,0.000361598059195,8.14818493298e-05,0.635222208963,51589,8204093,82040,81218,True,6
tomo_sample_2_051_rec,recon_01129.tiff,1129,100,0.5,-0.000619675223716,0.000909346597327,-5.53476645849e-05,-5.54467962603e-05,-5.21385845786e-05,-6.05385658847e-05,7.20042287305e-05,0.363323234928,29504,0.000380069293124,0.000380088916957,0.00037375818647,0.00038099691452,8.16884381822e-05,0.636676765072,51714,8204093,82040,81218,True,7
tomo_sample_2_051_rec,recon_01130.tiff,1130,100,0.5,-0.000623990044405,0.000903518262785,-5.54498580693e-05,-5.55345591526e-05,-5.19368659297e-05,-4.80943365269e-05,7.26486526112e-05,0.365486986571,29683,0.000379528548693,0.000379567863794,0.000373585964553,0.000374410157426,8.19550010647e-05,0.634513013429,51535,8204093,82040,81218,True,7
tomo_sample_2_051_rec,recon_01131.tiff,1131,100,0.5,-0.00064522386092,0.000895324034209,-5.5701249045e-05,-5.58128780061e-05,-5.21442816535e-05,-5.20044622059e-05,7.35136484431e-05,0.363802485328,29542,0.000380358351076,0.00038037735711,0.000374256720534,0.000385789514391,8.14909589249e-05,0.636197514672,51676,8204093,82040,81218,True,7
tomo_sample_2_051_rec,recon_01132.tiff,1132,100,0.5,-0.000611136874068,0.000923178023077,-5.54404751639e-05,-5.55279609123e-05,-5.18115248269e-05,-5.90062299854e-05,7.14504161954e-05,0.359992615975,29236,0.000380088048165,0.000380121498512,0.000373691465938,0.000380927844414,8.32155191875e-05,0.640007384025,51982,8204092,82040,81218,True,7
tomo_sample_2_051_rec,recon_01133.tiff,1133,100,0.5,-0.000643161018961,0.000919174237351,-5.57065678682e-05,-5.57849008717e-05,-5.14731254952e-05,-6.15708005747e-05,7.49996685809e-05,0.365064786319,29650,0.000379895761461,0.000379942221188,0.00037288927706,0.00036923003078,8.2006758943e-05,0.634935213681,51568,8204093,82040,81218,True,7
tomo_sample_2_051_rec,recon_01134.tiff,1134,100,0.5,-0.000671610641584,0.000895947846293,-5.64486260244e-05,-5.65701794546e-05,-5.14874445798e-05,-5.04175851261e-05,7.71720333976e-05,0.366686370966,29777,0.00038012139893,0.000380153284566,0.00037402601447,0.000376201286133,8.11182346488e-05,0.633313629034,51441,8204093,82040,81218,True,7
tomo_sample_2_051_rec,recon_01135.tiff,1135,100,0.5,-0.000664243558131,0.000897708857956,-5.59044261579e-05,-5.60153806979e-05,-5.15853680554e-05,-5.41636509297e-05,7.63267239385e-05,0.365013705374,29641,0.000380557998511,0.000380582133228,0.000374137453036,0.00036481981234,8.09507879547e-05,0.634986294626,51577,8204093,82040,81218,True,6
tomo_sample_2_051_rec,recon_01136.tiff,1136,100,0.5,-0.000646076570847,0.000897950443032,-5.64269580295e-05,-5.65439421872e-05,-5.21259644302e-05,-3.84882360478e-05,7.36303970279e-05,0.363241801487,29494,0.00038037151031,0.000380372578605,0.000374230439775,0.000365047687993,7.99625684991e-05,0.636758198513,51724,8204093,82040,81218,True,6
tomo_sample_2_051_rec,recon_01137.tiff,1137,100,0.5,-0.000598685493169,0.000900699331542,-5.52739015499e-05,-5.53088212331e-05,-5.20597677678e-05,-5.19148089335e-05,6.97374086236e-05,0.361746088826,29384,0.000380199955785,0.000380250887891,0.000374099938199,0.000373132414087,8.09712439278e-05,0.638253911174,51834,8204093,82040,81218,True,7
tomo_sample_2_051_rec,recon_01138.tiff,1138,100,0.5,-0.000592429466778,0.000891419826949,-5.53299911062e-05,-5.53924424489e-05,-5.19389650435e-05,-4.52915154208e-05,7.01440697367e-05,0.364895294604,29635,0.000380427749027,0.000380454622446,0.000374507973902,0.00036943137764,7.94455117146e-05,0.635104705396,51583,8204093,82040,81218,True,6
tomo_sample_2_051_rec,recon_01139.tiff,1139,100,0.5,-0.000618311953149,0.000914383459021,-5.56803748414e-05,-5.57491837419e-05,-5.17671796842e-05,-5.01325312458e-05,7.0878122211e-05,0.359217780505,29174,0.000380043842982,0.000380074463704,0.000373936170945,0.00036635539496,8.0987710346e-05,0.640782219495,52044,8204093,82040,81218,True,7
tomo_sample_2_051_rec,recon_01140.tiff,1140,100,0.5,-0.000577911511646,0.000884606720065,-5.45526506237e-05,-5.45784644973e-05,-5.15198698849e-05,-4.50467763265e-05,6.85035606373e-05,0.362635525124,29457,0.000380111656027,0.000380163866086,0.00037411073572,0.000374890730215,8.01702534241e-05,0.637364474876,51761,8204093,82040,81218,True,7
tomo_sample_2_051_rec,recon_01141.tiff,1141,100,0.5,-0.000601817031566,0.000878637815185,-5.45679891589e-05,-5.45942186678e-05,-5.07755066792e-05,-6.50431552298e-05,6.94004046131e-05,0.360575748837,29289,0.00038018843006,0.000380234693458,0.000374024937628,0.000365540690947,7.88685732804e-05,0.639424251163,51929,8204093,82040,81218,True,6
tomo_sample_2_051_rec,recon_01142.tiff,1142,100,0.5,-0.000629991860478,0.000884703960037,-5.59495142945e-05,-5.60775020217e-05,-5.23140806763e-05,-5.28540831203e-05,7.22100072881e-05,0.362464887671,29429,0.000380121005515,0.000380112284224,0.00037422296009,0.00037833106,7.9682342609e-05,0.637535112329,51789,8204092,82040,81218,True,7
tomo_sample_2_051_rec,recon_01143.tiff,1143,100,0.5,-0.000550261667813,0.000894910627976,-5.42014160999e-05,-5.42207550235e-05,-5.1785935284e-05,-5.8112900738e-05,6.55403646974e-05,0.361564873947,29370,0.000380100733653,0.000380148746427,0.000374035778805,0.000363386921993,7.94629215055e-05,0.638435126053,51848,8204093,82040,81218,True,7
tomo_sample_2_051_rec,recon_01144.tiff,1144,100,0.5,-0.000641084940289,0.000881830972794,-5.57655533957e-05,-5.58383101295e-05,-5.20816192875e-05,-5.0742938944e-05,7.28696144894e-05,0.363905892079,29554,0.000380127956913,0.000380155160045,0.000373857634258,0.000369323367861,7.90891231962e-05,0.636094107921,51664,8204093,82040,81218,True,6
tomo_sample_2_051_rec,recon_01145.tiff,1145,100,0.5,-0.000583827798546,0.000900965926994,-5.52031640167e-05,-5.5237330794e-05,-5.18989818374e-05,-5.45362200245e-05,6.778039318e-05,0.362715873727,29462,0.00038061453559,0.000380658759841,0.000374342213036,0.000366402164659,7.99970772961e-05,0.637284126273,51756,8204093,82040,81218,True,7
tomo_sample_2_051_rec,recon_01146.tiff,1146,100,0.5,-0.000628035707632,0.000907274418278,-5.54200391953e-05,-5.54463042813e-05,-5.16579384566e-05,-4.28942666214e-05,7.01994780553e-05,0.365960023248,29727,0.00038105517759,0.000381108137366,0.000374286610167,0.000367384186258,8.02248498958e-05,0.634039976752,51491,8204093,82040,81218,True,7
tomo_sample_2_051_rec,recon_01147.tiff,1147,100,0.5,-0.000571620793198,0.00091262921429,-5.46727201878e-05,-5.47264315972e-05,-5.19030418218e-05,-6.24656286597e-05,6.66984621192e-05,0.361398444912,29352,0.000380754193676,0.00038078409556,0.000374423631001,0.000377443861012,8.08623023252e-05,0.638601555088,51866,8204093,82040,81218,True,7
tomo_sample_2_051_rec,recon_01148.tiff,1148,100,0.5,-0.000588867428014,0.000909329183632,-5.58738508423e-05,-5.59132135538e-05,-5.2716497521e-05,-5.61505672341e-05,6.98766186659e-05,0.362722999185,29462,0.000381038931951,0.00038108129084,0.000374804803869,0.000369843558266,7.98731333499e-05,0.637277000815,51756,8204093,82040,81218,True,6
tomo_sample_2_051_rec,recon_01149.tiff,1149,100,0.5,-0.000591951338574,0.000886802170135,-5.49224634631e-05,-5.49741304962e-05,-5.22936752532e-05,-6.17505141211e-05,6.81628888108e-05,0.363296551452,29506,0.00038038906553,0.000380416699672,0.000374624461983,0.000358348607637,7.82928236233e-05,0.636703448548,51712,8204093,82040,81218,True,7
tomo_sample_2_051_rec,recon_01150.tiff,1150,100,0.5,-0.000579361840209,0.000929563328973,-5.55620877496e-05,-5.56122918928e-05,-5.25721479789e-05,-5.52234538802e-05,6.72726524477e-05,0.361901232568,29394,0.000381411164291,0.000381448962589,0.000374763883883,0.000372688740115,8.21713187615e-05,0.638098767432,51824,8204093,82040,81218,True,7
tomo_sample_2_051_rec,recon_01151.tiff,1151,100,0.5,-0.000599135096418,0.00090577959927,-5.53388600635e-05,-5.54056974004e-05,-5.23814705957e-05,-6.65563798597e-05,6.84543049579e-05,0.359245331718,29175,0.000381364903526,0.000381384017617,0.000374994735466,0.000365344634365,7.99624902096e-05,0.640754668282,52043,8204093,82040,81218,True,7
tomo_sample_2_051_rec,recon_01152.tiff,1152,100,0.5,-0.000592497095058,0.000913202689844,-5.62917644485e-05,-5.63299131044e-05,-5.29546177859e-05,-4.70600681661e-05,6.84078852742e-05,0.360092505269,29248,0.000381831699906,0.000381870088302,0.000375251125661,0.000373400184198,8.09839158032e-05,0.639907494731,51970,8204093,82040,81218,True,6
tomo_sample_2_051_rec,recon_01153.tiff,1153,100,0.5,-0.000619572940632,0.000904125080269,-5.65352184282e-05,-5.65516535952e-05,-5.25465984538e-05,-5.04870129892e-05,7.19472880911e-05,0.36067189386,29299,0.000381747711628,0.000381807215316,0.000375444738893,0.000373077823317,8.0232538998e-05,0.63932810614,51919,8204093,82040,81218,True,6
tomo_sample_2_051_rec,recon_01154.tiff,1154,100,0.5,-0.000626208467002,0.00089798793284,-5.52004171722e-05,-5.52739631815e-05,-5.16457439517e-05,-6.56191504959e-05,7.00084503687e-05,0.361195810422,29333,0.00038075888193,0.000380778603443,0.00037487319787,0.000367809748143,7.93221738639e-05,0.638804189578,51885,8204093,82040,81218,True,7
tomo_sample_2_051_rec,recon_01155.tiff,1155,100,0.5,-0.000607423954934,0.000911733184184,-5.57804629335e-05,-5.58464947006e-05,-5.20794274053e-05,-4.81492861487e-05,6.86931235734e-05,0.362056980045,29403,0.000381576652209,0.000381592651065,0.000374617666239,0.000362513992076,8.0564711082e-05,0.637943019955,51815,8204093,82040,81218,True,6
tomo_sample_2_051_rec,recon_01156.tiff,1156,100,0.5,-0.000658008833125,0.000908388857497,-5.67567126154e-05,-5.69214258707e-05,-5.32149406354e-05,-5.70053095764e-05,7.34549604119e-05,0.360077061622,29230,0.00038135255948,0.000381320963103,0.000374905968783,0.000365159849093,7.96812272566e-05,0.639922938378,51988,8204093,82040,81218,True,6
tomo_sample_2_051_rec,recon_01157.tiff,1157,100,0.5,-0.000666253035888,0.000931795670767,-5.75518359049e-05,-5.76306847993e-05,-5.32830963493e-05,-5.57305284669e-05,7.26869664338e-05,0.360460448071,29273,0.000380914727202,0.00038093487966,0.000374127848772,0.000373846255794,8.04003518716e-05,0.639539551929,51945,8204093,82040,81218,True,6
tomo_sample_2_051_rec,recon_01158.tiff,1158,100,0.5,-0.000632877109165,0.000899750324897,-5.63397755113e-05,-5.64147739323e-05,-5.27458687429e-05,-5.88915693776e-05,7.10608051681e-05,0.360293370309,29259,0.000381524918836,0.000381539283668,0.000375513918698,0.00037293167227,7.86799483333e-05,0.639706629691,51959,8204093,82040,81218,True,6
tomo_sample_2_051_rec,recon_01159.tiff,1159,100,0.5,-0.000673856108624,0.000911222701834,-5.72016544007e-05,-5.73284546585e-05,-5.25861833012e-05,-5.810640523e-05,7.49091136011e-05,0.361609041142,29360,0.000381693696621,0.000381687934965,0.0003750569158,0.000366235832937,7.9991826551e-05,0.638390958858,51858,8204093,82040,81218,True,6
tomo_sample_2_051_rec,recon_01160.tiff,1160,100,0.5,-0.000645430552831,0.00089398854092,-5.71132744746e-05,-5.72290808845e-05,-5.29873104824e-05,-5.68155224056e-05,7.21514588095e-05,0.363786899121,29537,0.000381296070075,0.000381285533058,0.000375158444513,0.00037105449123,7.8748857102e-05,0.636213100879,51681,8204093,82040,81218,True,6
tomo_sample_2_051_rec,recon_01161.tiff,1161,100,0.5,-0.000702542112849,0.00089955006144,-5.68587937525e-05,-5.70186772493e-05,-5.23158123542e-05,-6.20321847695e-05,7.49526795844e-05,0.361018706628,29308,0.000381317215517,0.000381295916254,0.000375502189854,0.000385088030283,7.9680956476e-05,0.638981293372,51910,8204093,82040,81218,True,6
tomo_sample_2_051_rec,recon_01162.tiff,1162,100,0.5,-0.000661121966259,0.000893770901312,-5.7122013824e-05,-5.72284704866e-05,-5.30277429789e-05,-5.34640026563e-05,7.3499864995e-05,0.361389458834,29345,0.000382371404996,0.000382378005486,0.000375593430363,0.000371771670415,8.04338452713e-05,0.638610541166,51873,8204093,82040,81218,True,6
tomo_sample_2_051_rec,recon_01163.tiff,1163,100,0.5,-0.000659477689769,0.000954256367986,-5.71813120794e-05,-5.72876750302e-05,-5.26314506715e-05,-6.28823814318e-05,7.42151670379e-05,0.359139108546,29163,0.00038277535968,0.000382787955046,0.000375671981601,0.000381349274164,8.27127140059e-05,0.640860891454,52055,8204093,82040,81218,True,6
tomo_sample_2_051_rec,recon_01164.tiff,1164,100,0.5,-0.000713712309662,0.000942810853012,-5.75643954295e-05,-5.76882318037e-05,-5.24894949194e-05,-5.61241756162e-05,7.73778200629e-05,0.357339759062,29016,0.000383198264565,0.00038321288655,0.000376009003958,0.000369670655701,8.2557584703e-05,0.642660240938,52202,8204093,82040,81218,True,6
tomo_sample_2_051_rec,recon_01165.tiff,1165,100,0.5,-0.000663562361442,0.000964083672152,-5.72226930905e-05,-5.72296758123e-05,-5.27988613612e-05,-5.34775496148e-05,7.39940339071e-05,0.359928616896,29242,0.000383164209528,0.000383247084983,0.000375410672859,0.000374359784568,8.43446087139e-05,0.640071383104,51976,8204093,82040,81218,True,6
tomo_sample_2_051_rec,recon_01166.tiff,1166,100,0.5,-0.000712270591757,0.000933746270894,-5.76703383685e-05,-5.78350708023e-05,-5.24132519786e-05,-5.45735923246e-05,7.83039642892e-05,0.364806623813,29616,0.000382587632649,0.000382572421477,0.000375902178348,0.000375855316125,8.03877876966e-05,0.635193376187,51602,8204093,82040,81218,True,6
tomo_sample_2_051_rec,recon_01167.tiff,1167,100,0.5,-0.000687978609931,0.000899380814226,-5.72649228432e-05,-5.74089791658e-05,-5.23381313542e-05,-5.20207577136e-05,7.64701938051e-05,0.358150216667,29077,0.000381672909648,0.000381658586528,0.00037531828275,0.000365157867567,7.93245986638e-05,0.641849783333,52141,8204093,82040,81218,True,6
tomo_sample_2_051_rec,recon_01168.tiff,1168,100,0.5,-0.00070039196813,0.000933812735893,-5.69504786051e-05,-5.70694502813e-05,-5.20346293342e-05,-5.68300060227e-05,7.51869296153e-05,0.358287956053,29092,0.00038243290896,0.000382436668538,0.000375605100999,0.000366698104794,8.09474939808e-05,0.641712043947,52126,8204093,82040,81218,True,6
tomo_sample_2_051_rec,recon_01169.tiff,1169,100,0.5,-0.000700275931158,0.000954356604198,-5.69786031427e-05,-5.70546040621e-05,-5.25681389263e-05,-5.8477310922e-05,7.40696415717e-05,0.358150970872,29087,0.000383345583946,0.000383376962061,0.000376393669285,0.000372342936069,8.30103398573e-05,0.641849029128,52131,8204093,82040,81218,True,6
tomo_sample_2_051_rec,recon_01170.tiff,1170,100,0.5,-0.000694179988641,0.0009286733318,-5.81855121043e-05,-5.83256814467e-05,-5.35227045475e-05,-5.87124403667e-05,7.51351592401e-05,0.357668939852,29038,0.000381558486127,0.000381542473713,0.000375080577214,0.000378390112637,8.01517307957e-05,0.642331060148,52180,8204093,82040,81218,True,6
tomo_sample_2_051_rec,recon_01171.tiff,1171,100,0.5,-0.000745516442112,0.000920803791669,-5.84491192968e-05,-5.85777586259e-05,-5.32183876203e-05,-4.14151150882e-05,7.94662060218e-05,0.360241937879,29251,0.000381853137682,0.00038186513763,0.00037511420669,0.000369477103747,8.03099128413e-05,0.639758062121,51967,8204093,82040,81218,True,6
tomo_sample_2_051_rec,recon_01172.tiff,1172,100,0.5,-0.000652030762867,0.000943758348003,-5.73154667548e-05,-5.73540297503e-05,-5.33565325895e-05,-4.47269922654e-05,7.22681220667e-05,0.359199400455,29177,0.000382551743262,0.000382603311128,0.000375233939849,0.000377766492304,8.27700994941e-05,0.640800599545,52041,8204093,82040,81218,True,6
tomo_sample_2_051_rec,recon_01173.tiff,1173,100,0.5,-0.000652817295049,0.000927419651125,-5.68052862836e-05,-5.68578358346e-05,-5.24998213223e-05,-5.11052708548e-05,7.40815088368e-05,0.361424278653,29356,0.000382665238483,0.000382710600421,0.000375759234885,0.000375999982822,8.105313423e-05,0.638575721347,51862,8204093,82040,81218,True,6
tomo_sample_2_051_rec,recon_01174.tiff,1174,100,0.5,-0.000648593195656,0.000935164475231,-5.76329533906e-05,-5.76886366648e-05,-5.32272133569e-05,-5.90193299064e-05,7.21409377337e-05,0.35992562745,29233,0.000382210023261,0.000382246077366,0.000375211122446,0.000370638584213,8.15352618463e-05,0.64007437255,51985,8204093,82040,81218,True,6
tomo_sample_2_051_rec,recon_01175.tiff,1175,100,0.5,-0.000604775273532,0.000918334550224,-5.69023208058e-05,-5.68709428518e-05,-5.3468711485e-05,-4.61927483629e-05,6.91369445762e-05,0.36053056071,29294,0.000381053829812,0.000381140959777,0.000375136762159,0.000369578714502,8.00950391241e-05,0.63946943929,51924,8204093,82040,81218,True,7
tomo_sample_2_051_rec,recon_01176.tiff,1176,100,0.5,-0.000645103976422,0.000926253035723,-5.7812132524e-05,-5.79130958597e-05,-5.35276594746e-05,-5.41447113392e-05,7.31072645018e-05,0.358714178796,29128,0.000382100428495,0.000382105807503,0.000375383839128,0.000374054976332,8.08944787974e-05,0.641285821204,52090,8204093,82040,81218,True,6
tomo_sample_2_051_rec,recon_01177.tiff,1177,100,0.5,-0.000666559585952,0.000933974170766,-5.87628282173e-05,-5.87906825864e-05,-5.3905256209e-05,-6.13041559169e-05,7.5781964442e-05,0.356276564257,28941,0.000382459877295,0.000382516907406,0.000375539821107,0.000376284343066,8.07927477376e-05,0.643723435743,52277,8204092,82040,81218,True,6
tomo_sample_2_051_rec,recon_01178.tiff,1178,100,0.5,-0.000597550294769,0.000913954198186,-5.62646573766e-05,-5.62810466432e-05,-5.30994329893e-05,-5.72366929021e-05,6.79803722538e-05,0.357917418719,29074,0.000381539571817,0.000381587861563,0.000374778261175,0.000371007503814,8.02206926771e-05,0.642082581281,52144,8204093,82040,81218,True,6
tomo_sample_2_051_rec,recon_01179.tiff,1179,100,0.5,-0.000674707606959,0.000937665216916,-5.83114830409e-05,-5.83599308976e-05,-5.41785975656e-05,-6.56191880314e-05,7.1829185842e-05,0.358122411206,29088,0.000381681756295,0.000381725788534,0.000374620285584,0.000360919542973,8.24653128082e-05,0.641877588794,52130,8204093,82040,81218,True,7
tomo_sample_2_051_rec,recon_01180.tiff,1180,100,0.5,-0.000613472386322,0.000917130362068,-5.67694087682e-05,-5.68559464934e-05,-5.3512838349e-05,-7.04361595033e-05,6.85639559292e-05,0.356011405274,28909,0.000381587758609,0.000381589206029,0.000374995317543,0.000372786609016,8.06591111932e-05,0.643988594726,52309,8204093,82040,81218,True,6
tomo_sample_2_051_rec,recon_01181.tiff,1181,100,0.5,-0.000640279938525,0.000933675809938,-5.74907125744e-05,-5.75879566184e-05,-5.34466889803e-05,-5.63551903275e-05,7.20689893976e-05,0.357074588424,28996,0.00038175450126,0.000381767416289,0.000375135219656,0.000365869311523,8.11344884898e-05,0.642925411576,52222,8204093,82040,81218,True,7
tomo_sample_2_051_rec,recon_01182.tiff,1182,100,0.5,-0.000623501938535,0.000913817662222,-5.74381483934e-05,-5.75631729136e-05,-5.35188555659e-05,-4.79139052071e-05,7.10798125282e-05,0.356322915535,28929,0.000381375597993,0.000381353843573,0.000375079718651,0.000370009839988,7.97014155254e-05,0.643677084465,52289,8204093,82040,81218,True,6
tomo_sample_2_051_rec,recon_01183.tiff,1183,100,0.5,-0.000694879185758,0.000931482971355,-5.83808545119e-05,-5.8386288252e-05,-5.39360171388e-05,-6.57034066681e-05,7.49276577309e-05,0.35658832128,28970,0.00038236306658,0.000382438707719,0.000375169664039,0.000371713813613,8.21987552304e-05,0.64341167872,52248,8204093,82040,81218,True,6
tomo_sample_2_051_rec,recon_01184.tiff,1184,100,0.5,-0.00066317949415,0.000925756521465,-5.80965301476e-05,-5.81963897816e-05,-5.35427498107e-05,-5.30685772336e-05,7.38467501187e-05,0.362198427956,29412,0.000382050911851,0.000382064853944,0.000375033429009,0.000374060639366,8.16250120458e-05,0.637801572044,51806,8204093,82040,81218,True,6
tomo_sample_2_051_rec,recon_01185.tiff,1185,100,0.5,-0.000694640765432,0.000917713048693,-5.84001251661e-05,-5.85326225953e-05,-5.35881445103e-05,-6.23642237614e-05,7.61200022376e-05,0.359752773726,29209,0.000382330686773,0.000382325435865,0.000375173171051,0.000363743699761,8.11913803911e-05,0.640247226274,52009,8204093,82040,81218,True,6
tomo_sample_2_051_rec,recon_01186.tiff,1186,100,0.5,-0.000683564293722,0.000903356858471,-5.71755975702e-05,-5.72869626824e-05,-5.27174852323e-05,-4.73826509541e-05,7.44191564102e-05,0.362623380642,29445,0.0003826927961,0.000382700519941,0.000375372095732,0.000367599037009,8.13179319617e-05,0.637376619358,51773,8204093,82040,81218,True,6
tomo_sample_2_051_rec,recon_01187.tiff,1187,100,0.5,-0.000681119308865,0.000883050454431,-5.8196369564e-05,-5.83236060508e-05,-5.3534127801e-05,-5.44090743991e-05,7.52902030828e-05,0.356966328606,28983,0.00038163392454,0.000381627972136,0.000374865136109,0.000374045632942,7.99869002236e-05,0.643033671394,52235,8204093,82040,81218,True,6
tomo_sample_2_051_rec,recon_01188.tiff,1188,100,0.5,-0.000677886448393,0.000920810587704,-5.81539632445e-05,-5.82053412328e-05,-5.33911079401e-05,-4.88765038753e-05,7.58400936337e-05,0.356582626155,28964,0.000382437510464,0.000382491893431,0.000375091476599,0.000379074204627,8.28369913872e-05,0.643417373845,52254,8204093,82040,81218,True,6
tomo_sample_2_051_rec,recon_01189.tiff,1189,100,0.5,-0.000732579096803,0.00092965371965,-5.79842399556e-05,-5.81181464803e-05,-5.31840141775e-05,-6.65506515706e-05,7.69544838771e-05,0.360464070298,29268,0.000382468135306,0.000382474300866,0.00037507378147,0.000373025529552,8.2295633574e-05,0.639535929702,51950,8204093,82040,81218,True,6
tomo_sample_2_051_rec,recon_01190.tiff,1190,100,0.5,-0.000685745876108,0.000902483284881,-5.78186803918e-05,-5.79131617656e-05,-5.3584764828e-05,-5.42165499512e-05,7.49430383671e-05,0.358709354821,29131,0.000382048553353,0.000382078961755,0.000375153933419,0.000377267780115,8.27720135607e-05,0.641290645179,52087,8204093,82040,81218,True,7
tomo_sample_2_051_rec,recon_01191.tiff,1191,100,0.5,-0.000688486401341,0.000942082003166,-5.74602647281e-05,-5.75668650728e-05,-5.33136808372e-05,-5.08333571617e-05,7.37362074711e-05,0.355772199293,28891,0.000381294224541,0.000381318648892,0.000373881281121,0.000372739209174,8.41482269315e-05,0.644227800707,52327,8204093,82040,81218,True,7
tomo_sample_2_051_rec,recon_01192.tiff,1192,100,0.5,-0.000635324567847,0.000911143072299,-5.65314022356e-05,-5.65784520948e-05,-5.25439609191e-05,-6.47930785313e-05,7.21380055454e-05,0.359068415159,29165,0.000382096329942,0.000382141073894,0.000374925351935,0.000373175367225,8.21077517096e-05,0.640931584841,52053,8204093,82040,81218,True,6
tomo_sample_2_051_rec,recon_01193.tiff,1193,100,0.5,-0.000685706586519,0.000928259860084,-5.75340710916e-05,-5.76413207356e-05,-5.37388732482e-05,-3.29637317535e-05,7.39947564092e-05,0.35601775317,28910,0.000382265607878,0.000382282424674,0.00037499795144,0.000368799864154,8.34138804594e-05,0.64398224683,52308,8204093,82040,81218,True,6
tomo_sample_2_051_rec,recon_01194.tiff,1194,100,0.5,-0.000694730597606,0.000927112481149,-5.73219221726e-05,-5.74617807337e-05,-5.30891156814e-05,-5.72666083237e-05,7.46646593666e-05,0.356668787893,28959,0.000381525464392,0.000381528012876,0.000374227354769,0.000363310681316,8.2780546767e-05,0.643331212107,52259,8204093,82040,81218,True,7
tomo_sample_2_051_rec,recon_01195.tiff,1195,100,0.5,-0.00068751095183,0.000924575457466,-5.80192924741e-05,-5.81693914924e-05,-5.2810570196e-05,-4.66992045858e-05,7.61634864524e-05,0.355634374488,28874,0.000381881363001,0.000381880854592,0.000374485302018,0.000380564179916,8.32325927861e-05,0.644365625512,52344,8204093,82040,81218,True,6
tomo_sample_2_051_rec,recon_01196.tiff,1196,100,0.5,-0.000646411432535,0.000928134126298,-5.73935048883e-05,-5.74699116363e-05,-5.27899246663e-05,-5.34934961259e-05,7.40463335883e-05,0.357949785812,29072,0.000381987259531,0.000382030146156,0.000374788447516,0.000364810503483,8.32352681875e-05,0.642050214188,52146,8204093,82040,81218,True,7
tomo_sample_2_051_rec,recon_01197.tiff,1197,100,0.5,-0.000651308963133,0.000940837284434,-5.67017175056e-05,-5.67836871625e-05,-5.27916272404e-05,-6.4329324358e-05,7.36719188417e-05,0.358563554005,29121,0.000382370323967,0.000382409276567,0.000375140924007,0.000373638578214,8.41194452718e-05,0.641436445995,52097,8204092,82040,81218,True,7
tomo_sample_2_051_rec,recon_01198.tiff,1198,100,0.5,-0.000676388677966,0.000905416597961,-5.65159746889e-05,-5.66286668436e-05,-5.20540015714e-05,-5.37573992502e-05,7.44244273149e-05,0.357605634868,29039,0.00038166588187,0.000381686488345,0.000374725466827,0.000369551484986,8.28723502485e-05,0.642394365132,52179,8204093,82040,81218,True,7
tomo_sample_2_051_rec,recon_01199.tiff,1199,100,0.5,-0.000616432600946,0.000904627173732,-5.6313464555e-05,-5.64004407693e-05,-5.23591934325e-05,-4.12243097877e-05,7.05795962209e-05,0.36106623492,29322,0.000381669187906,0.000381692358075,0.000374933631974,0.00038256503521,8.2863400163e-05,0.63893376508,51896,8204093,82040,81218,True,6
tomo_sample_2_051_rec,recon_01200.tiff,1200,100,0.5,-0.000691630925867,0.000897584098566,-5.7827816618e-05,-5.80054859982e-05,-5.28149575985e-05,-5.91861370097e-05,7.73878026926e-05,0.356923517986,28975,0.000381194428075,0.000381178559861,0.000374801515136,0.000358379980455,8.12346918616e-05,0.643076482014,52243,8204093,82040,81218,True,7
tomo_sample_2_051_rec,recon_01201.tiff,1201,100,0.5,-0.000728177921264,0.000914165724243,-5.92158852855e-05,-5.94062029489e-05,-5.32603917236e-05,-4.32559055133e-05,8.22202309089e-05,0.357293796811,29007,0.000381767060413,0.000381774080329,0.000374558090698,0.000387761399113,8.28995294608e-05,0.642706203189,52211,8204093,82040,81218,True,6
tomo_sample_2_051_rec,recon_01202.tiff,1202,100,0.5,-0.000708394523244,0.000903794283222,-5.84000620975e-05,-5.85524201573e-05,-5.32575249963e-05,-5.42259811635e-05,7.82592508011e-05,0.354741190547,28802,0.000381344001459,0.000381349110755,0.000373943665181,0.000363292250747,8.23817325261e-05,0.645258809453,52416,8204093,82040,81218,True,6
tomo_sample_2_051_rec,recon_01203.tiff,1203,100,0.5,-0.000615873891511,0.000943515739345,-5.6892504311e-05,-5.68814129668e-05,-5.28937271156e-05,-4.71958178731e-05,7.1198994941e-05,0.358123052708,29099,0.000381861976212,0.000381964901191,0.000374149036361,0.000364764689523,8.50995911959e-05,0.641876947292,52119,8204093,82040,81218,True,7
tomo_sample_2_051_rec,recon_01204.tiff,1204,100,0.5,-0.000569126177288,0.000938940069755,-5.5640787186e-05,-5.56981953245e-05,-5.2532479458e-05,-5.31063995734e-05,6.74024758863e-05,0.357615616919,29047,0.000381926537815,0.000381976741311,0.000374535098672,0.000372913966018,8.60779003271e-05,0.642384383081,52171,8204093,82040,81218,True,7
tomo_sample_2_051_rec,recon_01205.tiff,1205,100,0.5,-0.000593689890811,0.000913564764487,-5.57974010938e-05,-5.58343707159e-05,-5.2391204008e-05,-5.23642080002e-05,6.85966414524e-05,0.357158128631,29012,0.000380906001502,0.000380962776062,0.000374758034013,0.00037875731594,8.29627302724e-05,0.642841871369,52206,8204093,82040,81218,True,7
tomo_sample_2_051_rec,recon_01206.tiff,1206,100,0.5,-0.000613831818919,0.000893560749828,-5.51164158022e-05,-5.51316501249e-05,-5.16083218827e-05,-5.20930476096e-05,7.04640574292e-05,0.359230267083,29184,0.000380104250343,0.000380180010517,0.000373410963221,0.000367051263966,8.21625467733e-05,0.640769732917,52034,8204093,82040,81218,True,7
tomo_sample_2_051_rec,recon_01207.tiff,1207,100,0.5,-0.00062582741346,0.000920678193215,-5.68378196343e-05,-5.69596667373e-05,-5.25136438227e-05,-5.09958356198e-05,7.33318951986e-05,0.356340937471,28936,0.000380709001053,0.000380732097552,0.00037395376421,0.00037265935534,8.40472833911e-05,0.643659062529,52282,8204093,82040,81218,True,7
tomo_sample_2_051_rec,recon_01208.tiff,1208,100,0.5,-0.000629209479375,0.000908730028314,-5.62459892448e-05,-5.62934239891e-05,-5.16554246133e-05,-5.79518334576e-05,7.39831650761e-05,0.352710972099,28652,0.000380882462716,0.000380954223293,0.00037365584285,0.000358902031474,8.38432739364e-05,0.647289027901,52566,8204093,82040,81218,True,7
tomo_sample_2_051_rec,recon_01209.tiff,1209,100,0.5,-0.000626500990475,0.000905086936837,-5.54264757025e-05,-5.55500945752e-05,-5.20115154359e-05,-5.64145540094e-05,7.20430217306e-05,0.357705112913,29046,0.000380407339261,0.000380425255447,0.000374239665689,0.00037901808645,8.30308241019e-05,0.642294887087,52172,8204093,82040,81218,True,7
tomo_sample_2_051_rec,recon_01210.tiff,1210,100,0.5,-0.000610399877769,0.000900794847403,-5.66818230721e-05,-5.67186522687e-05,-5.31844088982e-05,-4.58164291128e-05,7.10265010793e-05,0.357155194389,29013,0.000379772979903,0.000379840010389,0.000373311166186,0.000369953005796,8.29064483995e-05,0.642844805611,52205,8204093,82040,81218,True,7
tomo_sample_2_051_rec,recon_01211.tiff,1211,100,0.5,-0.000600430706691,0.000902262434538,-5.66813857299e-05,-5.66622123976e-05,-5.24733950442e-05,-4.29599313167e-05,7.11296460737e-05,0.359850996537,29241,0.000380115066545,0.000380227156257,0.000373315997422,0.000392661225187,8.41261513976e-05,0.640149003463,51977,8204093,82040,81218,True,7
tomo_sample_2_051_rec,recon_01212.tiff,1212,100,0.5,-0.000627568020136,0.00090982903348,-5.63932638067e-05,-5.64911916611e-05,-5.22353675478e-05,-4.6472696107e-05,7.36537709892e-05,0.357382978573,29024,0.000380601736974,0.000380640027358,0.00037404714385,0.000360709843045,8.30784071957e-05,0.642617021427,52194,8204093,82040,81218,True,7
tomo_sample_2_051_rec,recon_01213.tiff,1213,100,0.5,-0.000596382315853,0.000894712250156,-5.64342921364e-05,-5.649353507e-05,-5.30122033524e-05,-5.54736638449e-05,7.10085168166e-05,0.354033883554,28756,0.000379315251059,0.000379364967533,0.000372913986212,0.000372821050573,8.25868878805e-05,0.645966116446,52462,8204093,82040,81218,True,7
tomo_sample_2_051_rec,recon_01214.tiff,1214,100,0.5,-0.000636441518727,0.000883981898078,-5.64901834074e-05,-5.66319791501e-05,-5.28389737156e-05,-6.57867754621e-05,7.42062729756e-05,0.355051041708,28830,0.000379402949257,0.000379426603325,0.000372965514543,0.000367173135786,8.34956016057e-05,0.644948958292,52388,8204093,82040,81218,True,7
tomo_sample_2_051_rec,recon_01215.tiff,1215,100,0.5,-0.00058501046442,0.000879928198701,-5.60394602655e-05,-5.61023270292e-05,-5.25195173395e-05,-3.89372417421e-05,7.03304788289e-05,0.358376198881,29108,0.000379785098083,0.000379831939365,0.000373681337805,0.000375326495434,8.24612256812e-05,0.641623801119,52110,8204093,82040,81218,True,7
tomo_sample_2_051_rec,recon_01216.tiff,1216,100,0.5,-0.000606820003595,0.000916077854636,-5.59898242768e-05,-5.59882528375e-05,-5.2199284255e-05,-4.78092073847e-05,7.2967735164e-05,0.355541067861,28892,0.000379428138652,0.000379557628008,0.000372648355551,0.000368120495724,8.60376314931e-05,0.644458932139,52326,8204093,82040,81218,True,7
tomo_sample_2_051_rec,recon_01217.tiff,1217,100,0.5,-0.0005966133115,0.000919241698866,-5.71686183913e-05,-5.71845832835e-05,-5.32345329702e-05,-4.91219901983e-05,7.13734434416e-05,0.354698417911,28819,0.000379352087338,0.000379453371178,0.000372600625269,0.000365642054348,8.54534300707e-05,0.645301582089,52399,8204092,82040,81218,True,7
tomo_sample_2_051_rec,recon_01218.tiff,1218,100,0.5,-0.000650330251956,0.00091636497149,-5.6474393784e-05,-5.65842454664e-05,-5.23384042026e-05,-5.24218822489e-05,7.40223592327e-05,0.354733725034,28809,0.000379784136045,0.000379829839966,0.000373319257051,0.000371839938977,8.43299008317e-05,0.645266274966,52409,8204092,82040,81218,True,7
tomo_sample_2_051_rec,recon_01219.tiff,1219,100,0.5,-0.000627829127188,0.000876949371013,-5.65890997083e-05,-5.66505837254e-05,-5.29433418706e-05,-5.60868646395e-05,7.13925757849e-05,0.355031723888,28839,0.000378587208245,0.000378654571103,0.000372868118575,0.000372818741609,8.33952331512e-05,0.644968276112,52379,8204093,82040,81218,True,7
tomo_sample_2_051_rec,recon_01220.tiff,1220,100,0.5,-0.000658274537127,0.000905787632219,-5.61418389739e-05,-5.62043237515e-05,-5.24329061591e-05,-5.33484683376e-05,7.39402698706e-05,0.356779918998,28982,0.000379589342893,0.000379666124033,0.000372778857127,0.00038671292463,8.45315380619e-05,0.643220081002,52236,8204093,82040,81218,True,7
tomo_sample_2_051_rec,recon_01221.tiff,1221,100,0.5,-0.000597668486007,0.000916250405426,-5.6301935663e-05,-5.64085443273e-05,-5.21909860254e-05,-6.09137304165e-05,7.36445573754e-05,0.357649796354,29047,0.000379150773287,0.000379205111617,0.000372559064999,0.000379599826509,8.49256858652e-05,0.642350203646,52171,8204093,82040,81218,True,7
tomo_sample_2_051_rec,recon_01222.tiff,1222,100,0.5,-0.00060832810821,0.000900172360707,-5.58386045732e-05,-5.58517215229e-05,-5.28606105945e-05,-5.43391056163e-05,7.17363712106e-05,0.355468558018,28883,0.000379030438629,0.000379141998534,0.000372459559003,0.000366136841532,8.50210779045e-05,0.644531441982,52335,8204093,82040,81218,True,7
tomo_sample_2_051_rec,recon_01223.tiff,1223,100,0.5,-0.000643128813244,0.000901868470537,-5.60709618046e-05,-5.61660581097e-05,-5.23737253388e-05,-5.82008211709e-05,7.49376047785e-05,0.357969081235,29077,0.000378474299674,0.000378556226628,0.000372199865524,0.000379509638074,8.4966968539e-05,0.642030918765,52141,8204093,82040,81218,True,7
tomo_sample_2_051_rec,recon_01224.tiff,1224,100,0.5,-0.000661076831166,0.000885543771437,-5.64433936617e-05,-5.6553335049e-05,-5.32763860974e-05,-5.82822935758e-05,7.49259703267e-05,0.357811712422,29060,0.00037831667512,0.000378371663907,0.000371936272131,0.000365784734679,8.40907221633e-05,0.642188287578,52158,8204093,82040,81218,True,7
tomo_sample_2_051_rec,recon_01225.tiff,1225,100,0.5,-0.00062759129185,0.000888617639139,-5.64792265362e-05,-5.64983238125e-05,-5.26722869836e-05,-5.50298305073e-05,7.45119021145e-05,0.357168892549,29022,0.000378503558751,0.000378626322075,0.000372441310901,0.000359253190448,8.46739749755e-05,0.642831107451,52196,8204093,82040,81218,True,7
tomo_sample_2_051_rec,recon_01226.tiff,1226,100,0.5,-0.000595649311144,0.000890900349186,-5.56773499008e-05,-5.5728057368e-05,-5.21407746419e-05,-4.94535112589e-05,7.29095847117e-05,0.3535063512,28719,0.00037843685616,0.000378530095258,0.000372463924577,0.000377173233272,8.42918485647e-05,0.6464936488,52499,8204093,82040,81218,True,7
tomo_sample_2_051_rec,recon_01227.tiff,1227,100,0.5,-0.000644690315821,0.00089717499126,-5.63522334224e-05,-5.65135713981e-05,-5.22839545738e-05,-6.30468760733e-05,7.58705873993e-05,0.356191077017,28925,0.000379182742487,0.00037923761206,0.000372684560716,0.000381386027601,8.68256145553e-05,0.643808922983,52293,8204093,82040,81218,True,7
tomo_sample_2_051_rec,recon_01228.tiff,1228,100,0.5,-0.00059532315383,0.000892219525704,-5.43814496578e-05,-5.43807827137e-05,-5.14281127835e-05,-5.67796634148e-05,7.21833485568e-05,0.357101147145,29019,0.000378108106512,0.000378239962683,0.000372034759494,0.000387598249866,8.49045554729e-05,0.642898852855,52199,8204093,82040,81218,True,7
tomo_sample_2_051_rec,recon_01229.tiff,1229,100,0.5,-0.000595984079991,0.00092302715726,-5.65481505146e-05,-5.66449298269e-05,-5.27006031916e-05,-6.17975625751e-05,7.36663209962e-05,0.357072589129,29006,0.000378898932882,0.000378996720154,0.000372002148652,0.00036585720382,8.81336798746e-05,0.642927410871,52212,8204093,82040,81218,True,7
tomo_sample_2_051_rec,recon_01230.tiff,1230,100,0.5,-0.000658983115572,0.000910236393393,-5.66874600579e-05,-5.69164260666e-05,-5.16763702763e-05,-3.83769061235e-05,7.83139631138e-05,0.359815614945,29212,0.000377819257141,0.00037785174806,0.00037155537575,0.000360870064294,8.66964420504e-05,0.640184385055,52006,8204093,82040,81218,True,7
tomo_sample_2_051_rec,recon_01231.tiff,1231,100,0.5,-0.000686006309697,0.000900235093723,-5.63944288726e-05,-5.65046316119e-05,-5.2279792726e-05,-5.11055846603e-05,7.73261170418e-05,0.357692915552,29056,0.000377806820959,0.000377908968899,0.000371377216652,0.000363218449698,8.60538413279e-05,0.642307084448,52162,8204093,82040,81218,True,7
tomo_sample_2_051_rec,recon_01232.tiff,1232,100,0.5,-0.000619980368647,0.000870843863813,-5.51863937986e-05,-5.53105588561e-05,-5.21838883287e-05,-4.56651769631e-05,7.42005043522e-05,0.356202630839,28931,0.000377131037247,0.000377207467692,0.000370931782527,0.000381192186681,8.56898992789e-05,0.643797369161,52287,8204093,82040,81218,True,7
tomo_sample_2_051_rec,recon_01233.tiff,1233,100,0.5,-0.000655845298315,0.000908296179841,-5.70418446279e-05,-5.71943184104e-05,-5.27569864062e-05,-4.45373040437e-05,7.88847361404e-05,0.358134760777,29088,0.00037913187788,0.000379225415741,0.000372022681404,0.000359323255789,8.80746216899e-05,0.641865239223,52130,8204093,82040,81218,True,7
tomo_sample_2_051_rec,recon_01234.tiff,1234,100,0.5,-0.000649652373104,0.000912983324961,-5.51473283754e-05,-5.52479947646e-05,-5.15422834724e-05,-6.45847389694e-05,7.6701455371e-05,0.360377012966,29276,0.000377955376424,0.000378069646462,0.000371601170627,0.000377018009487,8.67789985049e-05,0.639622987034,51942,8204093,82040,81218,True,7
tomo_sample_2_051_rec,recon_01235.tiff,1235,100,0.5,-0.000671129308466,0.000913367944886,-5.67637368154e-05,-5.69320260905e-05,-5.32221838512e-05,-5.4629352134e-05,7.81366819601e-05,0.358179807336,29090,0.000378480804562,0.0003785693112,0.00037214490294,0.000376254189087,8.78246504989e-05,0.641820192664,52128,8204093,82040,81218,True,7
tomo_sample_2_051_rec,recon_01236.tiff,1236,100,0.5,-0.000622041095048,0.000893228043278,-5.5616906562e-05,-5.56837219713e-05,-5.1802406233e-05,-5.1133419305e-05,7.52269904996e-05,0.357232706677,29025,0.000377516282669,0.000377646998923,0.000370706693502,0.000359000144636,8.74078629952e-05,0.642767293323,52193,8204093,82040,81218,True,7
tomo_sample_2_051_rec,recon_01237.tiff,1237,100,0.5,-0.000617303440231,0.000926116737537,-5.61961201049e-05,-5.6275399183e-05,-5.25601717527e-05,-6.63089345e-05,7.46386829122e-05,0.358156968384,29099,0.00037738096669,0.000377510144368,0.000370852882043,0.000362558961165,8.8360503323e-05,0.641843031616,52119,8204093,82040,81218,True,8
tomo_sample_2_051_rec,recon_01238.tiff,1238,100,0.5,-0.000633030576864,0.000895538847253,-5.64055937673e-05,-5.65307043762e-05,-5.27130287082e-05,-5.84154294187e-05,7.73915159724e-05,0.35863225501,29131,0.00037718227638,0.000377282261091,0.000370822992409,0.000360027035968,8.57460945254e-05,0.64136774499,52087,8204093,82040,81218,True,8
tomo_sample_2_051_rec,recon_01239.tiff,1239,100,0.5,-0.000622729952738,0.000889413266559,-5.54127143384e-05,-5.54901140945e-05,-5.17000444233e-05,-5.59651636643e-05,7.59421605447e-05,0.356787764638,28988,0.000376965651326,0.000377094797385,0.000370931476937,0.000367646740145,8.58128551739e-05,0.643212235362,52230,8204093,82040,81218,True,8
tomo_sample_2_051_rec,recon_01240.tiff,1240,100,0.5,-0.000606313584722,0.000860993241658,-5.45290955304e-05,-5.46642272756e-05,-5.11918406119e-05,-5.77300638919e-05,7.60523979194e-05,0.357481648461,29036,0.000376035576092,0.000376127728566,0.000370711903088,0.000365942910712,8.46934945356e-05,0.642518351539,52182,8204093,82040,81218,True,8
tomo_sample_2_051_rec,recon_01241.tiff,1241,100,0.5,-0.000609456857201,0.000873983946803,-5.54047581901e-05,-5.54728295853e-05,-5.24414172105e-05,-5.52996207744e-05,7.41627032521e-05,0.359718166006,29227,0.00037624329796,0.000376376294519,0.000370368477888,0.000363270086706,8.56775524624e-05,0.640281833994,51991,8204093,82040,81218,True,8
tomo_sample_2_051_rec,recon_01242.tiff,1242,100,0.5,-0.00062262894382,0.000880273188814,-5.5927370932e-05,-5.60733486963e-05,-5.22881855431e-05,-4.06446335696e-05,7.58222395652e-05,0.355451544647,28871,0.000375877911872,0.000375974396713,0.000370169553207,0.000355366176934,8.6643170879e-05,0.644548455353,52347,8204093,82040,81218,True,8
tomo_sample_2_051_rec,recon_01243.tiff,1243,100,0.5,-0.000627629584633,0.000883773842943,-5.51387136626e-05,-5.51987450648e-05,-5.12703682034e-05,-3.4802977161e-05,7.60055411045e-05,0.360054859815,29256,0.000376727259595,0.000376869639538,0.000370577035937,0.000364356410323,8.65524334299e-05,0.639945140185,51962,8204093,82040,81218,True,7
tomo_sample_2_051_rec,recon_01244.tiff,1244,100,0.5,-0.000673560894793,0.000882282801904,-5.53080721524e-05,-5.55543215264e-05,-5.08739540237e-05,-5.04436995321e-05,8.12958510077e-05,0.359743178318,29212,0.000375843324134,0.000375935039279,0.000369246074115,0.000361648662395,8.68766580925e-05,0.640256821682,52006,8204093,82040,81218,True,8
tomo_sample_2_051_rec,recon_01245.tiff,1245,100,0.5,-0.000652538096183,0.000873128789244,-5.44740912408e-05,-5.46996359104e-05,-5.10429745191e-05,-5.51511941821e-05,7.82831333886e-05,0.356327299901,28932,0.000375900235049,0.000375957619737,0.000369917208445,0.000383276987289,8.54575959401e-05,0.643672700099,52286,8204093,82040,81218,True,8
tomo_sample_2_051_rec,recon_01246.tiff,1246,100,0.5,-0.000620418578037,0.000896198732371,-5.54870359193e-05,-5.56111296402e-05,-5.18783308507e-05,-5.9980329473e-05,7.62999585596e-05,0.357415657794,29034,0.000376184308499,0.000376298145745,0.000369665431208,0.000360229473439,8.70509492231e-05,0.642584342206,52184,8204093,82040,81218,True,8
tomo_sample_2_051_rec,recon_01247.tiff,1247,100,0.5,-0.000601498370524,0.000878279387543,-5.6056641248e-05,-5.60863460198e-05,-5.26480544067e-05,-5.38810614674e-05,7.45324334514e-05,0.355774232926,28913,0.000375481283954,0.000375643970304,0.000369534449419,0.000376713033652,8.63092435894e-05,0.644225767074,52305,8204093,82040,81218,True,8
tomo_sample_2_051_rec,recon_01248.tiff,1248,100,0.5,-0.00060526697489,0.000915508847393,-5.58579205837e-05,-5.59064909872e-05,-5.22636910318e-05,-3.71255239568e-05,7.49307681808e-05,0.356353520224,28961,0.000375534435488,0.000375715558935,0.000369145825971,0.000370593428922,8.86482228057e-05,0.643646479776,52257,8204093,82040,81218,True,8
tomo_sample_2_051_rec,recon_01249.tiff,1249,100,0.5,-0.000635614643397,0.000860598838772,-5.59090723596e-05,-5.60357050814e-05,-5.27034208062e-05,-6.58260667208e-05,7.7039197543e-05,0.355584454385,28884,0.000374437471372,0.000374541420275,0.000368848850485,0.000351329344933,8.50529162496e-05,0.644415545615,52334,8204093,82040,81218,True,8
tomo_sample_2_051_rec,recon_01250.tiff,1250,100,0.5,-0.000610555847234,0.000880572244059,-5.66880704451e-05,-5.67911941204e-05,-5.28032906004e-05,-3.7043115276e-05,7.70232638803e-05,0.355845537477,28913,0.000375395688398,0.000375551303692,0.000369104527635,0.00036019632455,8.82400631551e-05,0.644154462523,52305,8204093,82040,81218,True,8
tomo_sample_2_051_rec,recon_01251.tiff,1251,100,0.5,-0.000624835058406,0.000912807770364,-5.49213993518e-05,-5.51483336531e-05,-5.09377823619e-05,-4.03945014127e-05,7.62285061818e-05,0.356546874122,28951,0.000375299908061,0.000375367792018,0.000369264715118,0.000369992856401,8.78789241872e-05,0.643453125878,52267,8204093,82040,81218,True,8
tomo_sample_2_051_rec,recon_01252.tiff,1252,100,0.5,-0.000607945928932,0.000915878311498,-5.65445426044e-05,-5.66068094607e-05,-5.3617721278e-05,-5.83330241442e-05,7.4784786452e-05,0.354772901487,28832,0.000375334836764,0.00037551795131,0.000369055225747,0.000353647256497,8.94126468001e-05,0.645227098513,52386,8204093,82040,81218,True,7
tomo_sample_2_051_rec,recon_01253.tiff,1253,100,0.5,-0.000672803252528,0.000889211101457,-5.50952312952e-05,-5.52582247904e-05,-5.16727177455e-05,-3.98508619732e-05,7.80804015859e-05,0.358962608598,29158,0.000375252500364,0.000375374994881,0.000368726134184,0.000356239961214,8.7547166655e-05,0.641037391402,52060,8204093,82040,81218,True,8
tomo_sample_2_051_rec,recon_01254.tiff,1254,100,0.5,-0.000607214394258,0.000905385155056,-5.4318575003e-05,-5.44355549574e-05,-5.09177734784e-05,-3.95664039987e-05,7.60051568388e-05,0.356381687794,28956,0.00037568439061,0.000375842936017,0.00036960678699,0.000360335159113,8.88980552624e-05,0.643618312206,52262,8204093,82040,81218,True,8
tomo_sample_2_051_rec,recon_01255.tiff,1255,100,0.5,-0.000608272135432,0.000872366135591,-5.34062536569e-05,-5.35293117834e-05,-5.06583819515e-05,-5.23401479093e-05,7.67859237329e-05,0.356432583871,28959,0.000375192512793,0.00037534483831,0.000369305402273,0.000377444978219,8.74581548594e-05,0.643567416129,52259,8204093,82040,81218,True,8
tomo_sample_2_051_rec,recon_01256.tiff,1256,100,0.5,-0.000656666265568,0.000882559381425,-5.50745221414e-05,-5.5292105866e-05,-5.16168838658e-05,-6.01356933174e-05,7.87414156498e-05,0.358469789707,29113,0.000375170595986,0.00037528226449,0.000368875538697,0.000345390238845,8.84384224929e-05,0.641530210293,52105,8204093,82040,81218,True,8
tomo_sample_2_051_rec,recon_01257.tiff,1257,100,0.5,-0.000693754713866,0.000884738526656,-5.48546242589e-05,-5.51669539254e-05,-5.08771154273e-05,-5.7860435663e-05,8.19327658743e-05,0.355209003335,28841,0.000375993118456,0.000376096292188,0.000369233399397,0.000368827302259,9.00923540311e-05,0.644790996665,52377,8204093,82040,81218,True,8
tomo_sample_2_051_rec,recon_01258.tiff,1258,100,0.5,-0.000604578321218,0.000893063783005,-5.40478072542e-05,-5.424111992e-05,-5.0069498684e-05,-7.00175919953e-05,7.71335848593e-05,0.358802739609,29143,0.000374805154586,0.000374927825807,0.000368498498574,0.000361311913252,8.89243906858e-05,0.641197260391,52075,8204093,82040,81218,True,8
tomo_sample_2_051_rec,recon_01259.tiff,1259,100,0.5,-0.000633357503975,0.00090239837853,-5.37322629708e-05,-5.39508817727e-05,-4.96406100865e-05,-4.94262455795e-05,7.75095163128e-05,0.361430438235,29353,0.000374847149631,0.000374957181812,0.000368364999304,0.000370159147772,8.94505842619e-05,0.638569561765,51865,8204093,82040,81218,True,8
tomo_sample_2_051_rec,recon_01260.tiff,1260,100,0.5,-0.000635246660968,0.000908045773976,-5.43920623225e-05,-5.44763789953e-05,-5.0439437473e-05,-4.36619789341e-05,7.85124779124e-05,0.358373402033,29127,0.000375563694918,0.000375781111814,0.000369033165043,0.000372368940394,9.0112932914e-05,0.641626597967,52091,8204093,82040,81218,True,8
tomo_sample_2_051_rec,recon_01261.tiff,1261,100,0.5,-0.000658260338823,0.00091321752494,-5.34325076264e-05,-5.35892956169e-05,-4.97916080349e-05,-4.78676994102e-05,7.86549323174e-05,0.356979840939,29004,0.000375370875062,0.000375546754935,0.000369046494598,0.000347210353891,8.9402385719e-05,0.643020159061,52214,8204093,82040,81218,True,8
tomo_sample_2_051_rec,recon_01262.tiff,1262,100,0.5,-0.000656229481974,0.000892520598718,-5.49060596726e-05,-5.51508867719e-05,-5.08108169015e-05,-4.56574832817e-05,7.99311293681e-05,0.357922689037,29069,0.000375338211798,0.000375468372684,0.000368991255527,0.000350719304482,8.96581924108e-05,0.642077310963,52149,8204093,82040,81218,True,8
tomo_sample_2_051_rec,recon_01263.tiff,1263,100,0.5,-0.000610255746578,0.000903671955457,-5.38039673852e-05,-5.39194723093e-05,-5.04596373503e-05,-5.70452344277e-05,7.59583273091e-05,0.35864317128,29142,0.000374005646334,0.000374182985765,0.00036796600034,0.000380874952953,8.94907205678e-05,0.64135682872,52076,8204093,82040,81218,True,8
tomo_sample_2_051_rec,recon_01264.tiff,1264,100,0.5,-0.00066129686893,0.000889753400115,-5.46552265594e-05,-5.4826289499e-05,-5.08654447913e-05,-5.00868182522e-05,7.91119323229e-05,0.359171494297,29179,0.000374667994078,0.000374828340701,0.000368735578377,0.000365325459157,8.84748885982e-05,0.640828505703,52039,8204093,82040,81218,True,7
tomo_sample_2_051_rec,recon_01265.tiff,1265,100,0.5,-0.000642965493898,0.000899915232731,-5.39885764611e-05,-5.41051479634e-05,-5.03643241245e-05,-5.94947788715e-05,7.75682414421e-05,0.356195073503,28945,0.000374564917239,0.000374756938642,0.000368329579942,0.000369177601782,8.92146973075e-05,0.643804926497,52273,8204093,82040,81218,True,8
tomo_sample_2_051_rec,recon_01266.tiff,1266,100,0.5,-0.000615148459037,0.000865639487747,-5.41871842664e-05,-5.43261371484e-05,-5.03117444168e-05,-5.56924799818e-05,7.80204512366e-05,0.355420537723,28876,0.000374168389921,0.000374322423119,0.000368288121535,0.000367664859174,8.75007581924e-05,0.644579462277,52342,8204093,82040,81218,True,8
tomo_sample_2_051_rec,recon_01267.tiff,1267,100,0.5,-0.000650315857492,0.000887237351271,-5.39357666345e-05,-5.4057581024e-05,-5.01900758536e-05,-5.6524174369e-05,7.90202369008e-05,0.357916107251,29083,0.000374509403483,0.000374690514964,0.000368106673704,0.000368738522153,8.82025833978e-05,0.642083892749,52135,8204093,82040,81218,True,8
tomo_sample_2_051_rec,recon_01268.tiff,1268,100,0.5,-0.000600703940727,0.000893532619812,-5.34164880217e-05,-5.35157112237e-05,-5.03922819917e-05,-5.66240333464e-05,7.56725074845e-05,0.357755094103,29073,0.000374530373688,0.000374723953845,0.000368542823708,0.000364825992392,8.94214940668e-05,0.642244905897,52145,8204093,82040,81218,True,7
tomo_sample_2_051_rec,recon_01269.tiff,1269,100,0.5,-0.000630930545449,0.000904301840928,-5.37070906903e-05,-5.38005609694e-05,-4.96888442285e-05,-3.98907735695e-05,7.7992501726e-05,0.3570745961,29022,0.000374635900223,0.000374861154096,0.000368084016372,0.000349527903321,9.00758233378e-05,0.6429254039,52196,8204093,82040,81218,True,8
tomo_sample_2_051_rec,recon_01270.tiff,1270,100,0.5,-0.000636956870148,0.000898163463571,-5.3975272469e-05,-5.41255369539e-05,-5.02862640133e-05,-6.30745574218e-05,7.96775254111e-05,0.359987114952,29251,0.000374095189548,0.000374291521902,0.000368349865312,0.000370410536792,8.88332234145e-05,0.640012885048,51967,8204093,82040,81218,True,7
tomo_sample_2_051_rec,recon_01271.tiff,1271,100,0.5,-0.000648550463666,0.00090105160285,-5.39702004077e-05,-5.41801244694e-05,-4.9793467042e-05,-3.74179936114e-05,7.96184942148e-05,0.359180993049,29179,0.000375163896299,0.000375339642675,0.000368596374756,0.000365690739092,9.09512216717e-05,0.640819006951,52039,8204093,82040,81218,True,8
tomo_sample_2_051_rec,recon_01272.tiff,1272,100,0.5,-0.000655793028709,0.000900609160308,-5.43806604798e-05,-5.45468864543e-05,-5.00652877236e-05,-3.95134301326e-05,8.01348747075e-05,0.358590605504,29136,0.000374734295428,0.000374926059893,0.000367993314285,0.000359207294203,8.99380931531e-05,0.641409394496,52082,8204093,82040,81218,True,8
tomo_sample_2_051_rec,recon_01273.tiff,1273,100,0.5,-0.000703254700929,0.000905330600799,-5.52198620828e-05,-5.55114616242e-05,-5.00031346746e-05,-5.56915384164e-05,8.39462981192e-05,0.359476466196,29196,0.000374622872513,0.000374786858755,0.000368336666725,0.000369552047277,9.0406591259e-05,0.640523533804,52022,8204093,82040,81218,True,8
tomo_sample_2_051_rec,recon_01274.tiff,1274,100,0.5,-0.000685411102604,0.000884773927392,-5.32767506454e-05,-5.36689954811e-05,-4.93462212035e-05,-5.86104852806e-05,8.28416992995e-05,0.363121009142,29475,0.000374420492866,0.000374503726624,0.000368134467863,0.000353381106152,8.93471965296e-05,0.636878990858,51743,8204093,82040,81218,True,8
tomo_sample_2_051_rec,recon_01275.tiff,1275,100,0.5,-0.000646904327441,0.000884308624081,-5.29601046419e-05,-5.32544809429e-05,-4.93319530506e-05,-3.59960735338e-05,8.01762390429e-05,0.364535994103,29601,0.000374161375496,0.000374281500503,0.000367942382582,0.000345983556006,8.90295989785e-05,0.635464005897,51617,8204093,82040,81218,True,8
tomo_sample_2_051_rec,recon_01276.tiff,1276,100,0.5,-0.000654695437406,0.000888049354835,-5.35665975104e-05,-5.38170356278e-05,-4.97460605402e-05,-3.95991170365e-05,8.06078292629e-05,0.363208807238,29500,0.000374728121041,0.000374878483157,0.000368675522623,0.000359909145685,8.96119062335e-05,0.636791192762,51718,8204093,82040,81218,True,8
tomo_sample_2_051_rec,recon_01277.tiff,1277,100,0.5,-0.000640959783632,0.000898620437947,-5.32584343003e-05,-5.35345750824e-05,-4.93056559208e-05,-5.20279568562e-05,7.96147202078e-05,0.357840818046,29060,0.000374596754516,0.000374725050128,0.000367923479644,0.000353780849955,9.04878632298e-05,0.642159181954,52158,8204093,82040,81218,True,8
tomo_sample_2_051_rec,recon_01278.tiff,1278,100,0.5,-0.000678774940025,0.000895743849978,-5.5658175109e-05,-5.60003633314e-05,-5.09484925715e-05,-6.98790581712e-05,8.30186389779e-05,0.361901669691,29381,0.000374717916531,0.000374812820317,0.000368259934476,0.00035828229197,8.95281898826e-05,0.638098330309,51837,8204093,82040,81218,True,8
tomo_sample_2_051_rec,recon_01279.tiff,1279,100,0.5,-0.000669607173186,0.000926273730875,-5.46868379946e-05,-5.4879747256e-05,-5.06989708811e-05,-6.94904507668e-05,8.09180450425e-05,0.358546884695,29131,0.000374848919511,0.000375043719904,0.000367959670257,0.00036408470675,9.09606428602e-05,0.641453115305,52087,8204093,82040,81218,True,8
tomo_sample_2_051_rec,recon_01280.tiff,1280,100,0.5,-0.000724655914237,0.000893877861381,-5.5327122814e-05,-5.57621819022e-05,-5.07616132381e-05,-4.90108280319e-05,8.44302636612e-05,0.361777826119,29360,0.000374521334308,0.000374578067381,0.000367468615877,0.000362825937835,8.90641651175e-05,0.638222173881,51858,8204093,82040,81218,True,8
tomo_sample_2_051_rec,recon_01281.tiff,1281,100,0.5,-0.000654066752468,0.000878248199588,-5.39599253571e-05,-5.42279990563e-05,-5.01967369928e-05,-5.37034653722e-05,8.00367395083e-05,0.357718207093,29048,0.00037422648617,0.00037433341928,0.000369091023458,0.000379461497812,8.8345746876e-05,0.642281792907,52170,8204093,82040,81218,True,7
tomo_sample_2_051_rec,recon_01282.tiff,1282,100,0.5,-0.000714361915598,0.000882358708186,-5.50200054844e-05,-5.54165492436e-05,-5.06956566824e-05,-4.53841879701e-05,8.30999884804e-05,0.358642792131,29109,0.000374233735699,0.000374296675551,0.000368042441551,0.000360789212676,8.84757803916e-05,0.641357207869,52109,8204093,82040,81218,True,8
tomo_sample_2_051_rec,recon_01283.tiff,1283,100,0.5,-0.000608583422727,0.000916662394302,-5.36962584068e-05,-5.37034408664e-05,-5.0573147746e-05,-4.90982436756e-05,7.61947596644e-05,0.359180199496,29207,0.000374935442654,0.000375228762278,0.000368273991626,0.000359337456805,9.1310468509e-05,0.640819800504,52011,8204093,82040,81218,True,7
tomo_sample_2_051_rec,recon_01284.tiff,1284,100,0.5,-0.000662519221951,0.000936449032743,-5.54850327394e-05,-5.55984737094e-05,-5.12279784743e-05,-6.93601952144e-05,8.07236824272e-05,0.360657217463,29318,0.000375707664078,0.000375988938648,0.000367981876479,0.000366102325288,9.28920706511e-05,0.639342782537,51900,8204093,82040,81218,True,7
tomo_sample_2_051_rec,recon_01285.tiff,1285,100,0.5,-0.000596505957947,0.000901511184056,-5.32956587388e-05,-5.33218108767e-05,-5.04397248733e-05,-5.41524895332e-05,7.47518990022e-05,0.355498401679,28903,0.000374310003849,0.000374570731771,0.000367870059563,0.000364723264423,9.03220739037e-05,0.644501598321,52315,8204093,82040,81218,True,7
tomo_sample_2_051_rec,recon_01286.tiff,1286,100,0.5,-0.000628176451428,0.000909410941822,-5.38439235935e-05,-5.40351898575e-05,-4.96896936966e-05,-4.81808444493e-05,7.84131850781e-05,0.360403159354,29278,0.000375378587755,0.000375542399708,0.000368493332644,0.000375354266135,9.06140708828e-05,0.639596840646,51940,8204093,82040,81218,True,7
tomo_sample_2_051_rec,recon_01287.tiff,1287,100,0.5,-0.000629233324435,0.000910856214177,-5.39112705619e-05,-5.40822554483e-05,-5.05861862621e-05,-5.42095196285e-05,7.843786967e-05,0.357735056619,29066,0.000374249075727,0.000374438572428,0.000368213790352,0.000356158096321,8.99364090679e-05,0.642264943381,52152,8204093,82040,81218,True,8
tomo_sample_2_051_rec,recon_01288.tiff,1288,100,0.5,-0.000688916934014,0.000895143731323,-5.4676821826e-05,-5.51422263174e-05,-5.05704774696e-05,-5.45924613966e-05,8.42803407784e-05,0.360875334474,29285,0.000373627374026,0.000373687156588,0.00036751528387,0.000364789527325,8.94871070956e-05,0.639124665526,51933,8204093,82040,81218,True,8
tomo_sample_2_051_rec,recon_01289.tiff,1289,100,0.5,-0.000612212211126,0.000923068772536,-5.29173157642e-05,-5.30497956822e-05,-4.93367479066e-05,-4.97422487751e-05,7.62401681264e-05,0.356920775797,29003,0.00037468426726,0.000374877485749,0.000368244742276,0.000349769955922,9.0542829038e-05,0.643079224203,52215,8204093,82040,81218,True,8
tomo_sample_2_051_rec,recon_01290.tiff,1290,100,0.5,-0.000660256562987,0.000918842474057,-5.40942870013e-05,-5.42677595988e-05,-4.94064624945e-05,-4.56506192518e-05,8.19641561732e-05,0.360685395586,29309,0.00037469701731,0.000374917660699,0.000367793429177,0.000361477910566,9.03144426835e-05,0.639314604414,51909,8204093,82040,81218,True,7
tomo_sample_2_051_rec,recon_01291.tiff,1291,100,0.5,-0.000640334278578,0.000912900135154,-5.45381828453e-05,-5.46280333174e-05,-5.07758086314e-05,-5.3559463415e-05,7.92772726006e-05,0.358701736083,29156,0.000375502392081,0.000375742383698,0.000368991211872,0.000378349955709,9.05053073542e-05,0.641298263917,52062,8204093,82040,81218,True,8
tomo_sample_2_051_rec,recon_01292.tiff,1292,100,0.5,-0.000638221325644,0.000911793841806,-5.28108858328e-05,-5.28797986335e-05,-4.94292762596e-05,-5.27599196571e-05,7.6989487136e-05,0.358029114093,29102,0.000375262842922,0.000375495101035,0.000368665030692,0.000360296265159,9.02494662918e-05,0.641970885907,52116,8204093,82040,81218,True,8
tomo_sample_2_051_rec,recon_01293.tiff,1293,100,0.5,-0.00066914962692,0.00094448505959,-5.45226308382e-05,-5.47240309268e-05,-5.01898139191e-05,-6.11515700872e-05,8.27647073421e-05,0.359232820422,29191,0.00037609140325,0.000376327137686,0.000368889363017,0.000359261272253,9.24832424922e-05,0.640767179578,52027,8204093,82040,81218,True,7
tomo_sample_2_051_rec,recon_01294.tiff,1294,100,0.5,-0.000622738649545,0.000924819619977,-5.34385846008e-05,-5.35537755354e-05,-4.95180793223e-05,-6.36874834766e-05,7.8147075998e-05,0.360289689191,29281,0.000375731540485,0.000375953419199,0.00036907455069,0.00035705957311,9.07767329866e-05,0.639710310809,51937,8204093,82040,81218,True,8
tomo_sample_2_051_rec,recon_01295.tiff,1295,100,0.5,-0.000720869477373,0.000887906026619,-5.42144052135e-05,-5.46911577309e-05,-4.93944389746e-05,-5.67690921313e-05,8.59811841964e-05,0.364310219719,29563,0.000376053169138,0.000376113221524,0.000369131361367,0.000363738571447,8.93466435254e-05,0.635689780281,51655,8204093,82040,81218,True,7
tomo_sample_2_051_rec,recon_01296.tiff,1296,100,0.5,-0.000651495904895,0.000912493585492,-5.47806497175e-05,-5.49328787397e-05,-5.03782139276e-05,-5.08614735801e-05,7.97792050304e-05,0.36031140741,29275,0.000375368280962,0.000375547058957,0.000368979206542,0.000382304765652,8.94162914981e-05,0.63968859259,51943,8204093,82040,81218,True,8
tomo_sample_2_051_rec,recon_01297.tiff,1297,100,0.5,-0.00064724592492,0.000922256012564,-5.34963491212e-05,-5.35995574156e-05,-4.94719279232e-05,-5.49461342545e-05,7.94622068183e-05,0.361044856867,29345,0.00037553825064,0.000375775773597,0.000368617213098,0.000367647912708,9.09068351262e-05,0.638955143133,51873,8204093,82040,81218,True,8
tomo_sample_2_051_rec,recon_01298.tiff,1298,100,0.5,-0.000673400525702,0.000895337026741,-5.47813534533e-05,-5.50428130472e-05,-5.03143182868e-05,-5.01704577139e-05,8.12013372148e-05,0.35914530419,29166,0.000375493934349,0.000375615114351,0.000368921202607,0.000351564713124,8.93667718116e-05,0.64085469581,52052,8204093,82040,81218,True,8
tomo_sample_2_051_rec,recon_01299.tiff,1299,100,0.5,-0.000660828650871,0.000895820388687,-5.41312447279e-05,-5.44428527192e-05,-4.98001427331e-05,-4.78741543333e-05,8.26205523228e-05,0.363954048509,29551,0.00037536572636,0.000375472295384,0.000369284447515,0.000379543430275,8.87622831493e-05,0.636045951491,51667,8204093,82040,81218,True,8
tomo_sample_2_051_rec,recon_01300.tiff,1300,100,0.5,-0.000661364217813,0.000873274397454,-5.32786029538e-05,-5.35444160338e-05,-4.96460925206e-05,-5.60567626589e-05,7.88605128496e-05,0.362395002153,29424,0.000375577801425,0.000375654311075,0.000369535438949,0.00038611665842,8.7539726128e-05,0.637604997847,51794,8204093,82040,81218,True,8
tomo_sample_2_051_rec,recon_01301.tiff,1301,100,0.5,-0.00067959328735,0.000914914115274,-5.44784805705e-05,-5.47500588249e-05,-5.04687450302e-05,-5.61705692868e-05,8.0793927418e-05,0.361059389954,29319,0.000375627831165,0.000375735493288,0.000369244778994,0.00036561747566,8.92043192962e-05,0.638940610046,51899,8204093,82040,81218,True,8
tomo_sample_2_051_rec,recon_01302.tiff,1302,100,0.5,-0.000698812706396,0.000923350690864,-5.36082844566e-05,-5.38129467945e-05,-4.95836829941e-05,-5.50473329601e-05,8.09240840975e-05,0.360430512244,29279,0.000375823962883,0.000375985260892,0.000369349756511,0.000368474841208,8.95080407875e-05,0.639569487756,51939,8204092,82040,81218,True,8
tomo_sample_2_051_rec,recon_01303.tiff,1303,100,0.5,-0.00061513608729,0.000911900200299,-5.30842104333e-05,-5.30274992334e-05,-4.99029756611e-05,-5.49562498122e-05,7.6206055073e-05,0.35821042536,29134,0.00037599615489,0.000376301093716,0.000369765868527,0.000372071953297,9.00693005856e-05,0.64178957464,52084,8204093,82040,81218,True,7
tomo_sample_2_051_rec,recon_01304.tiff,1304,100,0.5,-0.000645763879584,0.000910213691532,-5.40490421905e-05,-5.41972898436e-05,-5.04300296598e-05,-5.67028991292e-05,7.82430675689e-05,0.362062866398,29415,0.000375787006983,0.000375945681635,0.000369377725292,0.00036823236713,8.91310714661e-05,0.637937133602,51803,8204093,82040,81218,True,8
tomo_sample_2_051_rec,recon_01305.tiff,1305,100,0.5,-0.000643013811205,0.00089939163212,-5.39307780464e-05,-5.41795710471e-05,-4.99158522871e-05,-3.79787708189e-05,7.99010162558e-05,0.358736001331,29131,0.000374813311146,0.00037491277558,0.000368720589904,0.000359369539869,8.78019929592e-05,0.641263998669,52087,8204093,82040,81218,True,8
tomo_sample_2_051_rec,recon_01306.tiff,1306,100,0.5,-0.000633049453027,0.000917858998582,-5.39602162617e-05,-5.4126009245e-05,-5.02787370351e-05,-6.64439536388e-05,7.89095472018e-05,0.358040580421,29089,0.000375639594044,0.00037581171985,0.000369429384591,0.000372587003902,8.98709346234e-05,0.641959419579,52129,8204093,82040,81218,True,8
tomo_sample_2_051_rec,recon_01307.tiff,1307,100,0.5,-0.000622172637377,0.000887133305077,-5.37471538656e-05,-5.38519846689e-05,-4.99783345731e-05,-4.99172164463e-05,7.73472201556e-05,0.359995019315,29252,0.00037581307207,0.000375987184589,0.000370092020603,0.000372883395592,8.79972060085e-05,0.640004980685,51966,8204093,82040,81218,True,8
tomo_sample_2_051_rec,recon_01308.tiff,1308,100,0.5,-0.000624496842793,0.000910521488404,-5.43840814192e-05,-5.45110698915e-05,-5.09734018124e-05,-4.15326484926e-05,7.71471979244e-05,0.359374677918,29199,0.000375819288987,0.000375984083039,0.00036941311555,0.000344589795285,8.94505474244e-05,0.640625322082,52019,8204093,82040,81218,True,8
tomo_sample_2_051_rec,recon_01309.tiff,1309,100,0.5,-0.000688171026704,0.000902626036259,-5.50568351609e-05,-5.51991135201e-05,-5.09225610585e-05,-4.81542703046e-05,8.10983942619e-05,0.359976006296,29249,0.000376100698246,0.000376284220781,0.000369640736608,0.000362637961431,8.90573566901e-05,0.640023993704,51969,8204092,82040,81218,True,8
tomo_sample_2_051_rec,recon_01310.tiff,1310,100,0.5,-0.000624338904454,0.000911134814378,-5.39237515689e-05,-5.40703122581e-05,-4.97094006278e-05,-4.98274047096e-05,7.81219286705e-05,0.358432341553,29122,0.00037596900704,0.000376140403571,0.000369443019736,0.000376503537978,8.95662696565e-05,0.641567658447,52096,8204093,82040,81218,True,8
tomo_sample_2_051_rec,recon_01311.tiff,1311,100,0.5,-0.000670818782528,0.00091547712218,-5.36365803147e-05,-5.37990995689e-05,-5.01268805237e-05,-6.79345975236e-05,8.11697010772e-05,0.360847970936,29317,0.000375862686346,0.000376034340623,0.000369294197299,0.000349876849055,8.79647236408e-05,0.639152029064,51901,8204093,82040,81218,True,8
tomo_sample_2_051_rec,recon_01312.tiff,1312,100,0.5,-0.000595543618256,0.000906552132801,-5.27685450286e-05,-5.28189425774e-05,-4.96423199365e-05,-6.22417424718e-05,7.36402007325e-05,0.362170962651,29435,0.000376300904877,0.000376496917482,0.00036985630868,0.000371335867655,8.9451517168e-05,0.637829037349,51783,8204093,82040,81218,True,7
tomo_sample_2_051_rec,recon_01313.tiff,1313,100,0.5,-0.000616122402425,0.000902634756931,-5.33506649018e-05,-5.35222098782e-05,-4.97635865031e-05,-5.29132354385e-05,7.59795588435e-05,0.36014086515,29254,0.000376458075336,0.000376588389759,0.000370197827579,0.000353378470806,8.98433973612e-05,0.63985913485,51964,8204093,82040,81218,True,8
tomo_sample_2_051_rec,recon_01314.tiff,1314,100,0.5,-0.000601143805543,0.000920277581608,-5.3914051151e-05,-5.38852253927e-05,-5.09925703227e-05,-5.13138533543e-05,7.42999028921e-05,0.360724264412,29332,0.000376634077804,0.000376905694023,0.000370427544112,0.000359548228044,9.04089512882e-05,0.639275735588,51886,8204093,82040,81218,True,7
tomo_sample_2_051_rec,recon_01315.tiff,1315,100,0.5,-0.000675313215761,0.000910831185465,-5.38400910383e-05,-5.40689629246e-05,-5.02929469803e-05,-5.78878521097e-05,7.84859562129e-05,0.359458506442,29191,0.000376815242225,0.000376914676848,0.000370428198949,0.0003714863323,8.93264066869e-05,0.640541493558,52027,8204093,82040,81218,True,8
tomo_sample_2_051_rec,recon_01316.tiff,1316,100,0.5,-0.000641717275721,0.000895832143433,-5.42407505636e-05,-5.4350942062e-05,-5.10069730808e-05,-5.37758483448e-05,7.8368835887e-05,0.361879636434,29404,0.000377038330983,0.00037720790263,0.000370588939404,0.000370451354684,8.863644669e-05,0.638120363566,51814,8204093,82040,81218,True,8
tomo_sample_2_051_rec,recon_01317.tiff,1317,100,0.5,-0.000646929765353,0.000893930372258,-5.40331954539e-05,-5.419627678e-05,-5.06863289047e-05,-4.17008222647e-05,7.75039030604e-05,0.361828282711,29391,0.000376935203012,0.000377061202132,0.000370707188267,0.000365641130516,8.87349284067e-05,0.638171717289,51827,8204093,82040,81218,True,8
tomo_sample_2_051_rec,recon_01318.tiff,1318,100,0.5,-0.000725778926571,0.000879628307302,-5.49501463464e-05,-5.5220815325e-05,-5.05207881361e-05,-6.80464231731e-05,8.40510857018e-05,0.362795434695,29460,0.000377319928997,0.000377427891896,0.000370678477339,0.000376779102908,8.7705065151e-05,0.637204565305,51758,8204093,82040,81218,True,8
tomo_sample_2_051_rec,recon_01319.tiff,1319,100,0.5,-0.000618750120047,0.000896733099362,-5.27814518125e-05,-5.28183687175e-05,-4.95778058394e-05,-4.01937451971e-05,7.5836611603e-05,0.360400512302,29294,0.000376860926787,0.000377071993619,0.000370535446564,0.000374698359842,8.88914313386e-05,0.639599487698,51924,8204093,82040,81218,True,8
tomo_sample_2_051_rec,recon_01320.tiff,1320,100,0.5,-0.000644970478606,0.000910695393104,-5.38379795567e-05,-5.40406358725e-05,-4.99006819155e-05,-4.59297630163e-05,7.93174262975e-05,0.362258206601,29421,0.000376485838711,0.000376593579391,0.000370453344658,0.000371487477433,8.77753106082e-05,0.637741793399,51797,8204093,82040,81218,True,8
tomo_sample_2_051_rec,recon_01321.tiff,1321,100,0.5,-0.000682410803856,0.000892066159577,-5.34721285451e-05,-5.36520883582e-05,-4.93304833071e-05,-4.91560562921e-05,7.91381194896e-05,0.363207490788,29501,0.000376388425835,0.000376507820604,0.000369992398191,0.000372084838721,8.74836438385e-05,0.636792509212,51717,8204093,82040,81218,True,8
tomo_sample_2_051_rec,recon_01322.tiff,1322,100,0.5,-0.000643996324507,0.000915049950418,-5.41194861689e-05,-5.42598185306e-05,-4.98819244967e-05,-5.33880938268e-05,7.75389746585e-05,0.362682490759,29463,0.000376778404405,0.000376913687501,0.000370552239474,0.000378729459758,8.85565858008e-05,0.637317509241,51755,8204093,82040,81218,True,8
tomo_sample_2_051_rec,recon_01323.tiff,1323,100,0.5,-0.000574748178187,0.000899414466694,-5.30829178044e-05,-5.31000881255e-05,-5.04455329065e-05,-5.43299091743e-05,7.23212091451e-05,0.360434410354,29294,0.000376662217477,0.000376839403272,0.000370759124053,0.000369014407302,8.7728110451e-05,0.639565589646,51924,8204093,82040,81218,True,7
tomo_sample_2_051_rec,recon_01324.tiff,1324,100,0.5,-0.00060687610443,0.00089942198043,-5.35098783821e-05,-5.35973432929e-05,-4.9892350944e-05,-6.18913244034e-05,7.47493951612e-05,0.36223372079,29432,0.000376720954391,0.000376871203041,0.000370259513147,0.000367677587537,8.81362399684e-05,0.63776627921,51786,8204093,82040,81218,True,8
tomo_sample_2_051_rec,recon_01325.tiff,1325,100,0.5,-0.000622875672998,0.000911324555927,-5.46430493579e-05,-5.47506524646e-05,-5.10782992933e-05,-6.08667102184e-05,7.5964697143e-05,0.361791826807,29392,0.000377422531047,0.000377550179021,0.000371196481865,0.000348494129336,8.76633323881e-05,0.638208173193,51826,8204093,82040,81218,True,8
tomo_sample_2_051_rec,recon_01326.tiff,1326,100,0.5,-0.000617296573182,0.000885137885634,-5.36358451674e-05,-5.37528770186e-05,-5.03248647874e-05,-5.63718938427e-05,7.58699421522e-05,0.362316971343,29434,0.000376676428368,0.000376803944645,0.00037059756869,0.000361991028066,8.70560704385e-05,0.637683028657,51784,8204093,82040,81218,True,8
tomo_sample_2_051_rec,recon_01327.tiff,1327,100,0.5,-0.000648476323695,0.00089419343014,-5.50231529175e-05,-5.51030428628e-05,-5.07855729666e-05,-3.78373369291e-05,7.69408755762e-05,0.360690730571,29308,0.000378044224935,0.000378201290715,0.000371110494598,0.000353773866651,8.84015821625e-05,0.639309269429,51910,8204092,82040,81218,True,8
tomo_sample_2_051_rec,recon_01328.tiff,1328,100,0.5,-0.000630574426905,0.000915086595633,-5.39431547646e-05,-5.40112867991e-05,-5.06407995999e-05,-6.81335552938e-05,7.49956294407e-05,0.359023530186,29175,0.000377597752246,0.000377767183636,0.000371533940779,0.000371758694434,8.90456583663e-05,0.640976469814,52043,8204093,82040,81218,True,8
tomo_sample_2_051_rec,recon_01329.tiff,1329,100,0.5,-0.00065313663712,0.000895075041626,-5.51475693392e-05,-5.52617189922e-05,-5.156277075e-05,-3.62515080648e-05,7.87074646911e-05,0.36293814912,29486,0.00037693803242,0.000377077342721,0.000370869936887,0.000361475613195,8.68444130323e-05,0.63706185088,51732,8204093,82040,81218,True,8
tomo_sample_2_051_rec,recon_01330.tiff,1330,100,0.5,-0.000671075818827,0.000902116671496,-5.44058926657e-05,-5.46444709403e-05,-5.07122931594e-05,-5.80236347156e-05,7.89739108826e-05,0.363308468224,29498,0.000377500343416,0.000377559693473,0.000371206973796,0.000351708572075,8.70887222635e-05,0.636691531776,51720,8204093,82040,81218,True,7
tomo_sample_2_051_rec,recon_01331.tiff,1331,100,0.5,-0.000588926429336,0.00088879799092,-5.40935691619e-05,-5.41467184236e-05,-5.10267400387e-05,-4.05923087393e-05,7.40375494956e-05,0.362940199646,29494,0.000377530176267,0.000377700031073,0.000371201822418,0.000355145619246,8.8211874861e-05,0.637059800354,51724,8204093,82040,81218,True,8
tomo_sample_2_051_rec,recon_01332.tiff,1332,100,0.5,-0.000665237870708,0.000890190794016,-5.47276983475e-05,-5.4985786087e-05,-5.04776253365e-05,-5.20958998053e-05,7.98903989709e-05,0.362086962251,29397,0.000377683442534,0.000377738238978,0.000371485715732,0.000364642628946,8.75323028071e-05,0.637913037749,51821,8204093,82040,81218,True,8
tomo_sample_2_051_rec,recon_01333.tiff,1333,100,0.5,-0.000640746122517,0.000900647044764,-5.44221593197e-05,-5.45667204385e-05,-5.15440096933e-05,-6.06122076596e-05,7.67730681536e-05,0.36121144193,29342,0.000378123626072,0.000378248159324,0.000371859176084,0.000378093115912,8.85329970919e-05,0.63878855807,51876,8204093,82040,81218,True,8
tomo_sample_2_051_rec,recon_01334.tiff,1334,100,0.5,-0.000658993098186,0.000915662603511,-5.4987635188e-05,-5.51101674324e-05,-5.18132728757e-05,-5.27715184882e-05,7.69895827891e-05,0.360206843826,29261,0.000378104612969,0.000378221304567,0.000371240108507,0.000363364512056,8.79481184236e-05,0.639793156174,51957,8204093,82040,81218,True,7
tomo_sample_2_051_rec,recon_01335.tiff,1335,100,0.5,-0.000656555354653,0.000890378051845,-5.53227649676e-05,-5.55199162075e-05,-5.09168712597e-05,-4.92633394771e-05,7.87591634254e-05,0.36537135708,29669,0.000378202840702,0.000378268114464,0.000371902016923,0.000372124864602,8.68673479499e-05,0.63462864292,51549,8204093,82040,81218,True,7
tomo_sample_2_051_rec,recon_01336.tiff,1336,100,0.5,-0.000665564138326,0.000935304200975,-5.43181922009e-05,-5.43637259058e-05,-5.0338660003e-05,-6.29396519847e-05,7.78340361352e-05,0.366544691503,29788,0.000379044193279,0.000379222013356,0.000372383947251,0.000379913688709,8.84795758473e-05,0.633455308497,51430,8204093,82040,81218,True,7
tomo_sample_2_051_rec,recon_01337.tiff,1337,100,0.5,-0.000647930577979,0.000921911411278,-5.44935236912e-05,-5.45508099797e-05,-5.07456388732e-05,-5.42073978893e-05,7.78806560879e-05,0.361794554438,29403,0.000378713365046,0.000378902801097,0.000371997099137,0.000373664018892,8.89378206536e-05,0.638205445562,51815,8204093,82040,81218,True,8
tomo_sample_2_051_rec,recon_01338.tiff,1338,100,0.5,-0.000679393864411,0.000911334286793,-5.3914533781e-05,-5.40471737032e-05,-5.0049939091e-05,-5.01049184456e-05,7.84340602433e-05,0.364706983431,29628,0.000378839652467,0.000378976459949,0.000371997361071,0.000374651522214,8.82403472679e-05,0.635293016569,51590,8204093,82040,81218,True,8
tomo_sample_2_051_rec,recon_01339.tiff,1339,100,0.5,-0.000667844031705,0.000910137491592,-5.39681051356e-05,-5.4093694614e-05,-5.01968352182e-05,-4.87421415528e-05,7.95574019711e-05,0.364620706422,29623,0.000378687567896,0.000378837119476,0.000371631904272,0.00035990863586,8.83121658746e-05,0.635379293578,51595,8204093,82040,81218,True,8
tomo_sample_2_051_rec,recon_01340.tiff,1340,100,0.5,-0.000693560448417,0.000909381604579,-5.46674305574e-05,-5.48644069238e-05,-5.08472621732e-05,-6.00845693612e-05,8.0452405675e-05,0.365871981891,29713,0.000379359830781,0.00037945332,0.000372989685275,0.000378575401834,8.76434461731e-05,0.634128018109,51505,8204093,82040,81218,True,7
tomo_sample_2_051_rec,recon_01341.tiff,1341,100,0.5,-0.00066899712634,0.000949065450113,-5.4802552726e-05,-5.49243143008e-05,-5.01902359247e-05,-4.03713135498e-05,7.86333146422e-05,0.362433014085,29446,0.000379403448456,0.000379555861816,0.000372076392523,0.000360866827058,8.99834320019e-05,0.637566985915,51772,8204092,82040,81218,True,7
tomo_sample_2_051_rec,recon_01342.tiff,1342,100,0.5,-0.000702398060821,0.000911994388443,-5.61245443168e-05,-5.63302027641e-05,-5.20332287124e-05,-5.84942566296e-05,8.04406222857e-05,0.364135520042,29571,0.00037908891933,0.000379178368649,0.000372055044863,0.000366551630371,8.78919094215e-05,0.635864479958,51647,8204093,82040,81218,True,8
tomo_sample_2_051_rec,recon_01343.tiff,1343,100,0.5,-0.000688783273508,0.000928276036575,-5.59745205871e-05,-5.60859021954e-05,-5.13740687893e-05,-5.15625183693e-05,7.97445237134e-05,0.365051479303,29658,0.000379923692979,0.000380065953612,0.000372959402739,0.00037467459507,8.88749772464e-05,0.634948520697,51560,8204093,82040,81218,True,7
tomo_sample_2_051_rec,recon_01344.tiff,1344,100,0.5,-0.000688707273512,0.000935028314998,-5.58882926969e-05,-5.60781194878e-05,-5.11119105795e-05,-4.72933354045e-05,8.02773939658e-05,0.363503589371,29523,0.000378845852021,0.000378953971736,0.000371941423509,0.000362942179841,8.93764461344e-05,0.636496410629,51695,8204093,82040,81218,True,7
tomo_sample_2_051_rec,recon_01345.tiff,1345,100,0.5,-0.000653580042999,0.00091168648476,-5.49200103882e-05,-5.49799641093e-05,-5.18047691003e-05,-5.64860333637e-05,7.44586062041e-05,0.365334642727,29684,0.000379801491381,0.000379939369941,0.000372180147679,0.000371454969339,8.83429692673e-05,0.634665357273,51534,8204092,82040,81218,True,7
tomo_sample_2_051_rec,recon_01346.tiff,1346,100,0.5,-0.000711856863054,0.000906762533996,-5.52513804884e-05,-5.54595411889e-05,-5.12478127348e-05,-6.50775367475e-05,8.15359757568e-05,0.364901255574,29634,0.000379419831389,0.00037951792666,0.000372259572032,0.000354711006326,8.79527015315e-05,0.635098744426,51584,8204093,82040,81218,True,7
tomo_sample_2_051_rec,recon_01347.tiff,1347,100,0.5,-0.000698158537562,0.000917985990818,-5.42091609374e-05,-5.43172269495e-05,-5.04611525685e-05,-5.46595637387e-05,7.78735303877e-05,0.361077869172,29336,0.00037994179238,0.000380086390091,0.000372973270714,0.000356518786095,8.87205729404e-05,0.638922130828,51882,8204093,82040,81218,True,8
tomo_sample_2_051_rec,recon_01348.tiff,1348,100,0.5,-0.000705281825794,0.000908718265418,-5.55266340965e-05,-5.57678941814e-05,-5.10226509505e-05,-5.71588101948e-05,8.18061061493e-05,0.364001986942,29556,0.00037988189654,0.000379956599325,0.000372938258806,0.000373259382178,8.79961677316e-05,0.635998013058,51662,8204093,82040,81218,True,7
tomo_sample_2_051_rec,recon_01349.tiff,1349,100,0.5,-0.000699864500784,0.000906051406928,-5.36691504218e-05,-5.3818777332e-05,-5.01479189552e-05,-5.09035939144e-05,7.77357924895e-05,0.366519040391,29769,0.000379847368938,0.000379942847709,0.000373017101083,0.000363330320921,8.73631210458e-05,0.633480959609,51449,8204093,82040,81218,True,7
tomo_sample_2_051_rec,recon_01350.tiff,1350,100,0.5,-0.000712804557988,0.000921285982477,-5.64723789822e-05,-5.66409681665e-05,-5.22205482412e-05,-3.09824131667e-05,8.05177128261e-05,0.364333376921,29592,0.000379830624475,0.0003799405433,0.000372884736862,0.000387698034628,8.85412246271e-05,0.635666623079,51626,8204093,82040,81218,True,7
tomo_sample_2_051_rec,recon_01351.tiff,1351,100,0.5,-0.000653141067014,0.000936264296179,-5.47967038294e-05,-5.49449587436e-05,-5.12134083692e-05,-5.73499676355e-05,7.81660961068e-05,0.36528587704,29674,0.000380069811907,0.000380207568968,0.000372563037672,0.000361576039611,9.07405919107e-05,0.63471412296,51544,8204093,82040,81218,True,8
tomo_sample_2_051_rec,recon_01352.tiff,1352,100,0.5,-0.000713597724098,0.000925395898521,-5.52566324783e-05,-5.54221732353e-05,-5.10870413564e-05,-6.39393834187e-05,8.0590916519e-05,0.367040170012,29812,0.000379162331277,0.000379272965937,0.000372034832253,0.000357750435839,8.76783648379e-05,0.632959829988,51406,8204093,82040,81218,True,7
tomo_sample_2_051_rec,recon_01353.tiff,1353,100,0.5,-0.000696548790438,0.000928163117787,-5.49947081594e-05,-5.52154659129e-05,-5.11861035193e-05,-5.33447624775e-05,8.06484627453e-05,0.366116123432,29730,0.000378920239339,0.000379003722677,0.000371871879906,0.00038917854248,8.77544456474e-05,0.633883876568,51488,8204093,82040,81218,True,8
tomo_sample_2_051_rec,recon_01354.tiff,1354,100,0.5,-0.000629679367121,0.000902305837371,-5.42863227874e-05,-5.43102471389e-05,-5.11038124387e-05,-5.29556643345e-05,7.4078086372e-05,0.363401054486,29533,0.000379659098318,0.000379826357474,0.000372747104848,0.000363580688348,8.80218059936e-05,0.636598945514,51685,8204093,82040,81218,True,7
tomo_sample_2_051_rec,recon_01355.tiff,1355,100,0.5,-0.00074521295086,0.000920878955512,-5.63749735161e-05,-5.66576120931e-05,-5.17705339007e-05,-5.75408581881e-05,8.29930456295e-05,0.364898557041,29623,0.000380208781294,0.000380258253182,0.000373241171474,0.000364240841677,8.77334757211e-05,0.635101442959,51595,8204093,82040,81218,True,7
tomo_sample_2_051_rec,recon_01356.tiff,1356,100,0.5,-0.000678661050042,0.000916569335386,-5.50852236481e-05,-5.52169291301e-05,-5.17792595929e-05,-5.34321926006e-05,7.84295879514e-05,0.366679415661,29786,0.000379172612184,0.000379291367544,0.000372079157387,0.000373636457744,8.76011947429e-05,0.633320584339,51432,8204093,82040,81218,True,7
tomo_sample_2_051_rec,recon_01357.tiff,1357,100,0.5,-0.000696459233295,0.000918867139553,-5.58675737175e-05,-5.60467571705e-05,-5.16918807989e-05,-4.75738255662e-05,7.92039345375e-05,0.366215481783,29741,0.000379619690117,0.000379703849352,0.000372471928131,0.000371575026531,8.80479823241e-05,0.633784518217,51477,8204093,82040,81218,True,7
tomo_sample_2_051_rec,recon_01358.tiff,1358,100,0.5,-0.000664606893843,0.000918617306161,-5.49157288547e-05,-5.50021773683e-05,-5.16426498507e-05,-4.90794930517e-05,7.75028165344e-05,0.360901140649,29320,0.00038006103336,0.000380179699414,0.000373360308004,0.000360691018653,8.62259100779e-05,0.639098859351,51898,8204093,82040,81218,True,7
tomo_sample_2_051_rec,recon_01359.tiff,1359,100,0.5,-0.000689093971741,0.000918223277549,-5.54667094292e-05,-5.55434566222e-05,-5.17386415595e-05,-4.73262092325e-05,7.864034571e-05,0.364310621192,29600,0.000380092935529,0.000380233308928,0.000373170434614,0.000372427027485,8.7350699744e-05,0.635689378808,51618,8204093,82040,81218,True,7
tomo_sample_2_051_rec,recon_01360.tiff,1360,100,0.5,-0.000663175098016,0.000912091730279,-5.56017681659e-05,-5.57250108221e-05,-5.21356596437e-05,-5.36405905317e-05,7.68260558371e-05,0.364589688399,29615,0.000379511709129,0.000379614097487,0.0003725925053,0.000361554888596,8.78480461998e-05,0.635410311601,51603,8204093,82040,81218,True,7
tomo_sample_2_051_rec,recon_01361.tiff,1361,100,0.5,-0.000644654206117,0.000920372724358,-5.41293395892e-05,-5.40849970053e-05,-5.07572876813e-05,-4.77108926046e-05,7.46798370759e-05,0.364825814697,29658,0.000380259335919,0.000380466163233,0.000373159447918,0.000372870035893,8.76115761069e-05,0.635174185303,51560,8204093,82040,81218,True,7
tomo_sample_2_051_rec,recon_01362.tiff,1362,100,0.5,-0.000659166592231,0.000927994995145,-5.57106763024e-05,-5.58882986315e-05,-5.14785006089e-05,-5.62574352024e-05,7.89307870276e-05,0.36132122586,29344,0.000380420651233,0.000380506101412,0.000373773189494,0.000382669617871,8.77039566591e-05,0.63867877414,51874,8204093,82040,81218,True,7
tomo_sample_2_051_rec,recon_01363.tiff,1363,100,0.5,-0.000713880578114,0.000913670216396,-5.60047258764e-05,-5.62462440714e-05,-5.22327336512e-05,-4.44348220583e-05,7.91242151113e-05,0.364501782303,29590,0.000380465948962,0.000380485120244,0.000373582413886,0.000372195096335,8.65580298749e-05,0.635498217697,51628,8204093,82040,81218,True,7
tomo_sample_2_051_rec,recon_01364.tiff,1364,100,0.5,-0.00063575634209,0.000911330697127,-5.59446104985e-05,-5.5947469096e-05,-5.20743815287e-05,-4.80936587299e-05,7.57697875542e-05,0.362135574953,29431,0.000379607518345,0.000379769554416,0.000372174021322,0.000367247996408,8.66771611339e-05,0.637864425047,51787,8204093,82040,81218,True,7
tomo_sample_2_051_rec,recon_01365.tiff,1365,100,0.5,-0.000707667833776,0.000907694260241,-5.56508095996e-05,-5.59269031776e-05,-5.13518716616e-05,-4.68676243955e-05,8.05148681731e-05,0.364482881328,29585,0.000379903022402,0.00037991300172,0.000373254180886,0.000377426197988,8.54771581617e-05,0.635517118672,51633,8204093,82040,81218,True,7
tomo_sample_2_051_rec,recon_01366.tiff,1366,100,0.5,-0.000699587964045,0.000913007456402,-5.59442426861e-05,-5.60899612638e-05,-5.14270468557e-05,-4.9848213028e-05,8.11456017987e-05,0.365970486841,29727,0.000380805543651,0.000380920282266,0.000373438379029,0.000369480150473,8.78658245464e-05,0.634029513159,51491,8204093,82040,81218,True,7
tomo_sample_2_051_rec,recon_01367.tiff,1367,100,0.5,-0.000700427537959,0.000920356342976,-5.51204464772e-05,-5.52713454201e-05,-5.11596645083e-05,-5.64269509026e-05,7.98361950205e-05,0.365009373208,29646,0.000380478747879,0.000380571140009,0.000373249436961,0.000350277002689,8.64281138749e-05,0.634990626792,51572,8204093,82040,81218,True,7
tomo_sample_2_051_rec,recon_01368.tiff,1368,100,0.5,-0.000712381193007,0.000922419294366,-5.62410908879e-05,-5.64083133842e-05,-5.17849712196e-05,-5.24068671517e-05,8.04541321489e-05,0.365880621169,29714,0.000381121119327,0.000381199827012,0.000373678747565,0.000366435276786,8.71322382688e-05,0.634119378831,51504,8204093,82040,81218,True,7
tomo_sample_2_051_rec,recon_01369.tiff,1369,100,0.5,-0.00063513091678,0.000930904525158,-5.63585007287e-05,-5.64014267563e-05,-5.25476098119e-05,-4.41024691294e-05,7.51330304236e-05,0.362762818929,29476,0.000380656462906,0.000380791807881,0.00037349302147,0.000387410892276,8.76366019231e-05,0.637237181071,51742,8204093,82040,81218,True,7
tomo_sample_2_051_rec,recon_01370.tiff,1370,100,0.5,-0.000667209055973,0.000915679178433,-5.46020084826e-05,-5.47675614417e-05,-5.06203014083e-05,-5.64002249684e-05,7.7872069802e-05,0.365091537099,29650,0.000380903337533,0.000380981597155,0.000373963048332,0.000380874917722,8.73033080534e-05,0.634908462901,51568,8204093,82040,81218,True,7
tomo_sample_2_051_rec,recon_01371.tiff,1371,100,0.5,-0.000727367269865,0.000910473928379,-5.61077825619e-05,-5.6318929873e-05,-5.1404844271e-05,-4.99238845474e-05,8.16067609727e-05,0.367243651302,29821,0.000381097980396,0.000381171196202,0.000374337832909,0.000374630988521,8.7408232995e-05,0.632756348698,51397,8204093,82040,81218,True,7
tomo_sample_2_051_rec,recon_01372.tiff,1372,100,0.5,-0.000749132045894,0.0009188914884,-5.56499453965e-05,-5.5769124448e-05,-5.11814396305e-05,-6.06527127257e-05,8.03122061444e-05,0.365344428298,29679,0.000381142690994,0.000381266037305,0.000373851828044,0.000368001067598,8.75610640409e-05,0.634655571702,51539,8204093,82040,81218,True,7
tomo_sample_2_051_rec,recon_01373.tiff,1373,100,0.5,-0.000724620738765,0.000929611561878,-5.56337621269e-05,-5.58267148499e-05,-5.16349864483e-05,-6.56502522752e-05,7.93235517976e-05,0.362323921932,29424,0.000381204415594,0.000381286837251,0.000373533257516,0.000376936096577,8.87994765381e-05,0.637676078068,51794,8204093,82040,81218,True,7
tomo_sample_2_051_rec,recon_01374.tiff,1374,100,0.5,-0.000714969467081,0.00093729742599,-5.44494231896e-05,-5.46591438461e-05,-5.04923700646e-05,-4.89406576293e-05,7.83509500518e-05,0.364379199462,29585,0.000381891007308,0.000381933851,0.000374494236894,0.000382186057821,8.81904130354e-05,0.635620800538,51633,8204093,82040,81218,True,7
tomo_sample_2_051_rec,recon_01375.tiff,1375,100,0.5,-0.000789195671387,0.000947680345271,-5.61877798252e-05,-5.6478411507e-05,-5.05926673213e-05,-4.81109219155e-05,8.53354751843e-05,0.366906929556,29786,0.000382398570569,0.00038245221582,0.000373917690013,0.000361177849551,8.92160800194e-05,0.633093070444,51432,8204093,82040,81218,True,7
tomo_sample_2_051_rec,recon_01376.tiff,1376,100,0.5,-0.000695106239291,0.000935773044475,-5.52980677006e-05,-5.53911434924e-05,-5.1830731536e-05,-6.86247013759e-05,7.87668458901e-05,0.362245904481,29428,0.000380841700755,0.000380954481544,0.000373792383471,0.000373541594867,8.61405330364e-05,0.637754095519,51790,8204093,82040,81218,True,7
tomo_sample_2_051_rec,recon_01377.tiff,1377,100,0.5,-0.000665094895812,0.00095585846022,-5.53566615495e-05,-5.53779538941e-05,-5.15714291396e-05,-5.72842899721e-05,7.67751453156e-05,0.361574534104,29386,0.00038241700234,0.000382594949322,0.00037471971882,0.000360913896943,8.97517755279e-05,0.638425465896,51832,8204093,82040,81218,True,7
tomo_sample_2_051_rec,recon_01378.tiff,1378,100,0.5,-0.000654212369118,0.000937117614376,-5.47699104872e-05,-5.48557820468e-05,-5.0821035984e-05,-4.57780017182e-05,7.64793986565e-05,0.362318980054,29435,0.000381854233401,0.000381971992878,0.000374595343601,0.00035264352781,8.80364455107e-05,0.637681019946,51783,8204093,82040,81218,True,7
tomo_sample_2_051_rec,recon_01379.tiff,1379,100,0.5,-0.00069102114212,0.000972420682374,-5.55093917015e-05,-5.56000925816e-05,-5.1430250096e-05,-4.69626100736e-05,7.82729599e-05,0.363809823365,29560,0.00038253432629,0.000382688778964,0.000374795868993,0.000365592941763,9.09919993384e-05,0.636190176635,51658,8204093,82040,81218,True,7
tomo_sample_2_051_rec,recon_01380.tiff,1380,100,0.5,-0.000673330680584,0.000950870460656,-5.50183429194e-05,-5.50741968593e-05,-5.12875085406e-05,-4.51650752935e-05,7.70379730821e-05,0.365318361297,29686,0.000381998384398,0.000382162629658,0.000373960458091,0.000348556509476,9.01884630123e-05,0.634681638703,51532,8204093,82040,81218,True,7
tomo_sample_2_051_rec,recon_01381.tiff,1381,100,0.5,-0.000678329263756,0.000933592797955,-5.56673225657e-05,-5.57951506735e-05,-5.17087646585e-05,-5.05188797992e-05,7.90396491811e-05,0.364011122374,29569,0.000382024144267,0.000382137533642,0.000373949063942,0.000368742478282,8.88245837057e-05,0.635988877626,51649,8204092,82040,81218,True,7
tomo_sample_2_051_rec,recon_01382.tiff,1382,100,0.5,-0.000665636822232,0.00094893477537,-5.50771397017e-05,-5.51370997933e-05,-5.11049074703e-05,-5.27221290088e-05,7.76256057996e-05,0.367353552405,29850,0.000382665864313,0.00038282239017,0.000375093077309,0.000383684995782,8.93540646227e-05,0.632646447595,51368,8204093,82040,81218,True,7
tomo_sample_2_051_rec,recon_01383.tiff,1383,100,0.5,-0.00075281366444,0.000955966054462,-5.56451872572e-05,-5.58086272581e-05,-5.14845105499e-05,-5.17811598823e-05,8.06669541963e-05,0.367106493018,29816,0.000382317743801,0.000382415486274,0.000374656214262,0.000366720184035,8.86589129228e-05,0.632893506982,51402,8204093,82040,81218,True,7
tomo_sample_2_051_rec,recon_01384.tiff,1384,100,0.5,-0.000730688107724,0.000936473693291,-5.71606146839e-05,-5.72926545313e-05,-5.20138455613e-05,-6.11267479573e-05,8.16952977543e-05,0.365841870313,29718,0.00038246095819,0.000382580302599,0.000374410432414,0.00037282906636,8.92089394883e-05,0.634158129687,51500,8204093,82040,81218,True,7
tomo_sample_2_051_rec,recon_01385.tiff,1385,100,0.5,-0.000746391480207,0.000932925974776,-5.68608973779e-05,-5.71288121423e-05,-5.17179068993e-05,-5.43698095473e-05,8.39242317813e-05,0.36534851562,29660,0.000382222316723,0.000382266787608,0.000374399547582,0.000360843373376,8.812391549e-05,0.63465148438,51558,8204092,82040,81218,True,7
tomo_sample_2_051_rec,recon_01386.tiff,1386,100,0.5,-0.000713227464294,0.000947293221543,-5.65753504041e-05,-5.67458571919e-05,-5.17357548233e-05,-6.91182945781e-05,8.12976485978e-05,0.366241888747,29746,0.00038256422823,0.000382667596484,0.000373812232283,0.000358336355848,8.99764572414e-05,0.633758111253,51472,8204093,82040,81218,True,7
tomo_sample_2_051_rec,recon_01387.tiff,1387,100,0.5,-0.000675779237936,0.000935926582315,-5.53633598274e-05,-5.55015103508e-05,-5.1689456086e-05,-5.15787610472e-05,7.77593640763e-05,0.368470176338,29928,0.00038236406014,0.000382458234701,0.000374769952032,0.000382113086535,8.86722889419e-05,0.631529823662,51290,8204093,82040,81218,True,7
tomo_sample_2_051_rec,recon_01388.tiff,1388,100,0.5,-0.000758847481047,0.000924803162634,-5.67591159175e-05,-5.69633738045e-05,-5.20703979419e-05,-5.92298426553e-05,8.35765663742e-05,0.365703171234,29697,0.000382509055153,0.000382586887504,0.000374594907044,0.000368297275044,8.77829427585e-05,0.634296828766,51521,8204093,82040,81218,True,7
tomo_sample_2_051_rec,recon_01389.tiff,1389,100,0.5,-0.000712251612858,0.000920327614876,-5.52494137626e-05,-5.54926044758e-05,-5.09867822984e-05,-3.82945078648e-05,8.04987226438e-05,0.367252655546,29814,0.000382107981263,0.000382133946438,0.000374655384803,0.000389525797562,8.74656487599e-05,0.632747344454,51404,8204093,82040,81218,True,7
tomo_sample_2_051_rec,recon_01390.tiff,1390,100,0.5,-0.000711524302023,0.000934965108754,-5.62551756385e-05,-5.64239679576e-05,-5.19660934515e-05,-4.5750237999e-05,7.93969028473e-05,0.363038862398,29483,0.000382717559359,0.000382794318095,0.000374981522327,0.000384069078625,8.87843930917e-05,0.636961137602,51735,8204093,82040,81218,True,7
tomo_sample_2_051_rec,recon_01391.tiff,1391,100,0.5,-0.000770074893662,0.000934612562996,-5.68547936297e-05,-5.71579116395e-05,-5.16108957527e-05,-4.46937185525e-05,8.58684314241e-05,0.366999234115,29792,0.000383717289317,0.000383764865879,0.000375394243747,0.000381760425824,8.93184865774e-05,0.633000765885,51426,8204093,82040,81218,True,7
tomo_sample_2_051_rec,recon_01392.tiff,1392,100,0.5,-0.00070551929035,0.000915906499722,-5.52962987038e-05,-5.54748414522e-05,-4.99759371451e-05,-4.98339574519e-05,8.26038115121e-05,0.367191567354,29821,0.000382953520137,0.000383043770272,0.000375290750526,0.000367955861542,8.73246536389e-05,0.632808432646,51397,8204093,82040,81218,True,7
tomo_sample_2_051_rec,recon_01393.tiff,1393,100,0.5,-0.000722059613618,0.000927530153713,-5.62036369691e-05,-5.64194529907e-05,-5.15919455211e-05,-5.52664115027e-05,8.33011814683e-05,0.364842955957,29625,0.000382949004657,0.000383014917434,0.000375621282728,0.00036401348937,8.69930089053e-05,0.635157044043,51593,8204093,82040,81218,True,7
tomo_sample_2_051_rec,recon_01394.tiff,1394,100,0.5,-0.000713705362868,0.000931251122383,-5.51087547365e-05,-5.52169605309e-05,-5.03822102473e-05,-3.27269121488e-05,8.06616845724e-05,0.364770158178,29634,0.000383021247361,0.000383152184039,0.000375473231543,0.000365690315495,8.81932459155e-05,0.635229841822,51584,8204093,82040,81218,True,7
tomo_sample_2_051_rec,recon_01395.tiff,1395,100,0.5,-0.000764207918837,0.000969444132352,-5.63164368294e-05,-5.65744758207e-05,-5.11712714797e-05,-4.78068909615e-05,8.40002213993e-05,0.365942644933,29713,0.000384048368901,0.000384127721641,0.00037504802458,0.000369477332834,9.12470126539e-05,0.634057355067,51505,8204093,82040,81218,True,7
tomo_sample_2_051_rec,recon_01396.tiff,1396,100,0.5,-0.000793779521191,0.000939160866546,-5.56154886666e-05,-5.60191667778e-05,-5.01382219227e-05,-4.27096390594e-05,8.68583046536e-05,0.367298697141,29804,0.000383036162606,0.000383037546058,0.000374853552785,0.000372762082487,8.85594515903e-05,0.632701302859,51414,8204093,82040,81218,True,7
tomo_sample_2_051_rec,recon_01397.tiff,1397,100,0.5,-0.000745856897556,0.000980805460713,-5.63743325604e-05,-5.64992735479e-05,-5.13261293236e-05,-4.76850781013e-05,8.24885506971e-05,0.36803978277,29902,0.000384467884073,0.000384631276244,0.000375342075131,0.000365748616471,9.21011991746e-05,0.63196021723,51316,8204093,82040,81218,True,7
tomo_sample_2_051_rec,recon_01398.tiff,1398,100,0.5,-0.00071872200846,0.00094170508266,-5.46482869392e-05,-5.47644343719e-05,-5.02304974361e-05,-5.29370601247e-05,7.95575713176e-05,0.368504140562,29935,0.000383298317345,0.00038341590824,0.000375532457838,0.000351317511589,8.87718901492e-05,0.631495859438,51283,8204093,82040,81218,True,7
tomo_sample_2_051_rec,recon_01399.tiff,1399,100,0.5,-0.000697847117553,0.000953136141761,-5.53060815331e-05,-5.5397040345e-05,-5.08991506649e-05,-5.98286588276e-05,7.99533075409e-05,0.367696100921,29875,0.000383162191891,0.000383312969933,0.000375690317014,0.000364523965938,8.95053710801e-05,0.632303899079,51343,8204093,82040,81218,True,7
tomo_sample_2_051_rec,recon_01400.tiff,1400,100,0.5,-0.000747085598414,0.000937688966806,-5.59348109664e-05,-5.62187937836e-05,-5.05501993757e-05,-6.50937433914e-05,8.5835383976e-05,0.368753124943,29937,0.000382765625616,0.000382825404563,0.000374809489585,0.00037191695921,8.8205680694e-05,0.631246875057,51281,8204093,82040,81218,True,7
tomo_sample_2_051_rec,recon_01401.tiff,1401,100,0.5,-0.000713583111065,0.00097530931147,-5.56927383415e-05,-5.58817119032e-05,-5.06235119246e-05,-4.23178391638e-05,8.10378635773e-05,0.364734574282,29623,0.000384537378945,0.00038464576916,0.00037570297718,0.000367897208171,9.21546811012e-05,0.635265425718,51595,8204093,82040,81218,True,7
tomo_sample_2_051_rec,recon_01402.tiff,1402,100,0.5,-0.000812081926852,0.000953970661503,-5.72675241806e-05,-5.7455646824e-05,-5.18322431162e-05,-4.43035314692e-05,8.47898031932e-05,0.367164189693,29820,0.000383851499397,0.000383957716093,0.00037511116534,0.000372199208221,9.01666766466e-05,0.632835810307,51398,8204092,82040,81218,True,7
tomo_sample_2_051_rec,recon_01403.tiff,1403,100,0.5,-0.000729548074014,0.000931136822037,-5.49938605917e-05,-5.51468460428e-05,-5.09457531734e-05,-4.42770895461e-05,8.2233613143e-05,0.366481561156,29769,0.000383455933805,0.000383579398133,0.000375620642444,0.000370688599044,8.84526796211e-05,0.633518438844,51449,8204093,82040,81218,True,7
tomo_sample_2_051_rec,recon_01404.tiff,1404,100,0.5,-0.00079375203175,0.000933669549995,-5.56508540745e-05,-5.59306154818e-05,-5.06176002091e-05,-5.10498279695e-05,8.48223871698e-05,0.369748304055,30017,0.000383154773149,0.000383205505972,0.000375009170966,0.000373331277373,8.83124313875e-05,0.630251695945,51201,8204093,82040,81218,True,6
tomo_sample_2_051_rec,recon_01405.tiff,1405,100,0.5,-0.000735304113769,0.000950185396941,-5.54363064426e-05,-5.55561741311e-05,-5.0756832934e-05,-5.26558430194e-05,8.12218608492e-05,0.369465961205,30016,0.000383086770812,0.000383231668412,0.000374915951397,0.000364366672276,9.05229502026e-05,0.630534038795,51202,8204093,82040,81218,True,7
tomo_sample_2_051_rec,recon_01406.tiff,1406,100,0.5,-0.000741205951199,0.000963250493223,-5.57835569112e-05,-5.59636408452e-05,-5.16054260515e-05,-4.9498462606e-05,8.08970862411e-05,0.367370965767,29836,0.000383107040061,0.000383201913763,0.000374944720534,0.000364601542231,8.96561081468e-05,0.632629034233,51382,8204092,82040,81218,True,6
tomo_sample_2_051_rec,recon_01407.tiff,1407,100,0.5,-0.00080829486571,0.000972545303812,-5.56133330342e-05,-5.57517742593e-05,-5.03135761392e-05,-4.1170012833e-05,8.47052775856e-05,0.366214301054,29752,0.000384731517571,0.000384886901224,0.000375634685042,0.000383826467012,9.09833049511e-05,0.633785698946,51466,8204093,82040,81218,True,7
tomo_sample_2_051_rec,recon_01408.tiff,1408,100,0.5,-0.000741350233438,0.000981625184068,-5.61606500478e-05,-5.62195595882e-05,-5.16478030477e-05,-5.65794765693e-05,7.98343152283e-05,0.367968914347,29902,0.0003845401059,0.000384714422884,0.00037584133679,0.000362957523633,9.1554780919e-05,0.632031085653,51316,8204093,82040,81218,True,6
tomo_sample_2_051_rec,recon_01409.tiff,1409,100,0.5,-0.000773478235642,0.000951888333075,-5.59791217631e-05,-5.61114699192e-05,-5.13681225129e-05,-3.87461184647e-05,8.37680245681e-05,0.363996044186,29569,0.000383046134396,0.000383172643501,0.000375201751012,0.000362204987237,8.80814782679e-05,0.636003955814,51649,8204093,82040,81218,True,6
tomo_sample_2_051_rec,recon_01410.tiff,1410,100,0.5,-0.000710983296158,0.000955756147159,-5.48440454373e-05,-5.49630569539e-05,-5.07376826135e-05,-5.03908445858e-05,7.92666128023e-05,0.365575744623,29698,0.000383579534061,0.000383704889783,0.000375513598556,0.000380771204192,8.94095537544e-05,0.634424255377,51520,8204093,82040,81218,True,6
tomo_sample_2_051_rec,recon_01411.tiff,1411,100,0.5,-0.000739857659501,0.000964746000827,-5.53688773137e-05,-5.55373827394e-05,-5.10909976583e-05,-6.14358633514e-05,8.28481680775e-05,0.368324837348,29918,0.00038384280248,0.000383970127018,0.000375969641027,0.000376712890854,9.0189793542e-05,0.631675162652,51300,8204093,82040,81218,True,7
tomo_sample_2_051_rec,recon_01412.tiff,1412,100,0.5,-0.000676529605116,0.000944307479367,-5.43332869974e-05,-5.44468741403e-05,-5.07118202222e-05,-5.26729951389e-05,7.58398953036e-05,0.367704796872,29867,0.000382984177909,0.000383073678031,0.00037565259845,0.000363960592297,8.74159314506e-05,0.632295203128,51351,8204093,82040,81218,True,7
tomo_sample_2_051_rec,recon_01413.tiff,1413,100,0.5,-0.00068957483687,0.000944284895959,-5.53085295213e-05,-5.55014252775e-05,-5.08983321197e-05,-4.15029477032e-05,7.90394109725e-05,0.366637560124,29771,0.000382487863525,0.000382543584135,0.000374653638573,0.000353698606568,8.79790856083e-05,0.633362439876,51447,8204093,82040,81218,True,7
tomo_sample_2_051_rec,recon_01414.tiff,1414,100,0.5,-0.000690860420873,0.000930718959717,-5.58113015781e-05,-5.59704557219e-05,-5.16241743753e-05,-5.69504311447e-05,7.9396499075e-05,0.366902811691,29797,0.000382758795256,0.000382833002494,0.000375157629605,0.000370683468839,8.72228693625e-05,0.633097188309,51421,8204093,82040,81218,True,7
tomo_sample_2_051_rec,recon_01415.tiff,1415,100,0.5,-0.000663361117186,0.000929032757122,-5.47250438983e-05,-5.47567951305e-05,-5.14568400831e-05,-4.75253132957e-05,7.59508613159e-05,0.367532040091,29866,0.000381984286802,0.000382136973442,0.000374805691536,0.000379398703763,8.7569807257e-05,0.632467959909,51352,8204093,82040,81218,True,7
tomo_sample_2_051_rec,recon_01416.tiff,1416,100,0.5,-0.000648623347515,0.00094629225583,-5.47819470499e-05,-5.48042592109e-05,-5.13728627993e-05,-5.42062104336e-05,7.46165007033e-05,0.366863407869,29813,0.000383466244868,0.000383624864914,0.000375619565602,0.000379286352753,8.94151391059e-05,0.633136592131,51405,8204093,82040,81218,True,7
tomo_sample_2_051_rec,recon_01417.tiff,1417,100,0.5,-0.000635753859242,0.000933773537981,-5.5141478538e-05,-5.52213717583e-05,-5.17461812706e-05,-5.3688560579e-05,7.42109094742e-05,0.366455656282,29769,0.000382487726632,0.000382586729824,0.000375362345949,0.000376899997048,8.73889469058e-05,0.633544343718,51449,8204093,82040,81218,True,7
tomo_sample_2_051_rec,recon_01418.tiff,1418,100,0.5,-0.000667568411445,0.000931814960495,-5.56886990473e-05,-5.57593161309e-05,-5.22394329892e-05,-6.16797147897e-05,7.66577299869e-05,0.371891745604,30214,0.000382206265775,0.000382331345066,0.000375146759325,0.000379871986393,8.74878064055e-05,0.628108254396,51004,8204092,82040,81218,True,7
tomo_sample_2_051_rec,recon_01419.tiff,1419,100,0.5,-0.000654941761459,0.000933424872928,-5.45850271893e-05,-5.46712745462e-05,-5.0451959396e-05,-5.27138966832e-05,7.49369995061e-05,0.369154241048,29987,0.000381892856925,0.000381986201863,0.000374878320144,0.000374363747055,8.6780732503e-05,0.630845758952,51231,8204093,82040,81218,True,7
tomo_sample_2_051_rec,recon_01420.tiff,1420,100,0.5,-0.000719135844556,0.000944712840719,-5.56901420441e-05,-5.58318641706e-05,-5.16804702784e-05,-4.17068469932e-05,8.04929321966e-05,0.368556687321,29936,0.000382416043369,0.000382520669675,0.000374477443984,0.000367337448453,8.79616428075e-05,0.631443312679,51282,8204093,82040,81218,True,7
tomo_sample_2_051_rec,recon_01421.tiff,1421,100,0.5,-0.000712943216786,0.000945746395737,-5.62557529957e-05,-5.6473041015e-05,-5.1881035688e-05,-4.92813054727e-05,8.13292587176e-05,0.367081436124,29806,0.000382768702995,0.000382829604839,0.000375288305804,0.000377225962476,8.85357897473e-05,0.632918563876,51412,8204093,82040,81218,True,7
tomo_sample_2_051_rec,recon_01422.tiff,1422,100,0.5,-0.000712370723195,0.000923038062465,-5.53697933809e-05,-5.55176056604e-05,-5.15339488629e-05,-5.72687665159e-05,8.02373101198e-05,0.367092835228,29815,0.000382154854125,0.000382244454085,0.000375448755221,0.000386104180438,8.63897091446e-05,0.632907164772,51403,8204093,82040,81218,True,7
tomo_sample_2_051_rec,recon_01423.tiff,1423,100,0.5,-0.000727638313547,0.00093822872208,-5.52466809551e-05,-5.54266543735e-05,-5.07165696035e-05,-5.46532077575e-05,8.01387278959e-05,0.368249390376,29906,0.000383419626351,0.000383503326787,0.00037541090569,0.000370873400252,8.88671622886e-05,0.631750609624,51312,8204093,82040,81218,True,7
tomo_sample_2_051_rec,recon_01424.tiff,1424,100,0.5,-0.000655993360269,0.000919151181588,-5.46023025756e-05,-5.46513737575e-05,-5.13486265845e-05,-5.18834456568e-05,7.64686191928e-05,0.365354660424,29687,0.000382531028834,0.000382674880122,0.000375468283892,0.000372171158655,8.76491157949e-05,0.634645339576,51531,8204093,82040,81218,True,7
tomo_sample_2_051_rec,recon_01425.tiff,1425,100,0.5,-0.000706650501525,0.00092657484056,-5.54761684243e-05,-5.56316148301e-05,-5.11746402481e-05,-5.56218895902e-05,8.06869897873e-05,0.367285403461,29830,0.000383391120948,0.000383479767745,0.000375855684979,0.000375105139204,8.76118166343e-05,0.632714596539,51388,8204093,82040,81218,True,7
tomo_sample_2_051_rec,recon_01426.tiff,1426,100,0.5,-0.000687349767541,0.000926871912961,-5.44883650319e-05,-5.45609032029e-05,-5.06833748659e-05,-6.72182866966e-05,7.79803701592e-05,0.36693613636,29813,0.000382941330769,0.00038307854365,0.000375964125851,0.000377652105071,8.7994294873e-05,0.63306386364,51405,8204093,82040,81218,True,7
tomo_sample_2_051_rec,recon_01427.tiff,1427,100,0.5,-0.00068549535179,0.000921429996961,-5.54214461445e-05,-5.54789225937e-05,-5.14424100402e-05,-6.61867808234e-05,7.82352003008e-05,0.369759887674,30043,0.000382299698403,0.000382434725563,0.000374774564989,0.000373455831906,8.72177253531e-05,0.630240112326,51175,8204093,82040,81218,True,7
tomo_sample_2_051_rec,recon_01428.tiff,1428,100,0.5,-0.000723321159312,0.00094237199577,-5.54801335133e-05,-5.56554603721e-05,-5.12440492457e-05,-3.35120955292e-05,7.99924223799e-05,0.369017776762,29969,0.000382300666629,0.000382387084055,0.000374639348593,0.000368658222034,8.87340823581e-05,0.630982223238,51249,8204093,82040,81218,True,7
tomo_sample_2_051_rec,recon_01429.tiff,1429,100,0.5,-0.000625924541382,0.000935971678118,-5.44709939992e-05,-5.45267593838e-05,-5.07502372784e-05,-4.97578873163e-05,7.37845713176e-05,0.36508999403,29662,0.000382281748694,0.000382399570642,0.000374738126993,0.000372632183577,8.83091596423e-05,0.63491000597,51556,8204093,82040,81218,True,7
tomo_sample_2_051_rec,recon_01430.tiff,1430,100,0.5,-0.000662353614462,0.00095685777138,-5.57292118448e-05,-5.57989598854e-05,-5.16566615261e-05,-4.83381252825e-05,7.74683105009e-05,0.36492338047,29649,0.000382892486185,0.000383023195452,0.000374973926228,0.000378685557138,8.87639131383e-05,0.63507661953,51569,8204093,82040,81218,True,7
tomo_sample_2_051_rec,recon_01431.tiff,1431,100,0.5,-0.000659801238216,0.000962621218059,-5.52842278614e-05,-5.53358750181e-05,-5.20766407135e-05,-5.39097142299e-05,7.47606157473e-05,0.367107282731,29829,0.000382852780057,0.0003829959888,0.000375123083359,0.000379059416072,8.97990839101e-05,0.632892717269,51389,8204093,82040,81218,True,7
tomo_sample_2_051_rec,recon_01432.tiff,1432,100,0.5,-0.000665508162056,0.000923173748888,-5.53401861799e-05,-5.53651111277e-05,-5.21168567502e-05,-5.154355124e-05,7.65024662466e-05,0.364529579502,29622,0.000381224474815,0.000381371089262,0.0003744327405,0.000375695991432,8.64507489527e-05,0.635470420498,51596,8204093,82040,81218,True,6
tomo_sample_2_051_rec,recon_01433.tiff,1433,100,0.5,-0.000698337524373,0.000939498765219,-5.57067736438e-05,-5.58599255266e-05,-5.11654743605e-05,-4.93584386506e-05,8.05945256178e-05,0.370182038584,30066,0.000381933231315,0.000382028000591,0.000374661147362,0.000379733059216,8.82418715694e-05,0.629817961416,51152,8204093,82040,81218,True,7
tomo_sample_2_051_rec,recon_01434.tiff,1434,100,0.5,-0.000699577605992,0.000924341648642,-5.49337410944e-05,-5.50135689241e-05,-5.09905330546e-05,-5.91852073809e-05,7.91566467562e-05,0.372131597724,30233,0.000382176873514,0.000382303220494,0.000374662486138,0.000361494926947,8.70283879087e-05,0.627868402276,50985,8204093,82040,81218,True,6
tomo_sample_2_051_rec,recon_01435.tiff,1435,100,0.5,-0.00066268089955,0.000935909861582,-5.46343883161e-05,-5.46687469169e-05,-5.12078113388e-05,-5.15643843884e-05,7.65363921398e-05,0.365829385177,29727,0.000382050614291,0.000382198247511,0.000374638824724,0.000363593388378,8.76825816909e-05,0.634170614823,51491,8204093,82040,81218,True,7
tomo_sample_2_051_rec,recon_01436.tiff,1436,100,0.5,-0.000692849851912,0.000909054467629,-5.46615952092e-05,-5.48174255948e-05,-5.08051325596e-05,-5.00232396336e-05,7.75180770982e-05,0.36769651025,29860,0.00038115265645,0.000381212919419,0.000374482464395,0.000377751373922,8.58958124958e-05,0.63230348975,51358,8204093,82040,81218,True,7
tomo_sample_2_051_rec,recon_01437.tiff,1437,100,0.5,-0.000666683452146,0.000919072630641,-5.49475796863e-05,-5.4974779014e-05,-5.12707501912e-05,-5.51868846732e-05,7.69813163204e-05,0.367694366081,29880,0.000381407217772,0.000381564133868,0.00037400018482,0.000364939256292,8.74051877453e-05,0.632305633919,51338,8204093,82040,81218,True,7
tomo_sample_2_051_rec,recon_01438.tiff,1438,100,0.5,-0.000684657251986,0.000904016493878,-5.36285720658e-05,-5.37284567048e-05,-5.03094415762e-05,-5.59224107884e-05,7.65709695825e-05,0.367238752337,29831,0.000381439757987,0.000381536714099,0.00037450590753,0.000378923101806,8.65675077291e-05,0.632761247663,51387,8204093,82040,81218,True,7
tomo_sample_2_051_rec,recon_01439.tiff,1439,100,0.5,-0.000674957105657,0.000933035188937,-5.39030560187e-05,-5.40783482135e-05,-5.01427093695e-05,-4.49628764837e-05,7.88643069504e-05,0.369619373197,30015,0.000380906827167,0.000380969278153,0.000374280032702,0.000379641603752,8.57422271131e-05,0.630380626803,51203,8204093,82040,81218,True,7
tomo_sample_2_051_rec,recon_01440.tiff,1440,100,0.5,-0.000658031719213,0.00090109016659,-5.52367071334e-05,-5.53039027711e-05,-5.15468491358e-05,-3.96737829515e-05,7.77345283004e-05,0.367632324252,29868,0.000380935926437,0.00038105687644,0.000373788032448,0.00036985949175,8.57795897137e-05,0.632367675748,51350,8204093,82040,81218,True,7
tomo_sample_2_051_rec,recon_01441.tiff,1441,100,0.5,-0.000678531093872,0.000944826162886,-5.47732857385e-05,-5.48360547189e-05,-5.05800344399e-05,-5.02610698023e-05,7.65970693438e-05,0.36840048211,29933,0.000381394604083,0.000381535420409,0.0003739130334,0.000382573625476,8.85587046942e-05,0.63159951789,51285,8204093,82040,81218,True,7
tomo_sample_2_051_rec,recon_01442.tiff,1442,100,0.5,-0.000652717338817,0.000921230612148,-5.43789388429e-05,-5.43850235814e-05,-5.05945645273e-05,-5.90339761928e-05,7.60983319182e-05,0.368859976228,29978,0.000380878771523,0.000381051630434,0.000373798829969,0.000363137773517,8.75925173468e-05,0.631140023772,51240,8204093,82040,81218,True,7
tomo_sample_2_051_rec,recon_01443.tiff,1443,100,0.5,-0.000664309191925,0.000912279793702,-5.44627966014e-05,-5.44964575908e-05,-5.10232093802e-05,-6.26194665829e-05,7.56071146301e-05,0.370236398171,30085,0.00038122090198,0.000381369710675,0.000373995688278,0.000366866918071,8.77398128661e-05,0.629763601829,51133,8204093,82040,81218,True,7
tomo_sample_2_051_rec,recon_01444.tiff,1444,100,0.5,-0.000674115995935,0.000911454266461,-5.38416579958e-05,-5.38491500714e-05,-5.04660474689e-05,-5.8043092871e-05,7.82321436712e-05,0.367143818966,29840,0.000380653326464,0.00038083792085,0.000373570874217,0.000369735102623,8.67379032767e-05,0.632856181034,51378,8204093,82040,81218,True,7
tomo_sample_2_051_rec,recon_01445.tiff,1445,100,0.5,-0.000608108626911,0.000920497020707,-5.31349658764e-05,-5.311655071e-05,-5.00689602632e-05,-4.72628199001e-05,7.18222376013e-05,0.36694633313,29823,0.00037998038579,0.000380141216185,0.000373506685719,0.000378410261441,8.60998793493e-05,0.63305366687,51395,8204093,82040,81218,True,7
tomo_sample_2_051_rec,recon_01446.tiff,1446,100,0.5,-0.000596952399646,0.00089686730731,-5.34561868315e-05,-5.34299744027e-05,-5.05981042807e-05,-4.51820276292e-05,7.22390668121e-05,0.370459957042,30109,0.000379830824926,0.000379993272281,0.000373586022761,0.000377111788271,8.51535389943e-05,0.629540042958,51109,8204093,82040,81218,True,7
tomo_sample_2_051_rec,recon_01447.tiff,1447,100,0.5,-0.000622080705361,0.000920672755165,-5.45523318133e-05,-5.46188106468e-05,-5.13062077516e-05,-4.34687595895e-05,7.41722498516e-05,0.36914939269,29991,0.000379410583564,0.000379529343284,0.000373070215574,0.000376207326642,8.63587228323e-05,0.63085060731,51227,8204093,82040,81218,True,7
tomo_sample_2_051_rec,recon_01448.tiff,1448,100,0.5,-0.000640775682987,0.000926888159302,-5.36932715573e-05,-5.36821430819e-05,-5.05475163664e-05,-4.23746887945e-05,7.5225652811e-05,0.370697467895,30130,0.000379638603087,0.00037982452389,0.000373210670659,0.000373740225493,8.6990747267e-05,0.629302532105,51088,8204093,82040,81218,True,7
tomo_sample_2_051_rec,recon_01449.tiff,1449,100,0.5,-0.000652795368223,0.000906137317943,-5.38070996431e-05,-5.38469796268e-05,-5.04244871991e-05,-5.37235718639e-05,7.76267622054e-05,0.366915311273,29814,0.000379957997871,0.000380098186947,0.000373501272406,0.000384164424805,8.52426879214e-05,0.633084688727,51404,8204093,82040,81218,True,7
tomo_sample_2_051_rec,recon_01450.tiff,1450,100,0.5,-0.000627796748886,0.000878996263782,-5.42472389927e-05,-5.43192452356e-05,-5.05375501234e-05,-4.94539908971e-05,7.56465608155e-05,0.369646806086,30029,0.000379600899222,0.000379702686008,0.000374093768187,0.000374820211853,8.44019506089e-05,0.630353193914,51189,8204093,82040,81218,True,7
tomo_sample_2_051_rec,recon_01451.tiff,1451,100,0.5,-0.000684437334421,0.000916962483025,-5.49429696614e-05,-5.50761759057e-05,-5.06565484102e-05,-4.95536182564e-05,8.01189333177e-05,0.372006348843,30217,0.000379462872479,0.000379570654999,0.000372659938876,0.000358336251082,8.58400339255e-05,0.627993651157,51001,8204093,82040,81218,True,7
tomo_sample_2_051_rec,recon_01452.tiff,1452,100,0.5,-0.000692928141798,0.000893954388157,-5.3998764016e-05,-5.41307362224e-05,-5.02245238749e-05,-6.97396416827e-05,7.8750684568e-05,0.371488651028,30173,0.00037913403613,0.000379224219903,0.000372369599063,0.000368392284186,8.48230474724e-05,0.628511348972,51045,8204093,82040,81218,True,7
tomo_sample_2_051_rec,recon_01453.tiff,1453,100,0.5,-0.000660211132781,0.000904159006604,-5.41425869506e-05,-5.42967846646e-05,-5.04480922245e-05,-4.24356924829e-05,7.75769187281e-05,0.368976121116,29965,0.000379342177897,0.000379411162999,0.000372736045392,0.000368549845555,8.52605488645e-05,0.631023878884,51253,8204093,82040,81218,True,7
tomo_sample_2_051_rec,recon_01454.tiff,1454,100,0.5,-0.000648317394371,0.000913581109198,-5.36276489707e-05,-5.36821591798e-05,-5.03116989421e-05,-4.98774384852e-05,7.54748265029e-05,0.369399820254,30014,0.000379444670107,0.000379578837771,0.000372886352125,0.000364335318009,8.6200101409e-05,0.630600179746,51204,8204093,82040,81218,True,7
tomo_sample_2_051_rec,recon_01455.tiff,1455,100,0.5,-0.000636817307095,0.000905387469684,-5.3984873637e-05,-5.41228721571e-05,-5.04770650878e-05,-4.69519366663e-05,7.55583810635e-05,0.366819582187,29791,0.000379485683003,0.000379554221001,0.000372854876332,0.000371044571506,8.57051902335e-05,0.633180417813,51427,8204093,82040,81218,True,7
tomo_sample_2_051_rec,recon_01456.tiff,1456,100,0.5,-0.000633729587134,0.000905820741318,-5.34072250649e-05,-5.33795221739e-05,-5.02083439642e-05,-5.59833505999e-05,7.43950753858e-05,0.370421775946,30108,0.000379767876099,0.000379947203482,0.000373547532945,0.000393017257095,8.59424714163e-05,0.629578224054,51110,8204093,82040,81218,True,7
tomo_sample_2_051_rec,recon_01457.tiff,1457,100,0.5,-0.000675559927768,0.000885822944401,-5.39663162949e-05,-5.40505251121e-05,-5.08140674356e-05,-5.82804279158e-05,7.82950578773e-05,0.370418493787,30092,0.000379086698296,0.000379198525654,0.000372633934603,0.000371017373604,8.40620141057e-05,0.629581506213,51126,8204093,82040,81218,True,7
tomo_sample_2_051_rec,recon_01458.tiff,1458,100,0.5,-0.000631072965625,0.000921033760533,-5.25518878882e-05,-5.25778833378e-05,-4.9403297453e-05,-5.27053320919e-05,7.58668339799e-05,0.37084294404,30135,0.000379389424416,0.000379539017003,0.000372833776055,0.000373789886017,8.54442112706e-05,0.62915705596,51083,8204093,82040,81218,True,7
tomo_sample_2_051_rec,recon_01459.tiff,1459,100,0.5,-0.000659540926863,0.000887684533955,-5.38105702448e-05,-5.39420420142e-05,-4.98579465784e-05,-4.40042577878e-05,7.84163352923e-05,0.369343696478,29998,0.000379033359571,0.000379115797959,0.000372767361114,0.000372538730924,8.42092194619e-05,0.630656303522,51220,8204093,82040,81218,True,7
tomo_sample_2_051_rec,recon_01460.tiff,1460,100,0.5,-0.000685892193869,0.000924895386561,-5.4020279461e-05,-5.41677266191e-05,-5.00009064126e-05,-4.71368724106e-05,7.93362181996e-05,0.368109880033,29898,0.000379770473165,0.000379863572585,0.000373478702386,0.000377353988134,8.61485326403e-05,0.631890119967,51320,8204093,82040,81218,True,7
tomo_sample_2_051_rec,recon_01461.tiff,1461,100,0.5,-0.000631615501479,0.000901150515419,-5.26280355167e-05,-5.26446735237e-05,-4.98253320984e-05,-5.47379536025e-05,7.48870236327e-05,0.369741691355,30048,0.000379466458618,0.000379630922415,0.00037284764403,0.000364300160163,8.56881777401e-05,0.630258308645,51170,8204093,82040,81218,True,7
tomo_sample_2_051_rec,recon_01462.tiff,1462,100,0.5,-0.000641640948015,0.000909609630471,-5.36988062639e-05,-5.37995866722e-05,-5.06367723574e-05,-4.51276996916e-05,7.70557911906e-05,0.368872342432,29965,0.000379481315035,0.000379590322319,0.000372833339497,0.000368523998517,8.55455322662e-05,0.631127657568,51253,8204093,82040,81218,True,7
tomo_sample_2_051_rec,recon_01463.tiff,1463,100,0.5,-0.00071369520796,0.000923112643941,-5.48820861533e-05,-5.50977662488e-05,-5.104556476e-05,-5.15218917702e-05,8.20688593602e-05,0.371124333,30136,0.000379894205105,0.000379970581882,0.00037348177284,0.000368642945982,8.64536387552e-05,0.628875667,51082,8204093,82040,81218,True,7
tomo_sample_2_051_rec,recon_01464.tiff,1464,100,0.5,-0.0006626027124,0.000905499926885,-5.43594091146e-05,-5.44647580867e-05,-5.01202921441e-05,-4.5846351144e-05,7.8980500089e-05,0.36731162584,29840,0.000379797406524,0.000379923527354,0.000373412127374,0.000388658535101,8.62488240737e-05,0.63268837416,51378,8204093,82040,81218,True,7
tomo_sample_2_051_rec,recon_01465.tiff,1465,100,0.5,-0.000635295293177,0.000927526045707,-5.41289098807e-05,-5.41430086584e-05,-5.13543527632e-05,-4.86598231261e-05,7.57519286416e-05,0.371922804521,30227,0.000378465144037,0.000378644649639,0.000371672940673,0.000389394705435,8.67853362089e-05,0.628077195479,50991,8204092,82040,81218,True,7
tomo_sample_2_051_rec,recon_01466.tiff,1466,100,0.5,-0.000653884967614,0.00092829205445,-5.39592628727e-05,-5.39446134432e-05,-5.06088799739e-05,-5.92424522258e-05,7.78820715776e-05,0.369276393273,30017,0.000379497970618,0.000379701957494,0.000372812093701,0.000367020730654,8.65717375363e-05,0.630723606727,51201,8204093,82040,81218,True,7
tomo_sample_2_051_rec,recon_01467.tiff,1467,100,0.5,-0.000646111360693,0.000924623245955,-5.41428351362e-05,-5.42035679577e-05,-5.05475200043e-05,-5.4594489734e-05,7.71121187968e-05,0.368630907313,29952,0.000379230529528,0.000379371975936,0.000372423950466,0.000368847566468,8.63113348233e-05,0.631369092687,51266,8204093,82040,81218,True,7
tomo_sample_2_051_rec,recon_01468.tiff,1468,100,0.5,-0.00067720588675,0.000895858400036,-5.42519093322e-05,-5.43891959478e-05,-5.02508592035e-05,-5.09576810029e-05,7.97091940109e-05,0.369992018223,30052,0.000379338980387,0.000379436463687,0.000372809809051,0.000373054680194,8.53362856093e-05,0.630007981777,51166,8204093,82040,81218,True,7
tomo_sample_2_051_rec,recon_01469.tiff,1469,100,0.5,-0.000625100417237,0.000912095441308,-5.26146227923e-05,-5.25792354244e-05,-4.96226912219e-05,-5.96030049018e-05,7.30292922773e-05,0.369195837324,30012,0.000378425516216,0.00037862912995,0.000372347072698,0.000365035768125,8.64563759774e-05,0.630804162676,51206,8204093,82040,81218,True,8
tomo_sample_2_051_rec,recon_01470.tiff,1470,100,0.5,-0.00068865497713,0.000911770230741,-5.41315531697e-05,-5.42363890928e-05,-5.06705291627e-05,-5.50699414106e-05,7.85464032532e-05,0.368168571101,29909,0.000379131713157,0.000379252651093,0.000372645590687,0.000382831077437,8.58857738817e-05,0.631831428899,51309,8204093,82040,81218,True,7
tomo_sample_2_051_rec,recon_01471.tiff,1471,100,0.5,-0.000663591916964,0.000908145326248,-5.33580348368e-05,-5.34654611323e-05,-5.01855247421e-05,-6.35175242137e-05,7.7399653614e-05,0.373316134031,30325,0.000379074108226,0.000379180690375,0.000372978975065,0.000367216083402,8.48785388353e-05,0.626683865969,50893,8204093,82040,81218,True,7
tomo_sample_2_051_rec,recon_01472.tiff,1472,100,0.5,-0.000648327051604,0.000932574741601,-5.42277777669e-05,-5.43190411787e-05,-5.04233903484e-05,-5.66750753327e-05,7.80365192637e-05,0.368994119057,29976,0.000379227029586,0.000379339931958,0.000372738169972,0.000357424961283,8.53023296177e-05,0.631005880943,51242,8204093,82040,81218,True,7
tomo_sample_2_051_rec,recon_01473.tiff,1473,100,0.5,-0.0006487279461,0.000931095827837,-5.39226895026e-05,-5.4040129821e-05,-4.96223146911e-05,-5.5266926882e-05,7.79252963473e-05,0.365687403644,29703,0.000378761227546,0.000378850784045,0.000372652168153,0.000383931982423,8.55251201557e-05,0.634312596356,51515,8204093,82040,81218,True,7
tomo_sample_2_051_rec,recon_01474.tiff,1474,100,0.5,-0.000627063937136,0.000924893485499,-5.30801298215e-05,-5.30632341952e-05,-4.99950328958e-05,-5.18560077496e-05,7.40647406629e-05,0.371848394212,30221,0.000379202720848,0.000379364081538,0.000373303337255,0.000376413921144,8.53332082975e-05,0.628151605788,50997,8204093,82040,81218,True,7
tomo_sample_2_051_rec,recon_01475.tiff,1475,100,0.5,-0.000629479387717,0.000936686337809,-5.47396106967e-05,-5.47520111824e-05,-5.13509348821e-05,-5.32583716078e-05,7.48942609682e-05,0.366541690396,29788,0.000379345806628,0.000379506746063,0.000372286653146,0.000352169827999,8.72857538831e-05,0.633458309604,51430,8204093,82040,81218,True,6
tomo_sample_2_051_rec,recon_01476.tiff,1476,100,0.5,-0.000632867616951,0.000901564087544,-5.42125774312e-05,-5.42041242335e-05,-5.04646523041e-05,-3.44478400924e-05,7.54021623919e-05,0.366468725918,29782,0.000378441060159,0.000378588775568,0.00037241987593,0.000365284843452,8.38511892669e-05,0.633531274082,51436,8204093,82040,81218,True,7
tomo_sample_2_051_rec,recon_01477.tiff,1477,100,0.5,-0.000594500978477,0.000925959976157,-5.35887708928e-05,-5.35253219303e-05,-5.03803566971e-05,-4.89053741304e-05,7.27188868782e-05,0.368511741224,29958,0.000378388743971,0.000378589421906,0.000371495742002,0.000370109993104,8.61958325636e-05,0.631488258776,51260,8204093,82040,81218,True,7
tomo_sample_2_051_rec,recon_01478.tiff,1478,100,0.5,-0.000624026872101,0.000928125580249,-5.33914088824e-05,-5.34061937246e-05,-5.02930743096e-05,-5.11467979266e-05,7.38437009039e-05,0.367733918029,29882,0.000378091882342,0.000378229814419,0.000372088805307,0.000371742016,8.48182518698e-05,0.632266081971,51336,8204093,82040,81218,True,7
tomo_sample_2_051_rec,recon_01479.tiff,1479,100,0.5,-0.000668754355574,0.000901859407022,-5.38758944688e-05,-5.3976652399e-05,-5.03973496961e-05,-4.98816591699e-05,7.67830264831e-05,0.369694627886,30028,0.000378891505526,0.000378968716356,0.000372543057892,0.000370669399207,8.3501327673e-05,0.630305372114,51190,8204093,82040,81218,True,7
tomo_sample_2_051_rec,recon_01480.tiff,1480,100,0.5,-0.000692871155916,0.00089679141005,-5.47457812559e-05,-5.48526393227e-05,-5.08748962602e-05,-4.6724569969e-05,8.04709474597e-05,0.370082787407,30062,0.000378032637568,0.000378134485777,0.000371989051928,0.000367499302397,8.31627780984e-05,0.629917212593,51156,8204093,82040,81218,True,7
tomo_sample_2_051_rec,recon_01481.tiff,1481,100,0.5,-0.000620730054798,0.000917643985595,-5.26564860519e-05,-5.26551925716e-05,-4.95690255775e-05,-4.0835859462e-05,7.2869679171e-05,0.368839541083,29974,0.000378196231965,0.000378343371028,0.00037220705417,0.000367554512777,8.48758731404e-05,0.631160458917,51244,8204093,82040,81218,True,7
tomo_sample_2_051_rec,recon_01482.tiff,1482,100,0.5,-0.000657126899168,0.000929750391515,-5.45110221723e-05,-5.46282000651e-05,-5.11510224896e-05,-5.76511315151e-05,7.58031547713e-05,0.367516745409,29849,0.000378947659935,0.000379015959239,0.000372473296011,0.000380970356142,8.52942362702e-05,0.632483254591,51369,8204092,82040,81218,True,7
tomo_sample_2_051_rec,recon_01483.tiff,1483,100,0.5,-0.000673259749601,0.000939642385638,-5.41430082733e-05,-5.41982286492e-05,-5.03074734297e-05,-6.0975038024e-05,7.74139621018e-05,0.367642470956,29871,0.00037935676969,0.000379488632601,0.000373080983991,0.000377894289307,8.61146517325e-05,0.632357529044,51347,8204093,82040,81218,True,7
tomo_sample_2_051_rec,recon_01484.tiff,1484,100,0.5,-0.000657263255271,0.00090957239765,-5.49202524926e-05,-5.49279667468e-05,-5.09279434482e-05,-4.29336110407e-05,7.55458648763e-05,0.369039550768,29988,0.00037846240227,0.000378596736132,0.000372379217879,0.000370634022286,8.41429309304e-05,0.630960449232,51230,8204093,82040,81218,True,7
tomo_sample_2_051_rec,recon_01485.tiff,1485,100,0.5,-0.000713229342946,0.000902250492654,-5.64754400199e-05,-5.66386051081e-05,-5.17900953128e-05,-4.08145893676e-05,8.09535953411e-05,0.368407233897,29917,0.000378177814839,0.000378236545783,0.000372218957637,0.000381081148662,8.31979433683e-05,0.631592766103,51301,8204093,82040,81218,True,7
tomo_sample_2_051_rec,recon_01486.tiff,1486,100,0.5,-0.000663924399123,0.000945713911206,-5.51525636312e-05,-5.51783546795e-05,-5.16264772159e-05,-4.76068123805e-05,7.63964867935e-05,0.370414923552,30099,0.000378580898753,0.000378720308036,0.000371902016923,0.000370223382047,8.55610763858e-05,0.629585076448,51119,8204093,82040,81218,True,7
tomo_sample_2_051_rec,recon_01487.tiff,1487,100,0.5,-0.000660045358818,0.000917766004568,-5.55149653294e-05,-5.56158577036e-05,-5.10319550813e-05,-4.80733729265e-05,7.90538489455e-05,0.367119403821,29820,0.000379094497743,0.000379180905708,0.000372702488676,0.000357531999256,8.39464340525e-05,0.632880596179,51398,8204093,82040,81218,True,7
tomo_sample_2_051_rec,recon_01488.tiff,1488,100,0.5,-0.00066997443646,0.000925149854447,-5.48356302259e-05,-5.49100651909e-05,-5.08137309225e-05,-5.39624149255e-05,7.61968586529e-05,0.365917853233,29725,0.000378324162885,0.000378416626001,0.000372111710021,0.000377384520483,8.43093176198e-05,0.634082146767,51493,8204093,82040,81218,True,7
tomo_sample_2_051_rec,recon_01489.tiff,1489,100,0.5,-0.000632575440104,0.00092201146821,-5.52660493904e-05,-5.53183322347e-05,-5.1834686019e-05,-6.10147981855e-05,7.5790724039e-05,0.368714254819,29955,0.000377892693161,0.00037799731153,0.000371746282326,0.000341607611843,8.37206466079e-05,0.631285745181,51263,8204093,82040,81218,True,7
tomo_sample_2_051_rec,recon_01490.tiff,1490,100,0.5,-0.000648768411193,0.000947993254522,-5.42562398271e-05,-5.4311837031e-05,-5.01992508362e-05,-4.37646198655e-05,7.57634542805e-05,0.366472321871,29773,0.000378551384418,0.000378658023733,0.000372147856979,0.000382001033281,8.46169509659e-05,0.633527678129,51445,8204093,82040,81218,True,7
tomo_sample_2_051_rec,recon_01491.tiff,1491,100,0.5,-0.000639060924877,0.000913947980443,-5.46157439056e-05,-5.46765863894e-05,-5.09189521836e-05,-6.18009024159e-05,7.50736258141e-05,0.367990611214,29895,0.000378421258944,0.000378520305222,0.000371969974367,0.00036284138476,8.38809807116e-05,0.632009388786,51323,8204093,82040,81218,True,7
tomo_sample_2_051_rec,recon_01492.tiff,1492,100,0.5,-0.000599472334725,0.000938043273636,-5.44427431452e-05,-5.44764862936e-05,-5.06281594426e-05,-4.79322715047e-05,7.50706559514e-05,0.369915930863,30056,0.00037932879413,0.000379451781592,0.000372948299628,0.000374773215918,8.56963573022e-05,0.630084069137,51162,8204093,82040,81218,True,7
tomo_sample_2_051_rec,recon_01493.tiff,1493,100,0.5,-0.000667022056004,0.000929653861967,-5.51818997899e-05,-5.52849680963e-05,-5.12079895998e-05,-4.29687415378e-05,7.64210106458e-05,0.366398810044,29760,0.000378847368201,0.000378922339509,0.000372485112166,0.000375232293603,8.45706905785e-05,0.633601189956,51458,8204092,82040,81218,True,7
tomo_sample_2_051_rec,recon_01494.tiff,1494,100,0.5,-0.000695251536963,0.000935656197835,-5.5567333685e-05,-5.56646477309e-05,-5.14331622981e-05,-5.45302207246e-05,7.87579005722e-05,0.366093121169,29739,0.000378998169628,0.00037910207283,0.000372474838514,0.000371670008816,8.52166385433e-05,0.633906878831,51479,8204093,82040,81218,True,7
tomo_sample_2_051_rec,recon_01495.tiff,1495,100,0.5,-0.00066290341696,0.000924901813269,-5.50927818699e-05,-5.52375972225e-05,-5.07998302055e-05,-4.57630777665e-05,7.87377919212e-05,0.36904482044,29970,0.000379148982595,0.000379207554337,0.000372879716451,0.000373825939252,8.45388140204e-05,0.63095517956,51248,8204093,82040,81218,True,7
tomo_sample_2_051_rec,recon_01496.tiff,1496,100,0.5,-0.000616936150182,0.000920324077597,-5.45519509365e-05,-5.45979605738e-05,-5.10222307639e-05,-4.51251782465e-05,7.32581623993e-05,0.363763507161,29553,0.000378724850072,0.000378825432572,0.000372235866962,0.000368783936656,8.46386327053e-05,0.636236492839,51665,8204092,82040,81218,True,7
tomo_sample_2_051_rec,recon_01497.tiff,1497,100,0.5,-0.000715866665705,0.000918082067219,-5.57124593393e-05,-5.5790362798e-05,-5.16708278155e-05,-5.6951681635e-05,7.90398532448e-05,0.36765767932,29868,0.00037902486255,0.00037913433716,0.000372131471522,0.000362841516593,8.4509105953e-05,0.63234232068,51350,8204093,82040,81218,True,7
tomo_sample_2_051_rec,recon_01498.tiff,1498,100,0.5,-0.000644270963385,0.000907449329097,-5.50928781533e-05,-5.51485740703e-05,-5.1304599765e-05,-4.50013572536e-05,7.60184661513e-05,0.366595805075,29782,0.000378267756651,0.000378365906601,0.000372253911337,0.00036145255107,8.31194444241e-05,0.633404194925,51436,8204093,82040,81218,True,7
tomo_sample_2_051_rec,recon_01499.tiff,1499,100,0.5,-0.000626357560395,0.000900367619179,-5.46248094611e-05,-5.47006018524e-05,-5.11769103468e-05,-5.836466942e-05,7.44695094026e-05,0.367112894799,29819,0.000377189121093,0.000377256824529,0.000371927511878,0.00037525389113,8.20707875255e-05,0.632887105201,51399,8204093,82040,81218,True,7
tomo_sample_2_051_rec,recon_01500.tiff,1500,100,0.5,-0.000696748910996,0.000870245030965,-5.58542636002e-05,-5.60389663389e-05,-5.10701938765e-05,-4.19348484423e-05,7.98696265644e-05,0.367339737588,29824,0.000377702222745,0.000377719995107,0.000372272523236,0.000372038209172,8.00804279672e-05,0.632660262412,51394,8204093,82040,81218,True,7
tomo_sample_2_051_rec,recon_01501.tiff,1501,100,0.5,-0.000583337508433,0.000914054587192,-5.39937339521e-05,-5.40023963877e-05,-5.12410115334e-05,-4.20625572108e-05,7.0978142854e-05,0.366869122483,29809,0.000378225644178,0.000378336799569,0.000372691283701,0.000373486737995,8.32150328815e-05,0.633130877517,51409,8204092,82040,81218,True,6
tomo_sample_2_051_rec,recon_01502.tiff,1502,100,0.5,-0.000600978186121,0.000922249083524,-5.33694432324e-05,-5.34463780351e-05,-5.0313767133e-05,-5.96272888833e-05,7.24788942911e-05,0.36428506291,29590,0.000378638178612,0.000378711524393,0.000372392358258,0.000362492943726,8.42281024404e-05,0.63571493709,51628,8204093,82040,81218,True,7
tomo_sample_2_051_rec,recon_01503.tiff,1503,100,0.5,-0.000594341218239,0.000896780840703,-5.33485343147e-05,-5.34102443789e-05,-4.96970988024e-05,-3.48202833727e-05,7.2042142712e-05,0.366228411304,29748,0.000378790183755,0.000378856586779,0.000373409944586,0.000386137909243,8.21838900064e-05,0.633771588696,51470,8204093,82040,81218,True,7
tomo_sample_2_051_rec,recon_01504.tiff,1504,100,0.5,-0.000617031692236,0.000904541021737,-5.43360495234e-05,-5.44152673343e-05,-5.09923629579e-05,-4.86448947619e-05,7.36901165145e-05,0.368991278975,29971,0.000378215228641,0.000378280686713,0.000372463837266,0.000373238419797,8.22690060057e-05,0.631008721025,51247,8204093,82040,81218,True,7
tomo_sample_2_051_rec,recon_01505.tiff,1505,100,0.5,-0.000632608019805,0.000897450024204,-5.45404459823e-05,-5.45588938979e-05,-5.10595291416e-05,-4.72937111641e-05,7.3969863689e-05,0.36332657695,29520,0.000378959292749,0.000379064932585,0.000372966605937,0.000370245894395,8.22602178959e-05,0.63667342305,51698,8204093,82040,81218,True,7
tomo_sample_2_051_rec,recon_01506.tiff,1506,100,0.5,-0.000650000715395,0.000901220625092,-5.43958615773e-05,-5.4508573225e-05,-5.04991057824e-05,-5.12058982267e-05,7.63030994778e-05,0.366977367004,29804,0.000379383033958,0.000379438518726,0.000373193775886,0.000352596191391,8.3378510129e-05,0.633022632996,51414,8204093,82040,81218,True,7
tomo_sample_2_051_rec,recon_01507.tiff,1507,100,0.5,-0.000585858084669,0.000907552538847,-5.37424625639e-05,-5.37581077478e-05,-5.08167486259e-05,-5.60080248809e-05,7.05742191193e-05,0.367035810193,29820,0.000378372978514,0.000378466847321,0.000372392591089,0.000365961417454,8.26702725009e-05,0.632964189807,51398,8204093,82040,81218,True,7
tomo_sample_2_051_rec,recon_01508.tiff,1508,100,0.5,-0.000643236282922,0.000908629172191,-5.52320818752e-05,-5.53354409762e-05,-5.12567821715e-05,-4.16310539223e-05,7.47610079599e-05,0.365752371284,29704,0.000378450659794,0.000378496148147,0.000372539187083,0.000358727879758,8.23406101828e-05,0.634247628716,51514,8204093,82040,81218,True,7
tomo_sample_2_051_rec,recon_01509.tiff,1509,100,0.5,-0.000599618174019,0.000895882215409,-5.43978390972e-05,-5.44672778627e-05,-5.12089936819e-05,-5.60379963218e-05,7.174522603e-05,0.370065119076,30059,0.000378268769495,0.000378335373502,0.000372256559785,0.000380597478249,8.30331945249e-05,0.629934880924,51159,8204093,82040,81218,True,7
tomo_sample_2_051_rec,recon_01510.tiff,1510,100,0.5,-0.000605823242804,0.000921264030039,-5.45560032614e-05,-5.46242450725e-05,-5.08503762831e-05,-6.13027843963e-05,7.26805259669e-05,0.365447525515,29685,0.000379404912446,0.000379478604359,0.000372752430849,0.000367977257552,8.46388648149e-05,0.634552474485,51533,8204093,82040,81218,True,7
tomo_sample_2_051_rec,recon_01511.tiff,1511,100,0.5,-0.000573820838181,0.000872266807128,-5.45456895954e-05,-5.46646063489e-05,-5.16761374456e-05,-6.39786496667e-05,7.13191011477e-05,0.364350424912,29586,0.000377199688666,0.000377219223392,0.000371799338609,0.000373156382953,8.08420492437e-05,0.635649575088,51632,8204093,82040,81218,True,7
tomo_sample_2_051_rec,recon_01512.tiff,1512,100,0.5,-0.000586883677461,0.000903759101056,-5.54002153015e-05,-5.54484848207e-05,-5.20342946402e-05,-4.92002008705e-05,7.21952994162e-05,0.369845285371,30045,0.000378351493332,0.00037843836686,0.000372665352188,0.000360262663085,8.34146404501e-05,0.630154714629,51173,8204093,82040,81218,True,7
tomo_sample_2_051_rec,recon_01513.tiff,1513,100,0.5,-0.000613098786853,0.000893662809976,-5.48716408934e-05,-5.4962885621e-05,-5.1158336646e-05,-4.06724063829e-05,7.38302373802e-05,0.36457442018,29610,0.000377897773274,0.000377950080683,0.000372103022528,0.000355029796735,8.25144011464e-05,0.63542557982,51608,8204092,82040,81218,True,7
tomo_sample_2_051_rec,recon_01514.tiff,1514,100,0.5,-0.000639094279031,0.000919459591678,-5.50464460097e-05,-5.5112230522e-05,-5.09045239596e-05,-4.62155540231e-05,7.56849926779e-05,0.364359480903,29599,0.000378751426546,0.000378843367128,0.000372653797967,0.000373072135608,8.39571980868e-05,0.635640519097,51619,8204093,82040,81218,True,7
tomo_sample_2_051_rec,recon_01515.tiff,1515,100,0.5,-0.000612798906513,0.000924493244966,-5.44655133306e-05,-5.4528879235e-05,-5.09475758008e-05,-4.46878738909e-05,7.32794567612e-05,0.362922837227,29481,0.000379253822018,0.000379332960241,0.000373420713004,0.00037292287243,8.40852000153e-05,0.637077162773,51737,8204093,82040,81218,True,7
tomo_sample_2_051_rec,recon_01516.tiff,1516,100,0.5,-0.000614615875238,0.000918112512736,-5.43361312372e-05,-5.43815210825e-05,-5.0655715313e-05,-4.29933232156e-05,7.18187542023e-05,0.366596815979,29781,0.000378653379881,0.000378736394396,0.000372242677258,0.000367400778743,8.37746969502e-05,0.633403184021,51437,8204093,82040,81218,True,7
tomo_sample_2_051_rec,recon_01517.tiff,1517,100,0.5,-0.000639961047855,0.000888420974952,-5.51858325934e-05,-5.52158677264e-05,-5.15863430337e-05,-4.44466911612e-05,7.27093520622e-05,0.368032254376,29899,0.000378103071533,0.000378189434917,0.00037212704774,0.000384867808313,8.21612843385e-05,0.631967745624,51319,8204093,82040,81218,True,7
tomo_sample_2_051_rec,recon_01518.tiff,1518,100,0.5,-0.000614992153423,0.000895276434312,-5.5329822444e-05,-5.53804672478e-05,-5.18905362696e-05,-6.5960561773e-05,7.27122982722e-05,0.365036270381,29653,0.000377783449979,0.000377858637544,0.000371479807654,0.000368966522083,8.26438732169e-05,0.634963729619,51565,8204093,82040,81218,True,7
tomo_sample_2_051_rec,recon_01519.tiff,1519,100,0.5,-0.00056821768987,0.000926619514357,-5.46132864168e-05,-5.45916952514e-05,-5.12420519954e-05,-4.77464972721e-05,7.02496349245e-05,0.36410379232,29588,0.000378644562407,0.000378768285456,0.000372739916202,0.000389073030026,8.3902507088e-05,0.63589620768,51630,8204091,82040,81218,True,7
tomo_sample_2_051_rec,recon_01520.tiff,1520,100,0.5,-0.000632441001653,0.000922386341263,-5.54632301082e-05,-5.55095904332e-05,-5.18310444022e-05,-5.48792622868e-05,7.41284537637e-05,0.369297529675,30001,0.00037857742177,0.000378667232195,0.000372245907784,0.000356540982695,8.3810575354e-05,0.630702470325,51217,8204093,82040,81218,True,7
tomo_sample_2_051_rec,recon_01521.tiff,1521,100,0.5,-0.000650050805416,0.000914378229354,-5.54959782427e-05,-5.55436762398e-05,-5.13015365868e-05,-4.87845368096e-05,7.52612784495e-05,0.365832432953,29719,0.000378549558348,0.000378634576721,0.000372556591174,0.000365448193759,8.23883785161e-05,0.634167567047,51499,8204093,82040,81218,True,7
tomo_sample_2_051_rec,recon_01522.tiff,1522,100,0.5,-0.000594005157182,0.000910158388433,-5.44421701904e-05,-5.44754702518e-05,-5.15718857059e-05,-6.26676940726e-05,7.16632560629e-05,0.366204552629,29751,0.000377776112386,0.000377867572963,0.000372358073946,0.000368271911515,8.25747428117e-05,0.633795447371,51467,8204093,82040,81218,True,7
tomo_sample_2_051_rec,recon_01523.tiff,1523,100,0.5,-0.00065161533741,0.000901816968981,-5.58334380247e-05,-5.59835344609e-05,-5.16670916113e-05,-4.92610710519e-05,7.66959577248e-05,0.36414625253,29569,0.000378377966505,0.000378411518321,0.000372500653611,0.000365273799021,8.27236582515e-05,0.63585374747,51649,8204092,82040,81218,True,7
tomo_sample_2_051_rec,recon_01524.tiff,1524,100,0.5,-0.000662205635745,0.000925370018231,-5.53875150307e-05,-5.55255288645e-05,-5.1247614465e-05,-4.08997298114e-05,7.63103515035e-05,0.365326747741,29667,0.000379143550171,0.000379188350283,0.000373125716578,0.000373109561553,8.45374431942e-05,0.634673252259,51551,8204093,82040,81218,True,7
tomo_sample_2_051_rec,recon_01525.tiff,1525,100,0.5,-0.000638107570994,0.000909208443481,-5.40672068462e-05,-5.41700956398e-05,-5.03974606545e-05,-4.36380519554e-05,7.45067659276e-05,0.36272421298,29460,0.000379119785674,0.000379180565499,0.00037316516682,0.000364916474937,8.42232455612e-05,0.63727578702,51758,8204092,82040,81218,True,7
tomo_sample_2_051_rec,recon_01526.tiff,1526,100,0.5,-0.000639776109019,0.000932497735485,-5.40768578701e-05,-5.41905367478e-05,-5.04872841702e-05,-5.59529946713e-05,7.47839157316e-05,0.367408022268,29841,0.000379295879202,0.000379369120776,0.000372890906874,0.000375501413483,8.5919424367e-05,0.632591977732,51377,8204093,82040,81218,True,7
tomo_sample_2_051_rec,recon_01527.tiff,1527,100,0.5,-0.0006179292858,0.000906938455591,-5.48027350434e-05,-5.48784328257e-05,-5.14722869411e-05,-5.00568734893e-05,7.43889934093e-05,0.366630518873,29782,0.000378874694351,0.000378960702411,0.000372367620002,0.00036835440892,8.44725845094e-05,0.633369481127,51436,8204093,82040,81218,True,7
tomo_sample_2_051_rec,recon_01528.tiff,1528,100,0.5,-0.000677127428935,0.000926409880922,-5.47680744149e-05,-5.4874245807e-05,-5.04617928527e-05,-6.23756922487e-05,7.79391786466e-05,0.362546144078,29448,0.000378783495146,0.000378866727664,0.00037313325447,0.000352690817028,8.39260542742e-05,0.637453855922,51770,8204093,82040,81218,True,7
tomo_sample_2_051_rec,recon_01529.tiff,1529,100,0.5,-0.000627455737849,0.000903562231397,-5.51143919823e-05,-5.52181493359e-05,-5.15859101142e-05,-4.37824529422e-05,7.38127939831e-05,0.364356423145,29592,0.000377695844939,0.000377752803746,0.000371594622266,0.000356928986493,8.33488632398e-05,0.635643576855,51626,8204093,82040,81218,True,7
tomo_sample_2_051_rec,recon_01530.tiff,1530,100,0.5,-0.000669437177421,0.000874215601361,-5.50260062456e-05,-5.52283237842e-05,-5.04371637362e-05,-5.14910141334e-05,7.83279442245e-05,0.367089429621,29803,0.000378382118812,0.000378404397633,0.000372177455574,0.00037065603306,8.39264710558e-05,0.632910570379,51415,8204093,82040,81218,True,7
tomo_sample_2_051_rec,recon_01531.tiff,1531,100,0.5,-0.000627454617934,0.000905849202245,-5.50272423805e-05,-5.51565814815e-05,-5.18585293321e-05,-6.77513164044e-05,7.51370697747e-05,0.363400106578,29513,0.000379000377724,0.000379060522436,0.000372785987565,0.000367050735353,8.47801024382e-05,0.636599893422,51705,8204092,82040,81218,True,7
tomo_sample_2_051_rec,recon_01532.tiff,1532,100,0.5,-0.000661007960443,0.000939878420904,-5.65690241798e-05,-5.67151110571e-05,-5.2172859796e-05,-5.76953385196e-05,7.93156127357e-05,0.361323714244,29346,0.000378462910416,0.000378545646124,0.000371922971681,0.00034899881641,8.64340040773e-05,0.638676285756,51872,8204093,82040,81218,True,7
tomo_sample_2_051_rec,recon_01533.tiff,1533,100,0.5,-0.000637138526072,0.000922457739362,-5.49158460638e-05,-5.49905066291e-05,-5.04464805999e-05,-5.52866630305e-05,7.62456200961e-05,0.365247216007,29673,0.000378382942922,0.000378496128403,0.000371740898117,0.00038393383967,8.60738408488e-05,0.634752783993,51545,8204093,82040,81218,True,7
tomo_sample_2_051_rec,recon_01534.tiff,1534,100,0.5,-0.000625588488765,0.000898831492232,-5.53500840521e-05,-5.54950088532e-05,-5.15001756867e-05,-5.9315943462e-05,7.52957905967e-05,0.366266875691,29744,0.000378009328095,0.000378063916276,0.000371710397303,0.000359708165187,8.52315854046e-05,0.633733124309,51474,8204093,82040,81218,True,7
tomo_sample_2_051_rec,recon_01535.tiff,1535,100,0.5,-0.000644082384242,0.000915752651053,-5.48461168618e-05,-5.49854381302e-05,-5.09717756358e-05,-5.96966141965e-05,7.61880316504e-05,0.363223768937,29499,0.000378136330489,0.000378204844356,0.000371927308151,0.000357757327573,8.56296976073e-05,0.636776231063,51719,8204093,82040,81218,True,7
tomo_sample_2_051_rec,recon_01536.tiff,1536,100,0.5,-0.000619664197729,0.000907662602258,-5.41132848114e-05,-5.41769500765e-05,-5.02582752233e-05,-4.91014661561e-05,7.45061699289e-05,0.366090352414,29740,0.000377759226219,0.000377853674176,0.000371803194867,0.000366166429409,8.41151092498e-05,0.633909647586,51478,8204093,82040,81218,True,7
tomo_sample_2_051_rec,recon_01537.tiff,1537,100,0.5,-0.000628952258267,0.000909919690748,-5.38961374273e-05,-5.40083328887e-05,-5.01331378473e-05,-4.4858266832e-05,7.50880553102e-05,0.367433419843,29844,0.000378021819703,0.00037810206608,0.000371611924493,0.000361291453904,8.56040086092e-05,0.632566580157,51374,8204093,82040,81218,True,7
tomo_sample_2_051_rec,recon_01538.tiff,1538,100,0.5,-0.000591854148661,0.00094409755402,-5.43375930737e-05,-5.43929421174e-05,-5.06844153279e-05,-6.20999441026e-05,7.35046904344e-05,0.366908626537,29811,0.000378886491799,0.000379014788274,0.000372607377358,0.000364177774353,8.74020093773e-05,0.633091373463,51407,8204093,82040,81218,True,7
tomo_sample_2_051_rec,recon_01539.tiff,1539,100,0.5,-0.000615484441514,0.000906249783584,-5.53630442878e-05,-5.54610617957e-05,-5.13049635629e-05,-3.88826759195e-05,7.42769474871e-05,0.365296911461,29671,0.000378092865769,0.000378168756136,0.000372430979041,0.000374289150715,8.55847866937e-05,0.634703088539,51547,8204093,82040,81218,True,7
tomo_sample_2_051_rec,recon_01540.tiff,1540,100,0.5,-0.000666761492612,0.000925223679806,-5.55848653522e-05,-5.5713470118e-05,-5.11151811224e-05,-6.39597884529e-05,7.75569598436e-05,0.365917748822,29721,0.000377828623491,0.000377918772437,0.000371286674635,0.00036501872005,8.65442661927e-05,0.634082251178,51497,8204093,82040,81218,True,7
tomo_sample_2_051_rec,recon_01541.tiff,1541,100,0.5,-0.000642460116651,0.000894910241186,-5.48580849843e-05,-5.49922253608e-05,-5.12653095939e-05,-6.2097235441e-05,7.7279755175e-05,0.367455102857,29844,0.000377824464721,0.000377902653998,0.000371915681171,0.000360185031757,8.42852720755e-05,0.632544897143,51374,8204093,82040,81218,True,7
tomo_sample_2_051_rec,recon_01542.tiff,1542,100,0.5,-0.000632747861673,0.000905632179056,-5.47037216903e-05,-5.47540510748e-05,-5.15747778991e-05,-5.64501014853e-05,7.5697928637e-05,0.365517568508,29701,0.000377620488172,0.000377770298138,0.00037173597957,0.000368534828709,8.63542973066e-05,0.634482431492,51517,8204093,82040,81218,True,7
tomo_sample_2_051_rec,recon_01543.tiff,1543,100,0.5,-0.000645144791633,0.000921850563318,-5.47104450976e-05,-5.48410797835e-05,-5.05126117787e-05,-3.95209672753e-05,7.7013489283e-05,0.365951576937,29725,0.000377665284888,0.000377767101869,0.000371180067305,0.000375321179945,8.72861912879e-05,0.634048423063,51493,8204093,82040,81218,True,7
tomo_sample_2_051_rec,recon_01544.tiff,1544,100,0.5,-0.000658728328126,0.000898481192999,-5.53446972634e-05,-5.55130901219e-05,-5.17512053193e-05,-4.65974616935e-05,7.71982879026e-05,0.364327110551,29586,0.000377452769688,0.000377516408968,0.000371631758753,0.000385263885847,8.61195171938e-05,0.635672889449,51632,8204093,82040,81218,True,7
tomo_sample_2_051_rec,recon_01545.tiff,1545,100,0.5,-0.000635896518361,0.000913715191127,-5.55013910475e-05,-5.56301812261e-05,-5.11423422722e-05,-4.91977570837e-05,7.71373791385e-05,0.367761979288,29873,0.000377391614268,0.000377501176751,0.000370960216969,0.000369748693286,8.74285030895e-05,0.632238020712,51345,8204093,82040,81218,True,7
tomo_sample_2_051_rec,recon_01546.tiff,1546,100,0.5,-0.000654438998899,0.000925996059959,-5.43832753793e-05,-5.44711453199e-05,-5.06631622557e-05,-5.68115528853e-05,7.64510730853e-05,0.36643470106,29772,0.000378249964504,0.000378392532563,0.000371904432541,0.000368383269935,8.83750378507e-05,0.63356529894,51446,8204093,82040,81218,True,6
tomo_sample_2_051_rec,recon_01547.tiff,1547,100,0.5,-0.000607346399338,0.000911150322645,-5.44793533975e-05,-5.44789476339e-05,-5.06048891111e-05,-5.73530159958e-05,7.49056332285e-05,0.366288704826,29771,0.000378553896991,0.000378736851164,0.000372266571503,0.000361333439765,8.7698005292e-05,0.633711295174,51447,8204093,82040,81218,True,7
tomo_sample_2_051_rec,recon_01548.tiff,1548,100,0.5,-0.000660819893237,0.000919916745916,-5.49463986914e-05,-5.50460991452e-05,-5.09210913151e-05,-4.51932087763e-05,7.87348725722e-05,0.364852207238,29644,0.000378251268139,0.000378404610067,0.000371570480638,0.000353555225117,8.85528548386e-05,0.635147792762,51574,8204093,82040,81218,True,7
tomo_sample_2_051_rec,recon_01549.tiff,1549,100,0.5,-0.000654886396369,0.00090403882321,-5.5739440875e-05,-5.59254206262e-05,-5.14574385306e-05,-5.45048981024e-05,7.84003304647e-05,0.363884545483,29551,0.000377750461626,0.000377831872365,0.000371733884094,0.000382262319536,8.78596348587e-05,0.636115454517,51667,8204093,82040,81218,True,7
tomo_sample_2_051_rec,recon_01550.tiff,1550,100,0.5,-0.00068335642427,0.000939738077868,-5.47714956836e-05,-5.4993895321e-05,-4.98105182487e-05,-4.20288131003e-05,8.01060096238e-05,0.364211040045,29577,0.000377969962986,0.000378068076356,0.000371369213099,0.000367235315302,8.91510176204e-05,0.635788959955,51641,8204093,82040,81218,True,8
tomo_sample_2_051_rec,recon_01551.tiff,1551,100,0.5,-0.000718591627083,0.000911406952655,-5.5731240789e-05,-5.60710761279e-05,-5.07907607243e-05,-3.94614002999e-05,8.1837059707e-05,0.36475288028,29603,0.000377785758504,0.000377800091099,0.000371330999769,0.000369336527001,8.7541338626e-05,0.63524711972,51615,8204093,82040,81218,True,7
tomo_sample_2_051_rec,recon_01552.tiff,1552,100,0.5,-0.00066565490386,0.000922441741568,-5.47683550517e-05,-5.48596763812e-05,-5.09389428771e-05,-5.55736725328e-05,7.83532014882e-05,0.364179288604,29592,0.00037740423803,0.000377574504882,0.000371158195776,0.000378192996024,8.90592058167e-05,0.635820711396,51626,8204093,82040,81218,True,8
tomo_sample_2_051_rec,recon_01553.tiff,1553,100,0.5,-0.000653442593757,0.00091008928197,-5.53409789917e-05,-5.5590968537e-05,-5.06098167534e-05,-3.97339028623e-05,7.99585692884e-05,0.365923931961,29710,0.000377603944915,0.00037766736476,0.000371122572687,0.000361578607622,8.78826118905e-05,0.634076068039,51508,8204092,82040,81218,True,7
tomo_sample_2_051_rec,recon_01554.tiff,1554,100,0.5,-0.000657491363527,0.000893343759817,-5.43203776482e-05,-5.45448074132e-05,-5.02070724906e-05,-4.00373704237e-05,7.84389129588e-05,0.363990746018,29555,0.000376873456837,0.000376938411868,0.000370683410438,0.000362383271704,8.68960673435e-05,0.636009253982,51663,8204093,82040,81218,True,8
tomo_sample_2_051_rec,recon_01555.tiff,1555,100,0.5,-0.000674064646882,0.000898869058583,-5.4635363425e-05,-5.48575923079e-05,-5.00688656757e-05,-5.55050125758e-05,8.01719473539e-05,0.365573946217,29685,0.000376980991385,0.000377057203117,0.000370402936824,0.000369609309261,8.68301022501e-05,0.634426053783,51533,8204093,82040,81218,True,7
tomo_sample_2_051_rec,recon_01556.tiff,1556,100,0.5,-0.000624633947446,0.000894666915119,-5.43209953297e-05,-5.44719951531e-05,-5.03359806316e-05,-5.21105065706e-05,7.75160816846e-05,0.364484828579,29605,0.000376578288634,0.000376683862907,0.000369996181689,0.00035999453629,8.70049044701e-05,0.635515171421,51613,8204093,82040,81218,True,7
tomo_sample_2_051_rec,recon_01557.tiff,1557,100,0.5,-0.000640063115861,0.000894356144127,-5.43985674402e-05,-5.45261779426e-05,-5.03172559547e-05,-5.12716837264e-05,7.79640587766e-05,0.36306703741,29494,0.000376315135042,0.000376441372573,0.000370268826373,0.000364800332745,8.69754975029e-05,0.63693296259,51724,8204093,82040,81218,True,8
tomo_sample_2_051_rec,recon_01558.tiff,1558,100,0.5,-0.000630032447807,0.000895289301698,-5.41299238481e-05,-5.42136196579e-05,-5.04577656102e-05,-3.97673108252e-05,7.69245096262e-05,0.365184184261,29673,0.000375470257697,0.000375630711991,0.000369592307834,0.000359291143885,8.72617735654e-05,0.634815815739,51545,8204093,82040,81218,True,8
tomo_sample_2_051_rec,recon_01559.tiff,1559,100,0.5,-0.000668648816354,0.000898831657541,-5.43816886478e-05,-5.45346963788e-05,-5.01968643221e-05,-5.70219339857e-05,7.85162970109e-05,0.364982725295,29647,0.000376262384941,0.000376382353262,0.000370214809664,0.000370940200713,8.71139855636e-05,0.635017274705,51571,8204093,82040,81218,True,8
tomo_sample_2_051_rec,recon_01560.tiff,1560,100,0.5,-0.000636094295187,0.000924713121494,-5.38238080941e-05,-5.39691088888e-05,-4.99249836139e-05,-4.4612099485e-05,7.77586983308e-05,0.3640362244,29573,0.000376713577336,0.000376852683397,0.00037028780207,0.000367963262606,8.88484671905e-05,0.6359637756,51645,8204093,82040,81218,True,7
tomo_sample_2_051_rec,recon_01561.tiff,1561,100,0.5,-0.000625892493117,0.000916026767518,-5.42499006162e-05,-5.42926344176e-05,-4.99912639498e-05,-4.42248339772e-05,7.65878312344e-05,0.363448501416,29539,0.000375918426189,0.000376112988534,0.00036998532596,0.000361233589928,8.8175638789e-05,0.636551498584,51679,8204093,82040,81218,True,8
tomo_sample_2_051_rec,recon_01562.tiff,1562,100,0.5,-0.000591178376635,0.000908914847532,-5.23701234549e-05,-5.2446576063e-05,-4.91484843224e-05,-4.02702639091e-05,7.40439753876e-05,0.361644863499,29388,0.000375842188958,0.000376017128775,0.000370010529878,0.000366808294334,8.86108216664e-05,0.638355136501,51830,8204093,82040,81218,True,7
tomo_sample_2_051_rec,recon_01563.tiff,1563,100,0.5,-0.000599490764725,0.000917645857553,-5.35460840418e-05,-5.35403292816e-05,-4.97384644405e-05,-3.86182486823e-05,7.49796101732e-05,0.363585123424,29557,0.000375845428092,0.00037606940653,0.000369315530406,0.000359040207993,8.84217856922e-05,0.636414876576,51661,8204093,82040,81218,True,8
tomo_sample_2_051_rec,recon_01564.tiff,1564,100,0.5,-0.000592423063063,0.000911834989383,-5.39122520321e-05,-5.40068382425e-05,-5.02739385411e-05,-4.65649516855e-05,7.58205616822e-05,0.362856695805,29484,0.000375802909744,0.000375968990688,0.00036962221202,0.0003472049656,8.86872138823e-05,0.637143304195,51734,8204092,82040,81218,True,8
tomo_sample_2_051_rec,recon_01565.tiff,1565,100,0.5,-0.000623370349931,0.000915478871611,-5.37156354574e-05,-5.38808475491e-05,-4.98713161505e-05,-3.82110151493e-05,7.7725814711e-05,0.363536489499,29531,0.000375786239956,0.000375924619079,0.000369177752873,0.000358945442987,8.8649935372e-05,0.636463510501,51687,8204093,82040,81218,True,8
tomo_sample_2_051_rec,recon_01566.tiff,1566,100,0.5,-0.00060671223473,0.000909580391308,-5.36880450486e-05,-5.37953992155e-05,-4.99220659549e-05,-4.96303298263e-05,7.68279784441e-05,0.365048419342,29659,0.000375309437768,0.000375458537029,0.000369408167899,0.000366739960018,8.70008661226e-05,0.634951580658,51559,8204093,82040,81218,True,8
tomo_sample_2_051_rec,recon_01567.tiff,1567,100,0.5,-0.000641933146107,0.00093584729766,-5.39315385031e-05,-5.39595332867e-05,-5.03009869135e-05,-4.62946361554e-05,7.71728213041e-05,0.3630898509,29515,0.000376363749967,0.00037659252328,0.000369617744582,0.000348723723569,8.94631251825e-05,0.6369101491,51703,8204093,82040,81218,True,8
tomo_sample_2_051_rec,recon_01568.tiff,1568,100,0.5,-0.000590968920151,0.000929230321199,-5.53636527731e-05,-5.54268906765e-05,-5.12133210577e-05,-4.65673193918e-05,7.6971785657e-05,0.363936888212,29578,0.00037566771852,0.000375868988553,0.000369381843484,0.000362851684851,8.91317360757e-05,0.636063111788,51640,8204093,82040,81218,True,8
tomo_sample_2_051_rec,recon_01569.tiff,1569,100,0.5,-0.000605574928341,0.000898395878321,-5.44792045753e-05,-5.46385112589e-05,-5.05292828166e-05,-5.03251904596e-05,7.74442847404e-05,0.361493791006,29364,0.000374742327222,0.000374867282776,0.000369073139154,0.000372840171449,8.7396258053e-05,0.638506208994,51854,8204093,82040,81218,True,8
tomo_sample_2_051_rec,recon_01570.tiff,1570,100,0.5,-0.000632968173886,0.000898588539567,-5.49255653095e-05,-5.51791992709e-05,-5.06308533659e-05,-5.45200715682e-05,7.93898294903e-05,0.362355268378,29421,0.000374957227719,0.000375028506215,0.000368788139895,0.000363462484716,8.68936396758e-05,0.637644731622,51797,8204093,82040,81218,True,8
tomo_sample_2_051_rec,recon_01571.tiff,1571,100,0.5,-0.000650440155878,0.000871634729265,-5.39243707268e-05,-5.41285204103e-05,-5.03656410729e-05,-5.60268446504e-05,7.87832960321e-05,0.36025635816,29257,0.000374380025514,0.000374476007558,0.00036875042133,0.00036790737741,8.56110206354e-05,0.63974364184,51961,8204093,82040,81218,True,8
tomo_sample_2_051_rec,recon_01572.tiff,1572,100,0.5,-0.000648325159273,0.000924694316054,-5.3635530451e-05,-5.37755476754e-05,-4.97317705594e-05,-2.99675770313e-05,7.80152342793e-05,0.363362733389,29521,0.000376166785783,0.00037632493737,0.000369619578123,0.000369004352392,8.92574909108e-05,0.636637266611,51697,8204093,82040,81218,True,8
tomo_sample_2_051_rec,recon_01573.tiff,1573,100,0.5,-0.000600851871422,0.000905442475341,-5.32702094503e-05,-5.32992113256e-05,-5.02297334606e-05,-4.41636344613e-05,7.35498007721e-05,0.361772196351,29405,0.000376488488841,0.00037669228375,0.00037009632797,0.000381599843519,8.93257699069e-05,0.638227803649,51813,8204093,82040,81218,True,7
tomo_sample_2_051_rec,recon_01574.tiff,1574,100,0.5,-0.000623275773833,0.000875059150567,-5.4305500484e-05,-5.44065277085e-05,-5.05847219756e-05,-4.77164498491e-05,7.6304791385e-05,0.362087759725,29418,0.000374926466625,0.000375066342963,0.000369063098333,0.000355357431201,8.67666089057e-05,0.637912240275,51800,8204093,82040,81218,True,8
tomo_sample_2_051_rec,recon_01575.tiff,1575,100,0.5,-0.000637123067863,0.000914487935079,-5.37931908406e-05,-5.38720936874e-05,-4.99356956425e-05,-4.11466609748e-05,7.69237578041e-05,0.36221331154,29436,0.000376046678004,0.000376238949906,0.000370034686057,0.000369917755566,8.90859738661e-05,0.63778668846,51782,8204093,82040,81218,True,8
tomo_sample_2_051_rec,recon_01576.tiff,1576,100,0.5,-0.000684029375552,0.000892640103993,-5.44562357547e-05,-5.47638002704e-05,-4.99836278323e-05,-5.92317429698e-05,8.19544882106e-05,0.36528958403,29653,0.000375872030687,0.000375922972214,0.000370069465134,0.000370170325276,8.65663609414e-05,0.63471041597,51565,8204093,82040,81218,True,8
tomo_sample_2_051_rec,recon_01577.tiff,1577,100,0.5,-0.000648352907738,0.000874626002915,-5.45862674273e-05,-5.4777417047e-05,-5.07941531396e-05,-4.81503406568e-05,7.77501144171e-05,0.362784439112,29464,0.000375140081928,0.000375243702446,0.000369420289644,0.000357429297592,8.71895466973e-05,0.637215560888,51754,8204093,82040,81218,True,8
tomo_sample_2_051_rec,recon_01578.tiff,1578,100,0.5,-0.000648184878228,0.000889947511605,-5.53823597278e-05,-5.55923107268e-05,-5.16770851391e-05,-4.64234710076e-05,7.87787603673e-05,0.366516094151,29764,0.000375845095925,0.00037593550011,0.0003696722124,0.000367599480608,8.78615665213e-05,0.633483905849,51454,8204093,82040,81218,True,8
tomo_sample_2_051_rec,recon_01579.tiff,1579,100,0.5,-0.000701874057995,0.000883102859661,-5.50936932114e-05,-5.53602338141e-05,-5.03142491652e-05,-3.46516528719e-05,8.35918966167e-05,0.3640565564,29562,0.000375771263471,0.000375874210075,0.000369520595996,0.000355501979452,8.72850069612e-05,0.6359434436,51656,8204093,82040,81218,True,8
tomo_sample_2_051_rec,recon_01580.tiff,1580,100,0.5,-0.000627915308578,0.000874246886815,-5.42994330336e-05,-5.46261008369e-05,-4.98891313327e-05,-4.01282947678e-05,7.97050711977e-05,0.359342181991,29167,0.000375101628821,0.000375135745318,0.000369541492546,0.000374578894114,8.69554800696e-05,0.640657818009,52051,8204093,82040,81218,True,8
tomo_sample_2_051_rec,recon_01581.tiff,1581,100,0.5,-0.000681508902926,0.000872202437604,-5.48309008961e-05,-5.51985302558e-05,-5.00586320413e-05,-4.24781174908e-05,8.29359338504e-05,0.367813746747,29850,0.000375151007256,0.000375171301884,0.000369636254618,0.000363424968891,8.60169338911e-05,0.632186253253,51368,8204093,82040,81218,True,8
tomo_sample_2_051_rec,recon_01582.tiff,1582,100,0.5,-0.00063877401728,0.000907328649191,-5.30701912927e-05,-5.3201311352e-05,-4.88736295665e-05,-5.38120103544e-05,7.88608745905e-05,0.362610479142,29461,0.000375596690121,0.000375758307539,0.000369239132851,0.000390686497579,8.78870352281e-05,0.637389520858,51757,8204093,82040,81218,True,8
tomo_sample_2_051_rec,recon_01583.tiff,1583,100,0.5,-0.000653439387679,0.000880431880942,-5.41011353423e-05,-5.42827436265e-05,-5.02888287883e-05,-5.52849632579e-05,7.83120180917e-05,0.36111290153,29330,0.000375738203959,0.000375850239601,0.000369174682419,0.000363356486715,8.76457393764e-05,0.63888709847,51888,8204092,82040,81218,True,8
tomo_sample_2_051_rec,recon_01584.tiff,1584,100,0.5,-0.000670009540045,0.000898584758106,-5.45982571971e-05,-5.48139367093e-05,-5.02652073919e-05,-6.67443517386e-05,8.087564573e-05,0.362883083888,29471,0.00037605347997,0.000376162679558,0.00036996306153,0.000363054315685,8.75122004514e-05,0.637116916112,51747,8204093,82040,81218,True,8
tomo_sample_2_051_rec,recon_01585.tiff,1585,100,0.5,-0.000631394235534,0.000907222659152,-5.47840126019e-05,-5.49411021653e-05,-5.07149234181e-05,-6.80609086174e-05,7.93362396331e-05,0.364263213108,29591,0.000376043355182,0.000376185720204,0.00036976163392,0.000369862883917,8.80378791587e-05,0.635736786892,51627,8204093,82040,81218,True,8
tomo_sample_2_051_rec,recon_01586.tiff,1586,100,0.5,-0.000643337005167,0.000917973220057,-5.48751026459e-05,-5.5066616515e-05,-5.08660723426e-05,-4.74210697924e-05,7.75688537227e-05,0.360893153526,29310,0.000376822095231,0.000376921749978,0.000370488211047,0.000365366107031,8.86539314357e-05,0.639106846474,51908,8204093,82040,81218,True,8
tomo_sample_2_051_rec,recon_01587.tiff,1587,100,0.5,-0.000593351335265,0.000923454523145,-5.2208098179e-05,-5.22273144693e-05,-4.93267616548e-05,-4.61518598409e-05,7.30747614948e-05,0.36205613261,29429,0.000376522286201,0.000376727955509,0.000369954359485,0.000366929364555,8.91419476036e-05,0.63794386739,51789,8204093,82040,81218,True,8
tomo_sample_2_051_rec,recon_01588.tiff,1588,100,0.5,-0.00059086148889,0.000887861722731,-5.27863942441e-05,-5.28187252434e-05,-4.88796176796e-05,-4.37558901699e-05,7.5404888419e-05,0.361790301964,29404,0.000376189854923,0.000376374739846,0.000370128604118,0.000381428466017,8.71108568643e-05,0.638209698036,51814,8204093,82040,81218,True,8
tomo_sample_2_051_rec,recon_01589.tiff,1589,100,0.5,-0.000586367477372,0.000906665889779,-5.31822993515e-05,-5.33117573997e-05,-4.97081491631e-05,-3.67672303408e-05,7.42757263822e-05,0.361747834033,29384,0.000375234440116,0.000375337288643,0.000369549699826,0.000371531732728,8.68833343678e-05,0.638252165967,51834,8204093,82040,81218,True,8
tomo_sample_2_051_rec,recon_01590.tiff,1590,100,0.5,-0.000594982010662,0.000904620001384,-5.40368814007e-05,-5.40987394909e-05,-5.03782812302e-05,-6.13897001918e-05,7.46930852688e-05,0.359556065618,29216,0.000375702266063,0.000375849205676,0.000369606379536,0.000374360401227,8.68536339212e-05,0.640443934382,52002,8204093,82040,81218,True,8
tomo_sample_2_051_rec,recon_01591.tiff,1591,100,0.5,-0.000635149048176,0.000916038381692,-5.37993610552e-05,-5.38551896331e-05,-5.03278242832e-05,-5.13081021872e-05,7.47657282605e-05,0.361078669212,29343,0.000376351368748,0.000376523188779,0.000370087916963,0.000369968949107,8.86913067506e-05,0.638921330788,51875,8204093,82040,81218,True,8
tomo_sample_2_051_rec,recon_01592.tiff,1592,100,0.5,-0.000617223023437,0.000921855062188,-5.39365780302e-05,-5.40334923088e-05,-5.00231017213e-05,-6.28207817689e-05,7.58415594569e-05,0.361494473176,29370,0.00037567392839,0.000375812861995,0.000369191286154,0.000361180065937,8.75183487304e-05,0.638505526824,51848,8204093,82040,81218,True,8
tomo_sample_2_051_rec,recon_01593.tiff,1593,100,0.5,-0.000648660640873,0.000907533839345,-5.44652223115e-05,-5.4644109907e-05,-5.01308713865e-05,-3.83865590222e-05,7.82977978544e-05,0.359872141618,29228,0.000375887314833,0.00037598709144,0.000369909001165,0.000371264573555,8.70008382058e-05,0.640127858382,51990,8204093,82040,81218,True,8
tomo_sample_2_051_rec,recon_01594.tiff,1594,100,0.5,-0.000661664607178,0.000899365056539,-5.5230587303e-05,-5.54318346584e-05,-5.07797758473e-05,-4.82220559206e-05,7.91187527241e-05,0.360955775861,29314,0.000376473805171,0.000376569946269,0.000370210836991,0.000364666482924,8.7894779563e-05,0.639044224139,51904,8204092,82040,81218,True,8
tomo_sample_2_051_rec,recon_01595.tiff,1595,100,0.5,-0.000597118704172,0.00089932914183,-5.3731824356e-05,-5.37845880028e-05,-5.02235343447e-05,-4.21688621599e-05,7.53128909431e-05,0.364717572193,29637,0.00037765738309,0.000377816229199,0.000370985333575,0.000366301750189,8.750209402e-05,0.635282427807,51581,8204093,82040,81218,True,8
tomo_sample_2_051_rec,recon_01596.tiff,1596,100,0.5,-0.000666138739616,0.000914608608291,-5.52006271427e-05,-5.52988695313e-05,-5.14523708262e-05,-5.41018336971e-05,7.84497041728e-05,0.361441519532,29366,0.000376846286667,0.000376988937054,0.000369898873032,0.000358283640542,8.76910200189e-05,0.638558480468,51852,8204093,82040,81218,True,7
tomo_sample_2_051_rec,recon_01597.tiff,1597,100,0.5,-0.00060660480638,0.000903087722836,-5.47672601906e-05,-5.48326840034e-05,-5.14928087796e-05,-6.02183113851e-05,7.41629380053e-05,0.363819964938,29560,0.00037658021043,0.000376711753496,0.000369956731447,0.000362884893986,8.69926494515e-05,0.636180035062,51658,8204093,82040,81218,True,7
tomo_sample_2_051_rec,recon_01598.tiff,1598,100,0.5,-0.000640105098719,0.000899870255089,-5.52110448041e-05,-5.53669892298e-05,-5.16301588505e-05,-5.5619726478e-05,7.67808600151e-05,0.361064414209,29323,0.000376538607923,0.000376610669918,0.00036997476127,0.000383445132514,8.61609876244e-05,0.638935585791,51895,8204093,82040,81218,True,7
tomo_sample_2_051_rec,recon_01599.tiff,1599,100,0.5,-0.00064228150266,0.000908911777078,-5.42176601365e-05,-5.42937373581e-05,-4.99954912812e-05,-4.21957041758e-05,7.6091181151e-05,0.364960970584,29653,0.000377598509699,0.000377739398643,0.000370562891476,0.000356221786925,8.75652505592e-05,0.635039029416,51565,8204093,82040,81218,True,7
tomo_sample_2_051_rec,recon_01600.tiff,1600,100,0.5,-0.00064319041936,0.000896966317669,-5.47530985198e-05,-5.48320588626e-05,-5.07529584866e-05,-4.41637934349e-05,7.60730888944e-05,0.362828037295,29478,0.000377354356674,0.000377481459018,0.000370898516849,0.000375818527667,8.68622988224e-05,0.637171962705,51740,8204093,82040,81218,True,7
tomo_sample_2_051_rec,recon_01601.tiff,1601,100,0.5,-0.000635024575458,0.000891027685429,-5.53337057002e-05,-5.54926273671e-05,-5.16609798069e-05,-5.43996806681e-05,7.6063526734e-05,0.361151791819,29327,0.000377835347474,0.000377883207205,0.000370951282093,0.000373884235528,8.56649988862e-05,0.638848208181,51891,8204093,82040,81218,True,7
tomo_sample_2_051_rec,recon_01602.tiff,1602,100,0.5,-0.000684378315054,0.000904889045632,-5.42144402285e-05,-5.43364849003e-05,-5.0513757742e-05,-4.50710446515e-05,7.72855682884e-05,0.363216720358,29503,0.000377292351395,0.000377389214922,0.000371087662643,0.000377674220882,8.58460099939e-05,0.636783279642,51715,8204093,82040,81218,True,7
tomo_sample_2_051_rec,recon_01603.tiff,1603,100,0.5,-0.000640156691661,0.000893703742186,-5.48182053148e-05,-5.49601537614e-05,-5.05538409925e-05,-5.32788033835e-05,7.71578874021e-05,0.36261682302,29449,0.000377668954424,0.000377732884306,0.000371488044038,0.000369086558764,8.45223352122e-05,0.63738317698,51769,8204092,82040,81218,True,7
tomo_sample_2_051_rec,recon_01604.tiff,1604,100,0.5,-0.000629092106537,0.000917752799869,-5.42922493371e-05,-5.43724757796e-05,-5.06105861859e-05,-4.71878670605e-05,7.55404636352e-05,0.361591150996,29375,0.000376983862898,0.000377089964219,0.000371066387743,0.000353420761282,8.50265995025e-05,0.638408849004,51843,8204093,82040,81218,True,7
tomo_sample_2_051_rec,recon_01605.tiff,1605,100,0.5,-0.000621012325573,0.000903735573229,-5.49439534145e-05,-5.50374558194e-05,-5.11781327077e-05,-4.76758114101e-05,7.45510312318e-05,0.36271838051,29464,0.000377802172331,0.00037789502609,0.000371103786165,0.000376388786444,8.59099031278e-05,0.63728161949,51754,8204093,82040,81218,True,7
tomo_sample_2_051_rec,recon_01606.tiff,1606,100,0.5,-0.000623632434872,0.000907911770337,-5.33765764858e-05,-5.34375120829e-05,-5.04686995555e-05,-4.51214890576e-05,7.31845708514e-05,0.362130082552,29420,0.000378012877189,0.000378118435564,0.000371829068172,0.000357185659198,8.49961840567e-05,0.637869917448,51798,8204093,82040,81218,True,7
tomo_sample_2_051_rec,recon_01607.tiff,1607,100,0.5,-0.000638776029518,0.000930761888449,-5.51058885934e-05,-5.51628161087e-05,-5.05775060446e-05,-4.39978712166e-05,7.67598537326e-05,0.363209025228,29512,0.000378077793639,0.00037821827091,0.000370935798855,0.000359266790489,8.70060704025e-05,0.636790974772,51706,8204093,82040,81218,True,7
tomo_sample_2_051_rec,recon_01608.tiff,1608,100,0.5,-0.000651131094492,0.000916739603563,-5.46772680489e-05,-5.48303415999e-05,-5.08859920956e-05,-5.74716115228e-05,7.64008714879e-05,0.364169194017,29575,0.000379032097022,0.000379102176926,0.000372401118511,0.000379465160428,8.71147120405e-05,0.635830805983,51643,8204093,82040,81218,True,7
tomo_sample_2_051_rec,recon_01609.tiff,1609,100,0.5,-0.000644342914457,0.000919490136148,-5.55158805191e-05,-5.55746318105e-05,-5.11849411851e-05,-5.74964572866e-05,7.54181983726e-05,0.360478646664,29286,0.000379234008432,0.000379339514147,0.000371747097233,0.000356266061875,8.58860823092e-05,0.639521353336,51932,8204093,82040,81218,True,7
tomo_sample_2_051_rec,recon_01610.tiff,1610,100,0.5,-0.000620762717735,0.000899469013384,-5.48853448283e-05,-5.4946600192e-05,-5.13900740771e-05,-5.92788530981e-05,7.37553546358e-05,0.36130107986,29351,0.000378758272144,0.000378850197379,0.000372763461201,0.000367961755299,8.4540722394e-05,0.63869892014,51867,8204093,82040,81218,True,7
tomo_sample_2_051_rec,recon_01611.tiff,1611,100,0.5,-0.000638233906357,0.000922396158567,-5.50952708587e-05,-5.51228875925e-05,-5.17870666954e-05,-6.35182745806e-05,7.40338020773e-05,0.360759388821,29312,0.000378619393864,0.000378733954806,0.000372183130821,0.000387122056183,8.45808048719e-05,0.639240611179,51906,8204093,82040,81218,True,7
tomo_sample_2_051_rec,recon_01612.tiff,1612,100,0.5,-0.000579692522297,0.000937869996706,-5.50594295753e-05,-5.49877508857e-05,-5.24216447957e-05,-5.59392304432e-05,7.03435678336e-05,0.361986915432,29427,0.000378415477342,0.000378601960041,0.000371670525055,0.000357456415739,8.68282886732e-05,0.638013084568,51791,8204093,82040,81218,True,7
tomo_sample_2_051_rec,recon_01613.tiff,1613,100,0.5,-0.00063993789634,0.000925813677022,-5.51323491884e-05,-5.51942452445e-05,-5.17323569511e-05,-5.80337494398e-05,7.30304205343e-05,0.361256452406,29347,0.000378814404946,0.000378903579928,0.00037274879287,0.000387299625581,8.50515918231e-05,0.638743547594,51871,8204092,82040,81218,True,7
tomo_sample_2_051_rec,recon_01614.tiff,1614,100,0.5,-0.000667669220711,0.000894931831572,-5.58286121388e-05,-5.58914580309e-05,-5.15652009199e-05,-4.50041045174e-05,7.71242642198e-05,0.363751823626,29550,0.000378868602837,0.000378961792914,0.000372485883418,0.000366012679416,8.32688455079e-05,0.636248176374,51668,8204093,82040,81218,True,7
tomo_sample_2_051_rec,recon_01615.tiff,1615,100,0.5,-0.000582854655513,0.000888036701945,-5.44910664213e-05,-5.45295170564e-05,-5.1108225307e-05,-6.16488478205e-05,7.14551749517e-05,0.362749634549,29469,0.000378282876108,0.000378364986923,0.000371871166863,0.000374870088561,8.26348650428e-05,0.637250365451,51749,8204093,82040,81218,True,7
tomo_sample_2_051_rec,recon_01616.tiff,1616,100,0.5,-0.000637102967594,0.000899679598224,-5.5257535134e-05,-5.53799095908e-05,-5.11159923917e-05,-4.21933455436e-05,7.59294688567e-05,0.363014098242,29481,0.000378836586686,0.000378887196644,0.000372409645934,0.000368798439308,8.35612773785e-05,0.636985901758,51737,8204093,82040,81218,True,7
tomo_sample_2_051_rec,recon_01617.tiff,1617,100,0.5,-0.000687707056641,0.000920879724727,-5.61646788304e-05,-5.62479889279e-05,-5.18086744705e-05,-4.908301806e-05,7.63929014034e-05,0.363028705021,29488,0.000379487239233,0.000379564496509,0.000372436072212,0.000367349937674,8.46748899029e-05,0.636971294979,51730,8204093,82040,81218,True,7
tomo_sample_2_051_rec,recon_01618.tiff,1618,100,0.5,-0.000652827003505,0.00092369223159,-5.60945572153e-05,-5.62119883684e-05,-5.1607745263e-05,-5.00843072545e-05,7.60473037908e-05,0.363995092399,29561,0.000379968538982,0.000380019249831,0.00037284483551,0.000370669463931,8.45128294945e-05,0.636004907601,51657,8204093,82040,81218,True,7
tomo_sample_2_051_rec,recon_01619.tiff,1619,100,0.5,-0.00067227227235,0.000891559061129,-5.60513682923e-05,-5.61800969072e-05,-5.15829888172e-05,-5.55680956308e-05,7.63748973459e-05,0.360890182947,29306,0.000379995664214,0.00038002819436,0.000373512229999,0.000369854903775,8.26451784566e-05,0.639109817053,51912,8204093,82040,81218,True,7
tomo_sample_2_051_rec,recon_01620.tiff,1620,100,0.5,-0.000630994550011,0.000903883598512,-5.52161889435e-05,-5.52928292171e-05,-5.15656374773e-05,-4.90636289996e-05,7.36341807907e-05,0.359955584342,29236,0.000379521634261,0.000379574167005,0.000373271774151,0.000389955296245,8.24487834151e-05,0.640044415658,51982,8204093,82040,81218,True,7
tomo_sample_2_051_rec,recon_01621.tiff,1621,100,0.5,-0.000668423519237,0.000926721846627,-5.63884577478e-05,-5.64822635645e-05,-5.21170913999e-05,-5.39328368152e-05,7.73600585426e-05,0.363062357211,29488,0.000380624270172,0.000380684513733,0.00037344598968,0.00037604680889,8.38147018621e-05,0.636937642789,51730,8204093,82040,81218,True,7
tomo_sample_2_051_rec,recon_01622.tiff,1622,100,0.5,-0.000624004637648,0.000917763481557,-5.5926418438e-05,-5.59387482722e-05,-5.25258983544e-05,-5.379025767e-05,7.13853199989e-05,0.362789503128,29475,0.000380496201585,0.000380587250092,0.000373291957658,0.000372850836622,8.42882299139e-05,0.637210496872,51743,8204093,82040,81218,True,7
tomo_sample_2_051_rec,recon_01623.tiff,1623,100,0.5,-0.000612442060956,0.000915239993483,-5.51047311022e-05,-5.51295895418e-05,-5.1842576795e-05,-4.36483290501e-05,7.20155306807e-05,0.363274028812,29514,0.000380324960774,0.00038042008146,0.00037345601595,0.000370150895051,8.39587655666e-05,0.636725971188,51704,8204093,82040,81218,True,7
tomo_sample_2_051_rec,recon_01624.tiff,1624,100,0.5,-0.000622749901377,0.000902852076688,-5.61849805637e-05,-5.62386331932e-05,-5.19420773344e-05,-4.27593590798e-05,7.3706128679e-05,0.363265720504,29508,0.000380502208704,0.000380569009337,0.000373577699065,0.000369620126794,8.31500025671e-05,0.636734279496,51710,8204093,82040,81218,True,7
tomo_sample_2_051_rec,recon_01625.tiff,1625,100,0.5,-0.000621952499205,0.000958340363868,-5.56131102851e-05,-5.56712013769e-05,-5.2205990869e-05,-6.25183995226e-05,7.19380053161e-05,0.362108869832,29414,0.00038080269982,0.000380871418149,0.000373809540179,0.00037532859123,8.50079317282e-05,0.637891130168,51804,8204093,82040,81218,True,7
tomo_sample_2_051_rec,recon_01626.tiff,1626,100,0.5,-0.000614635779057,0.000920362703619,-5.57816265375e-05,-5.57963149848e-05,-5.23510916537e-05,-5.62140780939e-05,7.09055510223e-05,0.362958122979,29488,0.00038140053212,0.000381487224047,0.000374130002456,0.000361736916021,8.46325197444e-05,0.637041877021,51730,8204092,82040,81218,True,7
tomo_sample_2_051_rec,recon_01627.tiff,1627,100,0.5,-0.000698152080586,0.000907225930714,-5.54205103165e-05,-5.5544803765e-05,-5.15492538398e-05,-4.70677307605e-05,7.55457293501e-05,0.36579509235,29703,0.000380574168899,0.000380593820411,0.000373790622689,0.000356361825905,8.1512630876e-05,0.63420490765,51515,8204093,82040,81218,True,7
tomo_sample_2_051_rec,recon_01628.tiff,1628,100,0.5,-0.000628881550801,0.000925395633385,-5.72146087543e-05,-5.73130551274e-05,-5.29970056959e-05,-4.82310064128e-05,7.38445277169e-05,0.363726428161,29539,0.000380813399627,0.000380851590675,0.000373532035155,0.000370427761576,8.44034528482e-05,0.636273571839,51679,8204093,82040,81218,True,7
tomo_sample_2_051_rec,recon_01629.tiff,1629,100,0.5,-0.000643777928199,0.000934690629074,-5.664339091e-05,-5.67068608678e-05,-5.21560614288e-05,-4.50257369499e-05,7.56448340487e-05,0.363241833926,29505,0.000381122181582,0.000381185692843,0.000373989576474,0.000371136875639,8.32088701986e-05,0.636758166074,51713,8204093,82040,81218,True,7
tomo_sample_2_051_rec,recon_01630.tiff,1630,100,0.5,-0.000598661615222,0.000944871211541,-5.55999990945e-05,-5.55909234446e-05,-5.19643726875e-05,-4.93980633879e-05,7.01466088023e-05,0.364173711319,29591,0.00038214318994,0.000382252789036,0.000374484661734,0.000369847280443,8.51879026816e-05,0.635826288681,51627,8204093,82040,81218,True,7
tomo_sample_2_051_rec,recon_01631.tiff,1631,100,0.5,-0.000665016975545,0.000903318042692,-5.67594497908e-05,-5.6865970943e-05,-5.27263619006e-05,-5.0304996454e-05,7.51426542559e-05,0.363626087096,29529,0.000380737797078,0.000380764933887,0.000374149851268,0.000363182854774,8.10570782676e-05,0.636373912904,51689,8204093,82040,81218,True,7
tomo_sample_2_051_rec,recon_01632.tiff,1632,100,0.5,-0.000638384702033,0.000902891495207,-5.68502899153e-05,-5.6925224763e-05,-5.27253396285e-05,-4.33130085469e-05,7.41309598019e-05,0.360048729469,29243,0.000381557036284,0.000381603940215,0.000375077361241,0.000387215911977,8.2914748896e-05,0.639951270531,51975,8204093,82040,81218,True,7
tomo_sample_2_051_rec,recon_01633.tiff,1633,100,0.5,-0.000634130556136,0.000908825651277,-5.59093307912e-05,-5.595902014e-05,-5.1608258218e-05,-4.99145500867e-05,7.42309456995e-05,0.362265720601,29426,0.000381148770821,0.000381206560519,0.000374092138372,0.000379701338554,8.1055720807e-05,0.637734279399,51792,8204093,82040,81218,True,6
tomo_sample_2_051_rec,recon_01634.tiff,1634,100,0.5,-0.000706174765946,0.000939546381705,-5.6866947865e-05,-5.69237386836e-05,-5.25927971466e-05,-4.96217660889e-05,7.51317683154e-05,0.364685239681,29623,0.000381761496984,0.000381828059359,0.000374571420252,0.000365273729931,8.33948815712e-05,0.635314760319,51595,8204093,82040,81218,True,7
tomo_sample_2_051_rec,recon_01635.tiff,1635,100,0.5,-0.00064740879694,0.000931336749636,-5.66319526417e-05,-5.6659173289e-05,-5.26594449184e-05,-5.67386186498e-05,7.49677927202e-05,0.36572549879,29711,0.000382670960357,0.000382750684536,0.000375292438548,0.000357828060889,8.31845508323e-05,0.63427450121,51507,8204093,82040,81218,True,6
tomo_sample_2_051_rec,recon_01636.tiff,1636,100,0.5,-0.000705708893947,0.000930517475936,-5.68550960724e-05,-5.70047134916e-05,-5.22672089573e-05,-4.56408642029e-05,7.7587396803e-05,0.364070312559,29561,0.000382416073048,0.000382433130811,0.000375351344701,0.000376392944142,8.32153831451e-05,0.635929687441,51657,8204092,82040,81218,True,7
tomo_sample_2_051_rec,recon_01637.tiff,1637,100,0.5,-0.000637439308921,0.00094885433733,-5.57871605917e-05,-5.57930648747e-05,-5.24135393789e-05,-4.73819685169e-05,7.1203979664e-05,0.362273455724,29433,0.000382807015793,0.000382894003668,0.000375045434339,0.000372291105065,8.42565932286e-05,0.637726544276,51785,8204093,82040,81218,True,7
tomo_sample_2_051_rec,recon_01638.tiff,1638,100,0.5,-0.000652682107175,0.00092667212215,-5.63158482035e-05,-5.63255367722e-05,-5.20894154761e-05,-6.3271265963e-05,7.42089476902e-05,0.362079898027,29418,0.000382604887344,0.00038270016368,0.000375085946871,0.000376298774893,8.36473274091e-05,0.637920101973,51800,8204093,82040,81218,True,7
tomo_sample_2_051_rec,recon_01639.tiff,1639,100,0.5,-0.000734100699192,0.000915240863105,-5.76235222031e-05,-5.77865656662e-05,-5.31830919499e-05,-5.74038105875e-05,7.95768449739e-05,0.362666280644,29445,0.000382928040916,0.000382935421034,0.000375404284569,0.00037701266486,8.21497365882e-05,0.637333719356,51773,8204093,82040,81218,True,6
tomo_sample_2_051_rec,recon_01640.tiff,1640,100,0.5,-0.000678985713166,0.000932919747429,-5.64035908297e-05,-5.64939582082e-05,-5.1727738537e-05,-4.35258763912e-05,7.42071663123e-05,0.363136856192,29492,0.000382787332494,0.000382828249701,0.000374928902602,0.000372480303864,8.41182834473e-05,0.636863143808,51726,8204093,82040,81218,True,7
tomo_sample_2_051_rec,recon_01641.tiff,1641,100,0.5,-0.000682657638681,0.000928892928641,-5.68629829197e-05,-5.6950294859e-05,-5.26598869328e-05,-5.04344697525e-05,7.52905352099e-05,0.362962224205,29478,0.000383160872311,0.000383201551644,0.000375888950657,0.000384969639542,8.29018873901e-05,0.637037775795,51740,8204093,82040,81218,True,7
tomo_sample_2_051_rec,recon_01642.tiff,1642,100,0.5,-0.000622286963044,0.000934089359944,-5.65633868705e-05,-5.65728319236e-05,-5.28625241714e-05,-5.29346745566e-05,7.05994146894e-05,0.363588340765,29538,0.000383280853788,0.00038335503859,0.000375721370801,0.000372107477375,8.34182811228e-05,0.636411659235,51680,8204093,82040,81218,True,7
tomo_sample_2_051_rec,recon_01643.tiff,1643,100,0.5,-0.0006222107957,0.000923281278519,-5.57906036853e-05,-5.58388272271e-05,-5.27584343217e-05,-5.65275120695e-05,6.95349666441e-05,0.361994424519,29403,0.000382433253268,0.000382482073416,0.000375409872504,0.000367960660478,8.28485223366e-05,0.638005575481,51815,8204093,82040,81218,True,7
tomo_sample_2_051_rec,recon_01644.tiff,1644,100,0.5,-0.000623611014162,0.000927048734156,-5.59030327925e-05,-5.59027302493e-05,-5.27507254446e-05,-5.54975598824e-05,7.03833437252e-05,0.362705151653,29468,0.000383192335104,0.000383275425432,0.000375977964723,0.000379856072213,8.27397385749e-05,0.637294848347,51750,8204093,82040,81218,True,7
tomo_sample_2_051_rec,recon_01645.tiff,1645,100,0.5,-0.000600139418384,0.000932568628341,-5.5766991335e-05,-5.5789290734e-05,-5.24951683474e-05,-4.5122561013e-05,6.90358066648e-05,0.364320662214,29596,0.000383615425059,0.000383684423839,0.000376116280677,0.000389074276427,8.47524387752e-05,0.635679337786,51622,8204093,82040,81218,True,7
tomo_sample_2_051_rec,recon_01646.tiff,1646,100,0.5,-0.000654986461159,0.00092604450183,-5.57603550563e-05,-5.57961254881e-05,-5.23954659002e-05,-5.40557143023e-05,7.15240201284e-05,0.360218894587,29261,0.000383861021168,0.000383921288001,0.000376387062715,0.000366156171693,8.33503917123e-05,0.639781105413,51957,8204093,82040,81218,True,7
tomo_sample_2_051_rec,recon_01647.tiff,1647,100,0.5,-0.000672352204565,0.000892102927319,-5.62455923976e-05,-5.63232044337e-05,-5.20998546563e-05,-5.21515395792e-05,7.39260356695e-05,0.36471013932,29619,0.000382308346218,0.000382335659959,0.000375925272238,0.000381466800213,7.99962499258e-05,0.63528986068,51599,8204093,82040,81218,True,6
tomo_sample_2_051_rec,recon_01648.tiff,1648,100,0.5,-0.000649284113315,0.000915707371023,-5.66134593752e-05,-5.67123538483e-05,-5.29337703483e-05,-5.0226203524e-05,7.1785111462e-05,0.362774502656,29459,0.000383293923226,0.000383309247589,0.000376160285668,0.000373262584209,8.23585967956e-05,0.637225497344,51759,8204092,82040,81218,True,7
tomo_sample_2_051_rec,recon_01649.tiff,1649,100,0.5,-0.000665344719018,0.000932804718032,-5.68218929034e-05,-5.68771994091e-05,-5.30644283572e-05,-5.42168248342e-05,7.35676018211e-05,0.362995972112,29485,0.000383470585276,0.000383529283332,0.000376160576707,0.000372264326455,8.30130919785e-05,0.637004027888,51733,8204093,82040,81218,True,7
tomo_sample_2_051_rec,recon_01650.tiff,1650,100,0.5,-0.000680528939993,0.000937425449665,-5.67090015642e-05,-5.67462169788e-05,-5.28961918462e-05,-5.5252588985e-05,7.44369661509e-05,0.366253987553,29752,0.000383922970691,0.000383992289519,0.000376265859813,0.00037373290175,8.29650419117e-05,0.633746012447,51466,8204093,82040,81218,True,7
tomo_sample_2_051_rec,recon_01651.tiff,1651,100,0.5,-0.000681062792719,0.000898032387777,-5.62264415561e-05,-5.62887464565e-05,-5.24210481672e-05,-5.42911790352e-05,7.4694733683e-05,0.364961127691,29642,0.000383100570263,0.000383141379641,0.000376273455913,0.000380507127696,8.0162935043e-05,0.635038872309,51576,8204093,82040,81218,True,6
tomo_sample_2_051_rec,recon_01652.tiff,1652,100,0.5,-0.000672546150745,0.000927723839122,-5.65064251117e-05,-5.65556500192e-05,-5.28795371793e-05,-5.22056974854e-05,7.35754930107e-05,0.363721330091,29544,0.000383525148346,0.000383581231673,0.000376679861802,0.000382139066892,8.21713022138e-05,0.636278669909,51674,8204093,82040,81218,True,7
tomo_sample_2_051_rec,recon_01653.tiff,1653,100,0.5,-0.000660890473227,0.000919987059315,-5.5818324358e-05,-5.58476511922e-05,-5.20304347447e-05,-5.88706390522e-05,7.44533902465e-05,0.360367354996,29275,0.000383309515923,0.00038338255261,0.000376121955924,0.00037107418869,8.14816353182e-05,0.639632645004,51943,8204093,82040,81218,True,6
tomo_sample_2_051_rec,recon_01654.tiff,1654,100,0.5,-0.000716093493102,0.000916042197205,-5.62463698195e-05,-5.63722244287e-05,-5.20784597029e-05,-4.2712660614e-05,7.64006708309e-05,0.362042219136,29397,0.000383020363266,0.000383029497672,0.0003755807993,0.000376010600106,8.12358488793e-05,0.637957780864,51821,8204093,82040,81218,True,6
tomo_sample_2_051_rec,recon_01655.tiff,1655,100,0.5,-0.000663682859158,0.000919122949999,-5.62608813866e-05,-5.63036344905e-05,-5.30297184014e-05,-4.99447938834e-05,7.31030044554e-05,0.362997562127,29486,0.000383077430561,0.000383136312656,0.000375780684408,0.000375326309109,8.13022180285e-05,0.637002437873,51732,8204093,82040,81218,True,7
tomo_sample_2_051_rec,recon_01656.tiff,1656,100,0.5,-0.00067530121305,0.000931812849885,-5.65561801618e-05,-5.66346753533e-05,-5.31761688762e-05,-5.74285771827e-05,7.36558337429e-05,0.363190527448,29497,0.000383462673432,0.000383502265234,0.000375511473976,0.000374559066796,8.2631226957e-05,0.636809472552,51721,8204092,82040,81218,True,7
tomo_sample_2_051_rec,recon_01657.tiff,1657,100,0.5,-0.000687532671145,0.000935790909862,-5.58347585699e-05,-5.59312961876e-05,-5.20383982803e-05,-3.84289923707e-05,7.49866718502e-05,0.365696996591,29698,0.000383634240947,0.00038366277448,0.000376215859433,0.000369150981629,8.13899524813e-05,0.634303003409,51520,8204093,82040,81218,True,6
tomo_sample_2_051_rec,recon_01658.tiff,1658,100,0.5,-0.00065059787099,0.000918851219467,-5.67313325167e-05,-5.67908863637e-05,-5.3112868045e-05,-5.38030231365e-05,7.41066380748e-05,0.361014957064,29323,0.000383151326564,0.000383202669238,0.000376167881768,0.000380764296561,8.10560234692e-05,0.638985042936,51895,8204092,82040,81218,True,7
tomo_sample_2_051_rec,recon_01659.tiff,1659,100,0.5,-0.000693059571204,0.000895351598738,-5.61937362876e-05,-5.62112720595e-05,-5.23033741047e-05,-3.82307983049e-05,7.4230996531e-05,0.365897849237,29726,0.000383177603778,0.000383260328297,0.000376095631509,0.000373251196482,8.08259202524e-05,0.634102150763,51492,8204093,82040,81218,True,7
tomo_sample_2_051_rec,recon_01660.tiff,1660,100,0.5,-0.000678495019092,0.000945889393042,-5.63622320987e-05,-5.63957549073e-05,-5.25719478901e-05,-5.23980141943e-05,7.37721676037e-05,0.36386465495,29559,0.000384130697889,0.00038420650218,0.000376309268177,0.000373471282369,8.40464877927e-05,0.63613534505,51659,8204093,82040,81218,True,7
tomo_sample_2_051_rec,recon_01661.tiff,1661,100,0.5,-0.000735971029208,0.000920187813463,-5.73165287309e-05,-5.74105582864e-05,-5.23001654074e-05,-6.1900925237e-05,7.76242505157e-05,0.363655003099,29533,0.000383978542229,0.000384012359707,0.000376583077013,0.000371854896789,8.16205701543e-05,0.636344996901,51685,8204093,82040,81218,True,6
tomo_sample_2_051_rec,recon_01662.tiff,1662,100,0.5,-0.000698423535214,0.000931917418784,-5.62804312686e-05,-5.62703276153e-05,-5.20293251611e-05,-4.73709564805e-05,7.58593635897e-05,0.363893202633,29567,0.000384410277412,0.000384509624923,0.000376898766262,0.000381341218524,8.22914230672e-05,0.636106797367,51651,8204093,82040,81218,True,6
tomo_sample_2_051_rec,recon_01663.tiff,1663,100,0.5,-0.000648999936238,0.000951077244827,-5.55401872164e-05,-5.56160100387e-05,-5.18985798408e-05,-5.2917489587e-05,7.13582991386e-05,0.358947637294,29152,0.000383718497417,0.000383752436735,0.000376299300115,0.000362603901567,8.31539753339e-05,0.641052362706,52066,8204093,82040,81218,True,7
tomo_sample_2_051_rec,recon_01664.tiff,1664,100,0.5,-0.000637295949855,0.000930722530757,-5.60506374387e-05,-5.60659103723e-05,-5.29308563273e-05,-5.90930152887e-05,7.06123261966e-05,0.36774819278,29875,0.000383764841109,0.000383835638452,0.000376563635655,0.000381662284586,8.17755089282e-05,0.63225180722,51343,8204093,82040,81218,True,7
tomo_sample_2_051_rec,recon_01665.tiff,1665,100,0.5,-0.000628214257304,0.000947296056838,-5.47965496923e-05,-5.48341595473e-05,-5.1841030654e-05,-6.02751142724e-05,7.14614200568e-05,0.364703907056,29626,0.000383496984478,0.000383565119754,0.000375661649741,0.000363156817241,8.30671036757e-05,0.635296092944,51592,8204093,82040,81218,True,6
tomo_sample_2_051_rec,recon_01666.tiff,1666,100,0.5,-0.000701306722767,0.000941581953375,-5.67170130268e-05,-5.67668052509e-05,-5.2300230891e-05,-4.73676400604e-05,7.60802791905e-05,0.360321893572,29268,0.0003836874952,0.000383744171267,0.000376476877136,0.000354733398534,8.09387057983e-05,0.639678106428,51950,8204093,82040,81218,True,6
tomo_sample_2_051_rec,recon_01667.tiff,1667,100,0.5,-0.000689591979899,0.000916583063663,-5.57710745184e-05,-5.59034848661e-05,-5.21701640537e-05,-4.94636405211e-05,7.42015332776e-05,0.363448989385,29510,0.000383713807672,0.000383716280223,0.000376613941626,0.000369384762245,8.08257380685e-05,0.636551010615,51708,8204093,82040,81218,True,7
tomo_sample_2_051_rec,recon_01668.tiff,1668,100,0.5,-0.000624590671796,0.0009286620075,-5.54755086834e-05,-5.54495784104e-05,-5.24798997503e-05,-5.04045279299e-05,6.88934182939e-05,0.364183330626,29591,0.000382714467876,0.000382807892556,0.00037566840183,0.000374076909822,8.14677561317e-05,0.635816669374,51627,8204093,82040,81218,True,7
tomo_sample_2_051_rec,recon_01669.tiff,1669,100,0.5,-0.000620312991377,0.000894236922031,-5.59805156561e-05,-5.598063614e-05,-5.25183513673e-05,-5.41696297798e-05,7.0154607976e-05,0.364788042309,29636,0.000382730701635,0.000382804295767,0.000375907606212,0.000369516682258,8.05109694269e-05,0.635211957691,51582,8204093,82040,81218,True,7
tomo_sample_2_051_rec,recon_01670.tiff,1670,100,0.5,-0.000710379060183,0.000933299526805,-5.66861382313e-05,-5.67768582644e-05,-5.25380692125e-05,-5.44721577095e-05,7.65912724285e-05,0.363708463002,29538,0.000383234215584,0.000383271817837,0.000376072144718,0.000373681993264,8.14220105099e-05,0.636291536998,51680,8204093,82040,81218,True,6
tomo_sample_2_051_rec,recon_01671.tiff,1671,100,0.5,-0.00060487733921,0.000937065836042,-5.54955209191e-05,-5.55395916391e-05,-5.27261272509e-05,-5.69778540187e-05,6.88731734294e-05,0.362801121818,29468,0.000382821766584,0.000382863958164,0.000376074414817,0.000369023507128,8.11647981154e-05,0.637198878182,51750,8204093,82040,81218,True,7
tomo_sample_2_051_rec,recon_01672.tiff,1672,100,0.5,-0.000590355837776,0.000903373484034,-5.50955492391e-05,-5.51254617725e-05,-5.25135037606e-05,-5.79386644869e-05,6.80269463317e-05,0.36209799951,29412,0.000382432711272,0.000382476083109,0.000376389085432,0.000378955586848,7.97929325832e-05,0.63790200049,51806,8204093,82040,81218,True,7
tomo_sample_2_051_rec,recon_01673.tiff,1673,100,0.5,-0.000621606758505,0.000917065435497,-5.50838159472e-05,-5.50797119482e-05,-5.23189937667e-05,-5.80297966962e-05,6.8972755845e-05,0.362050822376,29414,0.00038223232092,0.000382305597561,0.000375961142709,0.000386513004787,8.01525374761e-05,0.637949177624,51804,8204093,82040,81218,True,7
tomo_sample_2_051_rec,recon_01674.tiff,1674,100,0.5,-0.00060954728775,0.000917379117163,-5.48727175401e-05,-5.49265958693e-05,-5.17939133715e-05,-5.30781853487e-05,6.99373010199e-05,0.360111935243,29248,0.000382376625021,0.000382410555075,0.000375530449674,0.000369538518868,7.99101312693e-05,0.639888064757,51970,8204092,82040,81218,True,7
tomo_sample_2_051_rec,recon_01675.tiff,1675,100,0.5,-0.000614497825445,0.000881469580345,-5.49268660173e-05,-5.49805821344e-05,-5.27429237991e-05,-5.07801097177e-05,6.92676561012e-05,0.360955987759,29316,0.00038228801318,0.000382317314234,0.000376372903702,0.000381117392143,7.85978888139e-05,0.639044012241,51902,8204093,82040,81218,True,7
tomo_sample_2_051_rec,recon_01676.tiff,1676,100,0.5,-0.000652130207163,0.000926068969711,-5.53915992007e-05,-5.54650665751e-05,-5.20079120179e-05,-4.92335227023e-05,7.20416957461e-05,0.360035102369,29240,0.000382736981046,0.000382767091119,0.000376126699848,0.000357649310961,8.07218066186e-05,0.639964897631,51978,8204092,82040,81218,True,6
tomo_sample_2_051_rec,recon_01677.tiff,1677,100,0.5,-0.000623557632207,0.00091389404377,-5.56724858489e-05,-5.57197343001e-05,-5.26275034645e-05,-7.1051554776e-05,7.09193398176e-05,0.360262622587,29262,0.000381897957926,0.000381943015338,0.000375922565581,0.000363243375971,8.01329450131e-05,0.639737377413,51956,8204093,82040,81218,True,7
tomo_sample_2_051_rec,recon_01678.tiff,1678,100,0.5,-0.000611242294253,0.000931095134874,-5.47026013453e-05,-5.47221735652e-05,-5.15475876455e-05,-5.55804812476e-05,6.97342088459e-05,0.360932841677,29321,0.000382101816192,0.000382169741711,0.000375498522772,0.000381252586915,8.13335043384e-05,0.639067158323,51897,8204093,82040,81218,True,7
tomo_sample_2_051_rec,recon_01679.tiff,1679,100,0.5,-0.000606043740991,0.000919004411844,-5.35745940178e-05,-5.3649590866e-05,-5.03728369949e-05,-4.62587467148e-05,6.83138652052e-05,0.364422760741,29595,0.000382501367783,0.000382521658248,0.000375673902454,0.000371982747248,8.11119203467e-05,0.635577239259,51623,8204093,82040,81218,True,7
tomo_sample_2_051_rec,recon_01680.tiff,1680,100,0.5,-0.000590504881984,0.000917569579615,-5.41904283294e-05,-5.41566945885e-05,-5.16412947036e-05,-4.20115231938e-05,6.7938338984e-05,0.363857398542,29565,0.000382011665157,0.000382104080519,0.000376025680453,0.000380252908307,8.00702679893e-05,0.636142601458,51653,8204093,82040,81218,True,7
tomo_sample_2_051_rec,recon_01681.tiff,1681,100,0.5,-0.000619299303798,0.000901369026396,-5.46171568536e-05,-5.46441349972e-05,-5.15951905982e-05,-5.48281029856e-05,6.95496073746e-05,0.363544054582,29531,0.000382180170168,0.000382235125095,0.000375752657419,0.000367925784625,8.02941819035e-05,0.636455945418,51687,8204093,82040,81218,True,7
tomo_sample_2_051_rec,recon_01682.tiff,1682,100,0.5,-0.000635483843798,0.000889275499794,-5.46694721159e-05,-5.47310718085e-05,-5.13168160978e-05,-5.3315907856e-05,7.24625621624e-05,0.364036279022,29566,0.000382347527887,0.000382380262394,0.000375880001229,0.00036533872719,7.93093930864e-05,0.635963720978,51652,8204093,82040,81218,True,6
tomo_sample_2_051_rec,recon_01683.tiff,1683,100,0.5,-0.000598151710292,0.000873624329688,-5.39890013468e-05,-5.40127393086e-05,-5.11190191901e-05,-5.11274756537e-05,7.02399807798e-05,0.362790879712,29470,0.000382107306385,0.000382161700167,0.000375647199689,0.000375316767536,7.88211338428e-05,0.637209120288,51748,8204093,82040,81218,True,7
tomo_sample_2_051_rec,recon_01684.tiff,1684,100,0.5,-0.00062858615478,0.000897081443982,-5.44871119062e-05,-5.45828053175e-05,-5.19546156283e-05,-4.61546659295e-05,6.92970789839e-05,0.362252051615,29415,0.000382002193561,0.000382002713003,0.000376023061108,0.000390753751361,7.97837061768e-05,0.637747948385,51803,8204093,82040,81218,True,6
tomo_sample_2_051_rec,recon_01685.tiff,1685,100,0.5,-0.00060209221876,0.00091613388533,-5.52714384783e-05,-5.52871853144e-05,-5.22677491972e-05,-5.22419194951e-05,6.85979728312e-05,0.358537895662,29126,0.000381828876854,0.000381890285656,0.000375563555281,0.000363454280312,8.08634306139e-05,0.641462104338,52092,8204093,82040,81218,True,7
tomo_sample_2_051_rec,recon_01686.tiff,1686,100,0.5,-0.000583523242967,0.000895571384754,-5.58223723615e-05,-5.58090824485e-05,-5.29213484697e-05,-6.13269998372e-05,6.82266321574e-05,0.36282280806,29478,0.000381731088171,0.000381810259071,0.00037536151649,0.000385795057108,8.05512727723e-05,0.63717719194,51740,8204093,82040,81218,True,7
tomo_sample_2_051_rec,recon_01687.tiff,1687,100,0.5,-0.000549933077418,0.000907764486037,-5.40810554909e-05,-5.40727244422e-05,-5.23697272001e-05,-5.18240791286e-05,6.59964055136e-05,0.36129809001,29354,0.000381483378025,0.000381563415183,0.000375080257072,0.0003680678004,8.10859058015e-05,0.63870190999,51864,8204093,82040,81218,True,7
tomo_sample_2_051_rec,recon_01688.tiff,1688,100,0.5,-0.000625700363889,0.000902263186872,-5.40481179023e-05,-5.40561747869e-05,-5.12422520842e-05,-5.57027230538e-05,7.07687596756e-05,0.36347743479,29529,0.00038128128818,0.000381354023125,0.000374999217456,0.000355449248016,8.00999264007e-05,0.63652256521,51689,8204093,82040,81218,True,7
tomo_sample_2_051_rec,recon_01689.tiff,1689,100,0.5,-0.000587519819965,0.000896754477872,-5.51133245826e-05,-5.51372094703e-05,-5.22427562828e-05,-5.43727059507e-05,6.91814321831e-05,0.360295457164,29268,0.000380325059822,0.000380384814065,0.000374497220037,0.000367512186948,7.99012584229e-05,0.639704542836,51950,8204093,82040,81218,True,7
tomo_sample_2_051_rec,recon_01690.tiff,1690,100,0.5,-0.000665213942993,0.000918373899185,-5.5650909403e-05,-5.56723720984e-05,-5.18174638273e-05,-5.27357476798e-05,7.34880902335e-05,0.361094968341,29334,0.000380944818681,0.000381012397422,0.000374360737624,0.000371711976308,8.06593565854e-05,0.638905031659,51884,8204093,82040,81218,True,6
tomo_sample_2_051_rec,recon_01691.tiff,1691,100,0.5,-0.000585954519338,0.000889312050422,-5.40393621466e-05,-5.40495760483e-05,-5.15551691933e-05,-6.00028799885e-05,6.91814698643e-05,0.35986730356,29235,0.000380409673486,0.000380476405408,0.00037407813943,0.000371350203466,7.9570672584e-05,0.64013269644,51983,8204093,82040,81218,True,7
tomo_sample_2_051_rec,recon_01692.tiff,1692,100,0.5,-0.000599521622935,0.000914583454432,-5.42006935404e-05,-5.42239393694e-05,-5.17919124832e-05,-5.74387398623e-05,7.02491834366e-05,0.361786947673,29390,0.000380646467638,0.000380713243534,0.000374649272999,0.000366742593752,8.04447869636e-05,0.638213052327,51828,8204093,82040,81218,True,7
tomo_sample_2_051_rec,recon_01693.tiff,1693,100,0.5,-0.000617447409895,0.000896084596461,-5.51059716136e-05,-5.51517587028e-05,-5.18513043062e-05,-5.61070547241e-05,7.10326155713e-05,0.360836248025,29309,0.000380132959113,0.000380180625122,0.000373816787032,0.000360279580493,8.01910396768e-05,0.639163751975,51909,8204093,82040,81218,True,7
tomo_sample_2_051_rec,recon_01694.tiff,1694,100,0.5,-0.000568717388669,0.000870654580649,-5.385746187e-05,-5.38565510155e-05,-5.18944798387e-05,-4.65638967747e-05,6.78194142838e-05,0.363246277661,29512,0.000379479021923,0.000379561168528,0.000373615184799,0.000377912835328,7.95426662738e-05,0.636753722339,51706,8204093,82040,81218,True,7
tomo_sample_2_051_rec,recon_01695.tiff,1695,100,0.5,-0.000612491502252,0.000882033824164,-5.50391235155e-05,-5.50360839492e-05,-5.23644739587e-05,-5.37660278256e-05,7.1173690731e-05,0.361531518074,29373,0.000380107479711,0.000380190807538,0.000374412309611,0.00037073533152,7.98745013095e-05,0.638468481926,51845,8204093,82040,81218,True,6
tomo_sample_2_051_rec,recon_01696.tiff,1696,100,0.5,-0.000616344326118,0.000883372200187,-5.48050837086e-05,-5.48161206501e-05,-5.22904538229e-05,-5.37119502747e-05,7.15437795903e-05,0.364422210555,29606,0.000379463017438,0.000379539664266,0.000374207244022,0.000376595516014,7.96357770196e-05,0.635577789445,51612,8204093,82040,81218,True,7
tomo_sample_2_051_rec,recon_01697.tiff,1697,100,0.5,-0.000585208154807,0.000888911937072,-5.41201288453e-05,-5.41188361008e-05,-5.13505583513e-05,-4.94183373405e-05,7.06259660975e-05,0.364616793867,29624,0.00037977819923,0.000379866208205,0.000374039431335,0.000375432432046,8.06786746758e-05,0.635383206133,51594,8204093,82040,81218,True,7
tomo_sample_2_051_rec,recon_01698.tiff,1698,100,0.5,-0.000619030570961,0.000881615934195,-5.58840815183e-05,-5.59073927575e-05,-5.30363613507e-05,-5.36786262073e-05,7.2281241694e-05,0.362412826364,29441,0.000379630361501,0.000379698753512,0.00037389760837,0.000356534640953,8.01260413164e-05,0.637587173636,51777,8204093,82040,81218,True,7
tomo_sample_2_051_rec,recon_01699.tiff,1699,100,0.5,-0.000603893069201,0.000882621132769,-5.40661855139e-05,-5.41636079249e-05,-5.14907005709e-05,-4.87846240844e-05,7.07547050196e-05,0.364095772836,29567,0.000379344187977,0.000379365296888,0.000373922899598,0.000358830085301,8.03504125051e-05,0.635904227164,51651,8204093,82040,81218,True,7
tomo_sample_2_051_rec,recon_01700.tiff,1700,100,0.5,-0.000578299275367,0.000905077200441,-5.40971419816e-05,-5.41100347448e-05,-5.10815189045e-05,-5.11535605666e-05,7.04219228913e-05,0.361130424683,29340,0.000378795269704,0.000378883578792,0.000372913695173,0.000367336274297,8.12947583174e-05,0.638869575317,51878,8204093,82040,81218,True,7
tomo_sample_2_051_rec,recon_01701.tiff,1701,100,0.5,-0.000583111952874,0.000863539632992,-5.35667021346e-05,-5.36158686691e-05,-5.05143507326e-05,-4.11746113407e-05,7.05850781009e-05,0.364971793815,29645,0.000378969179491,0.000379020260621,0.000373620627215,0.000375380470157,7.94809666002e-05,0.635028206185,51573,8204093,82040,81218,True,7
tomo_sample_2_051_rec,recon_01702.tiff,1702,100,0.5,-0.000579797960236,0.000869152450468,-5.24410386474e-05,-5.24857345367e-05,-4.95472959301e-05,-6.44522871956e-05,7.04028810486e-05,0.3603747938,29273,0.000378769899094,0.000378828956216,0.000373184884666,0.00036780494317,7.97313004608e-05,0.6396252062,51945,8204093,82040,81218,True,7
tomo_sample_2_051_rec,recon_01703.tiff,1703,100,0.5,-0.000594203479122,0.000889876438305,-5.41249763846e-05,-5.41420008615e-05,-5.12239421369e-05,-4.89972880298e-05,7.12655772159e-05,0.363034083027,29494,0.000379243171357,0.000379329105084,0.000373212213162,0.000359036349813,8.12284258644e-05,0.636965916973,51724,8204093,82040,81218,True,7
tomo_sample_2_051_rec,recon_01704.tiff,1704,100,0.5,-0.000590086705633,0.000894158996234,-5.35977337229e-05,-5.3583847372e-05,-5.02505936311e-05,-6.18130786876e-05,7.25928542216e-05,0.36289337804,29488,0.000379126853296,0.000379240445278,0.000372995607904,0.000365974974762,8.17345272901e-05,0.63710662196,51730,8204093,82040,81218,True,7
tomo_sample_2_051_rec,recon_01705.tiff,1705,100,0.5,-0.000551579660969,0.000867217643536,-5.27088065252e-05,-5.27006423401e-05,-5.02812472405e-05,-4.57343215702e-05,6.83842192474e-05,0.364610190671,29625,0.000377929652777,0.000378025874248,0.000372205249732,0.000371868945742,8.07193097148e-05,0.635389809329,51593,8204093,82040,81218,True,7
tomo_sample_2_051_rec,recon_01706.tiff,1706,100,0.5,-0.000549002975167,0.000864750230976,-5.35416417191e-05,-5.35805913527e-05,-5.128623161e-05,-5.10841923314e-05,6.99876087015e-05,0.363767318803,29551,0.000377838459593,0.000377915390173,0.000372743670596,0.000385319697525,8.06252905584e-05,0.636232681197,51667,8204093,82040,81218,True,7
tomo_sample_2_051_rec,recon_01707.tiff,1707,100,0.5,-0.000574349331728,0.000885918604035,-5.35103050687e-05,-5.35427930811e-05,-5.0986680435e-05,-6.15784876977e-05,7.1059734973e-05,0.358913030266,29158,0.000378803944381,0.000378886925335,0.000373521717847,0.000375994875855,8.18203442792e-05,0.641086969734,52060,8204093,82040,81218,True,7
tomo_sample_2_051_rec,recon_01708.tiff,1708,100,0.5,-0.00059138802113,0.000873928757501,-5.31963402723e-05,-5.32168786265e-05,-5.03435403516e-05,-4.91875601967e-05,7.23830770842e-05,0.361893103897,29403,0.0003781631091,0.000378264389745,0.000372587004676,0.00035818639707,8.14560675699e-05,0.638106896103,51815,8204093,82040,81218,True,7
tomo_sample_2_051_rec,recon_01709.tiff,1709,100,0.5,-0.000564327701577,0.000873689094442,-5.27355290825e-05,-5.27558657667e-05,-5.05068273924e-05,-3.38519368079e-05,7.01316626691e-05,0.363668139399,29547,0.000377424344352,0.000377524226997,0.000371689791791,0.000367812078027,8.18776689948e-05,0.636331860601,51671,8204093,82040,81218,True,7
tomo_sample_2_051_rec,recon_01710.tiff,1710,100,0.5,-0.000627425437269,0.000880907814717,-5.45522403779e-05,-5.46428188132e-05,-5.15357041877e-05,-4.22287804334e-05,7.590255389e-05,0.365865820594,29718,0.000377944437497,0.000378022821589,0.000372189388145,0.000366378081515,8.23852904472e-05,0.634134179406,51500,8204093,82040,81218,True,7
tomo_sample_2_051_rec,recon_01711.tiff,1711,100,0.5,-0.000574928268616,0.000900560578157,-5.27621773894e-05,-5.27483174371e-05,-5.03563351231e-05,-6.38296633984e-05,7.0965962937e-05,0.366201098661,29759,0.000377755081368,0.000377888280909,0.000371859379811,0.000358121056147,8.26727467944e-05,0.633798901339,51459,8204093,82040,81218,True,7
tomo_sample_2_051_rec,recon_01712.tiff,1712,100,0.5,-0.000600178122986,0.000881660126906,-5.30090628493e-05,-5.3069842531e-05,-4.97778783028e-05,-5.91635328115e-05,7.38710030664e-05,0.363357693595,29518,0.000378642650455,0.0003787342507,0.000373049188056,0.00036647580068,8.29416117995e-05,0.636642306405,51700,8204093,82040,81218,True,7
tomo_sample_2_051_rec,recon_01713.tiff,1713,100,0.5,-0.000558961297793,0.00089837684005,-5.36090332159e-05,-5.35920420672e-05,-5.11132966494e-05,-4.88128418278e-05,7.13756082551e-05,0.363206038949,29517,0.000377083081155,0.000377224427569,0.000371218076907,0.000365634099561,8.34177314197e-05,0.636793961051,51701,8204092,82040,81218,True,7
tomo_sample_2_051_rec,recon_01714.tiff,1714,100,0.5,-0.000601215114293,0.000907430895895,-5.27508993162e-05,-5.27969311302e-05,-5.00694532093e-05,-4.99939059579e-05,7.13278737905e-05,0.361553556216,29374,0.000378016579392,0.000378120292761,0.000371585119865,0.000361524830009,8.46979187673e-05,0.638446443784,51844,8204093,82040,81218,True,7
tomo_sample_2_051_rec,recon_01715.tiff,1715,100,0.5,-0.000606234383304,0.000908639853005,-5.3176154025e-05,-5.31624216398e-05,-5.04484232806e-05,-3.53543299241e-05,7.21440617837e-05,0.364874544642,29655,0.000377765656544,0.000377930085608,0.000371721864212,0.000371002560381,8.53083818854e-05,0.635125455358,51563,8204093,82040,81218,True,7
tomo_sample_2_051_rec,recon_01716.tiff,1716,100,0.5,-0.00058081370109,0.000859591285989,-5.30430783594e-05,-5.31241437401e-05,-5.10376321472e-05,-5.91719854421e-05,7.26887814725e-05,0.364458360114,29604,0.00037694238046,0.000377017375623,0.000371638991055,0.000365053078121,8.15497174159e-05,0.635541639886,51614,8204092,82040,81218,True,7
tomo_sample_2_051_rec,recon_01717.tiff,1717,100,0.5,-0.000662510470429,0.000896202484437,-5.29902351327e-05,-5.31143478084e-05,-4.95428103022e-05,-3.83697626597e-05,7.67865672447e-05,0.361581046089,29369,0.000377859924151,0.000377947764167,0.00037188117858,0.000389989898137,8.49699816295e-05,0.638418953911,51849,8204092,82040,81218,True,7
tomo_sample_2_051_rec,recon_01718.tiff,1718,100,0.5,-0.000628383571166,0.000882296875934,-5.27701140091e-05,-5.28955940581e-05,-4.95705462527e-05,-4.61895442641e-05,7.56216384362e-05,0.362664970105,29455,0.000377363262768,0.000377435300748,0.000371655129129,0.000375326189301,8.31722436506e-05,0.637335029895,51763,8204093,82040,81218,True,7
tomo_sample_2_051_rec,recon_01719.tiff,1719,100,0.5,-0.000664299124037,0.000895265016879,-5.43331927956e-05,-5.44583329456e-05,-5.03819683217e-05,-4.64263058662e-05,7.81387881399e-05,0.361470869869,29361,0.000376983735157,0.000377080030574,0.000371217989596,0.000355100683828,8.43808876268e-05,0.638529130131,51857,8204093,82040,81218,True,7
tomo_sample_2_051_rec,recon_01720.tiff,1720,100,0.5,-0.000640371636546,0.000886891390546,-5.27291508505e-05,-5.27880827059e-05,-4.98093868373e-05,-3.7517452628e-05,7.69014946104e-05,0.367215260712,29837,0.000377567317364,0.000377706313681,0.000371717294911,0.000375574328289,8.42871019451e-05,0.632784739288,51381,8204093,82040,81218,True,7
tomo_sample_2_051_rec,recon_01721.tiff,1721,100,0.5,-0.000620654906379,0.000893580275297,-5.34290452867e-05,-5.34831196335e-05,-5.02669536218e-05,-5.28403902673e-05,7.51533556505e-05,0.365006987279,29657,0.000377242955789,0.000377373142027,0.000371591682779,0.000376453207068,8.50047442406e-05,0.634993012721,51561,8204093,82040,81218,True,7
tomo_sample_2_051_rec,recon_01722.tiff,1722,100,0.5,-0.000635453289724,0.000902622976573,-5.34860385272e-05,-5.35938687929e-05,-4.98091521877e-05,-5.55935822333e-05,7.74186811432e-05,0.363459148133,29526,0.000376582612993,0.000376698906767,0.000370528898202,0.000375615224938,8.50641294423e-05,0.636540851867,51692,8204092,82040,81218,True,7
tomo_sample_2_051_rec,recon_01723.tiff,1723,100,0.5,-0.000599435579206,0.000898449456436,-5.46052860059e-05,-5.46763892871e-05,-5.15664778504e-05,-6.84579840565e-05,7.56767901772e-05,0.364278166569,29596,0.000376430169238,0.000376554899163,0.000370615583961,0.000357289950546,8.45528776027e-05,0.635721833431,51622,8204093,82040,81218,True,7
tomo_sample_2_051_rec,recon_01724.tiff,1724,100,0.5,-0.000645889581938,0.000895677778753,-5.2369226079e-05,-5.24192378701e-05,-4.94092255394e-05,-5.38122935051e-05,7.59595642947e-05,0.367168373297,29836,0.000376468752647,0.000376625646997,0.000370596346329,0.000355831204732,8.54896134627e-05,0.632831626703,51382,8204092,82040,81218,True,7
tomo_sample_2_051_rec,recon_01725.tiff,1725,100,0.5,-0.000675540062075,0.000895451464166,-5.40356420248e-05,-5.41747140368e-05,-5.0361837566e-05,-3.16976995514e-05,7.98502132144e-05,0.367234151285,29830,0.000376791186475,0.000376905255666,0.000371076996089,0.000385070132811,8.47725226781e-05,0.632765848715,51388,8204093,82040,81218,True,7
tomo_sample_2_051_rec,recon_01726.tiff,1726,100,0.5,-0.000641012756096,0.000918322057696,-5.33985267772e-05,-5.34254531689e-05,-5.01638642163e-05,-5.95702495254e-05,7.70995082786e-05,0.365614361399,29713,0.000377527929717,0.00037769852162,0.000371134228772,0.000371055157785,8.62413703059e-05,0.634385638601,51505,8204093,82040,81218,True,7
tomo_sample_2_051_rec,recon_01727.tiff,1727,100,0.5,-0.000602507531003,0.000895916357986,-5.34624192461e-05,-5.35771719839e-05,-5.02548846271e-05,-5.24966997179e-05,7.62570362871e-05,0.370534410313,30100,0.000376848840039,0.000376966381772,0.000371020738385,0.000357066605291,8.53707214447e-05,0.629465589687,51118,8204093,82040,81218,True,8
tomo_sample_2_051_rec,recon_01728.tiff,1728,100,0.5,-0.000597630277625,0.000892114626768,-5.22506390515e-05,-5.22593594903e-05,-4.89213052788e-05,-4.96906906841e-05,7.40696316181e-05,0.364934362514,29661,0.000375844489253,0.00037603019462,0.000369833054719,0.000368411858411,8.58905136917e-05,0.635065637486,51557,8204093,82040,81218,True,8
tomo_sample_2_051_rec,recon_01729.tiff,1729,100,0.5,-0.000639654266124,0.00086544390826,-5.27085959429e-05,-5.29038001395e-05,-4.93269435538e-05,-3.66118121321e-05,7.89648257993e-05,0.36564088213,29691,0.00037565080097,0.000375716551529,0.00037022709148,0.000364458529831,8.26858530765e-05,0.63435911787,51527,8204093,82040,81218,True,7
tomo_sample_2_051_rec,recon_01730.tiff,1730,100,0.5,-0.000595875297149,0.000892318996775,-5.27911916658e-05,-5.27552456053e-05,-4.96093452966e-05,-4.47669835497e-05,7.55122957418e-05,0.36569459748,29729,0.000375866679309,0.00037607916579,0.000370515917893,0.000368208838304,8.47639317683e-05,0.63430540252,51489,8204093,82040,81218,True,8
tomo_sample_2_051_rec,recon_01731.tiff,1731,100,0.5,-0.000562395742163,0.000904454083065,-5.22016773426e-05,-5.21960025537e-05,-5.03868541273e-05,-7.19959522313e-05,7.23478986905e-05,0.363752954789,29567,0.00037581638103,0.000376009631876,0.000370367837604,0.000375775587535,8.64379816395e-05,0.636247045211,51651,8204093,82040,81218,True,8
tomo_sample_2_051_rec,recon_01732.tiff,1732,100,0.5,-0.00060705748765,0.000862453113077,-5.22679477575e-05,-5.23317508067e-05,-4.94653213536e-05,-6.02710289366e-05,7.45272896355e-05,0.364767329029,29637,0.000375771580941,0.0003759022369,0.00037069877726,0.000369641802833,8.39361307114e-05,0.635232670971,51581,8204093,82040,81218,True,8
tomo_sample_2_051_rec,recon_01733.tiff,1733,100,0.5,-0.00061220719188,0.000908839725598,-5.35193119094e-05,-5.35705511952e-05,-5.0767481298e-05,-5.0940118548e-05,7.46668775731e-05,0.362574751569,29462,0.000375418968947,0.000375567511429,0.000369783854694,0.000366319499921,8.51698501341e-05,0.637425248431,51756,8204093,82040,81218,True,7
tomo_sample_2_051_rec,recon_01734.tiff,1734,100,0.5,-0.000555115312163,0.000891991298122,-5.27042094851e-05,-5.27732694232e-05,-5.07218028361e-05,-5.07752351359e-05,7.15060385171e-05,0.364258103495,29595,0.00037537771802,0.000375505917354,0.000370058696717,0.000345397236172,8.5748536023e-05,0.635741896505,51623,8204092,82040,81218,True,8
tomo_sample_2_051_rec,recon_01735.tiff,1735,100,0.5,-0.00059434353665,0.000880964506359,-5.22758344094e-05,-5.23737459582e-05,-4.94502692163e-05,-4.39197053671e-05,7.49332706799e-05,0.364902924183,29644,0.000374540134177,0.000374656944034,0.00036910509516,0.000356123171168,8.41524259724e-05,0.635097075817,51574,8204093,82040,81218,True,8
tomo_sample_2_051_rec,recon_01736.tiff,1736,100,0.5,-0.000597134225245,0.000899342572957,-5.27212851917e-05,-5.28446170929e-05,-4.9516420404e-05,-6.53922824301e-05,7.52216062605e-05,0.364899076659,29641,0.000374844223109,0.000374953456634,0.000369360815967,0.000360079383644,8.48095553329e-05,0.635100923341,51577,8204093,82040,81218,True,8
tomo_sample_2_051_rec,recon_01737.tiff,1737,100,0.5,-0.000645880622615,0.000843819071597,-5.41211633215e-05,-5.43595658118e-05,-5.04955169163e-05,-5.11262202307e-05,8.02548430061e-05,0.364870834555,29625,0.000373717147002,0.000373778747241,0.000368822249584,0.000370080109857,8.3031684091e-05,0.635129165445,51593,8204093,82040,81218,True,8
tomo_sample_2_051_rec,recon_01738.tiff,1738,100,0.5,-0.000588215111929,0.000893657909473,-5.12478817467e-05,-5.12803276316e-05,-4.86130975332e-05,-4.38993507031e-05,7.36974435771e-05,0.364851806314,29650,0.000375913557443,0.000376076891681,0.00037069300015,0.000372436808645,8.53195414986e-05,0.635148193686,51568,8204093,82040,81218,True,8
tomo_sample_2_051_rec,recon_01739.tiff,1739,100,0.5,-0.000589773957909,0.000868798385782,-5.29194930587e-05,-5.29399913184e-05,-4.96625907545e-05,-4.54117408923e-05,7.59698164064e-05,0.366149937075,29757,0.000374570434345,0.000374740407442,0.000369741697796,0.000353261297752,8.31572586269e-05,0.633850062925,51461,8204093,82040,81218,True,7
tomo_sample_2_051_rec,recon_01740.tiff,1740,100,0.5,-0.000579108237871,0.000893991453049,-5.12531812613e-05,-5.12070941702e-05,-4.81708593725e-05,-3.67150912384e-05,7.38293414724e-05,0.363431961093,29549,0.000375474093331,0.000375710227932,0.000369520188542,0.000361447525611,8.60725354758e-05,0.636568038907,51669,8204093,82040,81218,True,8
tomo_sample_2_051_rec,recon_01741.tiff,1741,100,0.5,-0.000567503045604,0.00088127096853,-5.22530292652e-05,-5.23010279043e-05,-4.92497656523e-05,-5.92978215436e-05,7.52730241474e-05,0.365948850935,29738,0.000375036104006,0.000375199672256,0.000369467306882,0.000362100338631,8.50604000491e-05,0.634051149065,51480,8204093,82040,81218,True,8
tomo_sample_2_051_rec,recon_01742.tiff,1742,100,0.5,-0.000617285230546,0.000917426641099,-5.25404524702e-05,-5.26997865868e-05,-4.86104581796e-05,-4.26872994034e-05,7.72547141209e-05,0.365896625246,29719,0.00037559695755,0.000375702273164,0.000369234796381,0.00037538775551,8.64238335749e-05,0.634103374754,51499,8204091,82040,81218,True,8
tomo_sample_2_051_rec,recon_01743.tiff,1743,100,0.5,-0.00062787703122,0.000877563947288,-5.2303624847e-05,-5.24134427737e-05,-4.8829260777e-05,-5.79261574021e-05,7.84836915727e-05,0.364895844709,29646,0.000374943372939,0.000375088428964,0.000369197980035,0.000367163350667,8.52975814676e-05,0.635104155291,51572,8204093,82040,81218,True,8
tomo_sample_2_051_rec,recon_01744.tiff,1744,100,0.5,-0.00064376100956,0.000891271108121,-5.30336151094e-05,-5.32062860254e-05,-4.98464287375e-05,-5.1494394009e-05,7.85974268464e-05,0.368040097353,29893,0.000375193872554,0.000375307117348,0.000370055990061,0.000378841557547,8.54235710189e-05,0.631959902647,51325,8204093,82040,81218,True,8
tomo_sample_2_051_rec,recon_01745.tiff,1745,100,0.5,-0.000599304676871,0.00090833519178,-5.33541118297e-05,-5.34250982587e-05,-4.98250374221e-05,-3.6045002977e-05,7.49698678727e-05,0.361878151376,29405,0.000374734359494,0.000374890153636,0.000369330839021,0.000360881613255,8.63685264503e-05,0.638121848624,51813,8204093,82040,81218,True,8
tomo_sample_2_051_rec,recon_01746.tiff,1746,100,0.5,-0.000581076289527,0.000865063813108,-5.3206174513e-05,-5.33765189745e-05,-5.00693568029e-05,-5.12127526325e-05,7.77210897867e-05,0.365445892507,29681,0.000374272839026,0.00037437273069,0.000368569453713,0.000359248153556,8.52192807463e-05,0.634554107493,51537,8204093,82040,81218,True,8
tomo_sample_2_051_rec,recon_01747.tiff,1747,100,0.5,-0.000633641930763,0.000894685748208,-5.38672994391e-05,-5.39960446417e-05,-5.00872265548e-05,-5.90484871522e-05,7.86853821542e-05,0.362921937279,29483,0.000375718311087,0.000375851517443,0.000369612622308,0.000366242009313,8.62827427038e-05,0.637078062721,51735,8204093,82040,81218,True,8
tomo_sample_2_051_rec,recon_01748.tiff,1748,100,0.5,-0.000646363005217,0.00091561038309,-5.33099875256e-05,-5.34363906511e-05,-4.95983149449e-05,-3.49672001689e-05,7.86837066484e-05,0.365000845531,29655,0.000375446252808,0.000375605106416,0.000369205168681,0.000360478256377,8.72602891773e-05,0.634999154469,51563,8204093,82040,81218,True,8
tomo_sample_2_051_rec,recon_01749.tiff,1749,100,0.5,-0.000696197844227,0.000895979649795,-5.49231280306e-05,-5.52523125256e-05,-4.98438530485e-05,-5.18309515046e-05,8.47474007209e-05,0.368274557461,29895,0.000375702352816,0.000375763852879,0.000369724206394,0.000354685468367,8.58840943104e-05,0.631725442539,51323,8204093,82040,81218,True,7
tomo_sample_2_051_rec,recon_01750.tiff,1750,100,0.5,-0.000643223677762,0.000895327973412,-5.41915590394e-05,-5.43911039972e-05,-4.92652361572e-05,-2.77193425973e-05,8.05689605458e-05,0.365310975681,29668,0.000375250952666,0.000375350576031,0.000369194647647,0.000347274092678,8.60137033575e-05,0.634689024319,51550,8204093,82040,81218,True,8
tomo_sample_2_051_rec,recon_01751.tiff,1751,100,0.5,-0.00064858662372,0.000899836786848,-5.31556916149e-05,-5.32974807655e-05,-4.89114554512e-05,-3.39447516406e-05,7.94783309584e-05,0.363351883903,29518,0.000375975320486,0.000376116757201,0.00036994322727,0.000361837749643,8.66538910466e-05,0.636648116097,51700,8204093,82040,81218,True,8
tomo_sample_2_051_rec,recon_01752.tiff,1752,100,0.5,-0.000603386826115,0.000900874808722,-5.34101161213e-05,-5.3583000161e-05,-4.98435074405e-05,-4.46269051071e-05,7.66691542029e-05,0.36556833204,29691,0.000375148838231,0.000375250713536,0.000369062589016,0.000367231029739,8.72654428206e-05,0.63443166796,51527,8204093,82040,81218,True,8
tomo_sample_2_051_rec,recon_01753.tiff,1753,100,0.5,-0.000673625092022,0.000910072762636,-5.42782672237e-05,-5.45384796949e-05,-5.00700443808e-05,-5.53098754728e-05,8.11855788281e-05,0.365960046128,29715,0.000375552794975,0.000375639974101,0.000368984008674,0.000354446561201,8.75052779478e-05,0.634039953872,51503,8204093,82040,81218,True,8
tomo_sample_2_051_rec,recon_01754.tiff,1754,100,0.5,-0.000653738640249,0.000923412920383,-5.51115263941e-05,-5.53124558293e-05,-5.10064655828e-05,-4.57519083897e-05,8.03399668914e-05,0.36445873426,29600,0.000375048982096,0.000375159124633,0.000369222587324,0.000351793768655,8.70267667731e-05,0.63554126574,51618,8204093,82040,81218,True,8
tomo_sample_2_051_rec,recon_01755.tiff,1755,100,0.5,-0.000649170831311,0.000894226305827,-5.35674532201e-05,-5.37262671354e-05,-4.94042560604e-05,-6.07772154077e-05,8.01867428862e-05,0.363363337846,29518,0.000374457957605,0.000374601257051,0.000368278080714,0.000386357685737,8.64741646547e-05,0.636636662154,51700,8204093,82040,81218,True,7
tomo_sample_2_051_rec,recon_01756.tiff,1756,100,0.5,-0.000708980048366,0.000900098609272,-5.43321791372e-05,-5.46195809008e-05,-4.952483323e-05,-4.14781221809e-05,8.37495683727e-05,0.36533595802,29664,0.000376131359607,0.000376231135257,0.000369934699847,0.000362838330157,8.73385198989e-05,0.63466404198,51554,8204093,82040,81218,True,8
tomo_sample_2_051_rec,recon_01757.tiff,1757,100,0.5,-0.000678717999253,0.000907389149943,-5.47957952378e-05,-5.5063266306e-05,-5.02333205077e-05,-5.3097670059e-05,8.36298022184e-05,0.3655467087,29685,0.000376072982527,0.000376193841294,0.000369613844668,0.000366135543496,8.80730250485e-05,0.6344532913,51533,8204093,82040,81218,True,8
tomo_sample_2_051_rec,recon_01758.tiff,1758,100,0.5,-0.000674237977073,0.000914138857624,-5.42270261428e-05,-5.4365460281e-05,-4.95743533975e-05,-4.52609099607e-05,8.1512676557e-05,0.364639149938,29628,0.000375655403697,0.000375841043605,0.000368912777049,0.000361331129459,8.83585194251e-05,0.635360850062,51590,8204093,82040,81218,True,8
tomo_sample_2_051_rec,recon_01759.tiff,1759,100,0.5,-0.000657440958312,0.000902982835833,-5.49942770101e-05,-5.52321263962e-05,-5.08373595949e-05,-4.93392699486e-05,8.14075073925e-05,0.364805012284,29625,0.000374963919213,0.000375069380117,0.000369158718968,0.000371663095831,8.74333715744e-05,0.635194987716,51593,8204093,82040,81218,True,8
tomo_sample_2_051_rec,recon_01760.tiff,1760,100,0.5,-0.00060335259448,0.000896589961776,-5.33333714502e-05,-5.34185471885e-05,-4.98004665133e-05,-4.41793416206e-05,7.61112803626e-05,0.365602763138,29708,0.000375301673566,0.000375471248411,0.000369369910914,0.00036321496658,8.77081333567e-05,0.634397236862,51510,8204093,82040,81218,True,8
tomo_sample_2_051_rec,recon_01761.tiff,1761,100,0.5,-0.000608538474771,0.000884422782692,-5.41522908269e-05,-5.42632322986e-05,-5.04876079503e-05,-5.69554749283e-05,7.6889801642e-05,0.364509797288,29612,0.000375146961892,0.00037527087646,0.000368889057427,0.000358300678136,8.58578028812e-05,0.635490202712,51606,8204093,82040,81218,True,7
tomo_sample_2_051_rec,recon_01762.tiff,1762,100,0.5,-0.00066126157355,0.000898073183198,-5.48642487245e-05,-5.50191523622e-05,-5.10691024829e-05,-5.93453467099e-05,7.99906950886e-05,0.364184028252,29583,0.000375525635624,0.000375653572732,0.000369396060705,0.00036016738917,8.62222592326e-05,0.635815971748,51635,8204093,82040,81218,True,8
tomo_sample_2_051_rec,recon_01763.tiff,1763,100,0.5,-0.000677618705377,0.00089192076819,-5.49797794539e-05,-5.52157237588e-05,-5.0229495173e-05,-5.84346943075e-05,8.22527778101e-05,0.364959485818,29636,0.000375412470598,0.000375503978901,0.000368987530237,0.000356571839159,8.65985660134e-05,0.635040514182,51582,8204093,82040,81218,True,7
tomo_sample_2_051_rec,recon_01764.tiff,1764,100,0.5,-0.000630828790017,0.000920088341227,-5.43608395362e-05,-5.45164869383e-05,-5.05132047692e-05,-4.77258223981e-05,7.80766745083e-05,0.364172260295,29581,0.000375679124534,0.000375798748412,0.000369421177311,0.00035658265421,8.74292717193e-05,0.635827739705,51637,8204093,82040,81218,True,8
tomo_sample_2_051_rec,recon_01765.tiff,1765,100,0.5,-0.000641814805567,0.000911875491147,-5.49773573582e-05,-5.51293212295e-05,-5.03387200297e-05,-4.85171132454e-05,8.07601938304e-05,0.362878573271,29479,0.000375951602426,0.000376094223052,0.000370081426809,0.000379643053928,8.71573426516e-05,0.637121426729,51739,8204093,82040,81218,True,8
tomo_sample_2_051_rec,recon_01766.tiff,1766,100,0.5,-0.000716337290942,0.000915633854165,-5.51955316618e-05,-5.54635162034e-05,-5.04818563059e-05,-5.89839531819e-05,8.44456391458e-05,0.363743191277,29537,0.000376417390582,0.000376524663241,0.000370230554836,0.000367778978446,8.73953064008e-05,0.636256808723,51681,8204092,82040,81218,True,8
tomo_sample_2_051_rec,recon_01767.tiff,1767,100,0.5,-0.000607709386386,0.000883502088254,-5.44704251209e-05,-5.45779529552e-05,-5.09018118464e-05,-4.4074192743e-05,7.70286275797e-05,0.362757131501,29472,0.000374850894482,0.000374991713236,0.000368676119251,0.000368005697164,8.64853894684e-05,0.637242868499,51746,8204093,82040,81218,True,8
tomo_sample_2_051_rec,recon_01768.tiff,1768,100,0.5,-0.000639242584293,0.00091490630497,-5.52079989459e-05,-5.54303169546e-05,-5.08472512593e-05,-5.82876869873e-05,7.9724283694e-05,0.364388720673,29591,0.000375893951269,0.000375988617808,0.000369543209672,0.00038274866789,8.8152894125e-05,0.635611279327,51627,8204093,82040,81218,True,8
tomo_sample_2_051_rec,recon_01769.tiff,1769,100,0.5,-0.000638452294224,0.000927394135506,-5.40407862512e-05,-5.42180219839e-05,-4.99986581417e-05,-4.50156497742e-05,7.92398530468e-05,0.365752654255,29708,0.000375864720673,0.000375986143702,0.000369837900507,0.00036278641574,8.74241544486e-05,0.634247345745,51510,8204093,82040,81218,True,8
tomo_sample_2_051_rec,recon_01770.tiff,1770,100,0.5,-0.000629989578156,0.000907727220037,-5.43696554175e-05,-5.4473266129e-05,-5.04852396261e-05,-4.78434532314e-05,7.79299192502e-05,0.367526106993,29861,0.000375963152391,0.000376117784954,0.000369848770788,0.000377008867825,8.76544892132e-05,0.632473893007,51357,8204093,82040,81218,True,7
tomo_sample_2_051_rec,recon_01771.tiff,1771,100,0.5,-0.000652304072573,0.000921380169166,-5.50690269863e-05,-5.51952573578e-05,-5.11243233632e-05,-7.4802406917e-05,7.92090665463e-05,0.364396730828,29605,0.000375466863257,0.000375617899184,0.00036901619751,0.000375405430686,8.8025927494e-05,0.635603269172,51613,8204092,82040,81218,True,7
tomo_sample_2_051_rec,recon_01772.tiff,1772,100,0.5,-0.000643966364441,0.000873775189102,-5.52405386968e-05,-5.54864448854e-05,-5.12176811753e-05,-5.51076645075e-05,8.03910995583e-05,0.365646238693,29687,0.000376047061886,0.000376104563129,0.000370835739886,0.000373466009649,8.49453848929e-05,0.634353761307,51531,8204093,82040,81218,True,8
tomo_sample_2_051_rec,recon_01773.tiff,1773,100,0.5,-0.00065122625092,0.000912838782242,-5.48149626028e-05,-5.49558251274e-05,-5.06593823957e-05,-4.73304831659e-05,8.03906772797e-05,0.365370407182,29685,0.000375660928513,0.000375828497325,0.000369259068975,0.000377820509433,8.84787740151e-05,0.634629592818,51533,8204093,82040,81218,True,8
tomo_sample_2_051_rec,recon_01774.tiff,1774,100,0.5,-0.00067534434027,0.00090866344166,-5.51435669283e-05,-5.5328348517e-05,-5.05568714289e-05,-5.45614695652e-05,8.18728040519e-05,0.364108908362,29575,0.000376078045873,0.000376207269426,0.000369992718333,0.000373784123002,8.67781961212e-05,0.635891091638,51643,8204093,82040,81218,True,7
tomo_sample_2_051_rec,recon_01775.tiff,1775,100,0.5,-0.000632797237777,0.000909408956359,-5.49036631441e-05,-5.50375712331e-05,-5.01835093019e-05,-6.24531078883e-05,8.03092997826e-05,0.365267385401,29676,0.000375282927755,0.000375441099162,0.000369442015653,0.00036153180149,8.74173393845e-05,0.634732614599,51542,8204093,82040,81218,True,8
tomo_sample_2_051_rec,recon_01776.tiff,1776,100,0.5,-0.000652198933822,0.000907708382292,-5.37723784505e-05,-5.39024493895e-05,-5.0069153076e-05,-5.49461706404e-05,7.82669551954e-05,0.36276831092,29470,0.000376544285211,0.000376673935365,0.000370423600543,0.000369586595219,8.69200801482e-05,0.63723168908,51748,8204093,82040,81218,True,7
tomo_sample_2_051_rec,recon_01777.tiff,1777,100,0.5,-0.000640146432852,0.000937259019993,-5.50028724773e-05,-5.51537244313e-05,-5.06210599269e-05,-4.59414219449e-05,7.9551318534e-05,0.365420106527,29687,0.000376062449574,0.000376218868107,0.00036944943713,0.000350922089786,8.93875085201e-05,0.634579893473,51531,8204092,82040,81218,True,8
tomo_sample_2_051_rec,recon_01778.tiff,1778,100,0.5,-0.000617306563363,0.000917913102312,-5.42864922486e-05,-5.44310225648e-05,-5.05082934978e-05,-3.21293060619e-05,7.72378851144e-05,0.365780816459,29713,0.000375537871496,0.000375663090751,0.000369583198335,0.000362967377187,8.74829812094e-05,0.634219183541,51505,8204093,82040,81218,True,8
tomo_sample_2_051_rec,recon_01779.tiff,1779,100,0.5,-0.000677741475229,0.000911385826766,-5.5206466224e-05,-5.53903506111e-05,-5.04564050061e-05,-5.2628962225e-05,8.19089511018e-05,0.364635030822,29617,0.000376088420286,0.000376211281774,0.000369636341929,0.000360896292739,8.68192078965e-05,0.635364969178,51601,8204093,82040,81218,True,7
tomo_sample_2_051_rec,recon_01780.tiff,1780,100,0.5,-0.000644321280124,0.000894431974448,-5.45390644821e-05,-5.47769471221e-05,-5.01560043631e-05,-3.90633852177e-05,8.07211924994e-05,0.36766631269,29854,0.000375360023948,0.000375438673507,0.000369030269212,0.000367234210392,8.61643131272e-05,0.63233368731,51364,8204093,82040,81218,True,7
tomo_sample_2_051_rec,recon_01781.tiff,1781,100,0.5,-0.000640645367675,0.000894909758354,-5.488230473e-05,-5.49873721e-05,-5.00783680764e-05,-4.11116259609e-05,7.99101071177e-05,0.364931692195,29649,0.000376073976728,0.000376217767534,0.000369921152014,0.000365791038724,8.6007990459e-05,0.635068307805,51569,8204093,82040,81218,True,7
tomo_sample_2_051_rec,recon_01782.tiff,1782,100,0.5,-0.00067062932183,0.000879702763632,-5.53240259075e-05,-5.55222562387e-05,-5.02445163875e-05,-4.01467319629e-05,8.12577971208e-05,0.363958627298,29558,0.000375187418626,0.000375284240208,0.000369388071704,0.000350057826395,8.5694143921e-05,0.636041372702,51660,8204093,82040,81218,True,7
tomo_sample_2_051_rec,recon_01783.tiff,1783,100,0.5,-0.000636245578644,0.000924861466046,-5.45071902001e-05,-5.45409019013e-05,-5.08671655552e-05,-4.32335388661e-05,7.65001813393e-05,0.36456003207,29629,0.000376809479507,0.000376997419146,0.000370855967049,0.000373543626254,8.81659794046e-05,0.63543996793,51589,8204093,82040,81218,True,7
tomo_sample_2_051_rec,recon_01784.tiff,1784,100,0.5,-0.000618063445436,0.000914344790799,-5.43332953682e-05,-5.44129908385e-05,-4.99099933222e-05,-5.65861633379e-05,7.67159335528e-05,0.362554494526,29458,0.000376323374393,0.00037646898256,0.000370121386368,0.000350022002302,8.70010017284e-05,0.637445505474,51760,8204093,82040,81218,True,7
tomo_sample_2_051_rec,recon_01785.tiff,1785,100,0.5,-0.000656474626157,0.000908724600158,-5.46966674696e-05,-5.48823134328e-05,-5.05031384819e-05,-5.14886717061e-05,8.05603199165e-05,0.367828763782,29875,0.000375735573394,0.000375849325176,0.000369652407244,0.000356884169129,8.63881700965e-05,0.632171236218,51343,8204093,82040,81218,True,8
tomo_sample_2_051_rec,recon_01786.tiff,1786,100,0.5,-0.000695051728981,0.000888446985045,-5.44759955234e-05,-5.47582789034e-05,-4.96522479807e-05,-5.43680148992e-05,8.21140938846e-05,0.366739191732,29772,0.000375967835321,0.000376015532431,0.000370163586922,0.000359348345992,8.57716797543e-05,0.633260808268,51446,8204093,82040,81218,True,7
tomo_sample_2_051_rec,recon_01787.tiff,1787,100,0.5,-0.000671594680462,0.000892478703172,-5.47214300246e-05,-5.50281527143e-05,-5.01084923599e-05,-4.24295178311e-05,8.1864477817e-05,0.365340534723,29654,0.000375981524597,0.00037600566732,0.000370397479855,0.000352376747371,8.44983434731e-05,0.634659465277,51564,8204093,82040,81218,True,7
tomo_sample_2_051_rec,recon_01788.tiff,1788,100,0.5,-0.000662048923841,0.00090064195625,-5.39111346232e-05,-5.41491563497e-05,-4.96181419294e-05,-4.92288050919e-05,8.08815349083e-05,0.366273939702,29741,0.000375839818028,0.000375918589474,0.000369772780687,0.000364763995888,8.61678718988e-05,0.633726060298,51477,8204093,82040,81218,True,7
tomo_sample_2_051_rec,recon_01789.tiff,1789,100,0.5,-0.000646896538674,0.000874317797425,-5.44761935544e-05,-5.47264982514e-05,-5.02281327499e-05,-4.50378957382e-05,7.90164635518e-05,0.366910819511,29787,0.000374691623243,0.000374730089991,0.000369640823919,0.000363509340921,8.44149245037e-05,0.633089180489,51431,8204093,82040,81218,True,7
tomo_sample_2_051_rec,recon_01790.tiff,1790,100,0.5,-0.000624077072134,0.000893132025376,-5.50220371098e-05,-5.51235388311e-05,-5.1051745686e-05,-4.44395945419e-05,7.84554323238e-05,0.368015811711,29899,0.000375182406805,0.000375321112088,0.000370049849153,0.000355451534453,8.56962407511e-05,0.631984188289,51319,8204093,82040,81218,True,7
tomo_sample_2_051_rec,recon_01791.tiff,1791,100,0.5,-0.000651146589662,0.000900208328094,-5.43015292323e-05,-5.44704545455e-05,-5.00513251609e-05,-4.57864182565e-05,7.90419235183e-05,0.368171973676,29902,0.000376249202249,0.000376346030049,0.00036984491453,0.000361445775798,8.58880131052e-05,0.631828026324,51316,8204093,82040,81218,True,7
tomo_sample_2_051_rec,recon_01792.tiff,1792,100,0.5,-0.000638487201359,0.000935495802551,-5.54239230296e-05,-5.55806998771e-05,-5.10603458679e-05,-3.62958594451e-05,7.95876162108e-05,0.363721351331,29544,0.00037649576909,0.000376612814491,0.000370316309272,0.000352519794013,8.70944956809e-05,0.636278648669,51674,8204093,82040,81218,True,7
tomo_sample_2_051_rec,recon_01793.tiff,1793,100,0.5,-0.000659648655273,0.000905052579183,-5.51941590574e-05,-5.53202840853e-05,-5.06971846335e-05,-4.97973240238e-05,8.11513341066e-05,0.364396389708,29604,0.000376987845158,0.00037713097456,0.000370658817701,0.000373455850193,8.65433076065e-05,0.635603610292,51614,8204093,82040,81218,True,7
tomo_sample_2_051_rec,recon_01794.tiff,1794,100,0.5,-0.000665191178268,0.000936318115273,-5.59507197226e-05,-5.61514206327e-05,-5.15793399245e-05,-6.50428880827e-05,8.08880071824e-05,0.366231278478,29743,0.000376568184452,0.000376670943813,0.000370255322196,0.000357056126244,8.72390510335e-05,0.633768721522,51475,8204093,82040,81218,True,7
tomo_sample_2_051_rec,recon_01795.tiff,1795,100,0.5,-0.000667855126085,0.000890391495195,-5.55525726209e-05,-5.58457643536e-05,-5.0834245485e-05,-5.0484249683e-05,8.14491179408e-05,0.36538219732,29658,0.000376488549916,0.000376509625822,0.000370591427782,0.000371605958785,8.49668386408e-05,0.63461780268,51560,8204093,82040,81218,True,7
tomo_sample_2_051_rec,recon_01796.tiff,1796,100,0.5,-0.000646174832946,0.000913002409798,-5.48188354816e-05,-5.49988918832e-05,-5.09139390488e-05,-5.25182487988e-05,8.02064726186e-05,0.366814011795,29793,0.000376761457083,0.000376875000725,0.000370191468392,0.000360361436947,8.72868670326e-05,0.633185988205,51425,8204093,82040,81218,True,7
tomo_sample_2_051_rec,recon_01797.tiff,1797,100,0.5,-0.000704942846787,0.000904186420375,-5.52952917569e-05,-5.55867159956e-05,-5.09816782142e-05,-5.32497414846e-05,8.24499016233e-05,0.366889216249,29783,0.000377216758931,0.000377259301737,0.000370964087779,0.000364547521665,8.62644935727e-05,0.633110783751,51435,8204093,82040,81218,True,7
tomo_sample_2_051_rec,recon_01798.tiff,1798,100,0.5,-0.000588009477651,0.000915205477504,-5.41117615455e-05,-5.40493314286e-05,-5.0450418712e-05,-5.19355873088e-05,7.42385110539e-05,0.3659324138,29754,0.000377665612472,0.000377912267937,0.00037168887502,0.000366031623991,8.85410410278e-05,0.6340675862,51464,8204093,82040,81218,True,8
tomo_sample_2_051_rec,recon_01799.tiff,1799,100,0.5,-0.000676100955752,0.000883087165712,-5.57055945992e-05,-5.59985309991e-05,-5.07351105625e-05,-3.51168892523e-05,8.24392180326e-05,0.368302460053,29895,0.000375775475124,0.000375796550088,0.000370562804164,0.000373536664862,8.41713390336e-05,0.631697539947,51323,8204093,82040,81218,True,7
tomo_sample_2_051_rec,recon_01800.tiff,1800,100,0.5,-0.000661757726339,0.000906130004732,-5.52141651231e-05,-5.5389157319e-05,-5.05959324073e-05,-5.384839344e-05,8.07686477608e-05,0.364974578121,29644,0.00037698399205,0.000377097101007,0.000370868277969,0.000371719116719,8.72615018487e-05,0.635025421879,51574,8204093,82040,81218,True,7
tomo_sample_2_051_rec,recon_01801.tiff,1801,100,0.5,-0.000657635096868,0.000914134815976,-5.39615152313e-05,-5.4099923481e-05,-4.98504923598e-05,-4.35783416106e-05,7.9208299832e-05,0.365895048566,29722,0.000376572817698,0.000376692297991,0.000370407738956,0.000374884321445,8.65836384004e-05,0.634104951434,51496,8204093,82040,81218,True,7
tomo_sample_2_051_rec,recon_01802.tiff,1802,100,0.5,-0.000630648334918,0.000886199083179,-5.43795286313e-05,-5.45509414397e-05,-4.93606057717e-05,-4.32670940427e-05,7.84747081152e-05,0.363788121394,29543,0.000376204070623,0.000376275874151,0.000370919209672,0.000377213852293,8.44954199835e-05,0.636211878606,51675,8204093,82040,81218,True,7
tomo_sample_2_051_rec,recon_01803.tiff,1803,100,0.5,-0.00063972163276,0.0008939109114,-5.4759484367e-05,-5.49602538118e-05,-5.06641881657e-05,-5.19914691427e-05,7.81589771465e-05,0.364153098978,29569,0.00037700427932,0.000377062488254,0.000370865047444,0.00037135580246,8.56279853162e-05,0.635846901022,51649,8204093,82040,81218,True,7
tomo_sample_2_051_rec,recon_01804.tiff,1804,100,0.5,-0.000611481709639,0.000893557512027,-5.5735788321e-05,-5.58617678515e-05,-5.17631233379e-05,-4.21408230678e-05,7.673665631e-05,0.362284365789,29425,0.000377343883479,0.00037742372042,0.000371258211089,0.000367274903355,8.52410420565e-05,0.637715634211,51793,8204093,82040,81218,True,7
tomo_sample_2_051_rec,recon_01805.tiff,1805,100,0.5,-0.000617055469484,0.000888779411034,-5.56457506824e-05,-5.58019246698e-05,-5.21798574482e-05,-4.32425450215e-05,7.55403432277e-05,0.364197075553,29575,0.000377585207003,0.000377638085216,0.000371552450815,0.000367123134729,8.54570861527e-05,0.635802924447,51643,8204093,82040,81218,True,7
tomo_sample_2_051_rec,recon_01806.tiff,1806,100,0.5,-0.00060665704892,0.000889751794166,-5.5153374315e-05,-5.53146884593e-05,-5.11942871526e-05,-6.48661978703e-05,7.66468432797e-05,0.362634055107,29450,0.000376879115522,0.00037695074939,0.000370421403204,0.000362517233238,8.57823148008e-05,0.637365944893,51768,8204093,82040,81218,True,7
tomo_sample_2_051_rec,recon_01807.tiff,1807,100,0.5,-0.000627689559478,0.000891557853029,-5.44582177295e-05,-5.4580661922e-05,-5.02272123413e-05,-5.72138358394e-05,7.70325014967e-05,0.362968974797,29481,0.000377233337363,0.000377314672143,0.000371749367332,0.000364908771362,8.47630848111e-05,0.637031025203,51737,8204093,82040,81218,True,7
tomo_sample_2_051_rec,recon_01808.tiff,1808,100,0.5,-0.000619389622007,0.000892233175691,-5.49816724997e-05,-5.5083267067e-05,-5.05529860675e-05,-4.08823357954e-05,7.67883865833e-05,0.362569950204,29451,0.000377149898365,0.000377239366087,0.000371110945707,0.000376454617555,8.43505889726e-05,0.637430049796,51767,8204093,82040,81218,True,7
tomo_sample_2_051_rec,recon_01809.tiff,1809,100,0.5,-0.000594676813926,0.000887907370052,-5.50292859382e-05,-5.5143131779e-05,-5.11995822308e-05,-6.09463761947e-05,7.45397280068e-05,0.361673754283,29375,0.000376105066721,0.000376174405324,0.000370451220078,0.000379133165331,8.42797854922e-05,0.638326245717,51843,8204093,82040,81218,True,7
tomo_sample_2_051_rec,recon_01810.tiff,1810,100,0.5,-0.00064887945482,0.000894907081965,-5.45496855912e-05,-5.46519119744e-05,-5.02727634739e-05,-4.58860557302e-05,7.75577631618e-05,0.364178720031,29582,0.000377244491496,0.000377337615359,0.000371756395907,0.000376429103028,8.39668968908e-05,0.635821279969,51636,8204093,82040,81218,True,7
tomo_sample_2_051_rec,recon_01811.tiff,1811,100,0.5,-0.000605900810333,0.000905022209045,-5.49550814057e-05,-5.49951111979e-05,-5.12358892593e-05,-5.54959222256e-05,7.5702355633e-05,0.362071530629,29420,0.000376996027563,0.000377129460886,0.000371024492779,0.00037175805597,8.51917095957e-05,0.637928469371,51798,8204093,82040,81218,True,7
tomo_sample_2_051_rec,recon_01812.tiff,1812,100,0.5,-0.000628640504146,0.000897980672598,-5.56881219366e-05,-5.57758375983e-05,-5.14194252901e-05,-5.35075734405e-05,7.67266631506e-05,0.362849302375,29476,0.000376859655236,0.000376960663442,0.000371372123482,0.000360843938758,8.45789382746e-05,0.637150697625,51742,8204093,82040,81218,True,7
tomo_sample_2_051_rec,recon_01813.tiff,1813,100,0.5,-0.000667046008457,0.000867640889192,-5.4991900819e-05,-5.51791432279e-05,-5.05300849909e-05,-4.54383530956e-05,7.84036859922e-05,0.363230928858,29493,0.000376574833652,0.000376615770532,0.000370551366359,0.000358505217357,8.35466046349e-05,0.636769071142,51725,8204093,82040,81218,True,7
tomo_sample_2_051_rec,recon_01814.tiff,1814,100,0.5,-0.000622246789571,0.000887671120581,-5.44396614355e-05,-5.44972097402e-05,-5.07429576828e-05,-4.06296168067e-05,7.50297386759e-05,0.364982670998,29654,0.000377788791871,0.000377912730698,0.000371287969756,0.000367426497265,8.59571519269e-05,0.635017329002,51564,8204093,82040,81218,True,7
tomo_sample_2_051_rec,recon_01815.tiff,1815,100,0.5,-0.000619278756203,0.00089615369594,-5.43368018159e-05,-5.44362973169e-05,-5.02019756823e-05,-5.33224074848e-05,7.54651126797e-05,0.365958874148,29727,0.000377393648141,0.000377489257249,0.000371381232981,0.000354510161316,8.56108432444e-05,0.634041125852,51491,8204093,82040,81218,True,7
tomo_sample_2_051_rec,recon_01816.tiff,1816,100,0.5,-0.000623994719645,0.000895472711127,-5.46720772396e-05,-5.481109923e-05,-5.09414639964e-05,-6.80809980492e-05,7.59664021196e-05,0.366756902473,29784,0.000377032043736,0.000377085167483,0.000370940440916,0.000386108109403,8.44533572779e-05,0.633243097527,51434,8204093,82040,81218,True,7
tomo_sample_2_051_rec,recon_01817.tiff,1817,100,0.5,-0.000622931416437,0.000887095679645,-5.3749943921e-05,-5.38397049771e-05,-4.96363245475e-05,-5.56539593219e-05,7.50425989431e-05,0.361578827641,29371,0.000377417671873,0.000377504203706,0.000371232512407,0.0003668220433,8.4264823258e-05,0.638421172359,51847,8204093,82040,81218,True,7
tomo_sample_2_051_rec,recon_01818.tiff,1818,100,0.5,-0.000670020850084,0.000914371729596,-5.57050901557e-05,-5.58109156653e-05,-5.11688704137e-05,-5.66168359179e-05,7.93145342418e-05,0.36295623903,29485,0.000377939539857,0.000378053670897,0.000371437199647,0.000373842522888,8.60337740583e-05,0.63704376097,51733,8204093,82040,81218,True,7
tomo_sample_2_051_rec,recon_01819.tiff,1819,100,0.5,-0.000614194676746,0.000889460535254,-5.41587150391e-05,-5.42654752836e-05,-5.08424982399e-05,-5.15635229881e-05,7.51498005964e-05,0.3623701947,29434,0.000377251195759,0.000377337017094,0.00037141937355,0.000361458182985,8.49787393793e-05,0.6376298053,51784,8204093,82040,81218,True,7
tomo_sample_2_051_rec,recon_01820.tiff,1820,100,0.5,-0.000633934940852,0.000899560562975,-5.60228611764e-05,-5.61288257726e-05,-5.12251463078e-05,-4.08027555898e-05,7.70581377691e-05,0.362596248296,29452,0.000377677670905,0.00037776022711,0.000371710324544,0.000356803455861,8.45908023338e-05,0.637403751704,51766,8204093,82040,81218,True,7
tomo_sample_2_051_rec,recon_01821.tiff,1821,100,0.5,-0.000668080149917,0.000895589668362,-5.60817248393e-05,-5.6218974606e-05,-5.16489926667e-05,-5.50675984144e-05,7.91077380005e-05,0.362452843849,29437,0.000377831482567,0.000377903683193,0.000371565431124,0.000354988818232,8.44850508422e-05,0.637547156151,51781,8204093,82040,81218,True,6
tomo_sample_2_051_rec,recon_01822.tiff,1822,100,0.5,-0.000591712880414,0.000892320284911,-5.50974132095e-05,-5.52070838046e-05,-5.17321677762e-05,-5.04501694185e-05,7.36805692514e-05,0.362616518705,29451,0.000377180730864,0.000377243220793,0.000371595931938,0.000368903097048,8.37786330842e-05,0.637383481295,51767,8204093,82040,81218,True,7
tomo_sample_2_051_rec,recon_01823.tiff,1823,100,0.5,-0.000608481880336,0.000882004410669,-5.58122094213e-05,-5.58997744915e-05,-5.1497365348e-05,-4.05544445921e-05,7.63763808205e-05,0.362106886084,29414,0.000377687311893,0.000377773874809,0.000371678077499,0.000377981251025,8.40921632407e-05,0.637893113916,51804,8204093,82040,81218,True,7
tomo_sample_2_051_rec,recon_01824.tiff,1824,100,0.5,-0.000621810040902,0.000889344586467,-5.49940119739e-05,-5.50623236577e-05,-5.11748603458e-05,-7.37101705101e-05,7.48020554391e-05,0.361321374262,29352,0.000377806795863,0.000377897196514,0.00037162344961,0.000354103494448,8.44542744672e-05,0.638678625738,51866,8204093,82040,81218,True,7
tomo_sample_2_051_rec,recon_01825.tiff,1825,100,0.5,-0.000581759841589,0.000894411756017,-5.4542898137e-05,-5.46073519612e-05,-5.14109015057e-05,-5.23072532634e-05,7.25482125462e-05,0.361374904778,29357,0.000377460438268,0.000377554009213,0.000371186062694,0.000362051034366,8.50556233529e-05,0.638625095222,51861,8204093,82040,81218,True,7
tomo_sample_2_051_rec,recon_01826.tiff,1826,100,0.5,-0.000649560426828,0.000878689967212,-5.55743783072e-05,-5.57180167609e-05,-5.18925880897e-05,-6.36133312388e-05,7.66433539466e-05,0.363966406535,29557,0.000376426244577,0.000376478123591,0.000371001136955,0.000375246693464,8.2974426367e-05,0.636033593465,51661,8204093,82040,81218,True,7
tomo_sample_2_051_rec,recon_01827.tiff,1827,100,0.5,-0.000620291677769,0.000865719188878,-5.5845988901e-05,-5.5943040325e-05,-5.1559691201e-05,-6.3058642524e-05,7.63455885684e-05,0.364611260652,29615,0.000377290556531,0.000377363063772,0.000371383182937,0.000362856297058,8.26868689087e-05,0.635388739348,51603,8204093,82040,81218,True,7
tomo_sample_2_051_rec,recon_01828.tiff,1828,100,0.5,-0.00066096873401,0.000899161279085,-5.53178806952e-05,-5.54618671224e-05,-5.06049673277e-05,-6.18512800569e-05,7.80472476157e-05,0.36353724559,29524,0.000377536733778,0.000377604164485,0.00037104045623,0.00036764788677,8.52297915461e-05,0.63646275441,51694,8204093,82040,81218,True,7
tomo_sample_2_051_rec,recon_01829.tiff,1829,100,0.5,-0.000648284592025,0.000889322637813,-5.5838875505e-05,-5.59410609175e-05,-5.13030863658e-05,-6.06999987434e-05,7.91628450411e-05,0.365222431777,29667,0.000378026727856,0.000378122267353,0.000371727481252,0.000362373033319,8.43202680868e-05,0.634777568223,51551,8204093,82040,81218,True,7
tomo_sample_2_051_rec,recon_01830.tiff,1830,100,0.5,-0.000648217946291,0.000883880001784,-5.57300339528e-05,-5.58619312189e-05,-5.09686997248e-05,-4.93667963672e-05,7.76903849968e-05,0.364019966696,29564,0.000377537957561,0.000377605281625,0.000371224115952,0.000355200492203,8.43968757269e-05,0.635980033304,51654,8204093,82040,81218,True,7
tomo_sample_2_051_rec,recon_01831.tiff,1831,100,0.5,-0.000609916993708,0.000877166839491,-5.61377266273e-05,-5.62177926697e-05,-5.17944390594e-05,-5.82628608105e-05,7.53987697786e-05,0.366116038787,29741,0.00037669770374,0.00037679262586,0.000371032161638,0.000364156556013,8.39430754804e-05,0.633883961213,51477,8204093,82040,81218,True,7
tomo_sample_2_051_rec,recon_01832.tiff,1832,100,0.5,-0.000631094925338,0.000882700229413,-5.6238366725e-05,-5.6342996139e-05,-5.21626570844e-05,-5.51619506508e-05,7.61236332196e-05,0.364077597193,29571,0.000377087585638,0.000377158782958,0.000371426256606,0.000377344080084,8.34003185163e-05,0.635922402807,51647,8204093,82040,81218,True,7
tomo_sample_2_051_rec,recon_01833.tiff,1833,100,0.5,-0.000602151580679,0.000891364027048,-5.61914614864e-05,-5.62454806498e-05,-5.22251029906e-05,-5.78030308167e-05,7.42437580396e-05,0.363914285105,29565,0.000377523543928,0.000377626755473,0.000371685426217,0.000371296832096,8.4955768321e-05,0.636085714895,51653,8204093,82040,81218,True,7
tomo_sample_2_051_rec,recon_01834.tiff,1834,100,0.5,-0.00057463196048,0.000886774580867,-5.48839844374e-05,-5.49335453685e-05,-5.12877522851e-05,-4.32915928369e-05,7.34354590407e-05,0.361688019052,29384,0.000377811679497,0.000377910083326,0.000371867252397,0.000364160955334,8.39191940642e-05,0.638311980948,51834,8204093,82040,81218,True,7
tomo_sample_2_051_rec,recon_01835.tiff,1835,100,0.5,-0.000633585494361,0.000877202349657,-5.62853050873e-05,-5.64613596579e-05,-5.24564529769e-05,-3.29968701551e-05,7.61088476401e-05,0.365141304234,29646,0.000377365123466,0.000377381850908,0.000371108908439,0.000358020344353,8.36610715132e-05,0.634858695766,51572,8204093,82040,81218,True,7
tomo_sample_2_051_rec,recon_01836.tiff,1836,100,0.5,-0.000630789368006,0.000881798911723,-5.46884073179e-05,-5.47870964099e-05,-4.98605040775e-05,-3.53693785006e-05,7.70600727845e-05,0.363937646731,29562,0.000377631786179,0.000377719332821,0.000371723741409,0.000361668711885,8.37337592182e-05,0.636062353269,51656,8204093,82040,81218,True,7
tomo_sample_2_051_rec,recon_01837.tiff,1837,100,0.5,-0.000576317714585,0.000919697958743,-5.36307409633e-05,-5.37149866353e-05,-5.02144957863e-05,-3.81889030002e-05,7.44772608876e-05,0.362981334569,29488,0.000378093012832,0.000378202643757,0.000371799964341,0.000376033938204,8.63413579821e-05,0.637018665431,51730,8204093,82040,81218,True,6
tomo_sample_2_051_rec,recon_01838.tiff,1838,100,0.5,-0.00067190351052,0.000911243963928,-5.52721074567e-05,-5.54987059969e-05,-5.0476501201e-05,-5.47253095959e-05,7.93929642296e-05,0.363229945294,29488,0.000378092314593,0.000378114171753,0.000371744987206,0.000357462874075,8.52745264491e-05,0.636770054706,51730,8204093,82040,81218,True,7
tomo_sample_2_051_rec,recon_01839.tiff,1839,100,0.5,-0.000621910745976,0.000907576596073,-5.54552025848e-05,-5.55526913108e-05,-5.09424644406e-05,-7.29036693351e-05,7.64864807017e-05,0.36347975655,29525,0.000378248315546,0.000378336727702,0.000371777103283,0.000361749911554,8.54699779717e-05,0.63652024345,51693,8204092,82040,81218,True,7
tomo_sample_2_051_rec,recon_01840.tiff,1840,100,0.5,-0.000609890320338,0.000908996570215,-5.5011422304e-05,-5.51003016342e-05,-5.13097293151e-05,-5.866711022e-05,7.5095260213e-05,0.361935034306,29400,0.000378141585814,0.000378228462298,0.000371578687918,0.000360938735469,8.5342379866e-05,0.638064965694,51818,8204093,82040,81218,True,7
tomo_sample_2_051_rec,recon_01841.tiff,1841,100,0.5,-0.000594876307296,0.000924946868035,-5.5057038759e-05,-5.51247573354e-05,-5.11349608132e-05,-4.34148595494e-05,7.41447933708e-05,0.36002914235,29250,0.000378105773123,0.000378220181184,0.000371374801034,0.000373149587554,8.74544318923e-05,0.63997085765,51968,8204093,82040,81218,True,7
tomo_sample_2_051_rec,recon_01842.tiff,1842,100,0.5,-0.00068526947347,0.000900668858958,-5.55703013677e-05,-5.5756343192e-05,-5.09833989781e-05,-5.68284354813e-05,7.81981868991e-05,0.363664794603,29528,0.000378106485625,0.000378144574749,0.000371742396965,0.000368702183015,8.51422876432e-05,0.636335205397,51690,8204093,82040,81218,True,7
tomo_sample_2_051_rec,recon_01843.tiff,1843,100,0.5,-0.000690677012608,0.000886193853803,-5.56292641198e-05,-5.59436792359e-05,-5.05798598169e-05,-4.36994001606e-05,8.15292507169e-05,0.368825553796,29932,0.000377746708483,0.000377733542226,0.000371944304788,0.000351761755163,8.39129396328e-05,0.631174446204,51286,8204093,82040,81218,True,7
tomo_sample_2_051_rec,recon_01844.tiff,1844,100,0.5,-0.000714147455583,0.000915808994614,-5.68033770075e-05,-5.7145918456e-05,-5.13553786732e-05,-5.2401090722e-05,8.32799251827e-05,0.367015521825,29783,0.000378451551683,0.000378436085121,0.00037155742757,0.000358303767655,8.57910207509e-05,0.632984478175,51435,8204093,82040,81218,True,7
tomo_sample_2_051_rec,recon_01845.tiff,1845,100,0.5,-0.00065913610073,0.000919664755638,-5.58572034488e-05,-5.59660198454e-05,-5.1769458878e-05,-4.49504796367e-05,7.70725337971e-05,0.363473499326,29524,0.00037823917726,0.000378329955181,0.000371730260667,0.000363191614334,8.64594442637e-05,0.636526500674,51694,8204093,82040,81218,True,7
tomo_sample_2_051_rec,recon_01846.tiff,1846,100,0.5,-0.000636367211409,0.000916183301888,-5.46983407749e-05,-5.47866187017e-05,-5.06596988998e-05,-3.57670947393e-05,7.63460104626e-05,0.364928196785,29645,0.00037845564367,0.000378558978463,0.000371954025468,0.000367081534528,8.58337858769e-05,0.635071803215,51573,8204093,82040,81218,True,7
tomo_sample_2_051_rec,recon_01847.tiff,1847,100,0.5,-0.000706787787494,0.000911046820402,-5.73193652144e-05,-5.75600304948e-05,-5.22493064636e-05,-6.20314922508e-05,7.9966511187e-05,0.363800369431,29533,0.000378761493158,0.000378779720501,0.000372096576029,0.00037257863808,8.64725689861e-05,0.636199630569,51685,8204093,82040,81218,True,7
tomo_sample_2_051_rec,recon_01848.tiff,1848,100,0.5,-0.000699101174541,0.000914113720355,-5.68547045873e-05,-5.70376993744e-05,-5.19769182574e-05,-4.98763213591e-05,8.05269823644e-05,0.363798500611,29542,0.000377852135307,0.000377914801013,0.00037185443216,0.00036552238339,8.58252503734e-05,0.636201499389,51676,8204093,82040,81218,True,7
tomo_sample_2_051_rec,recon_01849.tiff,1849,100,0.5,-0.000655255760066,0.000911216581881,-5.64685868809e-05,-5.65653202018e-05,-5.18569650012e-05,-4.89430808327e-05,7.73784673445e-05,0.364460852064,29605,0.000378211757496,0.000378302771319,0.000372033799067,0.000393256957981,8.52077934613e-05,0.635539147936,51613,8204093,82040,81218,True,7
tomo_sample_2_051_rec,recon_01850.tiff,1850,100,0.5,-0.000725803927053,0.000893421398068,-5.74885784446e-05,-5.77621198487e-05,-5.25825525983e-05,-6.41848292092e-05,8.20770131831e-05,0.364704550001,29603,0.000377530617524,0.000377539385461,0.000370505003957,0.000370394699382,8.50888089178e-05,0.635295449999,51615,8204091,82040,81218,True,7
tomo_sample_2_051_rec,recon_01851.tiff,1851,100,0.5,-0.000730513928283,0.000929691574711,-5.78401514351e-05,-5.81007305798e-05,-5.21170804859e-05,-5.59994768204e-05,8.46870822416e-05,0.364568335378,29598,0.000378539639067,0.00037859173954,0.0003718296648,0.000361708112705,8.6932113545e-05,0.635431664622,51620,8204093,82040,81218,True,7
tomo_sample_2_051_rec,recon_01852.tiff,1852,100,0.5,-0.000687205257709,0.00090948562196,-5.72725314833e-05,-5.74371179539e-05,-5.19848254044e-05,-4.78903670688e-05,8.04376253081e-05,0.365282241383,29665,0.000378291642241,0.000378365286084,0.000371486588847,0.000381227773704,8.65553145195e-05,0.634717758617,51553,8204093,82040,81218,True,7
tomo_sample_2_051_rec,recon_01853.tiff,1853,100,0.5,-0.000679076047963,0.00092370434053,-5.68651028526e-05,-5.70170635329e-05,-5.23992221133e-05,-5.73216191299e-05,8.0280113365e-05,0.364861796166,29634,0.000378620459655,0.000378713284729,0.000371810732759,0.000359243464146,8.71124691594e-05,0.635138203834,51584,8204093,82040,81218,True,7
tomo_sample_2_051_rec,recon_01854.tiff,1854,100,0.5,-0.000700540372345,0.000915776116017,-5.77821503742e-05,-5.80596476149e-05,-5.22859008925e-05,-5.18683657209e-05,8.21514419221e-05,0.362291277654,29408,0.000378164205311,0.000378182265627,0.000371311616618,0.000371962531656,8.67760295484e-05,0.637708722346,51810,8204093,82040,81218,True,7
tomo_sample_2_051_rec,recon_01855.tiff,1855,100,0.5,-0.000726247916464,0.000943994432746,-5.82153604442e-05,-5.84721866822e-05,-5.26258190803e-05,-5.66751953767e-05,8.38046080155e-05,0.360772893792,29289,0.000378510459302,0.000378552266985,0.000371194066247,0.00036128798391,8.72072639468e-05,0.639227106208,51929,8204093,82040,81218,True,7
tomo_sample_2_051_rec,recon_01856.tiff,1856,100,0.5,-0.000724797204311,0.000922841423308,-5.81132054153e-05,-5.84571664584e-05,-5.20865287399e-05,-5.15859351361e-05,8.35137055632e-05,0.364014207998,29538,0.000378789710125,0.000378762221669,0.000372112976038,0.000360043501857,8.55740739389e-05,0.635985792002,51680,8204093,82040,81218,True,7
tomo_sample_2_051_rec,recon_01857.tiff,1857,100,0.5,-0.000707108225324,0.000929693962389,-5.81901760037e-05,-5.83920842715e-05,-5.31036675966e-05,-6.59248254483e-05,8.19655733621e-05,0.362051857591,29398,0.000378394066382,0.000378448559382,0.000371371497749,0.000367470291161,8.62562512766e-05,0.637948142409,51820,8204093,82040,81218,True,7
tomo_sample_2_051_rec,recon_01858.tiff,1858,100,0.5,-0.000691014977638,0.000968461375451,-5.80411132586e-05,-5.82124192791e-05,-5.26710500708e-05,-4.62726508677e-05,8.05707997369e-05,0.359885413153,29228,0.000378618910804,0.00037870536047,0.000370929759811,0.000352406184367,8.89327758962e-05,0.640114586847,51990,8204093,82040,81218,True,6
tomo_sample_2_051_rec,recon_01859.tiff,1859,100,0.5,-0.000668345592276,0.000940565445926,-5.65614962411e-05,-5.67367316925e-05,-5.13367376698e-05,-5.18663828757e-05,8.07449575485e-05,0.359931785921,29231,0.000377748801876,0.000377831127019,0.000370963884052,0.000365732222592,8.68874567487e-05,0.640068214079,51987,8204093,82040,81218,True,7
tomo_sample_2_051_rec,recon_01860.tiff,1860,100,0.5,-0.000636703570781,0.000921937902167,-5.68523929229e-05,-5.69558638143e-05,-5.2141786e-05,-5.08658270276e-05,7.58893660379e-05,0.361270878655,29345,0.000378823335208,0.000378909600848,0.000371647241991,0.000375233666605,8.76859588119e-05,0.638729121345,51873,8204093,82040,81218,True,7
tomo_sample_2_051_rec,recon_01861.tiff,1861,100,0.5,-0.000665804326127,0.000955539515126,-5.64376419305e-05,-5.65774907657e-05,-5.11891812494e-05,-5.58667063615e-05,7.83595394762e-05,0.359720645252,29215,0.000378873934761,0.000378945876628,0.000372205424355,0.000373209060602,8.7380983298e-05,0.640279354748,52003,8204093,82040,81218,True,7
tomo_sample_2_051_rec,recon_01862.tiff,1862,100,0.5,-0.000711485668435,0.000918074549409,-5.75091013965e-05,-5.77545759451e-05,-5.26548537891e-05,-7.53658799747e-05,8.0019153902e-05,0.359722766586,29201,0.000378032330515,0.000378044841999,0.000371328584151,0.000361713670703,8.57868016004e-05,0.640277233414,52017,8204093,82040,81218,True,7
tomo_sample_2_051_rec,recon_01863.tiff,1863,100,0.5,-0.00064172523329,0.000911032459408,-5.71310744517e-05,-5.72680538595e-05,-5.2414205129e-05,-6.11771899912e-05,7.69390048882e-05,0.359328750798,29181,0.000378969405354,0.000379021392519,0.000371989415726,0.000379647216586,8.6267114442e-05,0.640671249202,52037,8204093,82040,81218,True,7
tomo_sample_2_051_rec,recon_01864.tiff,1864,100,0.5,-0.000666361848125,0.000904669993324,-5.69026926714e-05,-5.70845722847e-05,-5.13922550454e-05,-4.30592245185e-05,7.77605488677e-05,0.360112738775,29238,0.000378335383269,0.000378357000432,0.00037148737465,0.000363787534018,8.52122199297e-05,0.639887261225,51980,8204092,82040,81218,True,7
tomo_sample_2_051_rec,recon_01865.tiff,1865,100,0.5,-0.000664417811204,0.000905718399154,-5.73006844903e-05,-5.74331979454e-05,-5.22341779288e-05,-4.74220561178e-05,7.82028157618e-05,0.36208060885,29404,0.000377983443844,0.00037802955271,0.000371104950318,0.000363011634926,8.43265826021e-05,0.63791939115,51814,8204093,82040,81218,True,7
tomo_sample_2_051_rec,recon_01866.tiff,1866,100,0.5,-0.00059598626045,0.0009027879723,-5.66956090691e-05,-5.67496032572e-05,-5.2273444453e-05,-6.97008853194e-05,7.41538301031e-05,0.358405111395,29115,0.000378616146008,0.000378696895127,0.000372188573238,0.00037390938425,8.44423662815e-05,0.641594888605,52103,8204093,82040,81218,True,7
tomo_sample_2_051_rec,recon_01867.tiff,1867,100,0.5,-0.000651487960131,0.000894253339502,-5.6229590081e-05,-5.63933749941e-05,-5.16046329722e-05,-4.49439974076e-05,7.67977772308e-05,0.362925028663,29468,0.000377941432345,0.000377967200799,0.00037139125925,0.000353403922401,8.39557894451e-05,0.637074971337,51750,8204093,82040,81218,True,7
tomo_sample_2_051_rec,recon_01868.tiff,1868,100,0.5,-0.000666062680539,0.000915961273422,-5.64007776167e-05,-5.65530563198e-05,-5.11951257067e-05,-5.1058330654e-05,7.78325075243e-05,0.360874707635,29304,0.000378495222899,0.00037853492081,0.000372034337488,0.000370754450949,8.49605903083e-05,0.639125292365,51914,8204092,82040,81218,True,7
tomo_sample_2_051_rec,recon_01869.tiff,1869,100,0.5,-0.000653861305909,0.000938976926845,-5.71564793115e-05,-5.72349627392e-05,-5.23326998518e-05,-5.41355931569e-05,7.76236839732e-05,0.361389718095,29359,0.00037857682603,0.000378685534269,0.000371061585611,0.000354352300443,8.68374072281e-05,0.638610281905,51859,8204092,82040,81218,True,7
tomo_sample_2_051_rec,recon_01870.tiff,1870,100,0.5,-0.000622104954673,0.000911186072626,-5.73460621287e-05,-5.73912523751e-05,-5.26417898072e-05,-7.21047275674e-05,7.5087347288e-05,0.362370780367,29440,0.00037826986505,0.000378371024971,0.000371480549802,0.000367405311666,8.5826453527e-05,0.637629219633,51778,8204093,82040,81218,True,7
tomo_sample_2_051_rec,recon_01871.tiff,1871,100,0.5,-0.00067087923846,0.000897672831197,-5.71497418916e-05,-5.72751706328e-05,-5.25226532773e-05,-4.64945616035e-05,7.75095645587e-05,0.358449574931,29111,0.000378724192121,0.000378781237219,0.000371887610527,0.000375656185602,8.48127857983e-05,0.641550425069,52107,8204093,82040,81218,True,7
tomo_sample_2_051_rec,recon_01872.tiff,1872,100,0.5,-0.00063391216856,0.000890044386615,-5.74932272924e-05,-5.76563539141e-05,-5.28485325049e-05,-5.81085173208e-05,7.57542524962e-05,0.361305408575,29335,0.000377278123444,0.000377290725437,0.000371221249225,0.000360560058899,8.36632472619e-05,0.638694591425,51883,8204093,82040,81218,True,7
tomo_sample_2_051_rec,recon_01873.tiff,1873,100,0.5,-0.000635940701468,0.000886787111813,-5.64395281783e-05,-5.64877085211e-05,-5.21533111169e-05,-4.93660583868e-05,7.42355322113e-05,0.361761934219,29388,0.00037794673109,0.000378027849125,0.000371635469492,0.000373677077432,8.39449436695e-05,0.638238065781,51830,8204093,82040,81218,True,7
tomo_sample_2_051_rec,recon_01874.tiff,1874,100,0.5,-0.000607792678347,0.000887605202442,-5.59457632341e-05,-5.60698169713e-05,-5.17377229698e-05,-5.56901359027e-05,7.33989560643e-05,0.361244900448,29335,0.000377325129677,0.00037735695376,0.000371592381271,0.000368854747421,8.25951843501e-05,0.638755099552,51883,8204093,82040,81218,True,7
tomo_sample_2_051_rec,recon_01875.tiff,1875,100,0.5,-0.000630929356557,0.000893634633976,-5.58944041092e-05,-5.59684572956e-05,-5.21817564731e-05,-5.17991895468e-05,7.31374372096e-05,0.359733597631,29219,0.000378025955228,0.000378085563721,0.000371805363102,0.000366219104025,8.34936205347e-05,0.640266402369,51999,8204093,82040,81218,True,7
tomo_sample_2_051_rec,recon_01876.tiff,1876,100,0.5,-0.000559784412035,0.000911555119965,-5.54412642626e-05,-5.54438642107e-05,-5.20012108609e-05,-5.28778167184e-05,7.07858946798e-05,0.359212516009,29189,0.000378190149313,0.000378312272575,0.000371390051441,0.000356397598564,8.56828304739e-05,0.640787483991,52029,8204093,82040,81218,True,7
tomo_sample_2_051_rec,recon_01877.tiff,1877,100,0.5,-0.000564678150113,0.000910134608275,-5.55298163298e-05,-5.55214120882e-05,-5.20883004356e-05,-6.18243269827e-05,7.03951645776e-05,0.358716324833,29149,0.00037783258521,0.000377950871533,0.000371424772311,0.000358708591123,8.48655960143e-05,0.641283675167,52069,8204093,82040,81218,True,7
tomo_sample_2_051_rec,recon_01878.tiff,1878,100,0.5,-0.000591241043294,0.000920517308987,-5.64093672486e-05,-5.64937339164e-05,-5.22403061041e-05,-4.41855987142e-05,7.30437328132e-05,0.360640771982,29292,0.000378763412147,0.00037882338901,0.000372307302314,0.000374162096063,8.52022027019e-05,0.639359228018,51926,8204093,82040,81218,True,7
tomo_sample_2_051_rec,recon_01879.tiff,1879,100,0.5,-0.000606807966833,0.000876919709845,-5.56588286906e-05,-5.57809037794e-05,-5.25507275597e-05,-4.54910951061e-05,7.10212462552e-05,0.360064134939,29237,0.000377841385278,0.000377854264307,0.000371792557416,0.000366081529816,8.23552446755e-05,0.639935865061,51981,8204093,82040,81218,True,7
tomo_sample_2_051_rec,recon_01880.tiff,1880,100,0.5,-0.000610514260479,0.00088090797828,-5.53160412603e-05,-5.54136526136e-05,-5.11711950821e-05,-4.92229034439e-05,7.25040920097e-05,0.359726278994,29216,0.000377615159296,0.00037766792736,0.000371182279196,0.000366614935493,8.40795335087e-05,0.640273721006,52002,8204093,82040,81218,True,7
tomo_sample_2_051_rec,recon_01881.tiff,1881,100,0.5,-0.000653414239059,0.000873826887982,-5.72181616935e-05,-5.73178118478e-05,-5.27632546437e-05,-5.96244413541e-05,7.6596979939e-05,0.363160448254,29495,0.000377634682041,0.000377690117845,0.000371171889128,0.00035578907065,8.32505047159e-05,0.636839551746,51723,8204093,82040,81218,True,7
tomo_sample_2_051_rec,recon_01882.tiff,1882,100,0.5,-0.000617563466076,0.000874946703552,-5.61734054935e-05,-5.63021742955e-05,-5.21131969435e-05,-5.00202388083e-05,7.3705808775e-05,0.359509398811,29192,0.000378043108974,0.000378059990406,0.000371988746338,0.000373176156584,8.21385216855e-05,0.640490601189,52026,8204093,82040,81218,True,7
tomo_sample_2_051_rec,recon_01883.tiff,1883,100,0.5,-0.000602235300175,0.000868230289198,-5.59245089074e-05,-5.60160821867e-05,-5.24964889337e-05,-5.94146536456e-05,7.27636147502e-05,0.362722849572,29458,0.000377828038995,0.000377866543236,0.000372301379684,0.000372179885576,8.20377035358e-05,0.637277150428,51760,8204093,82040,81218,True,7
tomo_sample_2_051_rec,recon_01884.tiff,1884,100,0.5,-0.000603969889635,0.0008782906126,-5.64691063008e-05,-5.65407102076e-05,-5.26424446434e-05,-4.70402293178e-05,7.20472942303e-05,0.360193531024,29255,0.000378315140555,0.000378362162111,0.000371952715795,0.000387960729416,8.27925486079e-05,0.639806468976,51963,8204093,82040,81218,True,7
tomo_sample_2_051_rec,recon_01885.tiff,1885,100,0.5,-0.000619388763444,0.00087442970078,-5.57047405448e-05,-5.58210575036e-05,-5.12880251335e-05,-5.73104911686e-05,7.50870810785e-05,0.361671373655,29370,0.000378373269739,0.00037840378158,0.000372229405912,0.000376558337174,8.19941989637e-05,0.638328626345,51848,8204093,82040,81218,True,7
tomo_sample_2_051_rec,recon_01886.tiff,1886,100,0.5,-0.000632094166649,0.00089615577861,-5.79711757556e-05,-5.81076857819e-05,-5.31373607373e-05,-6.58263438094e-05,7.63270585428e-05,0.360266543704,29254,0.000379283422382,0.000379308707273,0.000372466703993,0.00036423364371,8.32223789643e-05,0.639733456296,51964,8204093,82040,81218,True,7
tomo_sample_2_051_rec,recon_01887.tiff,1887,100,0.5,-0.00058946343197,0.000920564841654,-5.62912109161e-05,-5.64007890052e-05,-5.2150542615e-05,-4.93123977436e-05,7.17127357171e-05,0.358581832329,29119,0.000378646912137,0.000378672265659,0.000372563808924,0.000376095698208,8.34985240375e-05,0.641418167671,52099,8204093,82040,81218,True,7
tomo_sample_2_051_rec,recon_01888.tiff,1888,100,0.5,-0.00062401217845,0.000930182371812,-5.65023626386e-05,-5.66113408163e-05,-5.19770928804e-05,-4.38816240508e-05,7.45069024066e-05,0.362719496726,29458,0.000378756658608,0.00037880731108,0.000371995789465,0.000368125169569,8.53102088727e-05,0.637280503274,51760,8204093,82040,81218,True,7
tomo_sample_2_051_rec,recon_01889.tiff,1889,100,0.5,-0.000621388848231,0.000887527457089,-5.62932886717e-05,-5.64315526442e-05,-5.187570423e-05,-5.02692769138e-05,7.39763777521e-05,0.360474981526,29270,0.000377707448967,0.000377726395255,0.000371458314476,0.000370818416769,8.32658997944e-05,0.639525018474,51948,8204093,82040,81218,True,6
tomo_sample_2_051_rec,recon_01890.tiff,1890,100,0.5,-0.000616116139281,0.000918646371283,-5.70082294025e-05,-5.71226775126e-05,-5.27876545675e-05,-6.32116199208e-05,7.54528640611e-05,0.362103531305,29407,0.000378624454161,0.000378669867325,0.000371967587853,0.000351494274693,8.48916712781e-05,0.637896468695,51811,8204093,82040,81218,True,7
tomo_sample_2_051_rec,recon_01891.tiff,1891,100,0.5,-0.000632560776139,0.000908624863951,-5.64605143692e-05,-5.64661503564e-05,-5.26803523826e-05,-6.64810428612e-05,7.31645050477e-05,0.359922724197,29245,0.000378320223734,0.000378430441726,0.000371930858819,0.000362526258724,8.42335764753e-05,0.640077275803,51973,8204093,82040,81218,True,7
tomo_sample_2_051_rec,recon_01892.tiff,1892,100,0.5,-0.000610535200685,0.000906499193225,-5.59349752423e-05,-5.59852062128e-05,-5.14834828209e-05,-5.19923352739e-05,7.29157830781e-05,0.361194314197,29342,0.000379141267197,0.000379224362592,0.000372616777895,0.000355288427348,8.46935689969e-05,0.638805685803,51876,8204093,82040,81218,True,7
tomo_sample_2_051_rec,recon_01893.tiff,1893,100,0.5,-0.000607690911856,0.000884641046287,-5.47981807535e-05,-5.487116125e-05,-5.09009551024e-05,-6.30227081498e-05,7.23482221717e-05,0.360693283859,29296,0.000377956048765,0.000378007335539,0.000371666857973,0.000360127858723,8.24419144945e-05,0.639306716141,51922,8204093,82040,81218,True,7
tomo_sample_2_051_rec,recon_01894.tiff,1894,100,0.5,-0.000637165117078,0.000900854063511,-5.67528768007e-05,-5.6862912356e-05,-5.21413057868e-05,-5.11749766305e-05,7.65154578645e-05,0.362481557336,29438,0.000378452721929,0.000378498241649,0.000372225928004,0.000369848351859,8.33558312562e-05,0.637518442664,51780,8204093,82040,81218,True,7
tomo_sample_2_051_rec,recon_01895.tiff,1895,100,0.5,-0.000625290772005,0.000877530489233,-5.6455030758e-05,-5.6592744247e-05,-5.15193078172e-05,-4.39062916566e-05,7.55522680632e-05,0.360540355051,29276,0.000378618611379,0.000378642903458,0.000372372727725,0.000371786956688,8.2496736197e-05,0.639459644949,51942,8204093,82040,81218,True,7
tomo_sample_2_051_rec,recon_01896.tiff,1896,100,0.5,-0.000641278612602,0.000901909514505,-5.72954107372e-05,-5.73410724393e-05,-5.2914605476e-05,-4.55042793632e-05,7.62833584874e-05,0.363632523693,29541,0.000379198934649,0.000379288333143,0.000372472772142,0.000366544265473,8.41651775256e-05,0.636367476307,51677,8204093,82040,81218,True,7
tomo_sample_2_051_rec,recon_01897.tiff,1897,100,0.5,-0.000637006171455,0.000895602189703,-5.63340906714e-05,-5.64416002814e-05,-5.22334321431e-05,-6.5825494136e-05,7.58265178889e-05,0.362233626233,29418,0.000379456527303,0.000379501677647,0.000372734779376,0.000376417487689,8.40766681924e-05,0.637766373767,51800,8204093,82040,81218,True,7
tomo_sample_2_051_rec,recon_01898.tiff,1898,100,0.5,-0.000690856997971,0.000893087421719,-5.74842897101e-05,-5.76647002171e-05,-5.23914932273e-05,-4.89770269647e-05,7.80104696259e-05,0.36106193136,29313,0.000378973094135,0.000378976362157,0.000372603739379,0.000381674980731,8.3256727092e-05,0.63893806864,51905,8204093,82040,81218,True,7
tomo_sample_2_051_rec,recon_01899.tiff,1899,100,0.5,-0.000662461030879,0.000903646336228,-5.59793622701e-05,-5.61753747137e-05,-5.1606206398e-05,-5.5691874382e-05,7.68712378504e-05,0.36419797907,29565,0.000378658273592,0.000378649032124,0.000371828791685,0.000370132060282,8.28246611577e-05,0.63580202093,51653,8204093,82040,81218,True,7
tomo_sample_2_051_rec,recon_01900.tiff,1900,100,0.5,-0.000627245357609,0.000922254029429,-5.55572421734e-05,-5.55882707689e-05,-5.13601662533e-05,-5.21258574281e-05,7.37684073119e-05,0.362408258475,29443,0.000380355922161,0.000380448719136,0.000373187940568,0.000370016798915,8.54322971903e-05,0.637591741525,51775,8204091,82040,81218,True,7
tomo_sample_2_051_rec,recon_01901.tiff,1901,100,0.5,-0.000596173383237,0.000903623481572,-5.63143446901e-05,-5.63451281952e-05,-5.20794128533e-05,-5.81170601208e-05,7.26749942029e-05,0.36373190087,29549,0.000379177966598,0.000379258131739,0.00037226403947,0.000369051606684,8.35228736993e-05,0.63626809913,51669,8204093,82040,81218,True,7
tomo_sample_2_051_rec,recon_01902.tiff,1902,100,0.5,-0.000609851668123,0.000894180133764,-5.63042734726e-05,-5.63862499224e-05,-5.20895482623e-05,-5.95969144946e-05,7.37584968023e-05,0.363674366976,29537,0.000378941264068,0.000378988917967,0.000372636306565,0.000353066997477,8.27192724877e-05,0.636325633024,51681,8204093,82040,81218,True,7
tomo_sample_2_051_rec,recon_01903.tiff,1903,100,0.5,-0.000644747874176,0.000900535890833,-5.6230186723e-05,-5.63040870729e-05,-5.21706351719e-05,-4.83574180139e-05,7.56749255338e-05,0.361653775687,29376,0.000379096545018,0.00037916532187,0.00037265913852,0.000354160528727,8.38826093137e-05,0.638346224313,51842,8204093,82040,81218,True,7
tomo_sample_2_051_rec,recon_01904.tiff,1904,100,0.5,-0.000624863902631,0.000893089927267,-5.62130939453e-05,-5.63090685821e-05,-5.16527561558e-05,-5.1583053854e-05,7.52959873663e-05,0.365497066358,29684,0.000379473794482,0.000379521123332,0.000373202536139,0.000357410424381,8.30720157967e-05,0.634502933642,51534,8204093,82040,81218,True,7
tomo_sample_2_051_rec,recon_01905.tiff,1905,100,0.5,-0.000616432942334,0.000872505813604,-5.61074968076e-05,-5.6218319924e-05,-5.20191752003e-05,-5.33143063164e-05,7.35047113175e-05,0.359814807019,29219,0.000378616565936,0.000378641727998,0.000372588081518,0.000372011712912,8.15193520935e-05,0.640185192981,51999,8204093,82040,81218,True,7
tomo_sample_2_051_rec,recon_01906.tiff,1906,100,0.5,-0.000653779918503,0.000883882521011,-5.67373206779e-05,-5.68090597686e-05,-5.18325286976e-05,-5.0670958019e-05,7.54265671199e-05,0.359965022127,29238,0.000379151970858,0.000379212120326,0.000372646172764,0.00037410653944,8.3653345368e-05,0.640034977873,51980,8204093,82040,81218,True,7
tomo_sample_2_051_rec,recon_01907.tiff,1907,100,0.5,-0.000634142572526,0.0008869694022,-5.67034858082e-05,-5.6836621069e-05,-5.23449070897e-05,-4.32925087547e-05,7.64495218865e-05,0.361961525327,29392,0.000379105039716,0.000379131846202,0.000373182541807,0.000384663363908,8.19694747225e-05,0.638038474673,51826,8204093,82040,81218,True,7
tomo_sample_2_051_rec,recon_01908.tiff,1908,100,0.5,-0.00066989718267,0.000891155014688,-5.73863684518e-05,-5.75210779469e-05,-5.28621603735e-05,-5.3183350271e-05,7.62973649214e-05,0.362745901373,29455,0.000378989525171,0.000379011411476,0.000373039249098,0.000349405037472,8.23838233198e-05,0.637254098627,51763,8204093,82040,81218,True,7
tomo_sample_2_051_rec,recon_01909.tiff,1909,100,0.5,-0.000653948794643,0.000855519250908,-5.68447366423e-05,-5.70536381028e-05,-5.20749927091e-05,-5.90950370077e-05,7.7803411246e-05,0.364268464765,29568,0.000378743659881,0.000378718563447,0.000372671638615,0.000370166698225,8.10472874916e-05,0.635731535235,51650,8204093,82040,81218,True,7
tomo_sample_2_051_rec,recon_01910.tiff,1910,100,0.5,-0.000637357244559,0.000880848708039,-5.56265355408e-05,-5.57050770626e-05,-5.19889727002e-05,-5.55265194083e-05,7.30572976252e-05,0.36065172132,29292,0.000378262633406,0.000378311856938,0.000372350405087,0.00037402529612,8.17190716553e-05,0.63934827868,51926,8204093,82040,81218,True,7
tomo_sample_2_051_rec,recon_01911.tiff,1911,100,0.5,-0.000594375808432,0.000876272578025,-5.5316579266e-05,-5.5355735211e-05,-5.15642896062e-05,-4.00335939516e-05,7.27838838142e-05,0.362020848801,29409,0.000378676885217,0.000378752645415,0.000372684677131,0.000358702765966,8.25421485744e-05,0.637979151199,51809,8204093,82040,81218,True,7
tomo_sample_2_051_rec,recon_01912.tiff,1912,100,0.5,-0.000630960281414,0.000887474177289,-5.54149584455e-05,-5.54209820353e-05,-5.12398291903e-05,-4.79039561207e-05,7.35779976569e-05,0.360776603212,29313,0.000379204710206,0.000379303952222,0.00037260906538,0.000365616113726,8.28315848536e-05,0.639223396788,51905,8204093,82040,81218,True,6
tomo_sample_2_051_rec,recon_01913.tiff,1913,100,0.5,-0.000623216131935,0.000896269474761,-5.49652292877e-05,-5.50064514432e-05,-5.13791910635e-05,-5.34013668527e-05,7.34012120484e-05,0.364091271375,29578,0.000378982590285,0.000379067000318,0.000372450100258,0.000363840191844,8.3659454503e-05,0.635908728625,51640,8204093,82040,81218,True,7
tomo_sample_2_051_rec,recon_01914.tiff,1914,100,0.5,-0.000670594548574,0.000882912452507,-5.68410161924e-05,-5.70554806855e-05,-5.17355892953e-05,-6.08688348895e-05,7.91852719853e-05,0.364398445655,29580,0.000379014644795,0.000379004870549,0.000372554452042,0.000348926136443,8.26335554346e-05,0.635601554345,51638,8204093,82040,81218,True,7
tomo_sample_2_051_rec,recon_01915.tiff,1915,100,0.5,-0.000582851303625,0.000898649387527,-5.53909969383e-05,-5.54359896557e-05,-5.16151503689e-05,-5.97492328546e-05,7.18132567775e-05,0.363248282596,29508,0.000378737287551,0.000378810824654,0.000372521099052,0.000380579216161,8.30045902463e-05,0.636751717404,51710,8204093,82040,81218,True,7
tomo_sample_2_051_rec,recon_01916.tiff,1916,100,0.5,-0.000604563699744,0.000905011134746,-5.51942206565e-05,-5.5277944211e-05,-5.15939700563e-05,-5.76325342598e-05,7.2598034235e-05,0.364692114239,29620,0.000379515538916,0.000379567272835,0.000373322865926,0.000389210932201,8.41207554291e-05,0.635307885761,51598,8204093,82040,81218,True,7
tomo_sample_2_051_rec,recon_01917.tiff,1917,100,0.5,-0.000604830773955,0.000900047245377,-5.48927848383e-05,-5.49469155548e-05,-5.10420177307e-05,-4.07239001503e-05,7.22682420916e-05,0.365028149888,29651,0.000379489577694,0.000379555608097,0.000372631649952,0.000359565049356,8.37808659515e-05,0.634971850112,51567,8204093,82040,81218,True,7
tomo_sample_2_051_rec,recon_01918.tiff,1918,100,0.5,-0.000632446528762,0.000891100601584,-5.43470003157e-05,-5.43884877122e-05,-5.01905888086e-05,-4.41029571438e-05,7.4780315926e-05,0.363730697104,29549,0.000378599170218,0.000378685910262,0.000372302922187,0.000379454161517,8.27995916866e-05,0.636269302896,51669,8204093,82040,81218,True,7
tomo_sample_2_051_rec,recon_01919.tiff,1919,100,0.5,-0.000633097375976,0.000878844860126,-5.42504730892e-05,-5.43566019683e-05,-5.04645486217e-05,-5.67698524534e-05,7.26864446953e-05,0.367377464495,29834,0.000378638471071,0.000378669231914,0.000372511945898,0.000369858760516,8.24013956313e-05,0.632622535505,51384,8204093,82040,81218,True,7
tomo_sample_2_051_rec,recon_01920.tiff,1920,100,0.5,-0.000670852403273,0.000919139898033,-5.56086118823e-05,-5.58015422558e-05,-5.10639001732e-05,-6.17649604289e-05,7.74131760406e-05,0.365533110484,29675,0.000379356965706,0.000379359449051,0.000372633337975,0.000371535408232,8.40769074039e-05,0.634466889516,51543,8204092,82040,81218,True,7
tomo_sample_2_051_rec,recon_01921.tiff,1921,100,0.5,-0.000634854195232,0.000870859083661,-5.48281850841e-05,-5.4906724207e-05,-5.0924190873e-05,-3.4614462987e-05,7.51459418105e-05,0.36454421061,29609,0.000378691428088,0.000378748653233,0.000372527516447,0.000371529953428,8.14177853628e-05,0.63545578939,51609,8204093,82040,81218,True,7
tomo_sample_2_051_rec,recon_01922.tiff,1922,100,0.5,-0.000624390767771,0.000859154239879,-5.48809112391e-05,-5.4969802538e-05,-5.05246644025e-05,-3.3228175642e-05,7.50939702302e-05,0.363839461165,29551,0.000379411144894,0.000379467758021,0.000373038463295,0.000366309930268,8.28712191584e-05,0.636160538835,51667,8204093,82040,81218,True,7
tomo_sample_2_051_rec,recon_01923.tiff,1923,100,0.5,-0.000634039593278,0.000910605625832,-5.48406474348e-05,-5.49225583267e-05,-5.08027278556e-05,-4.50253166161e-05,7.45849614688e-05,0.365712624684,29704,0.000379357432071,0.000379417745337,0.000372978232917,0.000386839307026,8.37417404996e-05,0.634287375316,51514,8204093,82040,81218,True,7
tomo_sample_2_051_rec,recon_01924.tiff,1924,100,0.5,-0.000683039954456,0.000912565732433,-5.57192441459e-05,-5.58500439979e-05,-5.07962467964e-05,-5.03898950071e-05,7.94015250158e-05,0.364519892202,29603,0.000379070143461,0.000379123457179,0.000372217182303,0.000370784880705,8.33791880951e-05,0.635480107798,51615,8204093,82040,81218,True,7
tomo_sample_2_051_rec,recon_01925.tiff,1925,100,0.5,-0.000685254926211,0.00089892825461,-5.61235427938e-05,-5.6288255574e-05,-5.09270848852e-05,-3.69433144444e-05,7.88636926962e-05,0.364441637416,29592,0.000379511766057,0.000379545247215,0.000373098388081,0.000368112962211,8.39453632289e-05,0.635558362584,51626,8204093,82040,81218,True,7
tomo_sample_2_051_rec,recon_01926.tiff,1926,100,0.5,-0.000602739958849,0.000872722106578,-5.53505789676e-05,-5.54209637281e-05,-5.14716812177e-05,-5.56106189162e-05,7.34111895977e-05,0.366241380015,29748,0.000378941019257,0.000379003701669,0.000372786074877,0.000377462211377,8.29511640156e-05,0.633758619985,51470,8204093,82040,81218,True,7
tomo_sample_2_051_rec,recon_01927.tiff,1927,100,0.5,-0.000619735227956,0.000883689715411,-5.47820637022e-05,-5.4829334671e-05,-5.09127530677e-05,-5.76462948657e-05,7.38040873446e-05,0.363285474894,29511,0.000378406251722,0.000378480819057,0.000372244539903,0.000382706811289,8.21155431311e-05,0.636714525106,51707,8204093,82040,81218,True,7
tomo_sample_2_051_rec,recon_01928.tiff,1928,100,0.5,-0.000643793828494,0.000876797405072,-5.47081517034e-05,-5.48645805952e-05,-5.04696217831e-05,-5.93752979472e-05,7.65816893454e-05,0.364264664135,29577,0.000379024511885,0.000379048194304,0.000372857728507,0.000383700747901,8.2680566973e-05,0.635735335865,51641,8204093,82040,81218,True,7
tomo_sample_2_051_rec,recon_01929.tiff,1929,100,0.5,-0.000651215993275,0.000885106304777,-5.50311906116e-05,-5.51062217518e-05,-5.06022261106e-05,-2.62817658081e-05,7.4979508412e-05,0.364771210439,29629,0.000378527833203,0.000378596237397,0.000372355338186,0.000387975963343,8.3086320512e-05,0.635228789561,51589,8204093,82040,81218,True,7
tomo_sample_2_051_rec,recon_01930.tiff,1930,100,0.5,-0.000623049347778,0.000883277179382,-5.60344552088e-05,-5.62009910079e-05,-5.20456305821e-05,-7.01097234562e-05,7.49575634744e-05,0.3657711901,29696,0.000378480368389,0.000378481861308,0.000372128008166,0.000361736213373,8.23769596415e-05,0.6342288099,51522,8204093,82040,81218,True,7
tomo_sample_2_051_rec,recon_01931.tiff,1931,100,0.5,-0.00064203429356,0.000890945536958,-5.62550362891e-05,-5.63558362318e-05,-5.18507731613e-05,-5.42323190025e-05,7.57697519597e-05,0.363562709601,29528,0.000378480784751,0.000378539744953,0.000371510599507,0.000367108726669,8.37841337306e-05,0.636437290399,51690,8204093,82040,81218,True,7
tomo_sample_2_051_rec,recon_01932.tiff,1932,100,0.5,-0.000587772122235,0.000866854114865,-5.48822584427e-05,-5.49318677645e-05,-5.13019931532e-05,-4.38286134448e-05,7.23512842936e-05,0.36366934709,29542,0.000379109035101,0.000379183611284,0.000373260219931,0.00037678643363,8.23913493425e-05,0.63633065291,51676,8204093,82040,81218,True,7
tomo_sample_2_051_rec,recon_01933.tiff,1933,100,0.5,-0.000612434596696,0.0008915991502,-5.55428632344e-05,-5.5619710898e-05,-5.17271037097e-05,-3.53427267139e-05,7.37544903769e-05,0.365737942231,29707,0.000379779137558,0.000379844548705,0.000373608840164,0.000363829304066,8.34983559014e-05,0.634262057769,51511,8204093,82040,81218,True,6
tomo_sample_2_051_rec,recon_01934.tiff,1934,100,0.5,-0.000624121230212,0.000869492898055,-5.45645315833e-05,-5.46567979576e-05,-5.0562506658e-05,-4.3760437696e-05,7.37732439635e-05,0.364696261467,29619,0.000378845710613,0.000378891105888,0.000372428010451,0.00035884372077,8.25633119628e-05,0.635303738533,51599,8204093,82040,81218,True,7
tomo_sample_2_051_rec,recon_01935.tiff,1935,100,0.5,-0.000600333869224,0.000874275892274,-5.43490786957e-05,-5.44423046225e-05,-5.10352765559e-05,-6.22227790779e-05,7.19976786916e-05,0.366968855749,29803,0.000378140540926,0.000378182159715,0.000372560229152,0.000357947254246,8.17752450844e-05,0.633031144251,51415,8204093,82040,81218,True,7
tomo_sample_2_051_rec,recon_01936.tiff,1936,100,0.5,-0.000674210497818,0.00088234669267,-5.63448928454e-05,-5.65904032074e-05,-5.14538114658e-05,-6.24895670603e-05,7.92164000903e-05,0.365607015774,29675,0.000378263932889,0.00037824616496,0.000371983478544,0.000360340702772,8.24076015592e-05,0.634392984226,51543,8204093,82040,81218,True,7
tomo_sample_2_051_rec,recon_01937.tiff,1937,100,0.5,-0.000629467723484,0.000860966786568,-5.44905892255e-05,-5.46363710247e-05,-5.05205807713e-05,-5.55652833904e-05,7.5581267249e-05,0.365919518286,29712,0.000378303149914,0.000378326314062,0.000373008064344,0.000363597895837,8.15368851419e-05,0.634080481714,51506,8204093,82040,81218,True,7
tomo_sample_2_051_rec,recon_01938.tiff,1938,100,0.5,-0.000576575951127,0.000887664019247,-5.38397868861e-05,-5.38736675268e-05,-5.10437166668e-05,-4.79290664481e-05,7.09118301069e-05,0.368052605776,29900,0.000378074616865,0.000378157509522,0.00037185860856,0.000371022659065,8.27983919165e-05,0.631947394224,51318,8204093,82040,81218,True,7
tomo_sample_2_051_rec,recon_01939.tiff,1939,100,0.5,-0.000619206770789,0.000883662157285,-5.54597854481e-05,-5.5507541779e-05,-5.16817599419e-05,-5.05504732825e-05,7.47377903581e-05,0.365394433004,29683,0.000378170919898,0.000378252235385,0.000371842616005,0.000361890287907,8.19733788721e-05,0.634605566996,51535,8204093,82040,81218,True,7
tomo_sample_2_051_rec,recon_01940.tiff,1940,100,0.5,-0.000575689248799,0.000880421278125,-5.38151550851e-05,-5.39252636435e-05,-4.97365144838e-05,-3.57363808486e-05,7.34498375829e-05,0.366536233104,29767,0.000377564412311,0.000377608498297,0.00037194028846,0.000352465331498,8.21288667659e-05,0.633463766896,51451,8204093,82040,81218,True,7
tomo_sample_2_051_rec,recon_01941.tiff,1941,100,0.5,-0.000634093864355,0.000885466873588,-5.53240869485e-05,-5.54135871653e-05,-5.15671563335e-05,-5.9297550377e-05,7.49861545036e-05,0.364425941426,29600,0.000378778469131,0.000378847065454,0.000372331574908,0.000364124971419,8.37025747887e-05,0.635574058574,51618,8204093,82040,81218,True,7
tomo_sample_2_051_rec,recon_01942.tiff,1942,100,0.5,-0.000633959736151,0.000896884024842,-5.46575721094e-05,-5.46868113511e-05,-5.04764029756e-05,-5.060517166e-05,7.58821935879e-05,0.36525071008,29676,0.000378058205567,0.000378167959318,0.000371910689864,0.000347015301925,8.32233766078e-05,0.63474928992,51542,8204093,82040,81218,True,6
tomo_sample_2_051_rec,recon_01943.tiff,1943,100,0.5,-0.000640662636142,0.0008957183233,-5.61018923963e-05,-5.61989385284e-05,-5.15513693244e-05,-4.42243251221e-05,7.69133658232e-05,0.363724495774,29542,0.000377829420156,0.000377893497098,0.000371196772903,0.000363390158253,8.31202489973e-05,0.636275504226,51676,8204093,82040,81218,True,7
tomo_sample_2_051_rec,recon_01944.tiff,1944,100,0.5,-0.000693646399886,0.000895014230045,-5.61502887365e-05,-5.63537388335e-05,-5.10845784447e-05,-6.44924023392e-05,8.01213406549e-05,0.364567932472,29598,0.000377433254309,0.000377453496402,0.000371280650143,0.000360570256776,8.29071199607e-05,0.635432067528,51620,8204093,82040,81218,True,7
tomo_sample_2_051_rec,recon_01945.tiff,1945,100,0.5,-0.000650637647777,0.000856642892468,-5.55821994601e-05,-5.574328787e-05,-5.13894519827e-05,-5.14722038816e-05,7.73066682066e-05,0.365375722164,29666,0.000377781940216,0.000377798264723,0.000371859743609,0.00037942012422,8.05416360902e-05,0.634624277836,51552,8204093,82040,81218,True,7
tomo_sample_2_051_rec,recon_01946.tiff,1946,100,0.5,-0.000658674488077,0.000880803983891,-5.54359088169e-05,-5.55641864443e-05,-5.13192662766e-05,-4.68551866255e-05,7.62957709592e-05,0.364297530135,29584,0.000377844725685,0.000377888712262,0.000372010821593,0.000360121439923,8.27075095596e-05,0.635702469865,51634,8204093,82040,81218,True,7
tomo_sample_2_051_rec,recon_01947.tiff,1947,100,0.5,-0.000643375516229,0.000896739587188,-5.56230806208e-05,-5.57331660941e-05,-5.16100099048e-05,-5.92611689569e-05,7.5693597931e-05,0.366211849261,29742,0.000378322711844,0.000378377938194,0.000371765054297,0.000359301210174,8.37877228887e-05,0.633788150739,51476,8204093,82040,81218,True,7
tomo_sample_2_051_rec,recon_01948.tiff,1948,100,0.5,-0.000614452584996,0.000890297939477,-5.56058762801e-05,-5.56863915559e-05,-5.17321714142e-05,-4.88530896291e-05,7.43028058292e-05,0.365283556662,29671,0.000378036475925,0.000378111424883,0.000372003036318,0.000364087402963,8.40022400834e-05,0.634716443338,51547,8204093,82040,81218,True,7
tomo_sample_2_051_rec,recon_01949.tiff,1949,100,0.5,-0.00065497029369,0.00087882600259,-5.60920477461e-05,-5.62616855289e-05,-5.17563676112e-05,-5.05889283163e-05,7.72209726956e-05,0.363014658763,29475,0.000377221080768,0.000377248001018,0.000371405913029,0.000360655224811,8.21695043612e-05,0.636985341237,51743,8204092,82040,81218,True,7
tomo_sample_2_051_rec,recon_01950.tiff,1950,100,0.5,-0.000610318236286,0.000907260185631,-5.56236120626e-05,-5.56153603729e-05,-5.16748950758e-05,-4.98572089087e-05,7.51876159972e-05,0.362208682025,29437,0.000378015542833,0.000378171099783,0.000371181726223,0.000360141558864,8.61418397801e-05,0.637791317975,51781,8204093,82040,81218,True,7
tomo_sample_2_051_rec,recon_01951.tiff,1951,100,0.5,-0.000669411671115,0.000892538684711,-5.64613528934e-05,-5.6570040278e-05,-5.23188755324e-05,-6.38737640745e-05,7.71538654261e-05,0.366378362526,29757,0.000378044039866,0.000378110958665,0.000371669448214,0.000360394733029,8.36294432919e-05,0.633621637474,51461,8204093,82040,81218,True,7
tomo_sample_2_051_rec,recon_01952.tiff,1952,100,0.5,-0.000626048608392,0.000874731006334,-5.56464280149e-05,-5.57007416183e-05,-5.21911679243e-05,-6.37160213312e-05,7.48314141788e-05,0.358059514803,29088,0.000376660411298,0.000376749782192,0.000370899986592,0.000375096334954,8.2488096193e-05,0.641940485197,52130,8204092,82040,81218,True,7
tomo_sample_2_051_rec,recon_01953.tiff,1953,100,0.5,-0.000644311385986,0.000876280175871,-5.58837148807e-05,-5.60336289826e-05,-5.11211765115e-05,-3.92722289653e-05,7.7112937423e-05,0.362409800912,29429,0.000377225553478,0.000377267261097,0.000371346017346,0.000357649436364,8.34401170369e-05,0.637590199088,51789,8204093,82040,81218,True,7
tomo_sample_2_051_rec,recon_01954.tiff,1954,100,0.5,-0.000638573748292,0.000900797590148,-5.45465353152e-05,-5.46489212491e-05,-5.01979775436e-05,-6.15725410727e-05,7.73239337167e-05,0.366138747124,29741,0.000377670842284,0.000377763104755,0.000371477100998,0.000359147976268,8.49280409958e-05,0.633861252876,51477,8204093,82040,81218,True,7
tomo_sample_2_051_rec,recon_01955.tiff,1955,100,0.5,-0.000654998706887,0.000892816600681,-5.48492230801e-05,-5.49365833144e-05,-5.11448415637e-05,-5.12788221245e-05,7.60505771727e-05,0.362820692889,29472,0.000377607599874,0.000377694370194,0.000371540751075,0.000353179486316,8.46639798334e-05,0.637179307111,51746,8204093,82040,81218,True,7
tomo_sample_2_051_rec,recon_01956.tiff,1956,100,0.5,-0.000649831015908,0.0008881832115,-5.59602374236e-05,-5.60574435747e-05,-5.18392334925e-05,-5.78423633483e-05,7.86604053259e-05,0.366414925077,29764,0.000377653104342,0.000377747362786,0.000371751753846,0.000363239787661,8.376279851e-05,0.633585074923,51454,8204093,82040,81218,True,7
tomo_sample_2_051_rec,recon_01957.tiff,1957,100,0.5,-0.000653803776077,0.000881685888744,-5.42677720347e-05,-5.44031280747e-05,-4.94437153975e-05,-3.7857102202e-05,7.74956366187e-05,0.367368972239,29835,0.000377770918314,0.00037783292042,0.000371484347852,0.000367746951767,8.38667158757e-05,0.632631027761,51383,8204093,82040,81218,True,7
tomo_sample_2_051_rec,recon_01958.tiff,1958,100,0.5,-0.000691515303624,0.000881357704639,-5.50720078715e-05,-5.52861365861e-05,-4.99027810292e-05,-4.79295792184e-05,7.99314378614e-05,0.363240958351,29491,0.000376699526146,0.000376732257995,0.000371004716726,0.000368353216693,8.34579437831e-05,0.636759041649,51727,8204093,82040,81218,True,7
tomo_sample_2_051_rec,recon_01959.tiff,1959,100,0.5,-0.000641124563699,0.000900191919354,-5.4829350985e-05,-5.48667732144e-05,-5.08982029714e-05,-5.72784293896e-05,7.69265672997e-05,0.361809054763,29400,0.000377656354275,0.000377799376531,0.000371340182028,0.000349810580848,8.56929004568e-05,0.638190945237,51818,8204093,82040,81218,True,7
tomo_sample_2_051_rec,recon_01960.tiff,1960,100,0.5,-0.000620196949458,0.000884375426976,-5.48427381501e-05,-5.49855598701e-05,-5.10130939801e-05,-5.61673662999e-05,7.59512704912e-05,0.360943798952,29312,0.000377372849824,0.000377427411119,0.000371202273527,0.000348075728084,8.43829955268e-05,0.639056201048,51906,8204093,82040,81218,True,7
tomo_sample_2_051_rec,recon_01961.tiff,1961,100,0.5,-0.000642390206631,0.000891593564593,-5.53228283375e-05,-5.54453391089e-05,-5.08685916429e-05,-4.17106826132e-05,7.63565607753e-05,0.363184333092,29497,0.000377412371873,0.000377481361095,0.000370982539607,0.000354353441992,8.45641970464e-05,0.636815666908,51721,8204093,82040,81218,True,7
tomo_sample_2_051_rec,recon_01962.tiff,1962,100,0.5,-0.000662274369388,0.000878433814214,-5.53334632198e-05,-5.554344867e-05,-5.09707715537e-05,-5.55630430888e-05,7.86004780969e-05,0.362317152508,29414,0.000377361519587,0.000377374883859,0.000371203495888,0.000366677043597,8.32340559859e-05,0.637682847492,51804,8204093,82040,81218,True,7
tomo_sample_2_051_rec,recon_01963.tiff,1963,100,0.5,-0.00061516490241,0.000909181603347,-5.6303311577e-05,-5.63616979909e-05,-5.28087894054e-05,-5.57035170707e-05,7.57440684386e-05,0.36421936545,29590,0.000377322943954,0.000377430584335,0.000371532441932,0.000358887067385,8.45186980641e-05,0.63578063455,51628,8204093,82040,81218,True,7
tomo_sample_2_051_rec,recon_01964.tiff,1964,100,0.5,-0.000658293322194,0.000891223394137,-5.55150741981e-05,-5.56809610172e-05,-5.11472499056e-05,-4.78330529607e-05,7.76901997565e-05,0.362607206306,29445,0.00037732967108,0.000377380273871,0.000371279165847,0.000381272734235,8.47072242609e-05,0.637392793694,51773,8204093,82040,81218,True,7
tomo_sample_2_051_rec,recon_01965.tiff,1965,100,0.5,-0.000618218651216,0.000891749367293,-5.48301983912e-05,-5.49837192482e-05,-5.06525848323e-05,-4.26299980481e-05,7.60259260075e-05,0.361058094129,29320,0.000377457312081,0.00037750725861,0.00037090999831,0.000358064411205,8.49959640556e-05,0.638941905871,51898,8204093,82040,81218,True,7
tomo_sample_2_051_rec,recon_01966.tiff,1966,100,0.5,-0.000638155666529,0.000882642516517,-5.60094044199e-05,-5.6119533808e-05,-5.18248089065e-05,-6.39932205706e-05,7.63155756216e-05,0.364187267692,29581,0.000376926747839,0.000377010281914,0.000370813097106,0.000363145805207,8.51414667281e-05,0.635812732308,51637,8204093,82040,81218,True,7
tomo_sample_2_051_rec,recon_01967.tiff,1967,100,0.5,-0.000616810976935,0.000895344955788,-5.58973844411e-05,-5.60487766145e-05,-5.17939533893e-05,-6.48078478607e-05,7.55552395505e-05,0.359192813347,29168,0.000376615156542,0.000376659095393,0.000370549809304,0.000350814958883,8.44515283941e-05,0.640807186653,52050,8204091,82040,81218,True,6
tomo_sample_2_051_rec,recon_01968.tiff,1968,100,0.5,-0.000601137965859,0.000888069707144,-5.57495734194e-05,-5.5888264161e-05,-5.16046438861e-05,-5.59892275886e-05,7.53563643514e-05,0.361063028227,29322,0.000375995287615,0.000376050213875,0.000370346751879,0.000371525411541,8.37518423005e-05,0.638936971773,51896,8204093,82040,81218,True,7
tomo_sample_2_051_rec,recon_01969.tiff,1969,100,0.5,-0.00066010478331,0.000894327519054,-5.63643510821e-05,-5.66046575105e-05,-5.17824100825e-05,-5.18993198678e-05,7.98718328966e-05,0.359628824931,29194,0.000376672022151,0.000376687561217,0.000370733512682,0.00036611012254,8.40560114572e-05,0.640371175069,52024,8204093,82040,81218,True,7
tomo_sample_2_051_rec,recon_01970.tiff,1970,100,0.5,-0.000691614893731,0.000886318846606,-5.618439722e-05,-5.64553039153e-05,-5.14846069564e-05,-6.85467742891e-05,8.18543899397e-05,0.364106780192,29556,0.000377269944206,0.000377290482331,0.000370960944565,0.000367139076091,8.42838966719e-05,0.635893219808,51662,8204093,82040,81218,True,7
tomo_sample_2_051_rec,recon_01971.tiff,1971,100,0.5,-0.000684310135257,0.000884444621333,-5.58793299372e-05,-5.61141251174e-05,-5.12562510266e-05,-4.41223477156e-05,7.89056174269e-05,0.361671718657,29360,0.000376360184201,0.000376374311192,0.000370579989976,0.0003532545778,8.35566959025e-05,0.638328281343,51858,8204093,82040,81218,True,7
tomo_sample_2_051_rec,recon_01972.tiff,1972,100,0.5,-0.000637541867036,0.000885712178133,-5.59694521069e-05,-5.60735074126e-05,-5.19569366588e-05,-6.19498589314e-05,7.66590993967e-05,0.36092548094,29317,0.000376987449457,0.000377074207939,0.000370523775928,0.000368722633096,8.45137663084e-05,0.63907451906,51901,8204093,82040,81218,True,6
tomo_sample_2_051_rec,recon_01973.tiff,1973,100,0.5,-0.000640090173983,0.0009132019346,-5.58867523414e-05,-5.60618202433e-05,-5.18058004673e-05,-6.82546199337e-05,7.77150443158e-05,0.361311580131,29341,0.00037789520754,0.00037796074412,0.000371277885279,0.000385054377292,8.68891047467e-05,0.638688419869,51877,8204093,82040,81218,True,7
tomo_sample_2_051_rec,recon_01974.tiff,1974,100,0.5,-0.000716156073031,0.000911547999713,-5.70965699444e-05,-5.74172808745e-05,-5.17317457707e-05,-4.76737307407e-05,8.25948552357e-05,0.362842910362,29449,0.000377501791414,0.000377513177765,0.000370521622244,0.00035967913995,8.66339461658e-05,0.637157089638,51769,8204093,82040,81218,True,7
tomo_sample_2_051_rec,recon_01975.tiff,1975,100,0.5,-0.000656973697769,0.000885411661875,-5.54752985035e-05,-5.56103946663e-05,-5.12313454237e-05,-4.27973770791e-05,7.90466327074e-05,0.360956498253,29316,0.000377772565924,0.000377847496511,0.000372065114789,0.000373957682132,8.44080029241e-05,0.639043501747,51902,8204093,82040,81218,True,7
tomo_sample_2_051_rec,recon_01976.tiff,1976,100,0.5,-0.000608226193872,0.000899323942431,-5.49080515231e-05,-5.50150901133e-05,-5.13927225256e-05,-5.69851916055e-05,7.46488691659e-05,0.362909975818,29477,0.000376967849866,0.000377047006097,0.000370670866687,0.000367858064805,8.55711297384e-05,0.637090024182,51741,8204093,82040,81218,True,7
tomo_sample_2_051_rec,recon_01977.tiff,1977,100,0.5,-0.000620593445783,0.000887240830925,-5.43650443879e-05,-5.44509203883e-05,-4.97376149724e-05,-3.82960886789e-05,7.78445347087e-05,0.362094742328,29416,0.000377041214242,0.000377151516608,0.000371058224118,0.000385449586436,8.43300809443e-05,0.637905257672,51802,8204093,82040,81218,True,7
tomo_sample_2_051_rec,recon_01978.tiff,1978,100,0.5,-0.000657875153702,0.000898696814547,-5.5858869041e-05,-5.59743258969e-05,-5.15036663273e-05,-5.2267302243e-05,7.89413942898e-05,0.362577470141,29453,0.000377995283816,0.000378104416047,0.000371274101781,0.000367679681373,8.60738629269e-05,0.637422529859,51765,8204093,82040,81218,True,7
tomo_sample_2_051_rec,recon_01979.tiff,1979,100,0.5,-0.00061891265068,0.000897646437515,-5.47970673855e-05,-5.48602056609e-05,-5.04554300278e-05,-4.49413429067e-05,7.71911969842e-05,0.361642751088,29383,0.000377344783847,0.000377473105493,0.000371477566659,0.00036075784286,8.52527920385e-05,0.638357248912,51835,8204093,82040,81218,True,7
tomo_sample_2_051_rec,recon_01980.tiff,1980,100,0.5,-0.000607630387822,0.000875432204048,-5.4461174654e-05,-5.45605055911e-05,-5.06551623403e-05,-5.2279128996e-05,7.51677339665e-05,0.360334349045,29271,0.000376814198026,0.000376914708911,0.000370333727915,0.000358200148735,8.58353781758e-05,0.639665650955,51947,8204093,82040,81218,True,7
tomo_sample_2_051_rec,recon_01981.tiff,1981,100,0.5,-0.000635131478193,0.000888767659781,-5.48892261298e-05,-5.49278069208e-05,-5.13391787536e-05,-6.09984855518e-05,7.58816355143e-05,0.363809951697,29560,0.000377521619399,0.000377644841683,0.000371357717086,0.000379327620651,8.46357165087e-05,0.636190048303,51658,8204093,82040,81218,True,7
tomo_sample_2_051_rec,recon_01982.tiff,1982,100,0.5,-0.000657172317733,0.000882424951997,-5.36887080614e-05,-5.39001472409e-05,-4.95558706461e-05,-5.07265530544e-05,7.83296315567e-05,0.361581200678,29357,0.000377160241008,0.000377197667444,0.000370791618479,0.000361387688358,8.46107263851e-05,0.638418799322,51861,8204093,82040,81218,True,7
tomo_sample_2_051_rec,recon_01983.tiff,1983,100,0.5,-0.000630566486507,0.000870024214382,-5.45731285645e-05,-5.46800776395e-05,-5.01979593537e-05,-5.35332579814e-05,7.65574709351e-05,0.362359838466,29432,0.000377078962904,0.000377155238554,0.000371585803805,0.00036293024773,8.27471720713e-05,0.637640161534,51786,8204093,82040,81218,True,6
tomo_sample_2_051_rec,recon_01984.tiff,1984,100,0.5,-0.000600095524278,0.00089105120278,-5.43391940299e-05,-5.44235265438e-05,-5.01764370711e-05,-4.94790911231e-05,7.48805886681e-05,0.361847167776,29395,0.000377436152882,0.000377538116895,0.000371018948499,0.000377734720953,8.56343937688e-05,0.638152832224,51823,8204093,82040,81218,True,7
tomo_sample_2_051_rec,recon_01985.tiff,1985,100,0.5,-0.000612460355624,0.000883031803824,-5.55160242678e-05,-5.56478161209e-05,-5.17968583154e-05,-5.23289907845e-05,7.58120233025e-05,0.364730711926,29621,0.000376599222201,0.000376660653281,0.000370079331333,0.00037025136679,8.39715279596e-05,0.635269288074,51597,8204093,82040,81218,True,7
tomo_sample_2_051_rec,recon_01986.tiff,1986,100,0.5,-0.000610148037667,0.000878425966948,-5.55612659958e-05,-5.56577180532e-05,-5.18308188475e-05,-4.97982583758e-05,7.56261951538e-05,0.362062400661,29410,0.000377232458703,0.000377320760317,0.000370774054318,0.000368450246197,8.51374930173e-05,0.637937599339,51808,8204093,82040,81218,True,7
tomo_sample_2_051_rec,recon_01987.tiff,1987,100,0.5,-0.000652229554544,0.000882100290328,-5.52419524885e-05,-5.54476970144e-05,-5.02881339344e-05,-4.65414066737e-05,8.05178196461e-05,0.365297651336,29663,0.000377506974837,0.000377577133122,0.000370776891941,0.000368005821524,8.61629000305e-05,0.634702348664,51555,8204093,82040,81218,True,7
tomo_sample_2_051_rec,recon_01988.tiff,1988,100,0.5,-0.000653789429634,0.000884781290661,-5.45978171562e-05,-5.47621018732e-05,-4.9944705097e-05,-3.84097787615e-05,7.80664489073e-05,0.360916083377,29310,0.000376744101968,0.000376812913314,0.000370869602193,0.000361964691807,8.45459058114e-05,0.639083916623,51908,8204092,82040,81218,True,7
tomo_sample_2_051_rec,recon_01989.tiff,1989,100,0.5,-0.000642951220216,0.000861525386863,-5.50859184593e-05,-5.52808964964e-05,-5.10472491442e-05,-4.78868400768e-05,7.79038528179e-05,0.36332855428,29500,0.000376120981886,0.000376158671757,0.00037067377707,0.000355475124287,8.3496290347e-05,0.63667144572,51718,8204093,82040,81218,True,7
tomo_sample_2_051_rec,recon_01990.tiff,1990,100,0.5,-0.000647294938681,0.000883598883811,-5.62525693397e-05,-5.64362965463e-05,-5.18797969562e-05,-5.83510023498e-05,7.94026123985e-05,0.362377419652,29426,0.000376228126629,0.000376286007293,0.00037000978773,0.00037205565267,8.46047722248e-05,0.637622580348,51792,8204093,82040,81218,True,7
tomo_sample_2_051_rec,recon_01991.tiff,1991,100,0.5,-0.000649663286458,0.000883577148488,-5.53072212845e-05,-5.5446311149e-05,-5.08556004206e-05,-5.03514656274e-05,8.0097749625e-05,0.362555638278,29449,0.000376903966918,0.000377007769335,0.000370836991351,0.000371630515241,8.50019779002e-05,0.637444361722,51769,8204093,82040,81218,True,7
tomo_sample_2_051_rec,recon_01992.tiff,1992,100,0.5,-0.000652125880006,0.000874392277037,-5.60960663393e-05,-5.63028646435e-05,-5.15839819855e-05,-5.34426156023e-05,7.94245256669e-05,0.362111681016,29401,0.000376565425248,0.000376607727208,0.000370258465409,0.000361345773491,8.45224092026e-05,0.637888318984,51817,8204093,82040,81218,True,7
tomo_sample_2_051_rec,recon_01993.tiff,1993,100,0.5,-0.000602373079164,0.00087589360337,-5.51789279175e-05,-5.52609237037e-05,-5.14659222972e-05,-3.3000953571e-05,7.46524290755e-05,0.360447715434,29281,0.000376410244184,0.000376507639229,0.000370744674001,0.000372488439441,8.46150561986e-05,0.639552284566,51937,8204093,82040,81218,True,7
tomo_sample_2_051_rec,recon_01994.tiff,1994,100,0.5,-0.000668785841845,0.000867000509752,-5.48163194969e-05,-5.49953105299e-05,-5.06189371663e-05,-4.97689725658e-05,7.99427798178e-05,0.366191948641,29736,0.000377037490467,0.000377095765276,0.000371357920812,0.000372611052969,8.32913517651e-05,0.633808051359,51482,8204093,82040,81218,True,7
tomo_sample_2_051_rec,recon_01995.tiff,1995,100,0.5,-0.000618919757544,0.000887236789276,-5.51163413716e-05,-5.52641273868e-05,-5.09519413754e-05,-6.07443140493e-05,7.82500449613e-05,0.362573955174,29445,0.000377261188881,0.000377324098106,0.000370782217942,0.000368301406787,8.39599626283e-05,0.637426044826,51773,8204093,82040,81218,True,7
tomo_sample_2_051_rec,recon_01996.tiff,1996,100,0.5,-0.00063013754756,0.000874830879329,-5.53986627459e-05,-5.56273196824e-05,-5.10797071911e-05,-5.35906154696e-05,7.85654371452e-05,0.361539253264,29350,0.000377236632563,0.000377253456747,0.000371260248357,0.000363326179012,8.38043462133e-05,0.638460746736,51868,8204093,82040,81218,True,7
tomo_sample_2_051_rec,recon_01997.tiff,1997,100,0.5,-0.000655631748086,0.000875655308191,-5.51220522068e-05,-5.52525442019e-05,-5.09236451762e-05,-5.38958121838e-05,7.97463074235e-05,0.364936611986,29641,0.000376702786306,0.000376790993061,0.000371384609025,0.000373091975587,8.3457848738e-05,0.635063388014,51577,8204093,82040,81218,True,7
tomo_sample_2_051_rec,recon_01998.tiff,1998,100,0.5,-0.000617463967355,0.000857220986509,-5.49251735546e-05,-5.50315293285e-05,-5.1216360589e-05,-5.9340601891e-05,7.65241074042e-05,0.363900102755,29556,0.000375917255766,0.000375984452509,0.000370557594579,0.00037363281495,8.18409405092e-05,0.636099897245,51662,8204093,82040,81218,True,7
tomo_sample_2_051_rec,recon_01999.tiff,1999,100,0.5,-0.000659711484623,0.0008960978908,-5.50921573157e-05,-5.534497295e-05,-4.99600810144e-05,-5.65695400303e-05,8.07091622465e-05,0.359791040247,29208,0.000377578294745,0.000377607893299,0.000371224959963,0.000373779627008,8.50414370208e-05,0.640208959753,52010,8204093,82040,81218,True,7
tomo_sample_2_051_rec,recon_02000.tiff,2000,100,0.5,-0.000670761567599,0.000881206966587,-5.48808304805e-05,-5.50621889877e-05,-5.06631695316e-05,-5.54848926713e-05,7.98677004512e-05,0.364285255353,29582,0.000376005863865,0.000376072046292,0.000370435634977,0.000372231535442,8.32804690511e-05,0.635714744647,51636,8204093,82040,81218,True,7
tomo_sample_2_051_rec,recon_02001.tiff,2001,100,0.5,-0.000637695308542,0.000887865945406,-5.45456576304e-05,-5.46663776708e-05,-5.05082753079e-05,-5.52243294674e-05,7.79553874086e-05,0.364635710066,29617,0.000376110244029,0.000376196365525,0.000369988410966,0.000379336773175,8.38718621103e-05,0.635364289934,51601,8204093,82040,81218,True,7
tomo_sample_2_051_rec,recon_02002.tiff,2002,100,0.5,-0.000669564137934,0.000886166720884,-5.58276752209e-05,-5.60077389245e-05,-5.10967583978e-05,-4.25541436506e-05,8.09674266053e-05,0.363801749672,29543,0.000376431015405,0.000376498403975,0.000370312103769,0.000382860799618,8.38820819046e-05,0.636198250328,51675,8204093,82040,81218,True,7
tomo_sample_2_051_rec,recon_02003.tiff,2003,100,0.5,-0.000650081950007,0.000893033588072,-5.52348249908e-05,-5.54971086108e-05,-5.07383047079e-05,-5.98553564116e-05,7.88642973408e-05,0.365316346422,29653,0.000376015124935,0.000376021579276,0.000370249064872,0.000346553549908,8.43010835256e-05,0.634683653578,51565,8204092,82040,81218,True,7
tomo_sample_2_051_rec,recon_02004.tiff,2004,100,0.5,-0.000647814054973,0.000877567261632,-5.49681911137e-05,-5.52598938103e-05,-5.07363256474e-05,-5.26359435025e-05,7.92739715473e-05,0.360228287553,29237,0.00037563558018,0.000375633798153,0.000370519759599,0.000364378291871,8.36992716059e-05,0.639771712447,51981,8204093,82040,81218,True,7
tomo_sample_2_051_rec,recon_02005.tiff,2005,100,0.5,-0.000658740437357,0.000878609661595,-5.45221812471e-05,-5.47356789092e-05,-5.04214949615e-05,-3.96791450174e-05,7.79375692074e-05,0.360712956396,29284,0.000375830394474,0.000375848151533,0.000370165755157,0.000362613175242,8.30240874511e-05,0.639287043604,51934,8204093,82040,81218,True,7
tomo_sample_2_051_rec,recon_02006.tiff,2006,100,0.5,-0.000596707262157,0.00087031313742,-5.50164167291e-05,-5.51258428969e-05,-5.12713922944e-05,-4.79008253981e-05,7.39312939089e-05,0.362469957035,29439,0.000375854274607,0.000375915781892,0.000370367459254,0.000378318698052,8.30946693304e-05,0.637530042965,51779,8204093,82040,81218,True,7
tomo_sample_2_051_rec,recon_02007.tiff,2007,100,0.5,-0.000651015191688,0.000876025244943,-5.62096144635e-05,-5.64298451202e-05,-5.15847696079e-05,-6.74153555457e-05,7.9781695858e-05,0.362005417055,29390,0.000375636470376,0.000375666734926,0.00037011798122,0.000360331906839,8.33674619782e-05,0.637994582945,51828,8204093,82040,81218,True,7
tomo_sample_2_051_rec,recon_02008.tiff,2008,100,0.5,-0.000618427915906,0.000877226176381,-5.51323861199e-05,-5.52688238934e-05,-5.1452574553e-05,-6.3687431403e-05,7.47103180085e-05,0.360574611925,29281,0.000375648099683,0.000375690608855,0.000370121415472,0.000358256145389,8.29087774867e-05,0.639425388075,51937,8204093,82040,81218,True,7
tomo_sample_2_051_rec,recon_02009.tiff,2009,100,0.5,-0.000611633915396,0.000855323018914,-5.52554649197e-05,-5.53665298353e-05,-5.12742863066e-05,-5.43593060754e-05,7.72873050183e-05,0.361577706485,29368,0.00037581495446,0.000375889350265,0.00037068570964,0.000375230556896,8.23023169269e-05,0.638422293515,51850,8204093,82040,81218,True,7
tomo_sample_2_051_rec,recon_02010.tiff,2010,100,0.5,-0.000606849961914,0.000910971299745,-5.52089606939e-05,-5.53013249108e-05,-5.17744974786e-05,-5.2236515902e-05,7.57164503288e-05,0.360848455219,29314,0.000375883107522,0.000375990173527,0.00037047736987,0.00035197491722,8.50195071753e-05,0.639151544781,51904,8204092,82040,81218,True,7
tomo_sample_2_051_rec,recon_02011.tiff,2011,100,0.5,-0.00056707254902,0.000858181180083,-5.42857420124e-05,-5.43333194138e-05,-5.10099889652e-05,-5.23262442513e-05,7.23737139246e-05,0.360644752547,29299,0.000375572494801,0.00037566685802,0.000370341178495,0.000369773460811,8.22279821976e-05,0.639355247453,51919,8204093,82040,81218,True,7
tomo_sample_2_051_rec,recon_02012.tiff,2012,100,0.5,-0.000585584241489,0.00087815073377,-5.46110276464e-05,-5.4780987015e-05,-5.07026270498e-05,-3.71330774355e-05,7.66620524638e-05,0.360708022285,29289,0.000374951315721,0.00037498940254,0.000369657529518,0.000353849201708,8.22714362829e-05,0.639291977715,51929,8204093,82040,81218,True,7
tomo_sample_2_051_rec,recon_02013.tiff,2013,100,0.5,-0.000619558724284,0.000861947501544,-5.42584788944e-05,-5.44613353515e-05,-5.0013375585e-05,-3.57045811816e-05,7.71093069336e-05,0.359964511451,29225,0.000375452385283,0.000375478822246,0.00036984498729,0.000350038008583,8.27839135601e-05,0.640035488549,51993,8204093,82040,81218,True,7
tomo_sample_2_051_rec,recon_02014.tiff,2014,100,0.5,-0.000559910706361,0.000872565621394,-5.38768338884e-05,-5.38658518911e-05,-5.08377834194e-05,-6.00772038221e-05,7.37997104578e-05,0.361783675106,29402,0.000375587228994,0.000375735602172,0.000370343143004,0.000350324846109,8.2479999757e-05,0.638216324894,51816,8204092,82040,81218,True,6
tomo_sample_2_051_rec,recon_02015.tiff,2015,100,0.5,-0.000597846072342,0.000862659580016,-5.36663150041e-05,-5.37104753074e-05,-5.06303731527e-05,-5.61515176619e-05,7.36546737401e-05,0.361694453147,29386,0.000375083949115,0.000375190876906,0.000369854125893,0.000376211824089,8.22191754639e-05,0.638305546853,51832,8204093,82040,81218,True,7
tomo_sample_2_051_rec,recon_02016.tiff,2016,100,0.5,-0.000605470862938,0.000847612263169,-5.38715330474e-05,-5.41125830113e-05,-4.99948782817e-05,-4.74716199531e-05,7.59665705576e-05,0.35908060298,29146,0.000375140855351,0.000375129056544,0.000370465277229,0.000356278940961,8.13301062995e-05,0.64091939702,52072,8204093,82040,81218,True,7
tomo_sample_2_051_rec,recon_02017.tiff,2017,100,0.5,-0.000584098772961,0.000891802207334,-5.40712861968e-05,-5.41252732108e-05,-5.02454313391e-05,-4.58132522739e-05,7.33869495339e-05,0.359482970425,29205,0.000375960254658,0.000376060944211,0.000370396999642,0.000345117378372,8.37306404294e-05,0.640517029575,52013,8204093,82040,81218,True,7
tomo_sample_2_051_rec,recon_02018.tiff,2018,100,0.5,-0.000574412575515,0.000854410095781,-5.42689933458e-05,-5.43262272738e-05,-5.07251297677e-05,-5.78400010932e-05,7.44877637308e-05,0.361776011176,29392,0.000374962007286,0.000375071290926,0.000370007794118,0.00034894681846,8.25816956343e-05,0.638223988824,51826,8204093,82040,81218,True,7
tomo_sample_2_051_rec,recon_02019.tiff,2019,100,0.5,-0.000612960007275,0.000864394915989,-5.44094283625e-05,-5.45968191958e-05,-5.04313811689e-05,-5.04408889945e-05,7.70474526269e-05,0.361702363423,29368,0.000375156458753,0.000375190167368,0.000370187102817,0.000358541384598,8.21743175274e-05,0.638297636577,51850,8204092,82040,81218,True,7
tomo_sample_2_051_rec,recon_02020.tiff,2020,100,0.5,-0.000591129297682,0.00085507855867,-5.32169098137e-05,-5.33201801658e-05,-4.99661382491e-05,-3.71432458994e-05,7.47505965057e-05,0.362107699861,29412,0.000374178290568,0.000374256199278,0.000369315705029,0.000371591143809,8.1838697523e-05,0.637892300139,51806,8204093,82040,81218,True,7
tomo_sample_2_051_rec,recon_02021.tiff,2021,100,0.5,-0.000635125316621,0.000852285366855,-5.40750119871e-05,-5.42264083165e-05,-5.03246883454e-05,-5.01528810334e-05,7.7863902318e-05,0.362655364328,29451,0.000374849941996,0.000374910028522,0.000369489222066,0.000360327683834,8.1542076063e-05,0.637344635672,51767,8204093,82040,81218,True,7
tomo_sample_2_051_rec,recon_02022.tiff,2022,100,0.5,-0.000632785439375,0.000840606359707,-5.47705132729e-05,-5.49268123243e-05,-5.09110286657e-05,-6.12914839508e-05,7.85910833277e-05,0.362171131874,29412,0.000374946517226,0.000375011903845,0.000369900648366,0.000371307660967,8.15488492542e-05,0.637828868126,51806,8204093,82040,81218,True,7
tomo_sample_2_051_rec,recon_02023.tiff,2023,100,0.5,-0.000639803312952,0.000859746056958,-5.41414981629e-05,-5.43040432764e-05,-5.00531277794e-05,-6.23474443046e-05,7.81767423712e-05,0.360603369282,29285,0.000375414563043,0.000375485672447,0.000370096415281,0.000369562133434,8.34237783906e-05,0.639396630718,51933,8204093,82040,81218,True,7
tomo_sample_2_051_rec,recon_02024.tiff,2024,100,0.5,-0.000587340098573,0.000849203341349,-5.35302784783e-05,-5.36816799518e-05,-4.98741137562e-05,-4.1488506924e-05,7.47799626103e-05,0.362205026311,29413,0.000374652636621,0.000374700842511,0.000369362795027,0.000365903719374,8.24932027043e-05,0.637794973689,51805,8204093,82040,81218,True,7
tomo_sample_2_051_rec,recon_02025.tiff,2025,100,0.5,-0.000612975399708,0.000843460235628,-5.56405989145e-05,-5.58009419281e-05,-5.1350772992e-05,-4.50947451487e-05,7.75751148623e-05,0.363676512392,29532,0.00037479881825,0.000374848136348,0.000369933841284,0.000354036909499,8.18864898807e-05,0.636323487608,51686,8204093,82040,81218,True,7
tomo_sample_2_051_rec,recon_02026.tiff,2026,100,0.5,-0.00062531802163,0.000853210747591,-5.4377724166e-05,-5.45680831268e-05,-5.06398719153e-05,-4.75786442239e-05,7.69419552449e-05,0.364503891862,29595,0.000374720360893,0.000374752379416,0.000369816523744,0.000378810793696,8.21478266501e-05,0.635496108138,51623,8204093,82040,81218,True,7
tomo_sample_2_051_rec,recon_02027.tiff,2027,100,0.5,-0.000552845922939,0.000871494912717,-5.30337311345e-05,-5.30808171439e-05,-5.0294198445e-05,-4.29193707149e-05,7.18474394809e-05,0.359015947362,29169,0.00037462303114,0.000374735221199,0.000369723275071,0.000371448104409,8.34254672841e-05,0.640984052638,52049,8204093,82040,81218,True,7
tomo_sample_2_051_rec,recon_02028.tiff,2028,100,0.5,-0.000569701897912,0.000869319066987,-5.30335153584e-05,-5.30222913616e-05,-4.97002911288e-05,-4.70410094589e-05,7.28230081419e-05,0.360065314261,29263,0.000374564246034,0.000374716069231,0.000368879496818,0.000375922377261,8.36869555906e-05,0.639934685739,51955,8204093,82040,81218,True,7
tomo_sample_2_051_rec,recon_02029.tiff,2029,100,0.5,-0.000591839527769,0.000856797689339,-5.39521243764e-05,-5.40794337908e-05,-5.0364236813e-05,-5.71525907724e-05,7.48224869186e-05,0.360797705197,29302,0.000374881503904,0.000374942884799,0.000369605302694,0.000358530793365,8.23561860663e-05,0.639202294803,51916,8204093,82040,81218,True,7
tomo_sample_2_051_rec,recon_02030.tiff,2030,100,0.5,-0.000591141360055,0.000866716573073,-5.4492973171e-05,-5.46242397774e-05,-5.05796051584e-05,-4.82530840635e-05,7.49308863576e-05,0.359584059638,29204,0.000374154719623,0.000374222667621,0.000369667075574,0.000366625650481,8.25783532711e-05,0.640415940362,52014,8204093,82040,81218,True,7
tomo_sample_2_051_rec,recon_02031.tiff,2031,100,0.5,-0.000622218799836,0.000840888030361,-5.49756289733e-05,-5.51120089423e-05,-5.09861074534e-05,-4.03827993115e-05,7.7258427725e-05,0.360581523997,29286,0.000374858504742,0.000374937811967,0.000369538436644,0.000357382623573,8.30155413361e-05,0.639418476003,51932,8204093,82040,81218,True,7
tomo_sample_2_051_rec,recon_02032.tiff,2032,100,0.5,-0.000535879062954,0.000879897340783,-5.43171797861e-05,-5.43778199184e-05,-5.15779374837e-05,-4.40532454151e-05,7.08637800229e-05,0.357189961579,29020,0.000374120893668,0.000374234599284,0.000368546039681,0.000348233016873,8.50152765427e-05,0.642810038421,52198,8204093,82040,81218,True,8
tomo_sample_2_051_rec,recon_02033.tiff,2033,100,0.5,-0.000560340993397,0.000866508175095,-5.42363049068e-05,-5.43609358962e-05,-5.06025462528e-05,-4.24894567197e-05,7.35631136252e-05,0.362808556413,29467,0.000374213274505,0.000374287672382,0.00036881538108,0.000368473805658,8.4108036115e-05,0.637191443587,51751,8204093,82040,81218,True,7
tomo_sample_2_051_rec,recon_02034.tiff,2034,100,0.5,-0.00060290643014,0.000859912988089,-5.4917628783e-05,-5.5056192315e-05,-5.12550468557e-05,-5.14463612886e-05,7.5864281836e-05,0.363253060776,29501,0.000373626512255,0.000373691573457,0.000368850189261,0.000376891941022,8.23728406431e-05,0.636746939224,51717,8204092,82040,81218,True,7
tomo_sample_2_051_rec,recon_02035.tiff,2035,100,0.5,-0.000564257508959,0.000849483859783,-5.3883302222e-05,-5.39624850612e-05,-5.08739121869e-05,-4.7246336292e-05,7.33637154749e-05,0.359046957508,29168,0.000373862993728,0.00037396426958,0.000368934866856,0.000381433447588,8.32622522554e-05,0.640953042492,52050,8204093,82040,81218,True,7
tomo_sample_2_051_rec,recon_02036.tiff,2036,100,0.5,-0.000544961465639,0.000872075558582,-5.36851023907e-05,-5.37381518973e-05,-5.05950847582e-05,-4.65831981334e-05,7.31736445754e-05,0.36078445946,29313,0.000373740986897,0.000373859945836,0.000369056971977,0.000369143786272,8.32951204806e-05,0.63921554054,51905,8204092,82040,81218,True,7
tomo_sample_2_051_rec,recon_02037.tiff,2037,100,0.5,-0.000556551308546,0.000846951366693,-5.30818086202e-05,-5.31842188899e-05,-5.00991409353e-05,-3.76404749079e-05,7.32316400657e-05,0.35971622488,29218,0.000372732426373,0.000372810994915,0.000368664244888,0.000366972691559,8.15497344606e-05,0.64028377512,52000,8204093,82040,81218,True,8
tomo_sample_2_051_rec,recon_02038.tiff,2038,100,0.5,-0.000568512800673,0.000832169164496,-5.27600704394e-05,-5.2887337102e-05,-4.96023276355e-05,-4.41391342869e-05,7.49147437904e-05,0.361708878523,29377,0.000373179379554,0.000373249266067,0.000368726730812,0.000364105538334,8.13641878781e-05,0.638291121477,51841,8204093,82040,81218,True,7
tomo_sample_2_051_rec,recon_02039.tiff,2039,100,0.5,-0.000565112175245,0.000842433669313,-5.34968874965e-05,-5.36126341012e-05,-5.04242489114e-05,-5.39392143961e-05,7.33966701448e-05,0.358726374593,29135,0.000372493324468,0.000372557756145,0.000367789325537,0.000366173106621,8.19229607009e-05,0.641273625407,52083,8204093,82040,81218,True,7
tomo_sample_2_051_rec,recon_02040.tiff,2040,100,0.5,-0.000570584537345,0.000859781229519,-5.33795987304e-05,-5.34580932331e-05,-5.02793154737e-05,-5.93673526479e-05,7.36813955854e-05,0.357673961459,29058,0.000372898269695,0.00037301094335,0.000367705491954,0.000363737255105,8.34989744351e-05,0.642326038541,52160,8204093,82040,81218,True,8
tomo_sample_2_051_rec,recon_02041.tiff,2041,100,0.5,-0.000586170289898,0.000826983749866,-5.33914191402e-05,-5.35211205924e-05,-5.02918192069e-05,-4.62869802599e-05,7.50219316378e-05,0.362052180082,29405,0.00037282998544,0.000372902327311,0.000368674809579,0.000380568820614,8.12374634001e-05,0.637947819918,51813,8204093,82040,81218,True,7
tomo_sample_2_051_rec,recon_02042.tiff,2042,100,0.5,-0.00052011586813,0.000844509579765,-5.2094955803e-05,-5.20939199927e-05,-5.00313653902e-05,-4.73267216357e-05,7.03516002288e-05,0.359891032965,29247,0.000372642878379,0.000372784254103,0.000368394481484,0.00036501177587,8.15981170621e-05,0.640108967035,51971,8204093,82040,81218,True,8
tomo_sample_2_051_rec,recon_02043.tiff,2043,100,0.5,-0.000528706833138,0.000849909216922,-5.21581751772e-05,-5.22307009543e-05,-5.01954273204e-05,-5.12692048642e-05,7.10204438075e-05,0.357480487877,29042,0.000371711319678,0.000371817895842,0.000367310160073,0.000367132511208,8.2426420483e-05,0.642519512123,52176,8204093,82040,81218,True,8
tomo_sample_2_051_rec,recon_02044.tiff,2044,100,0.5,-0.000563478241384,0.000838578459516,-5.26791245498e-05,-5.27981005611e-05,-4.97815817653e-05,-5.94290757853e-05,7.2994760288e-05,0.359339254608,29185,0.000372490869442,0.000372559109298,0.000368619454093,0.000383681405581,8.12862034214e-05,0.640660745392,52033,8204093,82040,81218,True,8
tomo_sample_2_051_rec,recon_02045.tiff,2045,100,0.5,-0.000546364943439,0.00085992996901,-5.38937848461e-05,-5.40009667382e-05,-5.06028409291e-05,-6.62498640046e-05,7.38608359344e-05,0.360623570543,29293,0.000372308865788,0.000372401136361,0.000367509492207,0.000359473840869,8.27302954612e-05,0.639376429457,51925,8204093,82040,81218,True,8
tomo_sample_2_051_rec,recon_02046.tiff,2046,100,0.5,-0.000553746232472,0.000836477630946,-5.31563333364e-05,-5.32629004712e-05,-4.99809684698e-05,-4.45015855399e-05,7.3183766124e-05,0.360210996989,29259,0.000372270364681,0.000372358075591,0.000368320732377,0.000370408036053,8.27628892251e-05,0.639789003011,51959,8204093,82040,81218,True,8
tomo_sample_2_051_rec,recon_02047.tiff,2047,100,0.5,-0.000562343603815,0.000836600888288,-5.27312927442e-05,-5.28877271271e-05,-4.98526060255e-05,-5.02697153557e-05,7.34966250038e-05,0.360283447004,29258,0.000371951461447,0.000372010933028,0.000367504660971,0.000367034055671,8.24293127936e-05,0.639716552996,51960,8204093,82040,81218,True,8
tomo_sample_2_051_rec,recon_02048.tiff,2048,100,0.5,-0.000524773828802,0.0008241143552,-5.14592331671e-05,-5.15432580625e-05,-4.87937741127e-05,-5.10402160325e-05,7.26220416118e-05,0.359425482268,29198,0.00037227492038,0.000372372431653,0.000367870918126,0.000355763135191,8.13616605236e-05,0.640574517732,52020,8204092,82040,81218,True,8
tomo_sample_2_051_rec,recon_02049.tiff,2049,100,0.5,-0.000529967053444,0.000840318042028,-5.19082485717e-05,-5.19153080016e-05,-4.94995256304e-05,-4.96752021012e-05,7.16943508421e-05,0.360206932783,29272,0.0003718929328,0.000372033266492,0.000367976346752,0.000368978095062,8.15352871749e-05,0.639793067217,51946,8204093,82040,81218,True,7
tomo_sample_2_051_rec,recon_02050.tiff,2050,100,0.5,-0.000531779957819,0.000803664445702,-5.20417894897e-05,-5.20935859449e-05,-5.00403330079e-05,-6.40350010382e-05,7.14024780599e-05,0.360721521102,29306,0.000371314609835,0.000371416591534,0.000367512140656,0.000352811953302,8.00932907577e-05,0.639278478898,51912,8204093,82040,81218,True,7
tomo_sample_2_051_rec,recon_02051.tiff,2051,100,0.5,-0.000545636629686,0.000828267484321,-5.2203042025e-05,-5.23355687785e-05,-4.96330685564e-05,-4.20139724092e-05,7.330847175e-05,0.360667599385,29292,0.000371103259849,0.000371172304243,0.000367349086446,0.000361100913021,8.06125696329e-05,0.639332400615,51926,8204093,82040,81218,True,8
tomo_sample_2_051_rec,recon_02052.tiff,2052,100,0.5,-0.000528386978549,0.000816304019536,-5.29770068274e-05,-5.3107082479e-05,-5.05081079609e-05,-4.25964341179e-05,7.17195753238e-05,0.358430522049,29109,0.000371745788806,0.000371802067375,0.000367635395378,0.000367194430669,8.12041292269e-05,0.641569477951,52109,8204093,82040,81218,True,8
tomo_sample_2_051_rec,recon_02053.tiff,2053,100,0.5,-0.000526162577735,0.000835312660492,-5.23447152159e-05,-5.23835496883e-05,-4.97049550177e-05,-5.13709999867e-05,7.19888898428e-05,0.358232707156,29109,0.000371113612659,0.000371249530807,0.000367267261026,0.000361893651529,8.23143854453e-05,0.641767292844,52109,8204093,82040,81218,True,8
tomo_sample_2_051_rec,recon_02054.tiff,2054,100,0.5,-0.000555619874503,0.000832912558399,-5.3312749875e-05,-5.34173124859e-05,-5.0563710829e-05,-6.22969918149e-05,7.31773017457e-05,0.359089090325,29167,0.000371828505551,0.000371907535589,0.000367332104361,0.000367442697035,8.15181388881e-05,0.640910909675,52051,8204093,82040,81218,True,7
tomo_sample_2_051_rec,recon_02055.tiff,2055,100,0.5,-0.000574041511281,0.000817960244021,-5.3265438781e-05,-5.33698133785e-05,-5.02569855598e-05,-4.08229683287e-05,7.37316000972e-05,0.360735492321,29301,0.000371191971727,0.000371273646373,0.000367154192645,0.000376854088157,8.06883882831e-05,0.639264507679,51917,8204093,82040,81218,True,8
tomo_sample_2_051_rec,recon_02056.tiff,2056,100,0.5,-0.000527443856408,0.000836492058588,-5.21872554934e-05,-5.22888884443e-05,-5.00860660395e-05,-5.67477760474e-05,7.09454894546e-05,0.358457561422,29115,0.000371576509455,0.000371647890773,0.00036816202919,0.000376717257287,8.11349218119e-05,0.641542438578,52103,8204093,82040,81218,True,8
tomo_sample_2_051_rec,recon_02057.tiff,2057,100,0.5,-0.000522589898901,0.000832133360673,-5.20816521898e-05,-5.21007209274e-05,-4.9775972002e-05,-6.95962250813e-05,7.1774211624e-05,0.360756623024,29315,0.000371234844865,0.000371368513117,0.000367162399925,0.000373739974593,8.10309748971e-05,0.639243376976,51903,8204093,82040,81218,True,8
tomo_sample_2_051_rec,recon_02058.tiff,2058,100,0.5,-0.000522470333963,0.000823131108191,-5.12120398483e-05,-5.12425904262e-05,-4.92249200761e-05,-4.48225853097e-05,7.02571009657e-05,0.361897324971,29406,0.000371192470137,0.000371319242537,0.000367727770936,0.00037592379635,8.0926879838e-05,0.638102675029,51812,8204093,82040,81218,True,8
tomo_sample_2_051_rec,recon_02059.tiff,2059,100,0.5,-0.000524586848333,0.000819193552888,-5.18915493126e-05,-5.19987884192e-05,-4.99741781823e-05,-5.03471963015e-05,7.06660290945e-05,0.360385120539,29272,0.000370767504067,0.000370846170382,0.000366992113413,0.000356018977245,8.15470382181e-05,0.639614879461,51946,8204093,82040,81218,True,8
tomo_sample_2_051_rec,recon_02060.tiff,2060,100,0.5,-0.000495276877191,0.000820199330046,-5.14534132229e-05,-5.15268219186e-05,-4.92952967761e-05,-5.94520585142e-05,7.06112069479e-05,0.357677222112,29056,0.000371183015005,0.000371273908966,0.000367307991837,0.000363055546916,8.11215374295e-05,0.642322777888,52162,8204093,82040,81218,True,8
tomo_sample_2_051_rec,recon_02061.tiff,2061,100,0.5,-0.000483925915032,0.000811280790658,-5.15264751743e-05,-5.15041624261e-05,-4.96446918987e-05,-3.84448656825e-05,6.91180176205e-05,0.361775281201,29403,0.000370455379693,0.000370608328231,0.000367456901586,0.000376742501743,8.05455825152e-05,0.638224718799,51815,8204093,82040,81218,True,7
tomo_sample_2_051_rec,recon_02062.tiff,2062,100,0.5,-0.000479713823734,0.000834728487243,-5.12370148743e-05,-5.12536401417e-05,-4.91498431074e-05,-4.95314314531e-05,6.98959553257e-05,0.357671100452,29064,0.000371089217072,0.000371217263164,0.000367147003999,0.00036626167873,8.08328449122e-05,0.642328899548,52154,8204093,82040,81218,True,8
tomo_sample_2_051_rec,recon_02063.tiff,2063,100,0.5,-0.000517372426111,0.000818597537291,-5.02548147613e-05,-5.02739119708e-05,-4.84668271383e-05,-5.4895223129e-05,7.04956926747e-05,0.360846477711,29323,0.000370727573395,0.000370866299771,0.000367257540347,0.000370040698822,8.09159473551e-05,0.639153522289,51895,8204093,82040,81218,True,8
tomo_sample_2_051_rec,recon_02064.tiff,2064,100,0.5,-0.000500327311747,0.000815005023906,-5.1337874633e-05,-5.13627224966e-05,-4.97070141137e-05,-5.55326974422e-05,6.94114590687e-05,0.359891948394,29243,0.000370936596189,0.000371058598607,0.000367276370525,0.000358590960855,8.05127619086e-05,0.640108051606,51975,8204093,82040,81218,True,8
tomo_sample_2_051_rec,recon_02065.tiff,2065,100,0.5,-0.000566391012107,0.000823083554569,-5.19312833492e-05,-5.20755259988e-05,-4.88743498863e-05,-4.76870819525e-05,7.41901241692e-05,0.359578017907,29203,0.000371095091468,0.000371166254236,0.000367115193512,0.0003264973126,8.13218776913e-05,0.640421982093,52015,8204093,82040,81218,True,8
tomo_sample_2_051_rec,recon_02066.tiff,2066,100,0.5,-0.000550828949781,0.000799626397202,-5.16299620221e-05,-5.17327876683e-05,-4.87691504532e-05,-4.79624324355e-05,7.3192898202e-05,0.36270160759,29461,0.000370613934067,0.00037069776147,0.000367365864804,0.000372157102782,7.98881658426e-05,0.63729839241,51757,8204093,82040,81218,True,8
tomo_sample_2_051_rec,recon_02067.tiff,2067,100,0.5,-0.000543254527147,0.000827753689373,-5.28634823072e-05,-5.30355770836e-05,-4.94779997098e-05,-3.92179571244e-05,7.30590197653e-05,0.358798086033,29133,0.000370796009387,0.000370828310878,0.000367012951756,0.000377084341828,8.04708260105e-05,0.641201913967,52085,8204093,82040,81218,True,8
tomo_sample_2_051_rec,recon_02068.tiff,2068,100,0.5,-0.000510255088157,0.00079221810709,-5.15042548986e-05,-5.15583142033e-05,-4.92412327731e-05,-4.15949884021e-05,7.14475677651e-05,0.360249840163,29268,0.000369631873556,0.000369737141213,0.000366379288607,0.000368809179176,7.8813157259e-05,0.639750159837,51950,8204093,82040,81218,True,8
tomo_sample_2_051_rec,recon_02069.tiff,2069,100,0.5,-0.000552580977965,0.000823481020343,-5.28768402103e-05,-5.30183874914e-05,-5.00847527292e-05,-5.0537530711e-05,7.31419770704e-05,0.363896549216,29551,0.000371116133516,0.000371164677448,0.000367466360331,0.000358799730401,7.98727342458e-05,0.636103450784,51667,8204093,82040,81218,True,8
tomo_sample_2_051_rec,recon_02070.tiff,2070,100,0.5,-0.000543598728837,0.00080563540454,-5.23623827147e-05,-5.2397079692e-05,-4.98774461448e-05,-6.38119109688e-05,7.30788361269e-05,0.361203262312,29349,0.000370656436845,0.000370780406617,0.000367334054317,0.000367349115845,7.98038553078e-05,0.638796737688,51869,8204092,82040,81218,True,8
tomo_sample_2_051_rec,recon_02071.tiff,2071,100,0.5,-0.000520764605608,0.000802727298869,-5.20538372068e-05,-5.214524194e-05,-4.9655278417e-05,-5.24433278102e-05,7.21824595915e-05,0.360908524718,29316,0.000370418512876,0.000370500514555,0.000366537831724,0.000352594219888,8.01885750364e-05,0.639091475282,51902,8204093,82040,81218,True,7
tomo_sample_2_051_rec,recon_02072.tiff,2072,100,0.5,-0.000527541691263,0.000847753388516,-5.31422139651e-05,-5.31908953971e-05,-5.06688575115e-05,-3.3472775165e-05,7.17135595869e-05,0.360087720239,29256,0.000371215579617,0.000371327885752,0.000367512388038,0.000371886758339,8.18512722193e-05,0.639912279761,51962,8204093,82040,81218,True,8
tomo_sample_2_051_rec,recon_02073.tiff,2073,100,0.5,-0.000495481999824,0.000820611924282,-5.08617329621e-05,-5.0879573576e-05,-4.9056703574e-05,-6.20054820074e-05,6.97027256846e-05,0.360121682837,29262,0.000371149167172,0.000371269982547,0.000367219894542,0.000363624579014,8.03430071549e-05,0.639878317163,51956,8204093,82040,81218,True,8
tomo_sample_2_051_rec,recon_02074.tiff,2074,100,0.5,-0.000507455650659,0.000841898535145,-5.2141523446e-05,-5.20818604329e-05,-4.9766858865e-05,-5.88522877673e-05,6.97152727696e-05,0.360170617334,29280,0.000371477382898,0.000371669372436,0.000367959946743,0.000357096828298,8.22524486275e-05,0.639829382666,51938,8204093,82040,81218,True,8
tomo_sample_2_051_rec,recon_02075.tiff,2075,100,0.5,-0.000516238711425,0.000829259316379,-5.14742492556e-05,-5.14905214281e-05,-4.91846767545e-05,-3.89608063791e-05,7.09546875341e-05,0.36127613278,29357,0.000371739598917,0.000371870198567,0.0003676720371,0.000359387604271,8.11120457397e-05,0.63872386722,51861,8204093,82040,81218,True,8
tomo_sample_2_051_rec,recon_02076.tiff,2076,100,0.5,-0.00055605039699,0.000812467801443,-5.1774129271e-05,-5.1917116902e-05,-4.89888370794e-05,-6.53649022327e-05,7.3164149318e-05,0.363924942141,29554,0.000371243564498,0.000371298700215,0.000367370579625,0.000375053435967,8.05297617926e-05,0.636075057859,51664,8204093,82040,81218,True,8
tomo_sample_2_051_rec,recon_02077.tiff,2077,100,0.5,-0.000569634043204,0.000822676137323,-5.21487091147e-05,-5.22405491594e-05,-4.89462636324e-05,-3.63817449703e-05,7.44964891428e-05,0.35814732213,29094,0.000371078948649,0.000371178853928,0.000367433545762,0.000375184882809,8.07944623489e-05,0.64185267787,52124,8204093,82040,81218,True,8
tomo_sample_2_051_rec,recon_02078.tiff,2078,100,0.5,-0.00056493187818,0.000822093153547,-5.23048392413e-05,-5.2489319102e-05,-4.8747882829e-05,-4.59507085842e-05,7.50126434191e-05,0.359070341834,29154,0.000371765717852,0.000371795916892,0.000368152366718,0.000374163994274,7.98552784925e-05,0.640929658166,52064,8204093,82040,81218,True,7
tomo_sample_2_051_rec,recon_02079.tiff,2079,100,0.5,-0.000601146230765,0.000836602360359,-5.28627393833e-05,-5.30369664138e-05,-4.90461534355e-05,-3.55176764663e-05,7.62873988268e-05,0.362886232211,29467,0.000372463902999,0.000372514666644,0.000368313107174,0.000377663394459,8.07642354012e-05,0.637113767789,51751,8204093,82040,81218,True,7
tomo_sample_2_051_rec,recon_02080.tiff,2080,100,0.5,-0.000567081747868,0.000838858486677,-5.18110493594e-05,-5.19480674854e-05,-4.88300684083e-05,-5.23415148066e-05,7.47392431149e-05,0.360951426205,29315,0.000373142424959,0.000373213648677,0.000369270797819,0.000385107974851,8.16743945816e-05,0.639048573795,51903,8204093,82040,81218,True,7
tomo_sample_2_051_rec,recon_02081.tiff,2081,100,0.5,-0.000565180925769,0.000847111287876,-5.29029018555e-05,-5.30509833311e-05,-4.99919697177e-05,-4.08806186563e-05,7.50068196838e-05,0.359608818937,29205,0.000373098043581,0.00037316719283,0.000368781096768,0.000367239967746,8.18106707904e-05,0.640391181063,52013,8204093,82040,81218,True,8
tomo_sample_2_051_rec,recon_02082.tiff,2082,100,0.5,-0.000568808888493,0.000850803077046,-5.19905822261e-05,-5.2084832148e-05,-4.93368424941e-05,-3.40631551771e-05,7.43268870143e-05,0.36077077521,29307,0.000372127900346,0.000372229470643,0.00036804730189,0.00036607214277,8.17074086006e-05,0.63922922479,51911,8204093,82040,81218,True,7
tomo_sample_2_051_rec,recon_02083.tiff,2083,100,0.5,-0.000575687893433,0.000856110902678,-5.24161620643e-05,-5.25611894397e-05,-4.90209822601e-05,-3.81613182478e-05,7.5240207056e-05,0.362675485311,29455,0.000373140882402,0.000373217015599,0.000368932785932,0.000374793560035,8.21453097964e-05,0.637324514689,51763,8204093,82040,81218,True,8
tomo_sample_2_051_rec,recon_02084.tiff,2084,100,0.5,-0.000592139004148,0.000863981784496,-5.38520593922e-05,-5.39836802342e-05,-5.09275159857e-05,-6.44234539472e-05,7.52429554654e-05,0.359864400176,29228,0.000372887476736,0.000372965848127,0.000368360211723,0.000368058568711,8.22603955153e-05,0.640135599824,51990,8204093,82040,81218,True,8
tomo_sample_2_051_rec,recon_02085.tiff,2085,100,0.5,-0.000598211965698,0.000863438542874,-5.2545739574e-05,-5.26451672047e-05,-4.91275477543e-05,-7.07429905369e-05,7.57473157202e-05,0.3613016376,29350,0.000372709966465,0.000372813811106,0.000368130829884,0.000363248739512,8.19431985947e-05,0.6386983624,51868,8204093,82040,81218,True,7
tomo_sample_2_051_rec,recon_02086.tiff,2086,100,0.5,-0.00057287475589,0.000853164478904,-5.28977657955e-05,-5.29187291686e-05,-5.00682726852e-05,-5.61783111486e-05,7.43838649515e-05,0.363198423981,29514,0.000373273419126,0.000373415208544,0.000369233777747,0.000356032994621,8.15632313865e-05,0.636801576019,51704,8204093,82040,81218,True,7
tomo_sample_2_051_rec,recon_02087.tiff,2087,100,0.5,-0.000586687604955,0.000857728057599,-5.26261115023e-05,-5.27645596232e-05,-4.93436982651e-05,-6.03009826245e-05,7.57380255062e-05,0.36423235076,29582,0.000373871148261,0.000373948622041,0.000369268396753,0.000377016700412,8.24464520708e-05,0.63576764924,51636,8204093,82040,81218,True,7
tomo_sample_2_051_rec,recon_02088.tiff,2088,100,0.5,-0.000557897787658,0.00083741193841,-5.27391030791e-05,-5.27989109204e-05,-4.99340949318e-05,-5.77551243916e-05,7.32453713821e-05,0.362865418838,29480,0.000373134394624,0.000373240879108,0.000369113578927,0.000388952824865,8.1207294955e-05,0.637134581162,51738,8204093,82040,81218,True,7
tomo_sample_2_051_rec,recon_02089.tiff,2089,100,0.5,-0.000583707345941,0.000830633801233,-5.35649012514e-05,-5.37235114171e-05,-4.99711059092e-05,-4.98275668264e-05,7.56318465916e-05,0.363156052353,29490,0.000374156626252,0.000374207291607,0.000369666682673,0.000356242082106,8.16806374647e-05,0.636843947647,51728,8204093,82040,81218,True,7
tomo_sample_2_051_rec,recon_02090.tiff,2090,100,0.5,-0.000516088833101,0.000833286867419,-5.13260732861e-05,-5.13532083185e-05,-4.88242694701e-05,-4.94464415915e-05,7.14009124687e-05,0.361808842178,29397,0.000373535651124,0.000373646226027,0.000369601882994,0.000356611438175,8.0290330333e-05,0.638191157822,51821,8204092,82040,81218,True,7
tomo_sample_2_051_rec,recon_02091.tiff,2091,100,0.5,-0.000627937232493,0.000845167150837,-5.39668614646e-05,-5.40779679484e-05,-5.01135509694e-05,-4.27832870106e-05,7.67667336401e-05,0.360628437393,29292,0.000373839682833,0.000373922787793,0.000369349087123,0.000354580666057,8.06598570774e-05,0.639371562607,51926,8204093,82040,81218,True,7
tomo_sample_2_051_rec,recon_02092.tiff,2092,100,0.5,-0.000547771854908,0.000849964838417,-5.34253678179e-05,-5.34237171227e-05,-5.0762489991e-05,-4.70680718588e-05,7.2013640236e-05,0.360455781095,29292,0.000374551493436,0.000374686575683,0.000370227353415,0.000350759351359,8.18722675156e-05,0.639544218905,51926,8204093,82040,81218,True,7
tomo_sample_2_051_rec,recon_02093.tiff,2093,100,0.5,-0.000552544794919,0.000835967311286,-5.26100258154e-05,-5.26827226005e-05,-5.05248990521e-05,-6.02382213119e-05,7.11944806352e-05,0.363856253294,29554,0.000374237502498,0.000374298279262,0.000369870016584,0.000365511100456,7.96922183636e-05,0.636143746706,51664,8204093,82040,81218,True,7
tomo_sample_2_051_rec,recon_02094.tiff,2094,100,0.5,-0.000522323487094,0.00085098301759,-5.26171444042e-05,-5.26460851359e-05,-4.96739612572e-05,-6.32980159992e-05,7.10313413248e-05,0.359718605218,29226,0.000374792345755,0.000374893898018,0.000370169596863,0.000371934654848,8.0910256154e-05,0.640281394782,51992,8204093,82040,81218,True,7
tomo_sample_2_051_rec,recon_02095.tiff,2095,100,0.5,-0.000513950719906,0.000842524151958,-5.2457419928e-05,-5.24993633465e-05,-4.97955843457e-05,-3.76369202875e-05,6.91184477077e-05,0.359819599441,29230,0.000373903773707,0.0003739779718,0.000370065667084,0.000373789669061,8.00429150056e-05,0.640180400559,51988,8204093,82040,81218,True,7
tomo_sample_2_051_rec,recon_02096.tiff,2096,100,0.5,-0.000509135136672,0.000825618226663,-5.17837586381e-05,-5.18941034275e-05,-4.91110404255e-05,-6.23808394303e-05,7.02259856924e-05,0.35928156288,29177,0.000374870026678,0.000374906231107,0.000370227033272,0.000352755741253,8.03726632805e-05,0.64071843712,52041,8204093,82040,81218,True,7
tomo_sample_2_051_rec,recon_02097.tiff,2097,100,0.5,-0.000531252905494,0.000811574941617,-5.27971524156e-05,-5.28820738317e-05,-5.04043346155e-05,-4.10784089327e-05,7.04083250789e-05,0.358382033984,29107,0.000374945915331,0.000374992757546,0.000371093017748,0.000364718735577,7.95112982714e-05,0.641617966016,52111,8204093,82040,81218,True,7
tomo_sample_2_051_rec,recon_02098.tiff,2098,100,0.5,-0.000561492113338,0.000797772359801,-5.33039221531e-05,-5.33778852132e-05,-4.9920843594e-05,-4.66173222713e-05,7.29944564216e-05,0.359773093166,29222,0.000374133916039,0.000374191504899,0.000370154477423,0.000376073231294,7.79991123199e-05,0.640226906834,51996,8204093,82040,81218,True,7
tomo_sample_2_051_rec,recon_02099.tiff,2099,100,0.5,-0.000534591297037,0.000834927998658,-5.23313512267e-05,-5.23271020717e-05,-5.04213548993e-05,-5.1826873213e-05,7.06502033896e-05,0.365816332749,29726,0.000374911531805,0.000375034608871,0.000370419482351,0.000356390613383,8.04948411586e-05,0.634183667251,51492,8204093,82040,81218,True,7
tomo_sample_2_051_rec,recon_02100.tiff,2100,100,0.5,-0.000510568734026,0.000829040424142,-5.2514825609e-05,-5.25317056581e-05,-5.05667576363e-05,-5.26473617128e-05,6.7956777379e-05,0.361678162685,29384,0.000375346444373,0.000375432144119,0.000371343790903,0.000371816512559,7.9475660114e-05,0.638321837315,51834,8204093,82040,81218,True,7
tomo_sample_2_051_rec,recon_02101.tiff,2101,100,0.5,-0.000507165911549,0.000834248463798,-5.21238173332e-05,-5.21658738464e-05,-4.97362962051e-05,-4.60041709357e-05,6.91782872791e-05,0.363658902229,29541,0.000375422693196,0.000375491008153,0.000371361587895,0.00036472441404,7.90792331806e-05,0.636341097771,51677,8204093,82040,81218,True,7
tomo_sample_2_051_rec,recon_02102.tiff,2102,100,0.5,-0.000578190302476,0.000857395479397,-5.3866817297e-05,-5.38818586237e-05,-5.08182183694e-05,-5.84252843271e-05,7.21097884205e-05,0.361070118184,29336,0.000376076885677,0.000376173291482,0.000371603193344,0.000373498051901,8.05171255804e-05,0.638929881816,51882,8204093,82040,81218,True,7
tomo_sample_2_051_rec,recon_02103.tiff,2103,100,0.5,-0.000516863679513,0.000836378043168,-5.28154363478e-05,-5.29076424735e-05,-5.07071708853e-05,-4.05836418238e-05,6.91753036302e-05,0.363777725536,29543,0.000376122729956,0.000376156359035,0.000371727917809,0.000378097695674,7.94610404336e-05,0.636222274464,51675,8204093,82040,81218,True,7
tomo_sample_2_051_rec,recon_02104.tiff,2104,100,0.5,-0.000585867991031,0.000868504058162,-5.4088467246e-05,-5.41286377794e-05,-5.12518163305e-05,-3.51008751793e-05,7.22637219052e-05,0.363293933597,29513,0.000376800942289,0.000376882150921,0.000371624686522,0.000370610693864,8.05436342236e-05,0.636706066403,51705,8204093,82040,81218,True,7
tomo_sample_2_051_rec,recon_02105.tiff,2105,100,0.5,-0.000615620884346,0.000854744990065,-5.51539383066e-05,-5.52155686314e-05,-5.2043767937e-05,-5.71062336564e-05,7.43253874874e-05,0.36183671411,29391,0.000376667738592,0.0003767305658,0.000371819391148,0.000371704626471,7.94832465594e-05,0.63816328589,51827,8204092,82040,81218,True,7
tomo_sample_2_051_rec,recon_02106.tiff,2106,100,0.5,-0.000578286324453,0.000858103770879,-5.42723679796e-05,-5.43477950985e-05,-5.10593363288e-05,-4.13289609863e-05,7.1619434966e-05,0.36083206006,29306,0.000377087311341,0.000377129408327,0.000372486596461,0.000374560469841,7.95821874436e-05,0.63916793994,51912,8204092,82040,81218,True,7
tomo_sample_2_051_rec,recon_02107.tiff,2107,100,0.5,-0.000575580651348,0.000867680188967,-5.40812356752e-05,-5.41713244715e-05,-5.12231781613e-05,-5.42884195408e-05,7.12916670909e-05,0.361411962924,29351,0.00037733921181,0.000377372252212,0.00037244707346,0.000367645965735,7.99267981158e-05,0.638588037076,51867,8204093,82040,81218,True,7
tomo_sample_2_051_rec,recon_02108.tiff,2108,100,0.5,-0.000593567003089,0.000832714620046,-5.38406466944e-05,-5.39143067253e-05,-5.04024392285e-05,-4.81236019301e-05,7.26724567769e-05,0.361139703351,29331,0.000377475050731,0.000377516320421,0.000372694688849,0.000373361347913,7.76635524256e-05,0.638860296649,51887,8204093,82040,81218,True,7
tomo_sample_2_051_rec,recon_02109.tiff,2109,100,0.5,-0.000552035818982,0.000821359660767,-5.42657911706e-05,-5.43486103255e-05,-5.16015934409e-05,-4.86730389361e-05,7.03463188856e-05,0.36396501807,29558,0.00037686031858,0.000376886750654,0.000372703289031,0.000371863056044,7.73001730997e-05,0.63603498193,51660,8204093,82040,81218,True,7
tomo_sample_2_051_rec,recon_02110.tiff,2110,100,0.5,-0.000566557222337,0.000835298645252,-5.43084917864e-05,-5.43594348026e-05,-5.19067907589e-05,-5.61631119139e-05,7.02889709262e-05,0.360880051406,29312,0.000377902127206,0.000377947915239,0.000373645249056,0.00037554679942,7.79777909441e-05,0.639119948594,51906,8204093,82040,81218,True,7
tomo_sample_2_051_rec,recon_02111.tiff,2111,100,0.5,-0.000598135796608,0.000856492638704,-5.49694418125e-05,-5.49997524884e-05,-5.18608321727e-05,-4.84670653798e-05,7.14204372239e-05,0.362431084221,29441,0.000377700777418,0.000377760397853,0.000373118557036,0.000375067524806,7.83970894502e-05,0.637568915779,51777,8204093,82040,81218,True,7
tomo_sample_2_051_rec,recon_02112.tiff,2112,100,0.5,-0.00060503112385,0.000836994271667,-5.43212740364e-05,-5.44357246333e-05,-5.11840135005e-05,-7.0105476601e-05,7.26137645389e-05,0.360962852994,29310,0.000377751814726,0.000377760828155,0.000373072252842,0.000374699958216,7.75366176439e-05,0.639037147006,51908,8204093,82040,81218,True,7
tomo_sample_2_051_rec,recon_02113.tiff,2113,100,0.5,-0.000621564197645,0.000846253972268,-5.47767574993e-05,-5.48956485591e-05,-5.10355203005e-05,-5.31086917901e-05,7.41324425685e-05,0.364273795451,29579,0.000378171566997,0.000378184424153,0.000373426330043,0.00037743747088,7.79743395609e-05,0.635726204549,51639,8204093,82040,81218,True,7
tomo_sample_2_051_rec,recon_02114.tiff,2114,100,0.5,-0.000570754385262,0.000825781807362,-5.45484383858e-05,-5.45838721272e-05,-5.20804769621e-05,-5.85651286043e-05,7.02378603906e-05,0.364993185435,29648,0.000377978229005,0.000378032010168,0.000373229922843,0.000367425885424,7.78288731603e-05,0.635006814565,51570,8204093,82040,81218,True,7
tomo_sample_2_051_rec,recon_02115.tiff,2115,100,0.5,-0.000530930346868,0.00084704926936,-5.34341245662e-05,-5.34600035899e-05,-5.14843850397e-05,-4.65888472588e-05,6.54594113491e-05,0.362004056828,29405,0.00037830528118,0.000378351253112,0.000373455870431,0.000388694743309,7.82234720629e-05,0.637995943172,51813,8204093,82040,81218,True,7
tomo_sample_2_051_rec,recon_02116.tiff,2116,100,0.5,-0.000597533347609,0.000837480988994,-5.44835999636e-05,-5.45548046093e-05,-5.18701526744e-05,-6.26930139039e-05,7.01479708008e-05,0.362123620551,29409,0.000378465418594,0.00037848949002,0.000373690243578,0.000365381346253,7.70082468671e-05,0.637876379449,51809,8204093,82040,81218,True,7
tomo_sample_2_051_rec,recon_02117.tiff,2117,100,0.5,-0.000534891092684,0.000851935330138,-5.43331438984e-05,-5.42800535683e-05,-5.17955777468e-05,-5.16641611429e-05,6.80826006528e-05,0.363091592456,29506,0.000379104734021,0.000379212129206,0.00037403148599,0.000352469528673,7.79987573648e-05,0.636908407544,51712,8204093,82040,81218,True,7
tomo_sample_2_051_rec,recon_02118.tiff,2118,100,0.5,-0.000554937610577,0.000848301868828,-5.43680832252e-05,-5.43724216911e-05,-5.20134271937e-05,-6.25107977112e-05,6.93033009537e-05,0.360088528661,29253,0.000378371688074,0.000378435170098,0.000373677525204,0.000373894677147,7.69141315777e-05,0.639911471339,51965,8204093,82040,81218,True,6
tomo_sample_2_051_rec,recon_02119.tiff,2119,100,0.5,-0.000598329191562,0.000846110884449,-5.52251767615e-05,-5.52908609556e-05,-5.22411155544e-05,-5.25047604074e-05,7.17631372728e-05,0.363924852123,29556,0.000379057746026,0.00037908482781,0.000373936229153,0.000360722065255,7.72677353355e-05,0.636075147877,51662,8204093,82040,81218,True,6
tomo_sample_2_051_rec,recon_02120.tiff,2120,100,0.5,-0.000591953178227,0.000866352336307,-5.50323418706e-05,-5.5057397448e-05,-5.25192517671e-05,-4.58968279912e-05,6.91709841361e-05,0.362335704176,29432,0.00037890911825,0.000378955357812,0.000373560076696,0.00035826525244,7.82878804044e-05,0.637664295824,51786,8204093,82040,81218,True,6
tomo_sample_2_051_rec,recon_02121.tiff,2121,100,0.5,-0.000601647359435,0.000847472941678,-5.55701912794e-05,-5.55626919728e-05,-5.24629176653e-05,-6.03013392318e-05,7.02756317801e-05,0.362907606204,29483,0.000379006632672,0.000379072667717,0.000374024122721,0.000390551313542,7.70044569769e-05,0.637092393796,51735,8204093,82040,81218,True,6
tomo_sample_2_051_rec,recon_02122.tiff,2122,100,0.5,-0.00054871454864,0.000853532862384,-5.44826224251e-05,-5.45322410314e-05,-5.21724614373e-05,-5.26190307952e-05,6.6950794631e-05,0.358418794658,29109,0.000379213555385,0.000379232470408,0.000374119408661,0.000365927442014,7.63000649697e-05,0.641581205342,52109,8204093,82040,81218,True,6
tomo_sample_2_051_rec,recon_02123.tiff,2123,100,0.5,-0.000609393475752,0.00087121425895,-5.66417306513e-05,-5.67223771685e-05,-5.28016862518e-05,-5.48673272873e-05,7.3025445502e-05,0.362633842416,29449,0.000379739951233,0.000379757206021,0.000374245399144,0.000378334348072,7.72676208094e-05,0.637366157584,51769,8204093,82040,81218,True,6
tomo_sample_2_051_rec,recon_02124.tiff,2124,100,0.5,-0.000610604407266,0.000843828202633,-5.59310178693e-05,-5.60213639795e-05,-5.26133699168e-05,-5.41194184719e-05,7.11178934087e-05,0.360524994886,29275,0.000379778894186,0.000379778485244,0.000374443101464,0.000378871361608,7.63399496602e-05,0.639475005114,51943,8204093,82040,81218,True,6
tomo_sample_2_051_rec,recon_02125.tiff,2125,100,0.5,-0.000565287788631,0.000853095503408,-5.45019731559e-05,-5.45873969002e-05,-5.19690602232e-05,-6.17710904049e-05,6.76071171838e-05,0.361592006258,29362,0.000379255164647,0.000379255189422,0.000374208422727,0.000378660321912,7.66830162902e-05,0.638407993742,51856,8204093,82040,81218,True,7
tomo_sample_2_051_rec,recon_02126.tiff,2126,100,0.5,-0.000572888923343,0.000853134789795,-5.41162246303e-05,-5.41737862408e-05,-5.1018791055e-05,-4.69031831596e-05,6.76953390659e-05,0.362310726218,29424,0.000379730015684,0.000379744685567,0.000374080147594,0.000364655556788,7.67773797069e-05,0.637689273782,51794,8204093,82040,81218,True,6
tomo_sample_2_051_rec,recon_02127.tiff,2127,100,0.5,-0.000569086489268,0.000854750488943,-5.53527240265e-05,-5.53864193752e-05,-5.17542321177e-05,-6.04409722058e-05,6.85320748914e-05,0.360704281481,29297,0.000380069018308,0.000380099098318,0.000374730036128,0.000373386395389,7.62047510083e-05,0.639295718519,51921,8204093,82040,81218,True,6
tomo_sample_2_051_rec,recon_02128.tiff,2128,100,0.5,-0.00063228825049,0.000858111254638,-5.74777604216e-05,-5.76192056882e-05,-5.38943604624e-05,-4.1937006782e-05,7.20408684606e-05,0.357185112483,28997,0.000380187958071,0.000380158715113,0.000374740280677,0.000369572774462,7.65736660294e-05,0.642814887517,52221,8204093,82040,81218,True,6
tomo_sample_2_051_rec,recon_02129.tiff,2129,100,0.5,-0.000541324217338,0.000859231466311,-5.48786774602e-05,-5.48753940827e-05,-5.29849385202e-05,-4.98301277157e-05,6.36487720293e-05,0.358641464641,29134,0.000379955114291,0.000380002180411,0.000374567112885,0.000356647911218,7.68764587347e-05,0.641358535359,52084,8204093,82040,81218,True,6
tomo_sample_2_051_rec,recon_02130.tiff,2130,100,0.5,-0.000613903295598,0.000861226782145,-5.59191765116e-05,-5.59442926969e-05,-5.21334659425e-05,-5.09222111873e-05,7.05345111147e-05,0.359628854116,29211,0.000380578606944,0.000380615070873,0.000374982337235,0.000368921998701,7.6024477272e-05,0.640371145884,52007,8204093,82040,81218,True,6
tomo_sample_2_051_rec,recon_02131.tiff,2131,100,0.5,-0.00057617211336,0.000854731315339,-5.60620085941e-05,-5.60966995964e-05,-5.33336042281e-05,-6.13727523476e-05,6.79078988536e-05,0.362400831514,29434,0.00038083747383,0.000380861657575,0.000375365678337,0.000367163667898,7.63816265987e-05,0.637599168486,51784,8204093,82040,81218,True,6
tomo_sample_2_051_rec,recon_02132.tiff,2132,100,0.5,-0.000571699691645,0.000857817865326,-5.55855177703e-05,-5.56218567119e-05,-5.26715521119e-05,-5.97565047626e-05,6.78414865263e-05,0.361571496254,29367,0.000380006914396,0.000380034940765,0.000375063478714,0.000367622438971,7.59508058018e-05,0.638428503746,51851,8204092,82040,81218,True,6
tomo_sample_2_051_rec,recon_02133.tiff,2133,100,0.5,-0.000583909865527,0.000909628965019,-5.62581326233e-05,-5.62591477884e-05,-5.30669822183e-05,-4.88853339892e-05,6.75830502894e-05,0.358650922759,29135,0.000381737573299,0.000381789350047,0.000375525385607,0.000375946372528,7.86274768689e-05,0.641349077241,52083,8204093,82040,81218,True,6
tomo_sample_2_051_rec,recon_02134.tiff,2134,100,0.5,-0.000613255435601,0.000862515046319,-5.70358563502e-05,-5.7120514191e-05,-5.30291836185e-05,-4.82275620829e-05,7.14674049981e-05,0.362236455606,29414,0.000381104890195,0.000381101193695,0.000375742412871,0.000388460522757,7.57446867693e-05,0.637763544394,51804,8204093,82040,81218,True,6
tomo_sample_2_051_rec,recon_02135.tiff,2135,100,0.5,-0.000584980440617,0.000864456651034,-5.57829460468e-05,-5.58687410683e-05,-5.2541063269e-05,-6.11365114971e-05,6.89247202078e-05,0.360917843803,29306,0.000380259526745,0.000380248949606,0.000374915311113,0.000359083168945,7.53107514216e-05,0.639082156197,51912,8204092,82040,81218,True,6
tomo_sample_2_051_rec,recon_02136.tiff,2136,100,0.5,-0.000633749152767,0.000843620690575,-5.68377113686e-05,-5.69294599174e-05,-5.32911508344e-05,-6.94486096673e-05,7.20186117872e-05,0.35880648671,29135,0.00038040249822,0.000380398874253,0.000374929019017,0.000377130385264,7.50473702557e-05,0.64119351329,52083,8204093,82040,81218,True,6
tomo_sample_2_051_rec,recon_02137.tiff,2137,100,0.5,-0.000601824240293,0.000866685841756,-5.65349512412e-05,-5.65345610013e-05,-5.30771321792e-05,-5.95579805728e-05,6.99404846146e-05,0.358460050191,29119,0.000381258577015,0.000381305346089,0.000375368312234,0.000366508391247,7.59794897224e-05,0.641539949809,52099,8204093,82040,81218,True,6
tomo_sample_2_051_rec,recon_02138.tiff,2138,100,0.5,-0.000591152662819,0.000867327961896,-5.63308496827e-05,-5.64034977917e-05,-5.29161898157e-05,-6.12673828073e-05,6.76330529595e-05,0.358386590542,29102,0.000381433151701,0.000381428006354,0.000375927411369,0.000377913730255,7.60197661074e-05,0.641613409458,52116,8204093,82040,81218,True,6
tomo_sample_2_051_rec,recon_02139.tiff,2139,100,0.5,-0.000616834580433,0.000876039365248,-5.72668885272e-05,-5.7361570432e-05,-5.36865809408e-05,-4.60411871703e-05,6.97727164228e-05,0.362005383194,29393,0.000380773486634,0.000380756582456,0.000375001720386,0.000372739855696,7.60027766269e-05,0.637994616806,51825,8204093,82040,81218,True,6
tomo_sample_2_051_rec,recon_02140.tiff,2140,100,0.5,-0.000599214133399,0.000870922981703,-5.6215784605e-05,-5.62723213835e-05,-5.27689480805e-05,-4.85798872325e-05,6.85182917946e-05,0.358757844895,29135,0.000380825602151,0.000380835456251,0.000374575494789,0.000365557733414,7.64738447446e-05,0.641242155105,52083,8204093,82040,81218,True,6
tomo_sample_2_051_rec,recon_02141.tiff,2141,100,0.5,-0.000593052649638,0.000851703092048,-5.66751758202e-05,-5.6708951496e-05,-5.3309420764e-05,-6.77474185873e-05,6.93070991444e-05,0.359566815368,29203,0.000381322028128,0.000381338484889,0.000375855655875,0.000385831932781,7.41956106745e-05,0.640433184632,52015,8204093,82040,81218,True,6
tomo_sample_2_051_rec,recon_02142.tiff,2142,100,0.5,-0.000548420611012,0.000875727015373,-5.5826445889e-05,-5.58387969581e-05,-5.29526314494e-05,-4.27749271179e-05,6.47466939839e-05,0.361951321919,29400,0.000380716598831,0.000380749196322,0.000374952069251,0.000367963266217,7.56048868531e-05,0.638048678081,51818,8204093,82040,81218,True,6
tomo_sample_2_051_rec,recon_02143.tiff,2143,100,0.5,-0.000568188010366,0.000857468601898,-5.63824851622e-05,-5.64369885636e-05,-5.33955462743e-05,-5.96635667468e-05,6.61735988765e-05,0.362142383778,29409,0.000380842788589,0.000380844357652,0.000375725707272,0.000372463930922,7.44099454868e-05,0.637857616222,51809,8204093,82040,81218,True,6
tomo_sample_2_051_rec,recon_02144.tiff,2144,100,0.5,-0.000595810656378,0.000858346022724,-5.68355140415e-05,-5.68550825841e-05,-5.34763676114e-05,-5.0184780058e-05,6.77879066638e-05,0.360104949039,29249,0.000380974831922,0.000381002662721,0.000375854113372,0.000376753453225,7.45726899047e-05,0.639895050961,51969,8204092,82040,81218,True,6
tomo_sample_2_051_rec,recon_02145.tiff,2145,100,0.5,-0.000620607167075,0.00085666505649,-5.71385501679e-05,-5.71652765036e-05,-5.36500483577e-05,-6.36555087033e-05,7.00497642667e-05,0.361780998225,29385,0.00038101903756,0.000381050004247,0.000375492236344,0.000369716527273,7.44983328257e-05,0.638219001775,51833,8204093,82040,81218,True,6
tomo_sample_2_051_rec,recon_02146.tiff,2146,100,0.5,-0.000625544405193,0.000860061877174,-5.63457937273e-05,-5.64033918488e-05,-5.30019005964e-05,-5.58492829847e-05,6.90385911257e-05,0.363850050038,29548,0.000381882563215,0.000381888587044,0.000375996532966,0.000373463498798,7.56287365625e-05,0.636149949962,51670,8204093,82040,81218,True,6
tomo_sample_2_051_rec,recon_02147.tiff,2147,100,0.5,-0.000596859544457,0.000902988857124,-5.69632928101e-05,-5.70174541503e-05,-5.37429878023e-05,-6.42196610119e-05,6.70816616104e-05,0.362855247906,29467,0.000381247999073,0.000381250238698,0.000375511968741,0.000362621413699,7.59788721354e-05,0.637144752094,51751,8204093,82040,81218,True,6
tomo_sample_2_051_rec,recon_02148.tiff,2148,100,0.5,-0.000642246769858,0.000895152981684,-5.73796438457e-05,-5.74053729323e-05,-5.30497600266e-05,-5.08520281959e-05,7.12276867403e-05,0.360271530826,29263,0.000381731427258,0.000381766767717,0.000375417264877,0.000360475512185,7.70535949605e-05,0.639728469174,51955,8204093,82040,81218,True,6
tomo_sample_2_051_rec,recon_02149.tiff,2149,100,0.5,-0.000639768212859,0.000893858009076,-5.80332591907e-05,-5.8114781252e-05,-5.41623303434e-05,-6.67475882391e-05,7.14451718695e-05,0.35891685392,29145,0.000381358137304,0.000381357279566,0.000375186937163,0.000364925460631,7.67697956944e-05,0.64108314608,52073,8204093,82040,81218,True,6
tomo_sample_2_051_rec,recon_02150.tiff,2150,100,0.5,-0.000571106290445,0.00087802443275,-5.69036315047e-05,-5.69070425431e-05,-5.41815898032e-05,-4.84480071964e-05,6.67753061337e-05,0.35990965295,29236,0.000381145235168,0.000381188090037,0.000375469593564,0.000371581649528,7.56680430762e-05,0.64009034705,51982,8204093,82040,81218,True,6
tomo_sample_2_051_rec,recon_02151.tiff,2151,100,0.5,-0.000620478632336,0.00088058367779,-5.73897061955e-05,-5.74702660034e-05,-5.40699329576e-05,-5.9829369409e-05,6.78426688897e-05,0.360664586135,29286,0.000381263699909,0.00038125459515,0.000375418254407,0.000373948190749,7.5725771159e-05,0.639335413865,51932,8204093,82040,81218,True,6
tomo_sample_2_051_rec,recon_02152.tiff,2152,100,0.5,-0.000641921037168,0.000874922937073,-5.80684899645e-05,-5.81777668908e-05,-5.43784735783e-05,-5.50214954203e-05,7.05071535048e-05,0.357347910144,29013,0.000380685479739,0.000380661472184,0.000375148898456,0.000384885243529,7.42731398588e-05,0.642652089856,52205,8204093,82040,81218,True,6
tomo_sample_2_051_rec,recon_02153.tiff,2153,100,0.5,-0.000654686890775,0.000877791285457,-5.80719915537e-05,-5.8119263748e-05,-5.38031490578e-05,-5.85619793807e-05,7.21598347381e-05,0.36154202262,29363,0.000380387695346,0.000380408375425,0.000374982832,0.000359279059316,7.43648469273e-05,0.63845797738,51855,8204093,82040,81218,True,6
tomo_sample_2_051_rec,recon_02154.tiff,2154,100,0.5,-0.000626759622537,0.000900080791034,-5.84395785797e-05,-5.85000576279e-05,-5.47700310563e-05,-5.66332703689e-05,7.0272484199e-05,0.357447387367,29028,0.000381248817385,0.000381255817422,0.000375016737962,0.000368599448192,7.54879224433e-05,0.642552612633,52190,8204093,82040,81218,True,6
tomo_sample_2_051_rec,recon_02155.tiff,2155,100,0.5,-0.000579505898932,0.000877279218985,-5.7695687425e-05,-5.76874116492e-05,-5.48303814867e-05,-5.5045231298e-05,6.5635246453e-05,0.358785987663,29146,0.000380723363182,0.000380770255315,0.000374791154172,0.000372336896669,7.53387814848e-05,0.641214012337,52072,8204093,82040,81218,True,6
tomo_sample_2_051_rec,recon_02156.tiff,2156,100,0.5,-0.000604469519749,0.000872831343149,-5.77821043574e-05,-5.7820353545e-05,-5.37787836947e-05,-4.70695652176e-05,6.76694463112e-05,0.35786734097,29064,0.000381152070839,0.000381162700133,0.000375586925657,0.000367408498336,7.49661028186e-05,0.64213265903,52154,8204093,82040,81218,True,6
tomo_sample_2_051_rec,recon_02157.tiff,2157,100,0.5,-0.00063334005361,0.00082846291305,-5.81078040892e-05,-5.81300175961e-05,-5.44247450307e-05,-4.96165219346e-05,7.10349841935e-05,0.360603214388,29290,0.000380240066494,0.000380273937155,0.000374919647584,0.000371391453623,7.34849839883e-05,0.639396785612,51928,8204093,82040,81218,True,6
tomo_sample_2_051_rec,recon_02158.tiff,2158,100,0.5,-0.000585094700218,0.000855023530312,-5.81530202886e-05,-5.81317047824e-05,-5.47725303477e-05,-5.40653377004e-05,6.75146862821e-05,0.358862341813,29154,0.000380348142447,0.000380402897392,0.000375039759092,0.000376438854239,7.44557107766e-05,0.641137658187,52064,8204093,82040,81218,True,6
tomo_sample_2_051_rec,recon_02159.tiff,2159,100,0.5,-0.000632893855509,0.000849965803209,-5.71612989533e-05,-5.72556581538e-05,-5.38029198651e-05,-6.16057932945e-05,7.00590408985e-05,0.357232920426,29006,0.000380288788579,0.000380276332861,0.000375046525733,0.000375654613661,7.35801337769e-05,0.642767079574,52212,8204093,82040,81218,True,6
tomo_sample_2_051_rec,recon_02160.tiff,2160,100,0.5,-0.000568889997085,0.000882875768875,-5.648178979e-05,-5.65074232408e-05,-5.34888276889e-05,-5.86689315933e-05,6.5566575525e-05,0.359404767469,29191,0.000381198369512,0.000381220016825,0.000375392584829,0.00036416711432,7.53423993207e-05,0.640595232531,52027,8204093,82040,81218,True,6
tomo_sample_2_051_rec,recon_02161.tiff,2161,100,0.5,-0.000584637612919,0.000880603199475,-5.69483863371e-05,-5.70080971908e-05,-5.40641522093e-05,-5.5930849201e-05,6.63933558835e-05,0.35862218933,29123,0.000380564201396,0.000380567541226,0.000374860363081,0.000387671581642,7.57087953369e-05,0.64137781067,52095,8204093,82040,81218,True,6
tomo_sample_2_051_rec,recon_02162.tiff,2162,100,0.5,-0.000583691710199,0.000878887543804,-5.65469656887e-05,-5.65648204434e-05,-5.39429383934e-05,-5.85511330926e-05,6.55705799861e-05,0.361458750402,29359,0.00038105831031,0.000381085659799,0.000375011732103,0.000371393175254,7.57875739898e-05,0.638541249598,51859,8204093,82040,81218,True,6
tomo_sample_2_051_rec,recon_02163.tiff,2163,100,0.5,-0.000581602633174,0.000863988037163,-5.67205768432e-05,-5.67371793242e-05,-5.38248295925e-05,-5.41032845421e-05,6.62766412039e-05,0.360929672846,29316,0.000380334816865,0.000380361152535,0.000375272080419,0.000379568721994,7.40502865214e-05,0.639070327154,51902,8204093,82040,81218,True,6
tomo_sample_2_051_rec,recon_02164.tiff,2164,100,0.5,-0.000565294683329,0.000878992867365,-5.6596987053e-05,-5.66176823873e-05,-5.38435906492e-05,-6.60088679966e-05,6.53155485097e-05,0.357855683362,29066,0.000380825025232,0.000380850626068,0.000375834977604,0.000368811569742,7.49541896453e-05,0.642144316638,52152,8204093,82040,81218,True,6
tomo_sample_2_051_rec,recon_02165.tiff,2165,100,0.5,-0.000547905655694,0.000850158842222,-5.6371760555e-05,-5.64003943491e-05,-5.35633153049e-05,-6.84577440488e-05,6.42130988458e-05,0.35697617779,28993,0.000380602980954,0.000380619787446,0.000375716714188,0.000378446743554,7.36307033908e-05,0.64302382221,52225,8204093,82040,81218,True,6
tomo_sample_2_051_rec,recon_02166.tiff,2166,100,0.5,-0.000591779562237,0.000859211976931,-5.65293288713e-05,-5.65536411967e-05,-5.34243808943e-05,-4.14221136253e-05,6.6967373507e-05,0.3567191159,28973,0.000379912212549,0.000379933939051,0.00037450963282,0.000374522130622,7.45713620461e-05,0.6432808841,52245,8204093,82040,81218,True,6
tomo_sample_2_051_rec,recon_02167.tiff,2167,100,0.5,-0.000588870536594,0.00084100239008,-5.75148901407e-05,-5.76068632767e-05,-5.39316952199e-05,-6.90946885533e-05,6.94036032053e-05,0.359918144645,29224,0.000379944679375,0.000379930479576,0.000375367046217,0.000381013869747,7.30708036279e-05,0.640081855355,51994,8204093,82040,81218,True,6
tomo_sample_2_051_rec,recon_02168.tiff,2168,100,0.5,-0.000602165726596,0.00087517043401,-5.72578145978e-05,-5.73377152965e-05,-5.3953137467e-05,-5.59477686823e-05,6.80863762465e-05,0.355438671249,28862,0.000380723010326,0.000380716713525,0.000375200572307,0.000377137412751,7.65037448966e-05,0.644561328751,52356,8204093,82040,81218,True,6
tomo_sample_2_051_rec,recon_02169.tiff,2169,100,0.5,-0.000564348184853,0.000867306792643,-5.74211315218e-05,-5.74799759746e-05,-5.4355004977e-05,-4.85384225569e-05,6.69702181191e-05,0.357558775848,29037,0.00038043304379,0.000380438864732,0.000375013129087,0.000373249257386,7.55311361915e-05,0.642441224152,52181,8204093,82040,81218,True,6
tomo_sample_2_051_rec,recon_02170.tiff,2170,100,0.5,-0.000567503395432,0.000887287634832,-5.70154551819e-05,-5.70512582898e-05,-5.42287816643e-05,-6.33936802034e-05,6.57692606466e-05,0.358112484191,29085,0.000380751748703,0.000380770213948,0.000374511262635,0.00036995071015,7.66891359505e-05,0.641887515809,52133,8204093,82040,81218,True,6
tomo_sample_2_051_rec,recon_02171.tiff,2171,100,0.5,-0.000563993290998,0.000883000607719,-5.64755556631e-05,-5.64518530356e-05,-5.38518870599e-05,-6.6536895944e-05,6.59552508105e-05,0.356396173657,28955,0.000380726947556,0.000380790907907,0.000375312985852,0.000377720985025,7.67302432256e-05,0.643603826343,52263,8204093,82040,81218,True,6
tomo_sample_2_051_rec,recon_02172.tiff,2172,100,0.5,-0.000609382112743,0.000864555742592,-5.71593438316e-05,-5.71816470644e-05,-5.3948337154e-05,-6.44260239291e-05,6.85325370259e-05,0.358970862292,29157,0.000379929392921,0.000379959552761,0.000374335038941,0.000370843676558,7.52471173195e-05,0.641029137708,52061,8204093,82040,81218,True,6
tomo_sample_2_051_rec,recon_02173.tiff,2173,100,0.5,-0.000586793961993,0.000884065146965,-5.74022767844e-05,-5.74032844078e-05,-5.46235642105e-05,-4.86275020108e-05,6.62113539719e-05,0.360777870965,29307,0.00038075258608,0.000380798251498,0.000374961615307,0.000365078952006,7.76634533081e-05,0.639222129035,51911,8204093,82040,81218,True,6
tomo_sample_2_051_rec,recon_02174.tiff,2174,100,0.5,-0.000585548524396,0.000852405627666,-5.70561356715e-05,-5.71255011694e-05,-5.33967104275e-05,-5.02947114847e-05,6.85506207059e-05,0.35614657419,28921,0.000380803831012,0.000380804410259,0.00037502986379,0.000365097322174,7.60988854364e-05,0.64385342581,52297,8204093,82040,81218,True,6
tomo_sample_2_051_rec,recon_02175.tiff,2175,100,0.5,-0.000577939899813,0.000862190850312,-5.73550771904e-05,-5.73529082466e-05,-5.35909948667e-05,-4.7598672633e-05,6.86927599847e-05,0.358384509769,29114,0.000380680908844,0.000380736249534,0.000375033385353,0.000367285361515,7.72881769229e-05,0.641615490231,52104,8204093,82040,81218,True,6
tomo_sample_2_051_rec,recon_02176.tiff,2176,100,0.5,-0.000607464043715,0.000873913468968,-5.76982100922e-05,-5.77669689733e-05,-5.38814547326e-05,-5.51016705785e-05,7.01040206918e-05,0.357526113348,29034,0.000380331082175,0.000380339490278,0.000374592811568,0.000380901490557,7.65638662036e-05,0.642473886652,52184,8204093,82040,81218,True,6
tomo_sample_2_051_rec,recon_02177.tiff,2177,100,0.5,-0.000584794499737,0.000850986790319,-5.65516911832e-05,-5.66232105351e-05,-5.29444514541e-05,-4.46677843298e-05,6.90924926605e-05,0.359536635349,29197,0.000380245653498,0.000380253497089,0.000374626397388,0.000350758604876,7.71128087586e-05,0.640463364651,52021,8204093,82040,81218,True,6
tomo_sample_2_051_rec,recon_02178.tiff,2178,100,0.5,-0.000656887342338,0.000864351524506,-5.73753121231e-05,-5.74458368217e-05,-5.34792798135e-05,-5.50199886019e-05,7.40151899093e-05,0.359298000397,29180,0.000380207119236,0.000380234346533,0.000374567331164,0.000377459986597,7.79169298473e-05,0.640701999603,52038,8204093,82040,81218,True,6
tomo_sample_2_051_rec,recon_02179.tiff,2179,100,0.5,-0.000584923708229,0.00085037004581,-5.64029404402e-05,-5.64418212757e-05,-5.29526842001e-05,-6.12028507439e-05,6.92219125286e-05,0.357976566317,29075,0.000380571714099,0.000380600594774,0.00037465483183,0.000368471978667,7.75503800678e-05,0.642023433683,52143,8204093,82040,81218,True,6
tomo_sample_2_051_rec,recon_02180.tiff,2180,100,0.5,-0.000605460128863,0.000855441910098,-5.59027878015e-05,-5.59813837678e-05,-5.29561912117e-05,-4.43474162684e-05,6.8509129969e-05,0.359577190789,29199,0.000380063739607,0.0003800647764,0.000374758179532,0.000374800534239,7.69247736885e-05,0.640422809211,52019,8204092,82040,81218,True,6
tomo_sample_2_051_rec,recon_02181.tiff,2181,100,0.5,-0.000626549214649,0.000833559116581,-5.65089721092e-05,-5.66060144527e-05,-5.28009913978e-05,-5.52011741681e-05,7.22522877176e-05,0.358065510677,29075,0.000379866969284,0.000379867815566,0.000374315539375,0.000369764802138,7.6486602327e-05,0.641934489323,52143,8204093,82040,81218,True,6
tomo_sample_2_051_rec,recon_02182.tiff,2182,100,0.5,-0.000596172604419,0.000857003533747,-5.66389415666e-05,-5.67143256366e-05,-5.32571684744e-05,-5.1671102809e-05,7.08444126377e-05,0.357779494015,29055,0.000379792638383,0.000379808398504,0.000373952003429,0.000371490517089,7.8026011068e-05,0.642220505985,52163,8204093,82040,81218,True,6
tomo_sample_2_051_rec,recon_02183.tiff,2183,100,0.5,-0.000582433164818,0.00086751634808,-5.59450775852e-05,-5.59432822951e-05,-5.29872959305e-05,-5.73821032503e-05,7.0081814585e-05,0.358029899479,29087,0.000379385475186,0.000379455685151,0.000374254101189,0.000378370264689,7.86063869101e-05,0.641970100521,52131,8204093,82040,81218,True,7
tomo_sample_2_051_rec,recon_02184.tiff,2184,100,0.5,-0.000612357846112,0.000842235517339,-5.68183669113e-05,-5.69616847937e-05,-5.31571276952e-05,-4.79268132712e-05,7.1912066727e-05,0.362036521602,29391,0.000379116733915,0.000379089652428,0.000373931892682,0.000368163822309,7.68316368282e-05,0.637963478398,51827,8204093,82040,81218,True,6
tomo_sample_2_051_rec,recon_02185.tiff,2185,100,0.5,-0.000599835610192,0.000840458196762,-5.7380258936e-05,-5.74529663648e-05,-5.35875624337e-05,-5.6319497844e-05,7.10959078709e-05,0.357318101055,29018,0.0003797924843,0.000379810612176,0.000374345472665,0.000383343805349,7.84078220354e-05,0.642681898945,52200,8204092,82040,81218,True,6
tomo_sample_2_051_rec,recon_02186.tiff,2186,100,0.5,-0.00063022024231,0.00085803813563,-5.67392571465e-05,-5.68270319828e-05,-5.26808944414e-05,-4.1089820183e-05,7.32389432736e-05,0.358123380128,29083,0.000379905362462,0.000379928659218,0.000374031020328,0.000359762439671,7.9192461179e-05,0.641876619872,52135,8204093,82040,81218,True,7
tomo_sample_2_051_rec,recon_02187.tiff,2187,100,0.5,-0.000620756507269,0.000828866762458,-5.65831518919e-05,-5.67195060502e-05,-5.25951691088e-05,-5.19614862041e-05,7.36060067012e-05,0.358605544453,29115,0.000379467942759,0.0003794585629,0.000374575378373,0.000375460849068,7.7489295754e-05,0.641394455547,52103,8204092,82040,81218,True,6
tomo_sample_2_051_rec,recon_02188.tiff,2188,100,0.5,-0.000616969001712,0.000821014125249,-5.64375321109e-05,-5.64991668728e-05,-5.25619980181e-05,-4.53464222968e-05,7.36257241362e-05,0.361838184142,29388,0.00037974641225,0.000379783264597,0.000374550552806,0.000372793478641,7.70440357887e-05,0.638161815858,51830,8204092,82040,81218,True,6
tomo_sample_2_051_rec,recon_02189.tiff,2189,100,0.5,-0.000634742374823,0.000840938753099,-5.69653795199e-05,-5.70892495639e-05,-5.23880480614e-05,-4.73107662757e-05,7.48532262789e-05,0.360446625893,29268,0.000379338857478,0.00037935192009,0.000374638679205,0.000381480129064,7.91499004351e-05,0.639553374107,51950,8204093,82040,81218,True,7
tomo_sample_2_051_rec,recon_02190.tiff,2190,100,0.5,-0.000622699861997,0.000855847958883,-5.65177368014e-05,-5.6696765537e-05,-5.25973227923e-05,-5.7001763429e-05,7.34412790785e-05,0.357584539589,29027,0.000378891426429,0.000378863345191,0.000373866962036,0.000380907671706,7.92965737642e-05,0.642415460411,52191,8204092,82040,81218,True,7
tomo_sample_2_051_rec,recon_02191.tiff,2191,100,0.5,-0.000587685732753,0.000858376583492,-5.51347388029e-05,-5.52176831228e-05,-5.22066002304e-05,-4.46657899724e-05,7.10172610099e-05,0.358202123394,29091,0.000378802828414,0.000378836963493,0.000373555230908,0.000371147286322,8.00961762087e-05,0.641797876606,52127,8204093,82040,81218,True,7
tomo_sample_2_051_rec,recon_02192.tiff,2192,100,0.5,-0.000630140297872,0.000853108151059,-5.62529004796e-05,-5.63525218562e-05,-5.25594950886e-05,-5.10571252947e-05,7.37261272939e-05,0.360075908294,29241,0.000378777731126,0.000378803267226,0.000373592163669,0.000386363952303,7.99669069066e-05,0.639924091706,51977,8204093,82040,81218,True,7
tomo_sample_2_051_rec,recon_02193.tiff,2193,100,0.5,-0.000631552987616,0.000846249440801,-5.58209261825e-05,-5.59442151714e-05,-5.21864349139e-05,-5.2331935615e-05,7.46134128461e-05,0.359609311989,29201,0.000378302747863,0.000378323978247,0.000372871902073,0.000366324022139,7.96035525439e-05,0.640390688011,52017,8204093,82040,81218,True,7
tomo_sample_2_051_rec,recon_02194.tiff,2194,100,0.5,-0.000610973964504,0.000854670221452,-5.4932032605e-05,-5.49920528861e-05,-5.22871487192e-05,-5.91608093185e-05,7.20856272392e-05,0.357150511298,29009,0.000378358353265,0.000378407883929,0.00037284658174,0.000369333869732,8.04623448614e-05,0.642849488702,52209,8204093,82040,81218,True,6
tomo_sample_2_051_rec,recon_02195.tiff,2195,100,0.5,-0.000606189716491,0.00085277014965,-5.63334917151e-05,-5.64489172668e-05,-5.22656682733e-05,-6.0799702572e-05,7.55356977632e-05,0.360190343719,29250,0.000378672074425,0.000378704066501,0.000373594186385,0.000385705370124,8.03495308447e-05,0.639809656281,51968,8204093,82040,81218,True,7
tomo_sample_2_051_rec,recon_02196.tiff,2196,100,0.5,-0.000649959280563,0.000855526236701,-5.59741778887e-05,-5.60542924492e-05,-5.23204216734e-05,-2.94207286624e-05,7.58886305535e-05,0.360294439996,29264,0.000378011831248,0.000378070373975,0.000372690090444,0.000378473844476,8.04681368365e-05,0.639705560004,51954,8204093,82040,81218,True,7
tomo_sample_2_051_rec,recon_02197.tiff,2197,100,0.5,-0.000601392890385,0.000841138234246,-5.54321789796e-05,-5.55248987221e-05,-5.24149472767e-05,-6.49917847519e-05,7.36939370585e-05,0.362455860195,29437,0.000377964788216,0.000378009630433,0.000372631533537,0.000362957545098,8.06481300085e-05,0.637544139805,51781,8204093,82040,81218,True,7
tomo_sample_2_051_rec,recon_02198.tiff,2198,100,0.5,-0.000607071901904,0.000850447635748,-5.53354869567e-05,-5.53983151324e-05,-5.23915041413e-05,-4.77304628674e-05,7.35380977163e-05,0.358975222824,29160,0.000376986202204,0.000377060844912,0.000372051843442,0.00036965095922,8.10108256161e-05,0.641024777176,52058,8204093,82040,81218,True,7
tomo_sample_2_051_rec,recon_02199.tiff,2199,100,0.5,-0.000636805774411,0.000828100735671,-5.48637537751e-05,-5.49836002915e-05,-5.04609415657e-05,-4.90648016268e-05,7.69921118154e-05,0.36042617437,29271,0.000376751968823,0.00037680210921,0.000372078327928,0.000387215493521,7.97708290173e-05,0.63957382563,51947,8204093,82040,81218,True,7
tomo_sample_2_051_rec,recon_02200.tiff,2200,100,0.5,-0.000581848243601,0.000850092901965,-5.50141652801e-05,-5.50624442055e-05,-5.17103362654e-05,-3.590552375e-05,7.35326370031e-05,0.356862550657,28991,0.000377121735286,0.000377209245412,0.000372400390916,0.000373631037751,8.17496852302e-05,0.643137449343,52227,8204093,82040,81218,True,7
tomo_sample_2_051_rec,recon_02201.tiff,2201,100,0.5,-0.000572341163061,0.000855274289206,-5.49393869997e-05,-5.49916991348e-05,-5.17498428962e-05,-7.01378021802e-05,7.26166872828e-05,0.358103562061,29092,0.0003778671823,0.000377959024095,0.00037272577174,0.000364584410363,8.310833923e-05,0.641896437939,52126,8204093,82040,81218,True,7
tomo_sample_2_051_rec,recon_02202.tiff,2202,100,0.5,-0.000599628246564,0.00084699908155,-5.46582749508e-05,-5.4753644163e-05,-5.1185983466e-05,-5.73182777259e-05,7.54615811634e-05,0.358594527912,29127,0.000376855320052,0.000376930761138,0.000371998001356,0.000368617886663,8.12354460006e-05,0.641405472088,52091,8204093,82040,81218,True,7
tomo_sample_2_051_rec,recon_02203.tiff,2203,100,0.5,-0.000646465157042,0.000852243631962,-5.67077296971e-05,-5.6811911062e-05,-5.18968390679e-05,-5.01452825636e-05,7.90908662756e-05,0.354461312475,28792,0.000377197273393,0.000377282307501,0.000371660571545,0.000354867327517,8.26732433e-05,0.645538687525,52426,8204093,82040,81218,True,7
tomo_sample_2_051_rec,recon_02204.tiff,2204,100,0.5,-0.000585779096,0.000849702622218,-5.49855038908e-05,-5.50235186327e-05,-5.14843541168e-05,-3.12124446152e-05,7.38942038685e-05,0.361098539816,29338,0.000376930433051,0.000377037670704,0.000372032154701,0.000366912319938,8.23957396371e-05,0.638901460184,51880,8204093,82040,81218,True,7
tomo_sample_2_051_rec,recon_02205.tiff,2205,100,0.5,-0.000602469686128,0.000852720302355,-5.61230718173e-05,-5.6264363222e-05,-5.29661228938e-05,-3.55552981371e-05,7.65616178642e-05,0.358598007094,29123,0.000377018420719,0.000377083997036,0.000371883623302,0.000347227995663,8.26318523604e-05,0.641401992906,52095,8204093,82040,81218,True,7
tomo_sample_2_051_rec,recon_02206.tiff,2206,100,0.5,-0.000605806987733,0.000875863328692,-5.60924939415e-05,-5.61237986163e-05,-5.19028890267e-05,-5.02710365261e-05,7.68074909821e-05,0.358863046072,29162,0.000376935671074,0.000377085148952,0.000371599104255,0.000382841011366,8.4195535704e-05,0.641136953928,52056,8204093,82040,81218,True,7
tomo_sample_2_051_rec,recon_02207.tiff,2207,100,0.5,-0.000627319055493,0.000854071804788,-5.53925657277e-05,-5.55490091419e-05,-5.20947141922e-05,-4.72311685104e-05,7.78169463682e-05,0.360355318774,29265,0.00037643394765,0.000376502636372,0.000371328322217,0.000359842983068,8.32142263198e-05,0.639644681226,51953,8204093,82040,81218,True,7
tomo_sample_2_051_rec,recon_02208.tiff,2208,100,0.5,-0.000629400180769,0.000849902259069,-5.53952393683e-05,-5.54921690043e-05,-5.08264984092e-05,-4.37368681894e-05,7.84405204781e-05,0.362603075021,29456,0.000376116964514,0.000376223005119,0.000371320144041,0.000371868728962,8.27973258807e-05,0.637396924979,51762,8204093,82040,81218,True,7
tomo_sample_2_051_rec,recon_02209.tiff,2209,100,0.5,-0.000613768307085,0.000843592887686,-5.54996473264e-05,-5.56662249399e-05,-5.1812028687e-05,-5.15413716913e-05,7.8216172207e-05,0.358153319034,29085,0.000375979127421,0.00037604312423,0.000371034839191,0.00035695933774,8.25677813704e-05,0.641846680966,52133,8204093,82040,81218,True,7
tomo_sample_2_051_rec,recon_02210.tiff,2210,100,0.5,-0.00062015136471,0.000845226766833,-5.5262330648e-05,-5.55221662697e-05,-5.18339111295e-05,-5.56462896858e-05,8.02470368345e-05,0.360906493887,29298,0.000376139022846,0.000376168459346,0.000371343383449,0.000369769079862,8.27609609781e-05,0.639093506113,51920,8204093,82040,81218,True,7
tomo_sample_2_051_rec,recon_02211.tiff,2211,100,0.5,-0.000603222535574,0.00083175429696,-5.52631392495e-05,-5.5490957692e-05,-5.15330648341e-05,-7.66181485637e-05,7.74165763357e-05,0.360829042206,29293,0.00037529030573,0.000375312582857,0.000370386696886,0.000354095432522,8.2296822744e-05,0.639170957794,51925,8204093,82040,81218,True,7
tomo_sample_2_051_rec,recon_02212.tiff,2212,100,0.5,-0.000598632420879,0.000856929813453,-5.5706655963e-05,-5.5847613366e-05,-5.19932655152e-05,-5.54332403704e-05,7.74361415251e-05,0.359612999416,29209,0.000375510419154,0.000375605762413,0.000370804336853,0.000383522471171,8.4219507501e-05,0.640387000584,52009,8204093,82040,81218,True,8
tomo_sample_2_051_rec,recon_02213.tiff,2213,100,0.5,-0.000595032689162,0.00084600907081,-5.39902742895e-05,-5.41271383468e-05,-5.06109790877e-05,-4.55843830985e-05,7.67250498062e-05,0.362300763107,29427,0.000374751120967,0.000374842599429,0.00037028657971,0.000375357577415,8.33151934145e-05,0.637699236893,51791,8204093,82040,81218,True,8
tomo_sample_2_051_rec,recon_02214.tiff,2214,100,0.5,-0.000571057374764,0.000827740510576,-5.35065361817e-05,-5.36113642464e-05,-5.08659086336e-05,-3.09922815679e-05,7.64522778685e-05,0.361291397085,29350,0.000374958716728,0.000375072846908,0.000370526977349,0.000347164190905,8.25943581e-05,0.638708602915,51868,8204093,82040,81218,True,8
tomo_sample_2_051_rec,recon_02215.tiff,2215,100,0.5,-0.000602439318027,0.000841224478499,-5.39944195208e-05,-5.42717732511e-05,-5.05451989739e-05,-5.68004196687e-05,7.89756838321e-05,0.359841467296,29210,0.000374588251396,0.000374615435171,0.000370090303477,0.000373293871849,8.34738712624e-05,0.640158532704,52008,8204093,82040,81218,True,8
tomo_sample_2_051_rec,recon_02216.tiff,2216,100,0.5,-0.000606137273717,0.000834788415523,-5.32433559524e-05,-5.33353049779e-05,-4.97894034197e-05,-5.32120759298e-05,7.61101675835e-05,0.357930958571,29079,0.000374377185023,0.000374498700095,0.00036990371882,0.000358927454638,8.33855921685e-05,0.642069041429,52139,8204093,82040,81218,True,8
tomo_sample_2_051_rec,recon_02217.tiff,2217,100,0.5,-0.000578765783575,0.000823616074049,-5.35138835101e-05,-5.36451515379e-05,-5.07670119987e-05,-4.96672403355e-05,7.6131435476e-05,0.358022855081,29081,0.000374263686488,0.000374362338341,0.000370104244212,0.000386305235293,8.24158765578e-05,0.641977144919,52137,8204093,82040,81218,True,8
tomo_sample_2_051_rec,recon_02218.tiff,2218,100,0.5,-0.000603646187519,0.000834965217509,-5.34666615981e-05,-5.36706511427e-05,-4.96596276207e-05,-5.30513143918e-05,7.90333649712e-05,0.361107823951,29324,0.000374947983439,0.000375026472222,0.00037008227082,0.000361183117583,8.3406164209e-05,0.638892176049,51894,8204093,82040,81218,True,8
tomo_sample_2_051_rec,recon_02219.tiff,2219,100,0.5,-0.00062318023789,0.000829203651519,-5.37343261767e-05,-5.39931215299e-05,-5.03739211126e-05,-6.80726239087e-05,7.92897498373e-05,0.357571348773,29031,0.000373660881383,0.000373721067222,0.000369330809917,0.000354759999258,8.33513762808e-05,0.642428651227,52187,8204093,82040,81218,True,8
tomo_sample_2_051_rec,recon_02220.tiff,2220,100,0.5,-0.000600376775255,0.000828609276505,-5.35241345624e-05,-5.37443569761e-05,-4.99768975715e-05,-3.68333521102e-05,7.93292794171e-05,0.356443635144,28944,0.000374128330012,0.000374204132844,0.000369347006199,0.000369366639338,8.36000798591e-05,0.643556364856,52274,8204092,82040,81218,True,8
tomo_sample_2_051_rec,recon_02221.tiff,2221,100,0.5,-0.000600598163146,0.000834070314304,-5.34760979225e-05,-5.36830069061e-05,-5.01180038555e-05,-4.86837723349e-05,7.84662586297e-05,0.359141392297,29165,0.000372881830579,0.000372967080889,0.000368342909496,0.000368257146662,8.30633637966e-05,0.640858607703,52053,8204093,82040,81218,True,8
tomo_sample_2_051_rec,recon_02222.tiff,2222,100,0.5,-0.000577135462663,0.000853576093214,-5.36963852946e-05,-5.38172991342e-05,-5.09326218889e-05,-6.08103730521e-05,7.5482297938e-05,0.353813782537,28744,0.000373572107413,0.000373703091827,0.000368919165339,0.00036535275575,8.48013215598e-05,0.646186217463,52474,8204093,82040,81218,True,8
tomo_sample_2_051_rec,recon_02223.tiff,2223,100,0.5,-0.000608488861762,0.000856681713485,-5.44599363888e-05,-5.46754815914e-05,-5.1342358347e-05,-5.55397610906e-05,7.91601482685e-05,0.359907213497,29228,0.000373376755893,0.000373473704841,0.000368986307876,0.000366292763432,8.48367001704e-05,0.640092786503,51990,8204093,82040,81218,True,7
tomo_sample_2_051_rec,recon_02224.tiff,2224,100,0.5,-0.000615086345642,0.000822631266783,-5.40905847551e-05,-5.44618212118e-05,-5.11973648827e-05,-5.12218376273e-05,7.96028276861e-05,0.357539598102,29014,0.000372943017455,0.000372947695557,0.000368522800272,0.000354956515222,8.37208055732e-05,0.642460401898,52204,8204093,82040,81218,True,8
tomo_sample_2_051_rec,recon_02225.tiff,2225,100,0.5,-0.000596701590111,0.000823211929819,-5.36332820097e-05,-5.37945888458e-05,-5.09886485816e-05,-5.42334592713e-05,7.83940365691e-05,0.35828204948,29104,0.000372611296356,0.000372742673188,0.000368041568436,0.000356190693551,8.35432127235e-05,0.64171795052,52114,8204093,82040,81218,True,8
tomo_sample_2_051_rec,recon_02226.tiff,2226,100,0.5,-0.000628314345377,0.000809011400852,-5.47460461449e-05,-5.50354323251e-05,-5.08776483912e-05,-4.33560674656e-05,8.06210420296e-05,0.358143384605,29076,0.000372206062304,0.000372271717131,0.000368278488168,0.000348664542334,8.33515502396e-05,0.641856615395,52142,8204093,82040,81218,True,8
tomo_sample_2_051_rec,recon_02227.tiff,2227,100,0.5,-0.000566759473877,0.000825909824052,-5.37099305352e-05,-5.37679146598e-05,-5.10724057676e-05,-5.6080675784e-05,7.53321455412e-05,0.356944347136,29007,0.000372796319015,0.000372964905078,0.000369020883227,0.000387443025576,8.4141562231e-05,0.643055652864,52211,8204093,82040,81218,True,8
tomo_sample_2_051_rec,recon_02228.tiff,2228,100,0.5,-0.000564936739393,0.000830612970458,-5.42632802859e-05,-5.44106061575e-05,-5.13682316523e-05,-6.64842267172e-05,7.73143303203e-05,0.357760853788,29061,0.000372491026347,0.000372608943107,0.000368233944755,0.000367716774843,8.3711141866e-05,0.642239146212,52157,8204093,82040,81218,True,8
tomo_sample_2_051_rec,recon_02229.tiff,2229,100,0.5,-0.000569959672575,0.000852261674881,-5.37757427431e-05,-5.38463434556e-05,-5.10955542268e-05,-4.77972360768e-05,7.58632707652e-05,0.356815878027,28995,0.000373264574334,0.000373427478446,0.000368750275811,0.000374350584444,8.39989898094e-05,0.643184121973,52223,8204093,82040,81218,True,8
tomo_sample_2_051_rec,recon_02230.tiff,2230,100,0.5,-0.000560354845948,0.000830640293134,-5.30636624826e-05,-5.32707493579e-05,-5.03129886056e-05,-5.14698529735e-05,7.54582615834e-05,0.358175809388,29086,0.000372525327689,0.000372605576976,0.000368413326214,0.000365075130421,8.42293493087e-05,0.641824190612,52132,8204093,82040,81218,True,8
tomo_sample_2_051_rec,recon_02231.tiff,2231,100,0.5,-0.000568869094423,0.000827427053009,-5.39556648439e-05,-5.40158074895e-05,-5.16275722475e-05,-7.07714925082e-05,7.60921337638e-05,0.355707389177,28909,0.000372350228716,0.000372539594199,0.00036848752643,0.00036406277269,8.43999179273e-05,0.644292610823,52309,8204093,82040,81218,True,8
tomo_sample_2_051_rec,recon_02232.tiff,2232,100,0.5,-0.000557670767594,0.000837615825294,-5.43114778849e-05,-5.45312712963e-05,-5.16660438734e-05,-4.41697880744e-05,7.70154024631e-05,0.356570308989,28957,0.000372151236678,0.000372249132813,0.000367733766325,0.000341722843732,8.48481167739e-05,0.643429691011,52261,8204093,82040,81218,True,8
tomo_sample_2_051_rec,recon_02233.tiff,2233,100,0.5,-0.000528756176063,0.000835658959404,-5.31523171041e-05,-5.32043365611e-05,-5.08870871272e-05,-4.11895648556e-05,7.34326725498e-05,0.356659686577,28985,0.000372311164215,0.000372485131053,0.00036860187538,0.000355370995618,8.48127084181e-05,0.643340313423,52233,8204093,82040,81218,True,8
tomo_sample_2_051_rec,recon_02234.tiff,2234,100,0.5,-0.000557784008561,0.000848867779132,-5.38484493045e-05,-5.4015110733e-05,-5.09169367433e-05,-4.76961909863e-05,7.65285249995e-05,0.354875475717,28828,0.000372571343693,0.000372709636834,0.000367941698642,0.000364690530573,8.61266117117e-05,0.645124524283,52390,8204093,82040,81218,True,8
tomo_sample_2_051_rec,recon_02235.tiff,2235,100,0.5,-0.000546555491746,0.000863635842397,-5.36695972019e-05,-5.37528785967e-05,-5.12014485139e-05,-5.52525612288e-05,7.47133363352e-05,0.355937118437,28924,0.00037270955697,0.00037288199225,0.000368196197087,0.000351069198859,8.57164734398e-05,0.644062881563,52294,8204093,82040,81218,True,8
tomo_sample_2_051_rec,recon_02236.tiff,2236,100,0.5,-0.00055879544554,0.000839621535561,-5.27435364869e-05,-5.2861630602e-05,-5.02255534229e-05,-4.45863046286e-05,7.39267087578e-05,0.358094058245,29092,0.000372548971419,0.000372682736855,0.000368764027371,0.000364047305399,8.47110130208e-05,0.641905941755,52126,8204093,82040,81218,True,8
tomo_sample_2_051_rec,recon_02237.tiff,2237,100,0.5,-0.00059070511139,0.000821364535659,-5.30400521861e-05,-5.31953059595e-05,-5.01626582263e-05,-6.46397105963e-05,7.81335350533e-05,0.354198535882,28774,0.000372345160326,0.000372484714177,0.000368342996808,0.000364394051333,8.38881828712e-05,0.645801464118,52444,8204093,82040,81218,True,8
tomo_sample_2_051_rec,recon_02238.tiff,2238,100,0.5,-0.000552345230826,0.000818360324192,-5.28375828122e-05,-5.30410883252e-05,-5.07542681589e-05,-5.50047572228e-05,7.60021033196e-05,0.356549904304,28957,0.000371291833148,0.00037139428451,0.000367155240383,0.000362747735744,8.37325153455e-05,0.643450095696,52261,8204093,82040,81218,True,9
tomo_sample_2_051_rec,recon_02239.tiff,2239,100,0.5,-0.000612005903386,0.000805307260598,-5.35692662311e-05,-5.37735237827e-05,-5.04784948134e-05,-5.02792759751e-05,7.74755858652e-05,0.355227414862,28848,0.000372243956322,0.000372333215808,0.00036822486436,0.000336776302515,8.32647097879e-05,0.644772585138,52370,8204093,82040,81218,True,8
tomo_sample_2_051_rec,recon_02240.tiff,2240,100,0.5,-0.000577455231978,0.000803861721361,-5.35145352541e-05,-5.37134418575e-05,-5.13135946676e-05,-4.5537246834e-05,7.69594111404e-05,0.357973073026,29072,0.000371842953065,0.000371938697797,0.000367757616914,0.000376238079306,8.34114906493e-05,0.642026926974,52146,8204093,82040,81218,True,8
tomo_sample_2_051_rec,recon_02241.tiff,2241,100,0.5,-0.000521051363903,0.000831713150255,-5.28533544013e-05,-5.28417414531e-05,-5.10300160386e-05,-5.48730870195e-05,7.33108417251e-05,0.353366910235,28729,0.000372009456391,0.000372239829045,0.000367610802641,0.00037138128456,8.49693129104e-05,0.646633089765,52489,8204093,82040,81218,True,8
tomo_sample_2_051_rec,recon_02242.tiff,2242,100,0.5,-0.000531701866421,0.00083222317975,-5.28639387162e-05,-5.30062779717e-05,-5.06805699843e-05,-4.30815143295e-05,7.50331681687e-05,0.356185742212,28936,0.000372649119378,0.000372787363758,0.000368761408026,0.000374274896467,8.50736040556e-05,0.643814257788,52282,8204093,82040,81218,True,8
tomo_sample_2_051_rec,recon_02243.tiff,2243,100,0.5,-0.000619127494574,0.00084652849182,-5.34429232553e-05,-5.36778057397e-05,-5.02645962115e-05,-5.05189546081e-05,7.8819799855e-05,0.355013162499,28831,0.000372381709142,0.000372490987791,0.000368076987797,0.000367932451087,8.49419325454e-05,0.644986837501,52387,8204093,82040,81218,True,8
tomo_sample_2_051_rec,recon_02244.tiff,2244,100,0.5,-0.000576070013922,0.000840068185062,-5.31284765277e-05,-5.32439761984e-05,-5.09992405568e-05,-5.20540565469e-05,7.60742357855e-05,0.353652465346,28734,0.000373071469851,0.000373224469077,0.000368605105905,0.000378739058457,8.53095547043e-05,0.646347534654,52484,8204093,82040,81218,True,8
tomo_sample_2_051_rec,recon_02245.tiff,2245,100,0.5,-0.00057544661453,0.000844029591535,-5.33833169476e-05,-5.34842061013e-05,-5.013095506e-05,-5.15119470011e-05,7.5730446153e-05,0.358047238157,29092,0.000373267570362,0.00037342307481,0.000368820357835,0.000358184499528,8.48599688227e-05,0.641952761843,52126,8204093,82040,81218,True,8
tomo_sample_2_051_rec,recon_02246.tiff,2246,100,0.5,-0.000554745532572,0.000816210668709,-5.33970974678e-05,-5.35632343374e-05,-5.10260870215e-05,-5.28313416066e-05,7.65111987613e-05,0.352092920595,28601,0.000372713628807,0.000372842137075,0.000368805078324,0.000381803393944,8.43598477885e-05,0.647907079405,52617,8204093,82040,81218,True,8
tomo_sample_2_051_rec,recon_02247.tiff,2247,100,0.5,-0.00052313007036,0.000824798231188,-5.36336113472e-05,-5.37309286105e-05,-5.16740419698e-05,-4.60848850806e-05,7.25231592496e-05,0.355503041425,28882,0.000372741276358,0.000372866299192,0.00036883566645,0.000359857318315,8.40516839236e-05,0.644496958575,52336,8204093,82040,81218,True,8
tomo_sample_2_051_rec,recon_02248.tiff,2248,100,0.5,-0.000572464462311,0.000817003478587,-5.38621438254e-05,-5.400636266e-05,-5.13921804668e-05,-4.65442523984e-05,7.65843309309e-05,0.354923046084,28831,0.000372687299176,0.000372806241317,0.000369001878425,0.000392218148895,8.33866466088e-05,0.645076953916,52387,8204093,82040,81218,True,8
tomo_sample_2_051_rec,recon_02249.tiff,2249,100,0.5,-0.000530960444012,0.000824079501908,-5.31453995001e-05,-5.32117378323e-05,-5.07191452925e-05,-5.30302401552e-05,7.4340190061e-05,0.355521041212,28890,0.000372292253141,0.000372453205955,0.00036818785884,0.000375778068802,8.3675363643e-05,0.644478958788,52328,8204093,82040,81218,True,8
tomo_sample_2_051_rec,recon_02250.tiff,2250,100,0.5,-0.000507425359101,0.000826726503437,-5.18309916101e-05,-5.19301205992e-05,-4.98436529597e-05,-3.9952836116e-05,7.27655182567e-05,0.355030835762,28845,0.000372772758931,0.000372909284303,0.000369199377019,0.000373050695803,8.39613563688e-05,0.644969164238,52373,8204093,82040,81218,True,8
tomo_sample_2_051_rec,recon_02251.tiff,2251,100,0.5,-0.000540667728928,0.000833760277601,-5.38021569595e-05,-5.39500919201e-05,-5.1429222367e-05,-4.85133567392e-05,7.43390014282e-05,0.354128799105,28767,0.000373169912375,0.00037329473911,0.000368937675375,0.000361289088679,8.56502581844e-05,0.645871200895,52451,8204093,82040,81218,True,9
tomo_sample_2_051_rec,recon_02252.tiff,2252,100,0.5,-0.000582345742732,0.000823935799708,-5.39779258304e-05,-5.42092891608e-05,-5.10441277584e-05,-5.07099519801e-05,7.69729246471e-05,0.356328882255,28933,0.000372818185578,0.000372886469916,0.000368474051356,0.000373654156339,8.41789066891e-05,0.643671117745,52285,8204093,82040,81218,True,8
tomo_sample_2_051_rec,recon_02253.tiff,2253,100,0.5,-0.000544429893489,0.000838531977497,-5.41176210137e-05,-5.42348371699e-05,-5.18398992426e-05,-4.20206329939e-05,7.51035085699e-05,0.357084863397,29010,0.000372928779121,0.000373061652494,0.00036875801743,0.000364764215233,8.40802197361e-05,0.642915136603,52208,8204093,82040,81218,True,8
tomo_sample_2_051_rec,recon_02254.tiff,2254,100,0.5,-0.00056991756981,0.000815314222709,-5.38722561113e-05,-5.40498349855e-05,-5.11831531185e-05,-4.3497795065e-05,7.70472753319e-05,0.358714406349,29134,0.000372980324671,0.000373079109924,0.000368953376892,0.000364590567154,8.32462710509e-05,0.641285593651,52084,8204093,82040,81218,True,8
tomo_sample_2_051_rec,recon_02255.tiff,2255,100,0.5,-0.000602102195844,0.000812064185739,-5.47794495539e-05,-5.50028651124e-05,-5.13906979904e-05,-4.766543783e-05,7.97412692306e-05,0.35745835383,29028,0.000372972939053,0.000373063987251,0.00036931601062,0.000371938931099,8.34053901745e-05,0.64254164617,52190,8204093,82040,81218,True,8
tomo_sample_2_051_rec,recon_02256.tiff,2256,100,0.5,-0.000587881000247,0.000795350275293,-5.40317521187e-05,-5.42639240214e-05,-5.10843383381e-05,-6.86703285434e-05,7.63463734442e-05,0.353470666426,28697,0.00037330482457,0.000373340710479,0.000369200250134,0.000372415358515,8.19574204462e-05,0.646529333574,52521,8204093,82040,81218,True,8
tomo_sample_2_051_rec,recon_02257.tiff,2257,100,0.5,-0.000548906068434,0.000837166371057,-5.37432315446e-05,-5.38833522969e-05,-5.07549048052e-05,-3.45095594261e-05,7.52763035111e-05,0.355437533136,28872,0.00037400861423,0.000374119194082,0.000369545407011,0.000360030615017,8.43520651515e-05,0.644562466864,52346,8204093,82040,81218,True,8
tomo_sample_2_051_rec,recon_02258.tiff,2258,100,0.5,-0.000589715491224,0.00082738104742,-5.4291709067e-05,-5.4467801445e-05,-5.12768401677e-05,-3.79087181786e-05,7.72088972601e-05,0.356130956065,28924,0.000373840825572,0.000373936225351,0.000369871791918,0.000378260314688,8.39373789652e-05,0.643869043935,52294,8204093,82040,81218,True,8
tomo_sample_2_051_rec,recon_02259.tiff,2259,100,0.5,-0.000607224711275,0.000812198274944,-5.48782219703e-05,-5.51705039947e-05,-5.21194415342e-05,-5.97157458974e-05,7.83414387964e-05,0.35621293083,28914,0.000372858629007,0.000372881983107,0.000368352353689,0.000360360609239,8.29283968496e-05,0.64378706917,52304,8204093,82040,81218,True,8
tomo_sample_2_051_rec,recon_02260.tiff,2260,100,0.5,-0.000552456252044,0.000833700015792,-5.45101031301e-05,-5.45471553572e-05,-5.17514599778e-05,-4.53011562485e-05,7.47373255716e-05,0.354383918969,28800,0.000373678748817,0.000373843259039,0.00036951022048,0.00034549744903,8.3742524044e-05,0.645616081031,52418,8204093,82040,81218,True,8
tomo_sample_2_051_rec,recon_02261.tiff,2261,100,0.5,-0.000588166033849,0.000845641755732,-5.40555206909e-05,-5.41626953746e-05,-5.14121893502e-05,-4.40670489805e-05,7.7374626972e-05,0.35634222847,28951,0.000374543734254,0.000374681795236,0.000370176509023,0.000343670373799,8.36517299422e-05,0.64365777153,52267,8204093,82040,81218,True,8
tomo_sample_2_051_rec,recon_02262.tiff,2262,100,0.5,-0.000534587322327,0.000836293058237,-5.31961815643e-05,-5.32506927655e-05,-5.06893848069e-05,-4.25354035119e-05,7.32379036685e-05,0.355274861802,28868,0.000374039677931,0.000374178168898,0.000369489978766,0.00036170906603,8.35993668755e-05,0.644725138198,52350,8204093,82040,81218,True,8
tomo_sample_2_051_rec,recon_02263.tiff,2263,100,0.5,-0.000557847110904,0.000816914414463,-5.38427061129e-05,-5.4030665524e-05,-5.12335536769e-05,-4.40625583072e-05,7.51604140585e-05,0.357948031735,29067,0.000373815729268,0.000373880938302,0.000369832472643,0.000373878536949,8.27304892497e-05,0.642051968265,52151,8204093,82040,81218,True,7
tomo_sample_2_051_rec,recon_02264.tiff,2264,100,0.5,-0.000565873117012,0.000841540141555,-5.35828580008e-05,-5.36676719427e-05,-5.08754201292e-05,-6.28603920811e-05,7.48267136916e-05,0.357143140227,29017,0.000373863644611,0.000373997165783,0.000369385699742,0.000350821283768,8.399975097e-05,0.642856859773,52201,8204093,82040,81218,True,8
tomo_sample_2_051_rec,recon_02265.tiff,2265,100,0.5,-0.00053146219987,0.000820039504906,-5.36894221439e-05,-5.37541466093e-05,-5.14879684488e-05,-5.00230139781e-05,7.22027160251e-05,0.357517600726,29047,0.000374040773956,0.000374159907436,0.000369639514247,0.00037352698347,8.32637205243e-05,0.642482399274,52171,8204093,82040,81218,True,8
tomo_sample_2_051_rec,recon_02266.tiff,2266,100,0.5,-0.0005676599039,0.000835711784312,-5.37437388772e-05,-5.38333268514e-05,-5.11732323503e-05,-4.50221118561e-05,7.43455019912e-05,0.354793977549,28825,0.000373693106139,0.000373818615291,0.000368758221157,0.000375802367884,8.4174777202e-05,0.645206022451,52393,8204093,82040,81218,True,8
tomo_sample_2_051_rec,recon_02267.tiff,2267,100,0.5,-0.000548526288476,0.000830402974389,-5.41481564811e-05,-5.42159498571e-05,-5.16622203577e-05,-6.44031828526e-05,7.33124136773e-05,0.356199591662,28939,0.000374186137169,0.000374298890882,0.000369747867808,0.000376866730458,8.27215803779e-05,0.643800408338,52279,8204093,82040,81218,True,8
tomo_sample_2_051_rec,recon_02268.tiff,2268,100,0.5,-0.000537415955332,0.000814609196095,-5.53278937197e-05,-5.54534739031e-05,-5.29136996192e-05,-7.6397778666e-05,7.31646294527e-05,0.355838960091,28901,0.0003738448724,0.000373918112052,0.000369584275177,0.000373488751052,8.27119401838e-05,0.644161039909,52317,8204093,82040,81218,True,8
tomo_sample_2_051_rec,recon_02269.tiff,2269,100,0.5,-0.000542922783352,0.000826466887665,-5.49605967762e-05,-5.50820886276e-05,-5.25442374055e-05,-6.230065747e-05,7.42043841491e-05,0.356856093045,28985,0.000373765199572,0.000373847899361,0.000369116984075,0.000362279447911,8.22345392032e-05,0.643143906955,52233,8204093,82040,81218,True,7
tomo_sample_2_051_rec,recon_02270.tiff,2270,100,0.5,-0.000584662032197,0.000829735279258,-5.53026620238e-05,-5.54168792507e-05,-5.23003145645e-05,-6.12683191028e-05,7.67989843133e-05,0.355672530624,28893,0.000373953822099,0.000374066017822,0.000369882647647,0.000358386120155,8.2793388172e-05,0.644327469376,52325,8204093,82040,81218,True,8
tomo_sample_2_051_rec,recon_02271.tiff,2271,100,0.5,-0.000575018620875,0.000828139887017,-5.47389899096e-05,-5.48146555445e-05,-5.22421669302e-05,-3.75617382349e-05,7.38932237228e-05,0.354327784115,28786,0.000374299825426,0.000374408515086,0.000369700297597,0.00036252919637,8.29623143171e-05,0.645672215885,52432,8204093,82040,81218,True,8
tomo_sample_2_051_rec,recon_02272.tiff,2272,100,0.5,-0.000564342118741,0.00083594414813,-5.53469394823e-05,-5.53330318198e-05,-5.28509390278e-05,-7.39452531083e-05,7.42481502528e-05,0.357744619052,29076,0.000374604221465,0.000374767133278,0.000370181325707,0.000372438035917,8.23136509282e-05,0.642255380948,52142,8204093,82040,81218,True,8
tomo_sample_2_051_rec,recon_02273.tiff,2273,100,0.5,-0.000563728554116,0.000825178098457,-5.3842296751e-05,-5.39539406707e-05,-5.12020196766e-05,-6.07520113789e-05,7.4601373523e-05,0.355623335895,28887,0.000374679747268,0.000374773998269,0.000370337918866,0.000367887075941,8.26303289941e-05,0.644376664105,52331,8204093,82040,81218,True,8
tomo_sample_2_051_rec,recon_02274.tiff,2274,100,0.5,-0.000536034813558,0.000810729635414,-5.4468855134e-05,-5.45923218644e-05,-5.19951481692e-05,-4.21756361042e-05,7.26662447409e-05,0.357243740266,29014,0.000373739692784,0.000373803210454,0.000369892120943,0.000366358892213,8.15261260536e-05,0.642756259734,52204,8204093,82040,81218,True,8
tomo_sample_2_051_rec,recon_02275.tiff,2275,100,0.5,-0.00057965092099,0.000814718096226,-5.34970735207e-05,-5.36991807497e-05,-5.06665710418e-05,-4.38765631683e-05,7.60032667746e-05,0.356660940913,28959,0.000373534843146,0.000373579112172,0.000369193468941,0.000382068964799,8.20920608007e-05,0.643339059087,52259,8204093,82040,81218,True,7
tomo_sample_2_051_rec,recon_02276.tiff,2276,100,0.5,-0.000560715926113,0.000843912727723,-5.47382506831e-05,-5.48124114286e-05,-5.23619619344e-05,-5.24839147279e-05,7.35708792418e-05,0.355548557528,28886,0.000374781632802,0.000374896906024,0.000370230467524,0.00036206794055,8.32645880417e-05,0.644451442472,52332,8204093,82040,81218,True,8
tomo_sample_2_051_rec,recon_02277.tiff,2277,100,0.5,-0.000581727030803,0.000823712881538,-5.50252247477e-05,-5.51496599602e-05,-5.19301793247e-05,-6.39981583062e-05,7.48300599867e-05,0.351884882204,28581,0.000374781072399,0.000374861814733,0.000370247900719,0.000355613284741,8.26964722662e-05,0.648115117796,52637,8204093,82040,81218,True,8
tomo_sample_2_051_rec,recon_02278.tiff,2278,100,0.5,-0.000570631365699,0.000829178227577,-5.43162453847e-05,-5.44331728225e-05,-5.09731107741e-05,-5.26976579185e-05,7.51855941957e-05,0.354770958806,28817,0.000375472247045,0.000375562895957,0.000371105590602,0.000355374659996,8.2766650667e-05,0.645229041194,52401,8204093,82040,81218,True,8
tomo_sample_2_051_rec,recon_02279.tiff,2279,100,0.5,-0.00058612910565,0.000808416120999,-5.51002360611e-05,-5.52281793662e-05,-5.2504165069e-05,-6.12394859325e-05,7.67477861704e-05,0.35779817102,29062,0.000374858235314,0.000374948884399,0.000370242152712,0.000365702848326,8.2012115918e-05,0.64220182898,52156,8204093,82040,81218,True,8
tomo_sample_2_051_rec,recon_02280.tiff,2280,100,0.5,-0.000590808821726,0.000830352253106,-5.4060095493e-05,-5.41659903721e-05,-5.10151949129e-05,-5.71492414947e-05,7.47437486214e-05,0.356484312947,28957,0.00037460920281,0.000374701155506,0.00037068099482,0.000383882994742,8.21578437162e-05,0.643515687053,52261,8204093,82040,81218,True,8
tomo_sample_2_051_rec,recon_02281.tiff,2281,100,0.5,-0.00059500429139,0.000848954612447,-5.48067562055e-05,-5.49129562927e-05,-5.14650018886e-05,-5.4275535792e-05,7.54670952813e-05,0.355864325556,28907,0.000375536126539,0.000375631101926,0.000370854831999,0.000377800432426,8.3395696503e-05,0.644135674444,52311,8204093,82040,81218,True,7
tomo_sample_2_051_rec,recon_02282.tiff,2282,100,0.5,-0.000594743969559,0.000823731528944,-5.54127950442e-05,-5.5605067544e-05,-5.17974585819e-05,-4.9296776105e-05,7.66060692152e-05,0.357827826783,29053,0.000374646091337,0.000374678480335,0.000370291381842,0.000375226918064,8.12947596026e-05,0.642172173217,52165,8204093,82040,81218,True,7
tomo_sample_2_051_rec,recon_02283.tiff,2283,100,0.5,-0.000521548347897,0.000811002988194,-5.36549027448e-05,-5.37496790515e-05,-5.12732785865e-05,-6.83081492556e-05,7.0868252517e-05,0.355091046915,28842,0.000374597134976,0.00037466743945,0.000370613284758,0.000379217829962,8.13213769406e-05,0.644908953085,52376,8204093,82040,81218,True,8
tomo_sample_2_051_rec,recon_02284.tiff,2284,100,0.5,-0.000584968246694,0.000803025333444,-5.5009258048e-05,-5.51778688756e-05,-5.14294697496e-05,-4.98772760268e-05,7.58604758568e-05,0.357029764601,28991,0.000374385173717,0.000374427437415,0.000370343332179,0.000351419622672,8.10269027355e-05,0.642970235399,52227,8204093,82040,81218,True,7
tomo_sample_2_051_rec,recon_02285.tiff,2285,100,0.5,-0.000555375406111,0.000808509213384,-5.44358119152e-05,-5.45687242734e-05,-5.22557129443e-05,-6.05516827611e-05,7.27849838929e-05,0.35599036182,28909,0.000374185877241,0.000374227988484,0.000370292575099,0.000361108044498,7.99790870043e-05,0.64400963818,52309,8204093,82040,81218,True,7
tomo_sample_2_051_rec,recon_02286.tiff,2286,100,0.5,-0.000589433828718,0.000837940755009,-5.49447612657e-05,-5.51040188348e-05,-5.17348926223e-05,-4.49428725145e-05,7.59250589801e-05,0.358217612605,29090,0.000374888169508,0.000374946385013,0.00037024258927,0.000369439061902,8.23781032427e-05,0.641782387395,52128,8204093,82040,81218,True,7
tomo_sample_2_051_rec,recon_02287.tiff,2287,100,0.5,-0.000591734297923,0.000821956871077,-5.46787631235e-05,-5.48326873691e-05,-5.14745806868e-05,-4.79961066731e-05,7.51738171431e-05,0.356756761967,28971,0.000374673867568,0.000374725766746,0.00037031705142,0.000361598535306,8.18409407378e-05,0.643243238033,52247,8204093,82040,81218,True,7
tomo_sample_2_051_rec,recon_02288.tiff,2288,100,0.5,-0.000609294477617,0.000820710017288,-5.55820346541e-05,-5.58027142164e-05,-5.18980741617e-05,-4.04483313945e-05,7.67183088273e-05,0.354892898942,28810,0.000375344427787,0.000375353162389,0.000371106623788,0.000377435336763,8.09635603309e-05,0.645107101058,52408,8204092,82040,81218,True,7
tomo_sample_2_051_rec,recon_02289.tiff,2289,100,0.5,-0.000561043435009,0.000837244440336,-5.42075684277e-05,-5.43449577993e-05,-5.1519862609e-05,-5.78721364339e-05,7.31472248612e-05,0.355283755048,28853,0.000374918878775,0.000374974617073,0.000370346766431,0.000353572205678,8.21829509558e-05,0.644716244952,52365,8204093,82040,81218,True,8
tomo_sample_2_051_rec,recon_02290.tiff,2290,100,0.5,-0.000565748967638,0.000819671632489,-5.53859068855e-05,-5.54466463819e-05,-5.21190668223e-05,-4.41888582486e-05,7.34879562129e-05,0.355091898673,28848,0.000374297611565,0.000374397907336,0.000369604647858,0.00037572581102,8.19578627799e-05,0.644908101327,52370,8204093,82040,81218,True,8
tomo_sample_2_051_rec,recon_02291.tiff,2291,100,0.5,-0.000571042237862,0.000840658330417,-5.50835934991e-05,-5.52133431719e-05,-5.20110224898e-05,-5.18306369087e-05,7.52564166709e-05,0.357116348185,29003,0.000375532115234,0.000375593665567,0.000371001486201,0.000373080004299,8.1939544013e-05,0.642883651815,52215,8204093,82040,81218,True,7
tomo_sample_2_051_rec,recon_02292.tiff,2292,100,0.5,-0.000543431226688,0.000845910418138,-5.44087277976e-05,-5.44062876438e-05,-5.15680621902e-05,-4.52240131633e-05,7.28698632716e-05,0.35698922553,29013,0.000375457676606,0.000375613174427,0.000370765250409,0.000379099624922,8.30257478739e-05,0.64301077447,52205,8204093,82040,81218,True,8
tomo_sample_2_051_rec,recon_02293.tiff,2293,100,0.5,-0.000579484603368,0.000824467935308,-5.54020881337e-05,-5.55770309867e-05,-5.2068146033e-05,-4.39050885745e-05,7.61776565215e-05,0.354678882358,28800,0.000374786574685,0.000374830912371,0.000370478199329,0.000363125359245,8.1678475046e-05,0.645321117642,52418,8204093,82040,81218,True,7
tomo_sample_2_051_rec,recon_02294.tiff,2294,100,0.5,-0.000552165865665,0.000827003791346,-5.34307445347e-05,-5.35477157466e-05,-5.06090855197e-05,-4.5670910374e-05,7.24032010161e-05,0.353210268156,28688,0.000375080611264,0.000375152392305,0.000370662266505,0.000363000946776,8.24820005839e-05,0.646789731844,52530,8204093,82040,81218,True,8
tomo_sample_2_051_rec,recon_02295.tiff,2295,100,0.5,-0.000576959018945,0.000827949862578,-5.4401267775e-05,-5.44753683212e-05,-5.137102562e-05,-3.46373601937e-05,7.56363113222e-05,0.357818414864,29071,0.000375729199278,0.000375850551515,0.000371061149053,0.000372660062956,8.28522238438e-05,0.642181585136,52147,8204093,82040,81218,True,8
tomo_sample_2_051_rec,recon_02296.tiff,2296,100,0.5,-0.000573527618835,0.000836089903314,-5.45171826504e-05,-5.45892573121e-05,-5.16343316121e-05,-4.67090277861e-05,7.36346423729e-05,0.355658736448,28893,0.000375086749553,0.000375184912901,0.000370630354155,0.000372664549342,8.20264506276e-05,0.644341263552,52325,8204093,82040,81218,True,8
tomo_sample_2_051_rec,recon_02297.tiff,2297,100,0.5,-0.000601280395931,0.000827775715443,-5.4029772249e-05,-5.42222677884e-05,-5.16764848726e-05,-4.60966066018e-05,7.54407219498e-05,0.356651664049,28958,0.000375597915705,0.000375634415469,0.000370844689314,0.000359581168063,8.24504526717e-05,0.643348335951,52260,8204093,82040,81218,True,8
tomo_sample_2_051_rec,recon_02298.tiff,2298,100,0.5,-0.00055613423232,0.000838761039777,-5.56270989663e-05,-5.56316669467e-05,-5.24841270817e-05,-3.98565601934e-05,7.35115796568e-05,0.354810002243,28834,0.000375728764823,0.000375871605213,0.000370971058146,0.000372882701792,8.2812607993e-05,0.645189997757,52384,8204093,82040,81218,True,7
tomo_sample_2_051_rec,recon_02299.tiff,2299,100,0.5,-0.000559046745766,0.000836490101647,-5.48030377571e-05,-5.49113540994e-05,-5.186180897e-05,-5.70171626085e-05,7.4310280527e-05,0.35783019108,29064,0.000376511564981,0.000376586378918,0.000371561036445,0.000374168717338,8.24705454015e-05,0.64216980892,52154,8204093,82040,81218,True,7
tomo_sample_2_051_rec,recon_02300.tiff,2300,100,0.5,-0.000580844785727,0.000834067242977,-5.56979798362e-05,-5.57595956739e-05,-5.27040210727e-05,-4.65742327755e-05,7.46320760112e-05,0.356302520896,28947,0.000375522480718,0.000375629380515,0.000370525027392,0.000371123795732,8.2507374038e-05,0.643697479104,52271,8204092,82040,81218,True,7
tomo_sample_2_051_rec,recon_02301.tiff,2301,100,0.5,-0.000616218088253,0.000838438077189,-5.5662780321e-05,-5.58770646376e-05,-5.20464382134e-05,-5.66165613318e-05,7.77057098122e-05,0.358606998119,29114,0.000375718657221,0.000375744479408,0.000370980938897,0.000351140475726,8.18052803654e-05,0.641393001881,52104,8204093,82040,81218,True,7
tomo_sample_2_051_rec,recon_02302.tiff,2302,100,0.5,-0.000578895989456,0.000832917222579,-5.44457735399e-05,-5.45499793675e-05,-5.22476329934e-05,-5.04714773757e-05,7.32990489548e-05,0.355219981253,28852,0.00037616012387,0.00037623187529,0.000371102039935,0.000377438749982,8.21518952255e-05,0.644780018747,52366,8204093,82040,81218,True,7
tomo_sample_2_051_rec,recon_02303.tiff,2303,100,0.5,-0.00056750547199,0.000819569090381,-5.4468136054e-05,-5.45565626986e-05,-5.20582689205e-05,-6.06175833396e-05,7.48170361363e-05,0.35207533986,28601,0.000375323155873,0.000375421416478,0.00037087497185,0.000367109763584,8.16683766588e-05,0.64792466014,52617,8204093,82040,81218,True,8
tomo_sample_2_051_rec,recon_02304.tiff,2304,100,0.5,-0.0006171271723,0.000820710326079,-5.53130086383e-05,-5.54409707257e-05,-5.18111373822e-05,-4.76015228361e-05,7.72229712347e-05,0.35751216744,29037,0.000376114636069,0.00037619061154,0.000371450267266,0.000361345966251,8.12737004947e-05,0.64248783256,52181,8204093,82040,81218,True,7
tomo_sample_2_051_rec,recon_02305.tiff,2305,100,0.5,-0.000558533368167,0.000841165102029,-5.47936773173e-05,-5.49216204088e-05,-5.20900721313e-05,-5.66589955324e-05,7.21519379333e-05,0.351911274622,28579,0.000376598976742,0.000376647706854,0.000371309492039,0.000369036040033,8.28571600746e-05,0.648088725378,52639,8204093,82040,81218,True,8
tomo_sample_2_051_rec,recon_02306.tiff,2306,100,0.5,-0.000542496783019,0.000823260272155,-5.42951015476e-05,-5.4377774266e-05,-5.17687985848e-05,-6.7841366653e-05,7.25495569129e-05,0.353137745796,28685,0.000375311418465,0.000375388115594,0.000370734283933,0.000353854018253,8.13813509643e-05,0.646862254204,52533,8204093,82040,81218,True,7
tomo_sample_2_051_rec,recon_02307.tiff,2307,100,0.5,-0.00052579288109,0.000839498049754,-5.37714181853e-05,-5.39132528328e-05,-5.10459212819e-05,-5.56968215445e-05,7.14470984892e-05,0.352769234777,28648,0.000375940332681,0.000375991372617,0.000370661480702,0.000367637095864,8.31910710585e-05,0.647230765223,52570,8204093,82040,81218,True,8
tomo_sample_2_051_rec,recon_02308.tiff,2308,100,0.5,-0.000559188369662,0.000822337195568,-5.4396904971e-05,-5.4433984486e-05,-5.13189079356e-05,-7.17317523445e-05,7.42460998922e-05,0.354983045528,28844,0.000375622162646,0.000375749213907,0.000370861336705,0.00038086767138,8.24501587113e-05,0.645016954472,52374,8204093,82040,81218,True,8
tomo_sample_2_051_rec,recon_02309.tiff,2309,100,0.5,-0.000567620148358,0.000833189116966,-5.48093021449e-05,-5.48621404133e-05,-5.20430021425e-05,-4.20758508278e-05,7.37703262244e-05,0.354479239576,28800,0.000375879035212,0.000375989450753,0.000371456699213,0.000349586362144,8.19005376629e-05,0.645520760424,52418,8204093,82040,81218,True,8
tomo_sample_2_051_rec,recon_02310.tiff,2310,100,0.5,-0.000555025364738,0.000847466295527,-5.52494950986e-05,-5.53171461752e-05,-5.27857719135e-05,-4.5379114639e-05,7.17618161791e-05,0.355507683686,28880,0.000375874698642,0.000375964557233,0.000371199988876,0.000372718730131,8.33262896567e-05,0.644492316314,52338,8204093,82040,81218,True,7
tomo_sample_2_051_rec,recon_02311.tiff,2311,100,0.5,-0.000580950938456,0.000848992850806,-5.55197158217e-05,-5.55629122328e-05,-5.23312883161e-05,-4.28229808591e-05,7.41653446286e-05,0.354705650425,28820,0.000376661941423,0.000376780688963,0.000371498026652,0.000373817322256,8.36052484226e-05,0.645294349575,52398,8204092,82040,81218,True,7
tomo_sample_2_051_rec,recon_02312.tiff,2312,100,0.5,-0.000599667768693,0.000828497405455,-5.63777967915e-05,-5.65488728904e-05,-5.33827842446e-05,-4.6987091082e-05,7.57268853078e-05,0.35429586234,28768,0.000375904140461,0.000375938621009,0.000371451809769,0.000374627407697,8.1464716213e-05,0.64570413766,52450,8204093,82040,81218,True,7
tomo_sample_2_051_rec,recon_02313.tiff,2313,100,0.5,-0.000555081942002,0.000820047193265,-5.43813087885e-05,-5.45304816088e-05,-5.13023824169e-05,-4.71544383487e-05,7.33487464656e-05,0.356181880199,28922,0.000376085934187,0.000376115917714,0.000371152113075,0.000368163770122,8.14217690241e-05,0.643818119801,52296,8204093,82040,81218,True,7
tomo_sample_2_051_rec,recon_02314.tiff,2314,100,0.5,-0.000568401591445,0.000807827567041,-5.47008827924e-05,-5.47809845708e-05,-5.24110237166e-05,-5.26120479615e-05,7.33406668989e-05,0.355827058101,28904,0.000375958459759,0.000376039251247,0.000371265006834,0.000368948445904,8.13465846843e-05,0.644172941899,52314,8204093,82040,81218,True,7
tomo_sample_2_051_rec,recon_02315.tiff,2315,100,0.5,-0.000565251686785,0.000824896273552,-5.47297096643e-05,-5.47888034737e-05,-5.17362750543e-05,-5.8504261975e-05,7.26643723924e-05,0.354912445332,28831,0.00037592125237,0.000376000804439,0.000371094269212,0.000371381674,8.05999571488e-05,0.645087554668,52387,8204093,82040,81218,True,7
tomo_sample_2_051_rec,recon_02316.tiff,2316,100,0.5,-0.000617731100356,0.00083319516707,-5.49603014551e-05,-5.52360505411e-05,-5.10145364387e-05,-7.03609169048e-05,7.68433629642e-05,0.355955411989,28888,0.000376981092503,0.000376951833855,0.000372307942598,0.000366610690693,8.0926993927e-05,0.644044588011,52330,8204093,82040,81218,True,7
tomo_sample_2_051_rec,recon_02317.tiff,2317,100,0.5,-0.000566247703973,0.000819588383019,-5.4820983043e-05,-5.49655058169e-05,-5.23050621268e-05,-5.47052133868e-05,7.39799106927e-05,0.358492179078,29111,0.000376756037003,0.000376795218594,0.000372263806639,0.00037013638226,8.14835993229e-05,0.641507820922,52107,8204093,82040,81218,True,7
tomo_sample_2_051_rec,recon_02318.tiff,2318,100,0.5,-0.000584982997389,0.000817019634123,-5.53717556525e-05,-5.54241698216e-05,-5.22756345163e-05,-5.38110913017e-05,7.47812744203e-05,0.357145810238,29015,0.000376722746864,0.000376820841395,0.00037184075336,0.000377219128461,8.14063370515e-05,0.642854189762,52203,8204093,82040,81218,True,7
tomo_sample_2_051_rec,recon_02319.tiff,2319,100,0.5,-0.000582102212356,0.000845255431486,-5.49002197542e-05,-5.5036147039e-05,-5.16383661306e-05,-3.6291669035e-05,7.53992375312e-05,0.354756209805,28811,0.00037635200509,0.00037641364906,0.000371865869965,0.000369764380594,8.20284486381e-05,0.645243790195,52407,8204093,82040,81218,True,7
tomo_sample_2_051_rec,recon_02320.tiff,2320,100,0.5,-0.000557124647021,0.000848456896783,-5.42671222623e-05,-5.43359328116e-05,-5.12867045472e-05,-4.64448167001e-05,7.2556096377e-05,0.355062168472,28845,0.000376295833796,0.000376395889954,0.000371394329704,0.000370634212685,8.3527288129e-05,0.644937831528,52373,8204093,82040,81218,True,8
tomo_sample_2_051_rec,recon_02321.tiff,2321,100,0.5,-0.000610148130509,0.000840849747183,-5.47147766199e-05,-5.4874660953e-05,-5.14238909091e-05,-5.95487216291e-05,7.79945982799e-05,0.357444657698,29028,0.000376889913212,0.000376954525483,0.000371914822608,0.000370591333581,8.24349642858e-05,0.642555342302,52190,8204093,82040,81218,True,7
tomo_sample_2_051_rec,recon_02322.tiff,2322,100,0.5,-0.000541937449598,0.000853096831124,-5.29234719229e-05,-5.29996273619e-05,-5.01112735947e-05,-4.2689802971e-05,7.18893455606e-05,0.356929476694,28995,0.000377643515907,0.000377734457269,0.000373123562895,0.000372849523829,8.32063152347e-05,0.643070523306,52223,8204093,82040,81218,True,8
tomo_sample_2_051_rec,recon_02323.tiff,2323,100,0.5,-0.000569360304507,0.000828183429549,-5.47727734148e-05,-5.48631444476e-05,-5.20173834957e-05,-6.96200234581e-05,7.37472423728e-05,0.355425878384,28870,0.000377081242221,0.000377156004328,0.000372478825739,0.000382825016024,8.19014835806e-05,0.644574121616,52348,8204093,82040,81218,True,7
tomo_sample_2_051_rec,recon_02324.tiff,2324,100,0.5,-0.000571068811114,0.000815861705923,-5.43543611752e-05,-5.44513393416e-05,-5.15275023645e-05,-5.97477106031e-05,7.33102498241e-05,0.356418093809,28949,0.000376752234978,0.000376817783768,0.000372645416064,0.000362297035328,8.10554830103e-05,0.643581906191,52269,8204093,82040,81218,True,7
tomo_sample_2_051_rec,recon_02325.tiff,2325,100,0.5,-0.000562194632657,0.000842315593618,-5.40184786779e-05,-5.40313202121e-05,-5.06523792865e-05,-4.7953099476e-05,7.16367997553e-05,0.355545366864,28892,0.000377068210829,0.000377201485132,0.000372213107767,0.000360302069043,8.34090286971e-05,0.644454633136,52326,8204092,82040,81218,True,8
tomo_sample_2_051_rec,recon_02326.tiff,2326,100,0.5,-0.000543602490507,0.000840086269891,-5.4540981913e-05,-5.46691626351e-05,-5.20044050063e-05,-6.74491958307e-05,7.17300362919e-05,0.35850366478,29114,0.000376324448721,0.000376371672009,0.000371750284103,0.000368980270305,8.24364124022e-05,0.64149633522,52104,8204093,82040,81218,True,7
tomo_sample_2_051_rec,recon_02327.tiff,2327,100,0.5,-0.000587986409373,0.000831481004134,-5.49044375028e-05,-5.50313505246e-05,-5.16820327903e-05,-5.18201448345e-05,7.5225688776e-05,0.360401631043,29269,0.000376741401935,0.000376795460789,0.000372126029106,0.000365902940568,8.16001827144e-05,0.639598368957,51949,8204093,82040,81218,True,6
tomo_sample_2_051_rec,recon_02328.tiff,2328,100,0.5,-0.000525273128296,0.000832740922342,-5.39759765023e-05,-5.39397747648e-05,-5.11371254106e-05,-4.09777319653e-05,7.15559232191e-05,0.356612252859,28985,0.000377217480962,0.000377376249374,0.000372356589651,0.000366415116616,8.27765970597e-05,0.643387747141,52233,8204093,82040,81218,True,7
tomo_sample_2_051_rec,recon_02329.tiff,2329,100,0.5,-0.000557634426514,0.000847511516477,-5.44083530174e-05,-5.44808512145e-05,-5.12856568093e-05,-4.5016518098e-05,7.29126698713e-05,0.358550269842,29127,0.000377231950323,0.000377324394877,0.00037268968299,0.000373150792488,8.29432918511e-05,0.641449730158,52091,8204093,82040,81218,True,7
tomo_sample_2_051_rec,recon_02330.tiff,2330,100,0.5,-0.000561890476092,0.00083713590051,-5.47398244318e-05,-5.48191987531e-05,-5.21443143953e-05,-6.08918093625e-05,7.2139212843e-05,0.357607955757,29048,0.000376871624789,0.000376947233668,0.00037198245991,0.000365223387424,8.26040613518e-05,0.642392044243,52170,8204093,82040,81218,True,7
tomo_sample_2_051_rec,recon_02331.tiff,2331,100,0.5,-0.000555387672794,0.000823209359369,-5.41869917216e-05,-5.42871462138e-05,-5.17170228704e-05,-5.22686428418e-05,7.28757315384e-05,0.356638213534,28968,0.000376826392275,0.00037690301665,0.000371569898562,0.000366408645331,8.28065875083e-05,0.643361786466,52250,8204092,82040,81218,True,8
tomo_sample_2_051_rec,recon_02332.tiff,2332,100,0.5,-0.00056123139424,0.00083576925972,-5.41585305248e-05,-5.41922216447e-05,-5.15070260008e-05,-5.07004153829e-05,7.25808090141e-05,0.35482916622,28830,0.000376720920095,0.000376833920587,0.000371874790289,0.000367968269427,8.28095217975e-05,0.64517083378,52388,8204093,82040,81218,True,7
tomo_sample_2_051_rec,recon_02333.tiff,2333,100,0.5,-0.000560770832817,0.000839141660254,-5.43513299385e-05,-5.44350610296e-05,-5.20444009453e-05,-5.38872694471e-05,7.27595119681e-05,0.355343381298,28866,0.000377160630973,0.000377253956402,0.000372281312593,0.000364039283128,8.37386311789e-05,0.644656618702,52352,8204093,82040,81218,True,8
tomo_sample_2_051_rec,recon_02334.tiff,2334,100,0.5,-0.00056287561747,0.000846838333819,-5.43494622715e-05,-5.45049220431e-05,-5.08128778165e-05,-4.6002356827e-05,7.44735716002e-05,0.358420762294,29106,0.000377779591908,0.000377831447909,0.000372629932826,0.000376128839071,8.38130100963e-05,0.641579237706,52112,8204092,82040,81218,True,8
tomo_sample_2_051_rec,recon_02335.tiff,2335,100,0.5,-0.00054897878319,0.00082898488472,-5.43226800567e-05,-5.43969202334e-05,-5.14741150255e-05,-6.81592494869e-05,7.31509312699e-05,0.354634656098,28809,0.000377207260476,0.000377299799401,0.000372615759261,0.000355278567888,8.23458748013e-05,0.645365343902,52409,8204093,82040,81218,True,8
tomo_sample_2_051_rec,recon_02336.tiff,2336,100,0.5,-0.000569833650079,0.00081583844556,-5.47987442312e-05,-5.49244216417e-05,-5.16527070431e-05,-4.54876878656e-05,7.45633484391e-05,0.356606481509,28961,0.000376968572744,0.000377022812454,0.000372269278159,0.000375406278605,8.15253673027e-05,0.643393518491,52257,8204093,82040,81218,True,7
tomo_sample_2_051_rec,recon_02337.tiff,2337,100,0.5,-0.000574297112471,0.000820880950487,-5.343825833e-05,-5.35311970808e-05,-5.03069677507e-05,-5.56322554151e-05,7.39834326735e-05,0.358881130529,29151,0.000377426640978,0.000377506747343,0.000372849142877,0.000388289108539,8.1618559818e-05,0.641118869471,52067,8204093,82040,81218,True,7
tomo_sample_2_051_rec,recon_02338.tiff,2338,100,0.5,-0.000581199927547,0.000844419506611,-5.42805132958e-05,-5.43881951631e-05,-5.08780649398e-05,-4.04053485553e-05,7.50321175966e-05,0.357521851632,29038,0.000377972839218,0.000378039310204,0.000372668742784,0.000367920757877,8.21417623396e-05,0.642478148368,52180,8204093,82040,81218,True,7
tomo_sample_2_051_rec,recon_02339.tiff,2339,100,0.5,-0.00058014246868,0.000818969329121,-5.48414824317e-05,-5.49296896731e-05,-5.16378131579e-05,-3.68136662309e-05,7.39287308905e-05,0.355634937983,28888,0.000376704541851,0.000376786564977,0.000372031587176,0.000374239397595,8.20004170305e-05,0.644365062017,52330,8204093,82040,81218,True,7
tomo_sample_2_051_rec,recon_02340.tiff,2340,100,0.5,-0.000559534721833,0.00084587008605,-5.46053965992e-05,-5.46783544376e-05,-5.25565010321e-05,-6.7379965142e-05,7.21624901101e-05,0.35635320627,28949,0.000376855220767,0.000376950977839,0.000371864298359,0.000365533286783,8.309714678e-05,0.64364679373,52269,8204093,82040,81218,True,7
tomo_sample_2_051_rec,recon_02341.tiff,2341,100,0.5,-0.000558894975693,0.000839007144968,-5.34289644493e-05,-5.34214937836e-05,-5.0418837418e-05,-3.20158716626e-05,7.35135149662e-05,0.358317741811,29120,0.000377693736988,0.000377839753696,0.000372816517483,0.000363568292994,8.24363674829e-05,0.641682258189,52098,8204093,82040,81218,True,7
tomo_sample_2_051_rec,recon_02342.tiff,2342,100,0.5,-0.00055611953052,0.000819574304332,-5.40835276356e-05,-5.42247037935e-05,-5.14526873303e-05,-5.40155778774e-05,7.37889936511e-05,0.359330158113,29181,0.000376682376953,0.000376736075069,0.000372623529984,0.000371291445101,8.19624569316e-05,0.640669841887,52037,8204093,82040,81218,True,8
tomo_sample_2_051_rec,recon_02343.tiff,2343,100,0.5,-0.000513228115742,0.000841485390847,-5.45184604413e-05,-5.44999315297e-05,-5.17857843079e-05,-4.76904747661e-05,7.07620856453e-05,0.356718259848,28991,0.000377867035788,0.000378014517494,0.000372376729501,0.000372150913604,8.36986262479e-05,0.643281740152,52227,8204093,82040,81218,True,8
tomo_sample_2_051_rec,recon_02344.tiff,2344,100,0.5,-0.000519768889062,0.000844279828307,-5.315341053e-05,-5.31990641109e-05,-5.10167938046e-05,-5.29454532334e-05,7.0937114551e-05,0.356533581776,28966,0.000377794452493,0.000377894446251,0.000372619251721,0.000370173776293,8.29999801913e-05,0.643466418224,52252,8204093,82040,81218,True,8
tomo_sample_2_051_rec,recon_02345.tiff,2345,100,0.5,-0.000537754581019,0.000809896736755,-5.37908079842e-05,-5.37350727333e-05,-5.1790746511e-05,-4.17763882142e-05,7.10893150803e-05,0.357890765824,29091,0.000376736233624,0.000376901927219,0.000372091162717,0.000362448395597,8.12819133376e-05,0.642109234176,52127,8204093,82040,81218,True,8
tomo_sample_2_051_rec,recon_02346.tiff,2346,100,0.5,-0.000547816558392,0.000838250611268,-5.4090012748e-05,-5.41113414856e-05,-5.19440072821e-05,-6.32548813363e-05,7.25889652685e-05,0.358365970154,29119,0.000377701589823,0.000377823181651,0.000373180926545,0.000368222095243,8.18543080816e-05,0.641634029846,52099,8204093,82040,81218,True,7
tomo_sample_2_051_rec,recon_02347.tiff,2347,100,0.5,-0.000535467668087,0.000821651838487,-5.50352958344e-05,-5.51131175425e-05,-5.29035460204e-05,-6.76899744135e-05,7.15666879664e-05,0.359215596177,29178,0.000377134417712,0.00037720485584,0.000373296948965,0.000375903971477,8.14260023361e-05,0.640784403823,52040,8204093,82040,81218,True,7
tomo_sample_2_051_rec,recon_02348.tiff,2348,100,0.5,-0.000559995663643,0.000840819686418,-5.51104000926e-05,-5.52589475907e-05,-5.26354633621e-05,-5.37092786575e-05,7.36911204077e-05,0.35852625218,29113,0.000377473060141,0.000377508029977,0.000372853828594,0.000364488958896,8.19123701132e-05,0.64147374782,52105,8204093,82040,81218,True,7
tomo_sample_2_051_rec,recon_02349.tiff,2349,100,0.5,-0.000531289400242,0.000826625706395,-5.4756353723e-05,-5.48356002516e-05,-5.17443040735e-05,-4.7459542621e-05,7.20127765545e-05,0.35776021193,29060,0.000377441661489,0.000377514245214,0.000372905371478,0.000356043393029,8.21031998572e-05,0.64223978807,52158,8204093,82040,81218,True,7
tomo_sample_2_051_rec,recon_02350.tiff,2350,100,0.5,-0.000547562245338,0.000819956963824,-5.40382597459e-05,-5.40400513799e-05,-5.17145581398e-05,-7.62817997229e-05,7.14776991448e-05,0.359973021978,29252,0.00037660871093,0.000376739918776,0.00037230461021,0.000377488615945,8.19377494187e-05,0.640026978022,51966,8204093,82040,81218,True,7
tomo_sample_2_051_rec,recon_02351.tiff,2351,100,0.5,-0.000548185418302,0.000837654334318,-5.4198474529e-05,-5.42488877228e-05,-5.17078988196e-05,-4.57465689236e-05,7.28489756551e-05,0.358557142403,29131,0.000377117858056,0.000377226425389,0.000372538517695,0.00038014809295,8.22095013135e-05,0.641442857597,52087,8204093,82040,81218,True,8
tomo_sample_2_051_rec,recon_02352.tiff,2352,100,0.5,-0.000566334885953,0.000811663353234,-5.36085412855e-05,-5.37375730729e-05,-5.10883801326e-05,-6.56274420913e-05,7.32894535078e-05,0.35721842788,29009,0.000377388071646,0.00037743032548,0.000372685695766,0.000360155003249,8.06342721775e-05,0.64278157212,52209,8204093,82040,81218,True,7
tomo_sample_2_051_rec,recon_02353.tiff,2353,100,0.5,-0.000604715328373,0.000818879756844,-5.51521794116e-05,-5.53324357259e-05,-5.1758812333e-05,-5.43729521775e-05,7.63987661781e-05,0.360178042461,29244,0.000376586319905,0.000376613478953,0.000372339025489,0.000381605586609,8.05415186223e-05,0.639821957539,51974,8204093,82040,81218,True,7
tomo_sample_2_051_rec,recon_02354.tiff,2354,100,0.5,-0.000581625793711,0.00079408884194,-5.43062362312e-05,-5.44560456511e-05,-5.0972783356e-05,-4.15401554417e-05,7.58318749912e-05,0.358065520134,29075,0.000376848166759,0.000376879067024,0.000372518203221,0.000359737959583,7.9366201453e-05,0.641934479866,52143,8204093,82040,81218,True,7
tomo_sample_2_051_rec,recon_02355.tiff,2355,100,0.5,-0.000558478235034,0.000825134106562,-5.37037459011e-05,-5.3760907931e-05,-5.09621931997e-05,-3.90195005375e-05,7.28594425063e-05,0.360347319265,29273,0.000377359923398,0.000377444511513,0.000372754147975,0.000364498704314,8.03586304781e-05,0.639652680735,51945,8204093,82040,81218,True,7
tomo_sample_2_051_rec,recon_02356.tiff,2356,100,0.5,-0.00056259979523,0.000836720234947,-5.49981372719e-05,-5.50427644797e-05,-5.21717138326e-05,-5.00113483118e-05,7.39258526921e-05,0.362303924651,29436,0.000378088716135,0.000378201065673,0.000373291681171,0.000356443343137,8.21252606998e-05,0.637696075349,51782,8204093,82040,81218,True,7
tomo_sample_2_051_rec,recon_02357.tiff,2357,100,0.5,-0.000572399006342,0.000839147337247,-5.48470457995e-05,-5.49582939005e-05,-5.20040139236e-05,-5.03139429055e-05,7.40614464493e-05,0.361025277007,29322,0.000377401155991,0.000377466087183,0.000372382521164,0.000358820045881,8.22538658542e-05,0.638974722993,51896,8204093,82040,81218,True,7
tomo_sample_2_051_rec,recon_02358.tiff,2358,100,0.5,-0.000583303277672,0.000833227910334,-5.38273207649e-05,-5.40302048068e-05,-5.11074758833e-05,-5.7290381265e-05,7.52530972215e-05,0.359391024105,29177,0.00037716297468,0.000377177174252,0.000372517795768,0.000376001195506,8.16829724713e-05,0.640608975895,52041,8204093,82040,81218,True,7
tomo_sample_2_051_rec,recon_02359.tiff,2359,100,0.5,-0.000553430420987,0.000822491872532,-5.46996735498e-05,-5.48529692273e-05,-5.1434895795e-05,-5.75257221682e-05,7.34648651559e-05,0.358945074005,29146,0.000376973006781,0.000377002430291,0.000372403039364,0.000370607071811,8.12371000793e-05,0.641054925995,52072,8204093,82040,81218,True,7
tomo_sample_2_051_rec,recon_02360.tiff,2360,100,0.5,-0.000533479940495,0.000831732289807,-5.40731104803e-05,-5.40911512938e-05,-5.12698788953e-05,-4.31615294206e-05,7.27679734063e-05,0.361024003005,29335,0.000376789044992,0.00037691013137,0.000372326438082,0.000378717822946,8.1725885945e-05,0.638975996995,51883,8204093,82040,81218,True,7
tomo_sample_2_051_rec,recon_02361.tiff,2361,100,0.5,-0.000521399563877,0.000808247350215,-5.38587287649e-05,-5.38351428193e-05,-5.15409301443e-05,-3.75668072593e-05,6.95311576796e-05,0.35824760427,29113,0.000377012524337,0.000377138651051,0.000372542010155,0.000371644507818,8.06519591115e-05,0.64175239573,52105,8204093,82040,81218,True,7
tomo_sample_2_051_rec,recon_02362.tiff,2362,100,0.5,-0.000564878230798,0.000843139827484,-5.40217330041e-05,-5.40204490895e-05,-5.14164366905e-05,-5.30871778153e-05,7.3270760326e-05,0.355830388303,28918,0.000377479614722,0.000377628796029,0.000372408496332,0.000359146098021,8.27487033796e-05,0.644169611697,52300,8204093,82040,81218,True,7
tomo_sample_2_051_rec,recon_02363.tiff,2363,100,0.5,-0.000561485415383,0.000829765113886,-5.41813043516e-05,-5.42794806378e-05,-5.16468408023e-05,-5.11524501121e-05,7.43059802756e-05,0.361887300966,29394,0.000376987167312,0.000377061464927,0.00037285379949,0.000362527010439,8.12676031253e-05,0.638112699034,51824,8204093,82040,81218,True,7
tomo_sample_2_051_rec,recon_02364.tiff,2364,100,0.5,-0.000538960052363,0.000820813879254,-5.34513146435e-05,-5.35012360482e-05,-5.09574892931e-05,-5.21572463942e-05,7.07672963169e-05,0.35842484323,29118,0.000376778454689,0.00037686788442,0.000372676833649,0.000366374420482,8.10956713213e-05,0.64157515677,52100,8204093,82040,81218,True,8
tomo_sample_2_051_rec,recon_02365.tiff,2365,100,0.5,-0.00055601628701,0.00080602402275,-5.31111007135e-05,-5.31932766166e-05,-5.03564933751e-05,-6.35969797637e-05,7.24132694385e-05,0.359821080344,29228,0.000376910666445,0.000376990375409,0.00037257684744,0.000362579519934,8.13641925389e-05,0.640178919656,51990,8204092,82040,81218,True,8
tomo_sample_2_051_rec,recon_02366.tiff,2366,100,0.5,-0.000585461993469,0.000839391101617,-5.48009381958e-05,-5.49538480373e-05,-5.16312866239e-05,-4.70057660335e-05,7.64344398248e-05,0.361157381343,29328,0.000377315391773,0.000377364506692,0.000372854585294,0.000376320387274,8.10546798308e-05,0.638842618657,51890,8204092,82040,81218,True,7
tomo_sample_2_051_rec,recon_02367.tiff,2367,100,0.5,-0.000574811036058,0.000816565159475,-5.38289488414e-05,-5.39712219598e-05,-5.13056475029e-05,-3.43676215376e-05,7.39086929856e-05,0.361815478743,29381,0.00037693108912,0.000376970764878,0.000372189417249,0.000360960606686,8.08196868222e-05,0.638184521257,51837,8204093,82040,81218,True,7
tomo_sample_2_051_rec,recon_02368.tiff,2368,100,0.5,-0.000572032756463,0.000835473815969,-5.43485049343e-05,-5.44046274533e-05,-5.18868837389e-05,-4.17980475799e-05,7.39728615938e-05,0.361350992205,29356,0.000377463125818,0.000377559796869,0.000372998474631,0.000374627326688,8.10882162126e-05,0.638649007795,51862,8204093,82040,81218,True,7
tomo_sample_2_051_rec,recon_02369.tiff,2369,100,0.5,-0.000576290853205,0.000845135013806,-5.42325724687e-05,-5.4304745293e-05,-5.1834678743e-05,-3.69809190454e-05,7.28843922996e-05,0.358447403961,29117,0.000377235086539,0.000377313670352,0.000372980401153,0.000384344106992,8.13104683552e-05,0.641552596039,52101,8204093,82040,81218,True,7
tomo_sample_2_051_rec,recon_02370.tiff,2370,100,0.5,-0.000545154033171,0.00082403950335,-5.38211397646e-05,-5.38604133235e-05,-5.15698775416e-05,-4.86926375484e-05,7.18476819665e-05,0.360831807047,29315,0.000377285522716,0.000377382145446,0.00037299018004,0.000359211354604,8.09438235141e-05,0.639168192953,51903,8204093,82040,81218,True,7
tomo_sample_2_051_rec,recon_02371.tiff,2371,100,0.5,-0.000516596011876,0.000820665927604,-5.30813539221e-05,-5.30896028715e-05,-5.15850515512e-05,-6.35977547923e-05,6.91495250051e-05,0.359393292162,29202,0.000376864655437,0.000376975050349,0.000372881113435,0.000385236146289,8.1034307917e-05,0.640606707838,52016,8204093,82040,81218,True,8
tomo_sample_2_051_rec,recon_02372.tiff,2372,100,0.5,-0.000543032517598,0.000812715245411,-5.43605893233e-05,-5.44147322858e-05,-5.20788325957e-05,-7.01740964046e-05,7.26023346609e-05,0.359743416937,29224,0.000377377146196,0.000377460382043,0.000372806927771,0.000371653894877,8.06455146382e-05,0.640256583063,51994,8204093,82040,81218,True,7
tomo_sample_2_051_rec,recon_02373.tiff,2373,100,0.5,-0.000543494500162,0.000807406472741,-5.39339586711e-05,-5.39973308508e-05,-5.1365703257e-05,-6.99062943674e-05,7.18875708141e-05,0.359780512746,29225,0.000376974432059,0.000377046074701,0.00037270251778,0.000368696868019,8.00388466674e-05,0.640219487254,51993,8204093,82040,81218,True,7
tomo_sample_2_051_rec,recon_02374.tiff,2374,100,0.5,-0.000541771420685,0.0008141062496,-5.34393317734e-05,-5.34804864981e-05,-5.081125164e-05,-4.21145435205e-05,7.08173691138e-05,0.360044387277,29250,0.000377384702676,0.000377473482852,0.000373030765331,0.00039424189058,8.06266073992e-05,0.639955612723,51968,8204093,82040,81218,True,7
tomo_sample_2_051_rec,recon_02375.tiff,2375,100,0.5,-0.000550113744102,0.000827852363873,-5.36749493144e-05,-5.37754466175e-05,-5.12628503202e-05,-5.50028991629e-05,7.18255903274e-05,0.360561558048,29284,0.00037729100593,0.000377346937885,0.000372862574295,0.000355652639302,8.13989168342e-05,0.639438441952,51934,8204093,82040,81218,True,7
tomo_sample_2_051_rec,recon_02376.tiff,2376,100,0.5,-0.000523171861423,0.000822227971803,-5.32896771786e-05,-5.33980117657e-05,-5.107166362e-05,-3.94321379158e-05,7.06807908706e-05,0.356812584759,28977,0.000376830290821,0.000376868937862,0.000372322159819,0.000368502940533,8.03072227834e-05,0.643187415241,52241,8204093,82040,81218,True,7
tomo_sample_2_051_rec,recon_02377.tiff,2377,100,0.5,-0.000594988284865,0.00082236234186,-5.48904580717e-05,-5.49794810173e-05,-5.23131566297e-05,-5.42634474656e-05,7.42142370731e-05,0.362461325484,29441,0.00037816247792,0.000378234977678,0.000373526505427,0.000381782470961,8.18443372153e-05,0.637538674516,51777,8204093,82040,81218,True,7
tomo_sample_2_051_rec,recon_02378.tiff,2378,100,0.5,-0.000573801999562,0.000833143882046,-5.47377081389e-05,-5.48489080927e-05,-5.16349009558e-05,-5.57012896095e-05,7.42517933708e-05,0.363014045691,29482,0.00037762073951,0.000377673454109,0.000373469665647,0.000362530739081,8.05188216486e-05,0.636985954309,51736,8204093,82040,81218,True,7
tomo_sample_2_051_rec,recon_02379.tiff,2379,100,0.5,-0.000534666791209,0.00082226492872,-5.38951080806e-05,-5.39806926983e-05,-5.10849458806e-05,-5.08905533722e-05,7.12224154703e-05,0.361926457678,29397,0.000377615253409,0.000377680932008,0.000373260176275,0.000372059997805,8.1683553047e-05,0.638073542322,51821,8204093,82040,81218,True,7
tomo_sample_2_051_rec,recon_02380.tiff,2380,100,0.5,-0.000589425892977,0.000821160460473,-5.40019742883e-05,-5.40963974254e-05,-5.13880695507e-05,-5.72647883573e-05,7.4414367869e-05,0.363611526664,29533,0.000377388163293,0.000377452124734,0.000372834969312,0.000372393323659,8.01720830928e-05,0.636388473336,51685,8204093,82040,81218,True,7
tomo_sample_2_051_rec,recon_02381.tiff,2381,100,0.5,-0.00062441114831,0.000833773554186,-5.46969522099e-05,-5.48651217096e-05,-5.14744860993e-05,-4.58363687928e-05,7.87269274107e-05,0.363529346969,29520,0.000378106274986,0.000378159383365,0.000373397866497,0.000375724847765,8.12405685137e-05,0.636470653031,51698,8204093,82040,81218,True,7
tomo_sample_2_051_rec,recon_02382.tiff,2382,100,0.5,-0.00055902307533,0.000838907434372,-5.36207367477e-05,-5.36169641349e-05,-5.17325897817e-05,-4.88289173051e-05,7.00121113476e-05,0.363524919082,29539,0.000376754349068,0.000376870724035,0.00037226913264,0.000365576290058,8.11704820252e-05,0.636475080918,51679,8204093,82040,81218,True,7
tomo_sample_2_051_rec,recon_02383.tiff,2383,100,0.5,-0.000620056634943,0.000829668811057,-5.50953315459e-05,-5.53407347318e-05,-5.18121014466e-05,-4.86746779451e-05,7.64169091705e-05,0.361137456342,29312,0.000376978248864,0.000376959821647,0.000373009650502,0.000363577374643,7.99094509324e-05,0.638862543658,51906,8204093,82040,81218,True,7
tomo_sample_2_051_rec,recon_02384.tiff,2384,100,0.5,-0.000548258186027,0.000835669058724,-5.37734943211e-05,-5.38271564935e-05,-5.18553206348e-05,-5.71059608856e-05,7.06406493606e-05,0.361486028933,29365,0.000377669673836,0.00037774855282,0.000372985756258,0.000366979409673,8.12434830066e-05,0.638513971067,51853,8204093,82040,81218,True,7
tomo_sample_2_051_rec,recon_02385.tiff,2385,100,0.5,-0.000524468634103,0.000842281831719,-5.35910624069e-05,-5.364559829e-05,-5.15662468388e-05,-5.32096954699e-05,7.02531971778e-05,0.360301709628,29269,0.000377291625753,0.000377372248906,0.000373032467905,0.000361464672465,8.12266277704e-05,0.639698290372,51949,8204093,82040,81218,True,7
tomo_sample_2_051_rec,recon_02386.tiff,2386,100,0.5,-0.00049558706698,0.000813371434924,-5.3427033327e-05,-5.346839094e-05,-5.16969248565e-05,-5.73357196332e-05,6.91867849538e-05,0.359572438349,29210,0.00037642357009,0.000376498419627,0.00037259364035,0.000364719101955,7.96048886553e-05,0.640427561651,52008,8204093,82040,81218,True,7
tomo_sample_2_051_rec,recon_02387.tiff,2387,100,0.5,-0.000570795154781,0.000833022701263,-5.51185260245e-05,-5.52695983115e-05,-5.2193277952e-05,-5.16940494388e-05,7.3923946612e-05,0.364717547551,29615,0.000377193778121,0.000377224936612,0.000372444774257,0.000372294030898,8.12862075759e-05,0.635282452449,51603,8204093,82040,81218,True,7
tomo_sample_2_051_rec,recon_02388.tiff,2388,100,0.5,-0.000549411003303,0.000829285247019,-5.49450524891e-05,-5.49387790212e-05,-5.28011769347e-05,-4.74738950106e-05,7.15245806092e-05,0.359684935645,29229,0.000377421961622,0.000377552404377,0.000373056536773,0.000375447412152,8.17646567423e-05,0.640315064355,51989,8204093,82040,81218,True,7
tomo_sample_2_051_rec,recon_02389.tiff,2389,100,0.5,-0.000553468146827,0.000813211328641,-5.44402161105e-05,-5.4543629706e-05,-5.14716866746e-05,-4.9496176631e-05,7.30625005952e-05,0.35818507366,29090,0.000377640997279,0.00037768979407,0.000372773240088,0.00034864456377,8.10881260819e-05,0.64181492634,52128,8204093,82040,81218,True,7
tomo_sample_2_051_rec,recon_02390.tiff,2390,100,0.5,-0.000541621251032,0.000818963857018,-5.42569299417e-05,-5.43115460829e-05,-5.1638993682e-05,-5.10288169153e-05,7.15735180942e-05,0.360240443966,29264,0.00037730391711,0.000377384450586,0.000372689799406,0.000389983892753,8.06316542285e-05,0.639759556034,51954,8204093,82040,81218,True,7
tomo_sample_2_051_rec,recon_02391.tiff,2391,100,0.5,-0.000567300856928,0.000809472895635,-5.38257118896e-05,-5.39605449577e-05,-5.10489498993e-05,-5.57743264972e-05,7.30264934044e-05,0.365331774204,29666,0.000376894945599,0.000376926449451,0.000372443071683,0.000363566354415,8.03874567963e-05,0.634668225796,51552,8204093,82040,81218,True,7
tomo_sample_2_051_rec,recon_02392.tiff,2392,100,0.5,-0.00056699775072,0.000812623673992,-5.4343415035e-05,-5.44276188118e-05,-5.17327534908e-05,-5.74305842918e-05,7.326210858e-05,0.362466870066,29441,0.000376843301934,0.000376909217007,0.000372373237042,0.000363223712837,8.0350925452e-05,0.637533129934,51777,8204092,82040,81218,True,7
tomo_sample_2_051_rec,recon_02393.tiff,2393,100,0.5,-0.000555991062138,0.000830301051901,-5.43500183406e-05,-5.43768761171e-05,-5.17231273989e-05,-4.51617655493e-05,7.14115109272e-05,0.361951234948,29407,0.00037743436149,0.000377533315535,0.00037237937795,0.000367942391911,8.18421246664e-05,0.638048765052,51811,8204093,82040,81218,True,6
tomo_sample_2_051_rec,recon_02394.tiff,2394,100,0.5,-0.000570410636137,0.000798333489511,-5.45502539823e-05,-5.46956930904e-05,-5.19967834407e-05,-4.63520253145e-05,7.30967383721e-05,0.36046427144,29269,0.000376834407099,0.000376856667593,0.000372641254216,0.000348824769451,7.97237824468e-05,0.63953572856,51949,8204093,82040,81218,True,7
tomo_sample_2_051_rec,recon_02395.tiff,2395,100,0.5,-0.000590913664491,0.000825027104875,-5.46524798292e-05,-5.4787375971e-05,-5.0992352044e-05,-5.5456320121e-05,7.6419230638e-05,0.362008493144,29399,0.000377943274178,0.000377998052451,0.000372907030396,0.00038698275769,8.16452149866e-05,0.637991506856,51819,8204093,82040,81218,True,7
tomo_sample_2_051_rec,recon_02396.tiff,2396,100,0.5,-0.000556272630347,0.000844805296219,-5.38231568588e-05,-5.38432832516e-05,-5.08770790475e-05,-5.14275434806e-05,7.34837675601e-05,0.361492637303,29373,0.000377267487802,0.000377389404885,0.000372852518922,0.000364661481829,8.21012091053e-05,0.638507362697,51845,8204093,82040,81218,True,7
tomo_sample_2_051_rec,recon_02397.tiff,2397,100,0.5,-0.000555756553367,0.000833070857334,-5.39189509099e-05,-5.39904058425e-05,-5.12189599249e-05,-5.45798076192e-05,7.18559061048e-05,0.364461754813,29604,0.000377106585812,0.000377173835246,0.000372767739464,0.000374024588648,8.11067515767e-05,0.635538245187,51614,8204093,82040,81218,True,7
tomo_sample_2_051_rec,recon_02398.tiff,2398,100,0.5,-0.000570648170542,0.00082923142385,-5.51024385147e-05,-5.51993744163e-05,-5.22761110915e-05,-6.96719369865e-05,7.36318535985e-05,0.360919837176,29314,0.000377259640438,0.00037732115678,0.000371921763872,0.000365232130434,8.16595039723e-05,0.639080162824,51904,8204093,82040,81218,True,7
tomo_sample_2_051_rec,recon_02399.tiff,2399,100,0.5,-0.000561042143672,0.000849951610435,-5.48953600159e-05,-5.4939366217e-05,-5.24328297615e-05,-5.68420639753e-05,7.22764285258e-05,0.363098326651,29498,0.000376810809889,0.000376901683542,0.000371875983546,0.000371715738805,8.17648360389e-05,0.636901673349,51720,8204093,82040,81218,True,7
tomo_sample_2_051_rec,recon_02400.tiff,2400,100,0.5,-0.000536052471434,0.000833598620666,-5.4179121552e-05,-5.4225908786e-05,-5.10555983055e-05,-3.79894359704e-05,7.23899139513e-05,0.357416894934,29036,0.000377291924968,0.000377378440701,0.000372409631382,0.000367226449368,8.10091359116e-05,0.642583105066,52182,8204092,82040,81218,True,7
tomo_sample_2_051_rec,recon_02401.tiff,2401,100,0.5,-0.000597126719949,0.000824961378239,-5.50139193629e-05,-5.51641040518e-05,-5.17272474099e-05,-6.7599339316e-05,7.56494031373e-05,0.361431824078,29348,0.000377693761177,0.000377722260073,0.000372611437342,0.000368533028317,8.1161451416e-05,0.638568175922,51870,8204093,82040,81218,True,7
tomo_sample_2_051_rec,recon_02402.tiff,2402,100,0.5,-0.000595856000728,0.000846706363955,-5.49574836092e-05,-5.50750427575e-05,-5.13921077072e-05,-4.27384600268e-05,7.5110319696e-05,0.362132711073,29411,0.000377440474308,0.000377501416259,0.000372699956642,0.00035721707596,8.22214951076e-05,0.637867288927,51807,8204093,82040,81218,True,7
tomo_sample_2_051_rec,recon_02403.tiff,2403,100,0.5,-0.000586482528597,0.000826116883836,-5.54666682274e-05,-5.55888867948e-05,-5.25493378518e-05,-5.67741441414e-05,7.43958576362e-05,0.363106356593,29487,0.000376777051138,0.000376815198582,0.000372304668417,0.000376042284529,8.05073397233e-05,0.636893643407,51731,8204093,82040,81218,True,7
tomo_sample_2_051_rec,recon_02404.tiff,2404,100,0.5,-0.000578831548628,0.000844793625583,-5.53163027225e-05,-5.5408626695e-05,-5.21662841493e-05,-5.65273834141e-05,7.41612683046e-05,0.365487712929,29685,0.000377581620711,0.00037764168224,0.000373014307115,0.000361351656885,8.09398127526e-05,0.634512287071,51533,8204093,82040,81218,True,7
tomo_sample_2_051_rec,recon_02405.tiff,2405,100,0.5,-0.000588258802309,0.000832047954609,-5.49620640702e-05,-5.50534646713e-05,-5.15673709742e-05,-5.14816581506e-05,7.58848555873e-05,0.360647963627,29295,0.00037696531461,0.00037704927301,0.000372072128812,0.000374495770507,8.16953578966e-05,0.639352036373,51923,8204093,82040,81218,True,7
tomo_sample_2_051_rec,recon_02406.tiff,2406,100,0.5,-0.000576819794369,0.000841539043467,-5.54126594051e-05,-5.54813346849e-05,-5.23505605088e-05,-4.15697170945e-05,7.38464946197e-05,0.362979066658,29486,0.000377488501184,0.000377574222946,0.000372320442693,0.000367680417649,8.21205583923e-05,0.637020933342,51732,8204092,82040,81218,True,7
tomo_sample_2_051_rec,recon_02407.tiff,2407,100,0.5,-0.000560456285602,0.000835571577772,-5.50414039535e-05,-5.51217295675e-05,-5.21582005604e-05,-4.90005387097e-05,7.31755526513e-05,0.362075957346,29411,0.000377133492416,0.000377211751657,0.000372457870981,0.000361707796695,8.22173014051e-05,0.637924042654,51807,8204093,82040,81218,True,7
tomo_sample_2_051_rec,recon_02408.tiff,2408,100,0.5,-0.000544840800576,0.000860170664673,-5.41793866064e-05,-5.42018642535e-05,-5.17906919413e-05,-4.47859512904e-05,7.16082961301e-05,0.361960144335,29410,0.000377475533716,0.000377590949999,0.000372893657186,0.000376987217117,8.26347610694e-05,0.638039855665,51808,8204093,82040,81218,True,7
tomo_sample_2_051_rec,recon_02409.tiff,2409,100,0.5,-0.000592070185521,0.000836644159281,-5.51327367509e-05,-5.52117170741e-05,-5.15788560733e-05,-5.90872576365e-05,7.57336128458e-05,0.364977686058,29647,0.00037763329874,0.000377714302604,0.000372804846847,0.000372319005112,8.16789580642e-05,0.635022313942,51571,8204093,82040,81218,True,7
tomo_sample_2_051_rec,recon_02410.tiff,2410,100,0.5,-0.000582964666537,0.000860971623333,-5.52605206916e-05,-5.53610805778e-05,-5.24316419614e-05,-5.59917174688e-05,7.38781405308e-05,0.365579581927,29692,0.000378361663344,0.00037842261996,0.000373338203644,0.000383019785267,8.26027459726e-05,0.634420418073,51526,8204093,82040,81218,True,7
tomo_sample_2_051_rec,recon_02411.tiff,2411,100,0.5,-0.000557681882055,0.000869657371368,-5.48099560471e-05,-5.48025441556e-05,-5.17531643709e-05,-3.72281509726e-05,7.3326214512e-05,0.357868971427,29082,0.000378288906551,0.000378422652326,0.000373408212909,0.000362223583133,8.2768930452e-05,0.642131028573,52136,8204093,82040,81218,True,7
tomo_sample_2_051_rec,recon_02412.tiff,2412,100,0.5,-0.000600401516713,0.000855642679671,-5.61170815285e-05,-5.61836309505e-05,-5.32226003997e-05,-5.87001226511e-05,7.42047773277e-05,0.358305066492,29107,0.000377833195636,0.00037792182338,0.000373017450329,0.000387863029868,8.27543849672e-05,0.641694933508,52111,8204093,82040,81218,True,7
tomo_sample_2_051_rec,recon_02413.tiff,2413,100,0.5,-0.000611412477447,0.000839121570752,-5.57762926333e-05,-5.59590357752e-05,-5.24876086274e-05,-6.40687527346e-05,7.69042365583e-05,0.362777798464,29455,0.000377510240209,0.00037753816213,0.000372832641006,0.000375011255373,8.18276669319e-05,0.637222201536,51763,8204093,82040,81218,True,7
tomo_sample_2_051_rec,recon_02414.tiff,2414,100,0.5,-0.000614991535258,0.000885254704044,-5.54831623923e-05,-5.56376501399e-05,-5.19245222677e-05,-4.99816321732e-05,7.65756347317e-05,0.361196992234,29331,0.000378357056769,0.000378405111115,0.000372874375898,0.000348200034933,8.33341138098e-05,0.638803007766,51887,8204093,82040,81218,True,7
tomo_sample_2_051_rec,recon_02415.tiff,2415,100,0.5,-0.000631973676791,0.000846620775992,-5.48612042603e-05,-5.49922917428e-05,-5.1099121265e-05,-4.36906915819e-05,7.72087664599e-05,0.362158641044,29412,0.000378100137498,0.000378159512754,0.000372985203285,0.000367004034889,8.15314963657e-05,0.637841358956,51806,8204093,82040,81218,True,7
tomo_sample_2_051_rec,recon_02416.tiff,2416,100,0.5,-0.000602915043419,0.000849670645257,-5.60082461737e-05,-5.61511576938e-05,-5.30182951479e-05,-4.04434477889e-05,7.69114561675e-05,0.361567104018,29363,0.000377143975513,0.000377201869387,0.000372594047803,0.000372512340287,8.18903664576e-05,0.638432895982,51855,8204093,82040,81218,True,7
tomo_sample_2_051_rec,recon_02417.tiff,2417,100,0.5,-0.000637815373484,0.000857406959694,-5.53688621058e-05,-5.55135649424e-05,-5.10846875841e-05,-5.14505628906e-05,7.85385660007e-05,0.35968418057,29211,0.000378208961726,0.000378274982908,0.000373487651814,0.000391938008954,8.30306159838e-05,0.64031581943,52007,8204093,82040,81218,True,7
tomo_sample_2_051_rec,recon_02418.tiff,2418,100,0.5,-0.000600021531573,0.00082898604509,-5.4821453504e-05,-5.49572471462e-05,-5.16862419317e-05,-3.7719587058e-05,7.55351399496e-05,0.358187751791,29087,0.000377422263933,0.000377462437401,0.000372705573682,0.000368429815137,8.07960734831e-05,0.641812248209,52131,8204093,82040,81218,True,7
tomo_sample_2_051_rec,recon_02419.tiff,2419,100,0.5,-0.000605265883787,0.000839879629493,-5.54925767823e-05,-5.56540598148e-05,-5.18984816154e-05,-6.01032018302e-05,7.56907125017e-05,0.361564183886,29358,0.000378035711399,0.000378064263948,0.00037319023977,0.000383396302863,8.19799461638e-05,0.638435816114,51860,8204093,82040,81218,True,7
tomo_sample_2_051_rec,recon_02420.tiff,2420,100,0.5,-0.000617575815413,0.000857143823523,-5.59512964122e-05,-5.60858095251e-05,-5.23478174728e-05,-4.67452400211e-05,7.68080326306e-05,0.358880403329,29146,0.000378068791097,0.000378131173888,0.000373190181563,0.000390379841976,8.28551343437e-05,0.641119596671,52072,8204093,82040,81218,True,7
tomo_sample_2_051_rec,recon_02421.tiff,2421,100,0.5,-0.000607642257819,0.00084701473621,-5.57663004385e-05,-5.58460704076e-05,-5.24375882378e-05,-3.99499425328e-05,7.68124320648e-05,0.359902387532,29236,0.000377593692731,0.000377683974986,0.000372691836674,0.000371247349698,8.17602019146e-05,0.640097612468,51982,8204093,82040,81218,True,7
tomo_sample_2_051_rec,recon_02422.tiff,2422,100,0.5,-0.000592277511896,0.000875240765745,-5.46841609572e-05,-5.47537315224e-05,-5.1226321375e-05,-5.45695605988e-05,7.49024823614e-05,0.36140294946,29359,0.000378825847581,0.000378920198788,0.00037333930959,0.000353881964509,8.35053102414e-05,0.63859705054,51859,8204093,82040,81218,True,7
tomo_sample_2_051_rec,recon_02423.tiff,2423,100,0.5,-0.000571205926535,0.000872156919795,-5.45570073305e-05,-5.45366370284e-05,-5.1193192121e-05,-4.67512567257e-05,7.25924272066e-05,0.3573833064,29044,0.000378270318299,0.0003784086574,0.000373510018107,0.000374585114866,8.30807967152e-05,0.6426166936,52174,8204093,82040,81218,True,7
tomo_sample_2_051_rec,recon_02424.tiff,2424,100,0.5,-0.000613676795329,0.000855357157707,-5.56659114877e-05,-5.57984279781e-05,-5.18988417753e-05,-3.55899930477e-05,7.61417671501e-05,0.359378967139,29185,0.000377482844058,0.000377531857352,0.000372359761968,0.000358644126276,8.18026854514e-05,0.640621032861,52033,8204093,82040,81218,True,7
tomo_sample_2_051_rec,recon_02425.tiff,2425,100,0.5,-0.000567633039318,0.000857501297141,-5.45019308783e-05,-5.45896473706e-05,-5.16492655152e-05,-3.42627485438e-05,7.32194121213e-05,0.361294682182,29346,0.000378027245081,0.000378096619206,0.00037282370613,0.000376550342253,8.25025435126e-05,0.638705317818,51872,8204093,82040,81218,True,7
