folder,filename,image_index,downsample_factor,n_total_pixels,n_zero_pixels,n_valid_pixels,n_sampled_pixels,min,p0_01,p0_1,p1_0,p5_0,p25_0,p50_0,p75_0,p95_0,p99_0,p99_9,p99_99,max,hist_lo,hist_hi,peak_1,peak_2,peak_1_bin,peak_2_bin,peak_1_height,peak_2_height
tomo_sample_2_051_rec,recon_00000.tiff,0,100,10445824,2241731,8204093,82040,-0.00277797644958,-0.00194566359505,-0.00123017286602,-0.000224690050964,-0.0001219476806,-2.39537534981e-05,0.000327038287651,0.000399258911784,0.000487557360611,0.000622875986155,0.00107545191247,0.00143586367399,0.00291954819113,-0.000224690050964,0.000622875986155,-6.5032400068e-05,0.000382251420651,192,733,171,264.333333333
tomo_sample_2_051_rec,recon_00001.tiff,1,100,10445824,2241731,8204093,82040,-0.00248372531496,-0.00216772976492,-0.00115666206926,-0.000228360769252,-0.00012066495874,-2.4024699087e-05,0.000327638335875,0.000399888624088,0.000489373228629,0.000631100399187,0.00106124354294,0.00143884794719,0.00400957046077,-0.000228360769252,0.000631100399187,-5.35567493036e-05,0.000383996320573,208,729,181.666666667,265.333333333
tomo_sample_2_051_rec,recon_00002.tiff,2,100,10445824,2241731,8204093,82040,-0.00267617334612,-0.00220491057034,-0.00116888826352,-0.000234026964754,-0.000122077576088,-2.30627456403e-05,0.000328059468302,0.000399739459681,0.00048942497815,0.000631499470328,0.00105677164125,0.00138698084877,0.00496936589479,-0.000234026964754,0.000631499470328,-5.26690553007e-05,0.000373560195811,214,718,175.666666667,270.666666667
tomo_sample_2_051_rec,recon_00003.tiff,3,100,10445824,2241731,8204093,82040,-0.00278891366906,-0.00221548807784,-0.00119582716154,-0.00023157583928,-0.000121890019727,-2.56683483713e-05,0.000326602414134,0.000398930729716,0.000487921100284,0.000646333056502,0.00106664210791,0.00143283132873,0.00184529065154,-0.00023157583928,0.000646333056502,-4.33300283399e-05,0.000370128971941,219,701,181.666666667,276.333333333
tomo_sample_2_051_rec,recon_00004.tiff,4,100,10445824,2241731,8204093,82040,-0.00267772376537,-0.00210379159385,-0.00113150037359,-0.000227219334483,-0.000120827987848,-2.3330165277e-05,0.000326944486005,0.000399483826186,0.000489415752236,0.00063825286401,0.00106232926168,0.00142376699576,0.00348568917252,-0.000227219334483,0.00063825286401,-5.95904418716e-05,0.000369026319155,198,705,185,272.666666667
tomo_sample_2_051_rec,recon_00005.tiff,5,100,10445824,2241731,8204093,82040,-0.00258617801592,-0.00227192875021,-0.00126198044664,-0.000219927411526,-0.000121636151744,-2.29869547184e-05,0.000328755369992,0.000400153789087,0.000489280783222,0.000633867557626,0.00108673450816,0.00134009760545,0.00153723394033,-0.000219927411526,0.000633867557626,-3.95102276018e-05,0.000376853593523,216,715,187,279.666666667
tomo_sample_2_051_rec,recon_00006.tiff,6,100,10445824,2241731,8204093,82040,-0.00300464476459,-0.00227070952451,-0.00129505147506,-0.000240147886507,-0.000121805928211,-2.48072301474e-05,0.00032739758899,0.000399832853873,0.000488612317713,0.000635446649394,0.00109631695168,0.00145602604867,0.00196475186385,-0.000240147886507,0.000635446649394,-7.52556498826e-05,0.000395934653542,192,743,180.333333333,271.666666667
tomo_sample_2_051_rec,recon_00007.tiff,7,100,10445824,2241731,8204093,82040,-0.00298273889348,-0.00200666813198,-0.00117745770689,-0.00021553766841,-0.000122158276645,-2.31840585911e-05,0.000328894282575,0.000399850643589,0.000488563967519,0.000639243997284,0.00109750137804,0.00143376931702,0.00170746538788,-0.00021553766841,0.000639243997284,-4.84390622358e-05,0.000380290737063,200,713,178,270
tomo_sample_2_051_rec,recon_00008.tiff,8,100,10445824,2241731,8204093,82040,-0.0031034941785,-0.00231429248923,-0.00130197070085,-0.000223618086457,-0.000121594292432,-2.32679280998e-05,0.000328279973473,0.000399317985284,0.000490028297645,0.000628275365452,0.0010687802824,0.00147307152738,0.00173806946259,-0.000223618086457,0.000628275365452,-5.88965010289e-05,0.000365047031801,197,707,172,278
tomo_sample_2_051_rec,recon_00009.tiff,9,100,10445824,2241731,8204093,82040,-0.00282356957905,-0.00204246887674,-0.00123345910374,-0.000229411927139,-0.000122409114556,-2.33071332332e-05,0.00032771959377,0.000399987999117,0.000488902270445,0.00063095100224,0.00108566153899,0.00149552317449,0.00162235205062,-0.000229411927139,0.00063095100224,-5.90662166576e-05,0.000384520878034,202,730,175.333333333,271.666666667
tomo_sample_2_051_rec,recon_00100.tiff,100,100,10445824,2241731,8204093,82040,-0.00307568791322,-0.00218477875732,-0.00119270758017,-0.000232786562847,-0.000121299029706,-2.19076196117e-05,0.000326259658323,0.00039983435272,0.000491412781412,0.000638744939351,0.0010883895352,0.00153144220624,0.00188264949247,-0.000232786562847,0.000638744939351,-4.7387527467e-05,0.000362610474703,217,699,173.333333333,273
tomo_sample_2_051_rec,recon_00101.tiff,101,100,10445824,2241731,8204093,82040,-0.0026788066607,-0.00228391380855,-0.00124645359977,-0.000247125870665,-0.000122549285152,-2.36185069298e-05,0.000324326028931,0.000398699587095,0.000491576333297,0.000641840797034,0.00108768115134,0.00155442866795,0.00212839525193,-0.000247125870665,0.000641840797034,-6.71162484428e-05,0.000360095949431,207,699,179,269
tomo_sample_2_051_rec,recon_00102.tiff,102,100,10445824,2241731,8204093,82040,-0.00267365644686,-0.00202874642762,-0.00131625618821,-0.000235348217102,-0.000123276242084,-2.22303692681e-05,0.000325485394569,0.000399427779485,0.000490515792626,0.000647848879453,0.00109269585763,0.0015184502798,0.0021676949691,-0.000235348217102,0.000647848879453,-5.72021230566e-05,0.000381795124455,206,715,173.666666667,273
tomo_sample_2_051_rec,recon_00103.tiff,103,100,10445824,2241731,8204093,82040,-0.00265830825083,-0.00229487060134,-0.0012782283643,-0.000238269155961,-0.000123673373309,-2.37367080445e-05,0.000324598266161,0.000399552598537,0.000494655658258,0.000661857004161,0.0011004778092,0.00150970884366,0.00175902200863,-0.000238269155961,0.000661857004161,-5.59311671341e-05,0.000367717005687,207,689,192,271
tomo_sample_2_051_rec,recon_00104.tiff,104,100,10445824,2241732,8204092,82040,-0.00324149662629,-0.0024027925937,-0.001269067524,-0.00023124342697,-0.000122281099175,-2.30181312872e-05,0.000324812048348,0.00039908283361,0.000492752081482,0.000654389127158,0.0010998759307,0.00144588637572,0.0020342678763,-0.00023124342697,0.000654389127158,-6.03584346328e-05,0.000361653467211,197,685,179.666666667,273.333333333
tomo_sample_2_051_rec,recon_00105.tiff,105,100,10445824,2241731,8204093,82040,-0.00257639843039,-0.00222237044231,-0.00129434492963,-0.000237196345988,-0.000122799259407,-2.14638412217e-05,0.000326205670717,0.000400159333367,0.000492998390109,0.000645493137999,0.00106593111798,0.00152559056892,0.00210304209031,-0.000237196345988,0.000645493137999,-4.28266678603e-05,0.000361555084882,225,694,183.333333333,264.333333333
tomo_sample_2_051_rec,recon_00106.tiff,106,100,10445824,2241731,8204093,82040,-0.00267767976038,-0.00213361530628,-0.00131300903298,-0.000235646800866,-0.000121839406711,-2.23773699872e-05,0.000324099368299,0.000398340809625,0.000491594924824,0.000639788376284,0.00108621392481,0.00157337657769,0.00231834966689,-0.000235646800866,0.000639788376284,-5.42243792853e-05,0.000367591091544,212,705,177.666666667,267.666666667
tomo_sample_2_051_rec,recon_00107.tiff,107,100,10445824,2241732,8204092,82040,-0.00238033756614,-0.00205515381673,-0.0012382311644,-0.00022845630956,-0.000122131714306,-2.10956991396e-05,0.000325336019159,0.00039921089774,0.00049348307075,0.000649206581293,0.00111346493266,0.00156232258704,0.00192889617756,-0.00022845630956,0.000649206581293,-4.55930682271e-05,0.000377251078102,213,706,174.666666667,274.666666667
tomo_sample_2_051_rec,recon_00108.tiff,108,100,10445824,2241731,8204093,82040,-0.00261001847684,-0.00203242397315,-0.00121072286495,-0.000234934564505,-0.000123317858379,-2.18207528633e-05,0.000324908512994,0.000398699310608,0.000492865854176,0.000657574407523,0.00110851247644,0.0015028445808,0.00211092061363,-0.000234934564505,0.000657574407523,-5.91928076106e-05,0.000369513650438,201,693,175,278
tomo_sample_2_051_rec,recon_00109.tiff,109,100,10445824,2241731,8204093,82040,-0.00274974969216,-0.00211371990615,-0.00132424809854,-0.000233671432798,-0.000122446690511,-2.16994053517e-05,0.000324418826494,0.000400201955927,0.000493797668605,0.000643813255592,0.00110457525402,0.00146018985907,0.00196072761901,-0.000233671432798,0.000643813255592,-4.60529914341e-05,0.00036582884845,218,699,179.666666667,257.666666667
tomo_sample_2_051_rec,recon_00200.tiff,200,100,10445824,2241731,8204093,82040,-0.00281498441473,-0.00232080319617,-0.00153678526648,-0.000236780374253,-0.00011590297072,-2.68705225608e-05,0.000331874834956,0.000398300951929,0.000485501527146,0.000664535497199,0.00114959895099,0.00149713607957,0.00186365633272,-0.000236780374253,0.000664535497199,-5.50110948821e-05,0.000370907071304,206,690,199,309.666666667
tomo_sample_2_051_rec,recon_00201.tiff,201,100,10445824,2241732,8204092,82040,-0.00289493100718,-0.00241280172318,-0.00143068706815,-0.000253369673155,-0.000116414221702,-2.78888119283e-05,0.00033140812593,0.00039876941446,0.000486969876511,0.000672841473715,0.0011672736,0.00142815670121,0.00181367481127,-0.000253369673155,0.000672841473715,-4.83558288783e-05,0.000391444794245,226,712,222.333333333,307.333333333
tomo_sample_2_051_rec,recon_00202.tiff,202,100,10445824,2241731,8204093,82040,-0.00332208769396,-0.00219403658151,-0.00131203549041,-0.000234725906048,-0.000116464824532,-2.78929878732e-05,0.000331989009283,0.000398604330258,0.000486524002918,0.000665378167178,0.00112020138337,0.00155889141824,0.00222174450755,-0.000234725906048,0.000665378167178,-5.37928237611e-05,0.000382804040873,205,702,200,305.666666667
tomo_sample_2_051_rec,recon_00203.tiff,203,100,10445824,2241731,8204093,82040,-0.00307290977798,-0.00254784830092,-0.00145508992812,-0.000269284082169,-0.000116994318887,-2.91966207442e-05,0.000331911214744,0.000399013260903,0.000486545758031,0.000667613266851,0.00112271276629,0.00148395715797,0.00178783084266,-0.000269284082169,0.000667613266851,-5.00604859902e-05,0.000388108089633,239,718,218,322.666666667
tomo_sample_2_051_rec,recon_00204.tiff,204,100,10445824,2241731,8204093,82040,-0.00281468965113,-0.00234571341949,-0.00138878578029,-0.000234965055715,-0.00011603513376,-2.75691745628e-05,0.000332263327437,0.000397983574658,0.000485089390713,0.00066244041489,0.00115416533418,0.00147181457643,0.00195609638467,-0.000234965055715,0.00066244041489,-4.33681113686e-05,0.000368884829795,218,689,201.333333333,313.666666667
tomo_sample_2_051_rec,recon_00205.tiff,205,100,10445824,2241731,8204093,82040,-0.00322003220208,-0.0023411632048,-0.00148737059906,-0.000257443243172,-0.000116785420323,-2.79244513877e-05,0.000332316514687,0.000398328760639,0.000485012964054,0.000669634112273,0.00111037250655,0.00148110031675,0.00201164581813,-0.000257443243172,0.000669634112273,-6.15066639373e-05,0.000369485776845,216,692,216.666666667,322
tomo_sample_2_051_rec,recon_00206.tiff,206,100,10445824,2241731,8204093,82040,-0.00307788141072,-0.00261113392285,-0.00159602643317,-0.000285149420961,-0.00011716161498,-2.8921908779e-05,0.000332043258823,0.000397766300011,0.000484022621822,0.00066277244885,0.0011295663378,0.00159201896493,0.00188608712051,-0.000285149420961,0.00066277244885,-5.9778204123e-05,0.000377048827599,243,715,226.333333333,320.333333333
tomo_sample_2_051_rec,recon_00207.tiff,207,100,10445824,2241731,8204093,82040,-0.00316675263457,-0.00234479908913,-0.00148807389638,-0.000247739140468,-0.000115866274427,-2.80747754005e-05,0.000333231990226,0.000398438605771,0.00048446507426,0.00065987394657,0.00111641008349,0.00164257230696,0.0020009893924,-0.000247739140468,0.00065987394657,-5.77371950664e-05,0.000383013278329,214,711,204.333333333,310.666666667
tomo_sample_2_051_rec,recon_00208.tiff,208,100,10445824,2241731,8204093,82040,-0.00338300201111,-0.00268989609329,-0.00145068890194,-0.000251647748519,-0.000116340815657,-2.84569241558e-05,0.000333462507115,0.000399258809921,0.000486162641027,0.000656389107462,0.00109824007226,0.00155776777383,0.00187447434291,-0.000251647748519,0.000656389107462,-4.80868634915e-05,0.000387341532027,229,720,209,310.666666667
tomo_sample_2_051_rec,recon_00209.tiff,209,100,10445824,2241731,8204093,82040,-0.002980746096,-0.00224264511587,-0.00151338944258,-0.000240590073954,-0.00011565952409,-2.86032236545e-05,0.000332043098751,0.000398080184823,0.000484049320221,0.00066706001584,0.00117908890138,0.00145407252486,0.00179593812209,-0.000240590073954,0.00066706001584,-6.53966211662e-05,0.000364455773245,197,682,213.333333333,309
tomo_sample_2_051_rec,recon_00300.tiff,300,100,10445824,2241731,8204093,82040,-0.00325534190051,-0.00232844369682,-0.00131492143206,-0.000234814842406,-0.000122889564955,-2.16598314182e-05,0.000320101476973,0.000395966279029,0.000491119391518,0.00066294159391,0.00117560151953,0.00169903550134,0.00226240209304,-0.000234814842406,0.00066294159391,-5.50066571802e-05,0.000377662522849,205,698,186.666666667,272.333333333
tomo_sample_2_051_rec,recon_00301.tiff,301,100,10445824,2241731,8204093,82040,-0.0027454290539,-0.0022691920548,-0.00147168904636,-0.000254236953915,-0.000122094376275,-2.24537811846e-05,0.000318348043947,0.000394839276851,0.000491542345844,0.000678672960494,0.00115913787519,0.00174425894748,0.00221173232421,-0.000254236953915,0.000678672960494,-3.71848185739e-05,0.000371520700727,238,686,189,285.666666667
tomo_sample_2_051_rec,recon_00302.tiff,302,100,10445824,2241731,8204093,82040,-0.00279699126258,-0.00220150519486,-0.00137291829009,-0.000260549864324,-0.000122197503515,-2.18230043174e-05,0.000318610284012,0.000394908704038,0.000489909914904,0.000657704508048,0.00118477694609,0.00162275208298,0.00207679904997,-0.000260549864324,0.000657704508048,-4.29000068101e-05,0.000365838680195,242,698,183.666666667,278.333333333
tomo_sample_2_051_rec,recon_00303.tiff,303,100,10445824,2241731,8204093,82040,-0.00318945781328,-0.00228411238596,-0.00149562334805,-0.000244909819739,-0.000121479668451,-2.31124990933e-05,0.000318409860483,0.000394317670725,0.000489721400663,0.000667119953432,0.00116776132432,0.0017001992355,0.00215986836702,-0.000244909819739,0.000667119953432,-6.34754877328e-05,0.000374007157319,203,694,185,278
tomo_sample_2_051_rec,recon_00304.tiff,304,100,10445824,2241731,8204093,82040,-0.00271064951085,-0.00236282882961,-0.00150903067458,-0.000265187610639,-0.000122342025134,-2.23372071559e-05,0.000319192971801,0.000394938317186,0.000490709769656,0.000672029014677,0.00113724903506,0.0016143280454,0.00201828335412,-0.000265187610639,0.000672029014677,-4.95256641168e-05,0.000383455880963,235,708,190,279
tomo_sample_2_051_rec,recon_00305.tiff,305,100,10445824,2241731,8204093,82040,-0.00338026834652,-0.0023666353202,-0.00147355028463,-0.000251833233924,-0.000123193506442,-2.14752994907e-05,0.000320607563481,0.000395793911594,0.000489036587533,0.000661149765947,0.00114843543491,0.00168615796744,0.00213662860915,-0.000251833233924,0.000661149765947,-6.76422702553e-05,0.00037476524666,206,702,178.666666667,285.333333333
tomo_sample_2_051_rec,recon_00306.tiff,306,100,10445824,2241731,8204093,82040,-0.00258821039461,-0.00226511619198,-0.00149526971346,-0.000253343655786,-0.000122478848789,-2.28704698202e-05,0.000319222075632,0.000394946378947,0.000489830083097,0.000667779755895,0.00115243666945,0.0016251066829,0.002369802678,-0.000253343655786,0.000667779755895,-6.15500324693e-05,0.000382935705346,213,707,192.333333333,275.333333333
tomo_sample_2_051_rec,recon_00307.tiff,307,100,10445824,2241731,8204093,82040,-0.00327368755825,-0.00230005610643,-0.00152210727124,-0.000274155939696,-0.000123373079259,-2.26577153626e-05,0.000319955230225,0.000394959140976,0.000489485418075,0.000656953997095,0.00111017717957,0.00161691307243,0.00216625188477,-0.000274155939696,0.000656953997095,-4.64958384178e-05,0.000374763256765,250,713,191.666666667,281.666666667
tomo_sample_2_051_rec,recon_00308.tiff,308,100,10445824,2241731,8204093,82040,-0.00292010046542,-0.00228924123179,-0.00147842753993,-0.000251845409512,-0.000120944880837,-2.10024127227e-05,0.000319683691487,0.000394932823838,0.000490352205816,0.000667871992919,0.00114730044617,0.0016097131243,0.00243418850005,-0.000251845409512,0.000667871992919,-4.30527934781e-05,0.000355818979033,232,676,189,273.333333333
tomo_sample_2_051_rec,recon_00309.tiff,309,100,10445824,2241731,8204093,82040,-0.00303208269179,-0.00231281878743,-0.00134113796288,-0.000237645251327,-0.000121996802773,-2.27192504099e-05,0.000319383892929,0.000394240771129,0.000490715546766,0.000667098397389,0.00114767694753,0.00167477475258,0.00202196836472,-0.000237645251327,0.000667098397389,-4.54217055348e-05,0.000371608570045,217,689,186.333333333,277.666666667
tomo_sample_2_051_rec,recon_00400.tiff,400,100,10445824,2241731,8204093,82040,-0.00337278679945,-0.00246703167495,-0.00147451381013,-0.000241906836454,-0.000121277060316,-2.11335732274e-05,0.000321110986988,0.000395773640776,0.000488068180857,0.000660992641933,0.00119072854798,0.00166488278271,0.00190437445417,-0.000241906836454,0.000660992641933,-5.98196682837e-05,0.000372995042199,206,697,190.666666667,275.666666667
tomo_sample_2_051_rec,recon_00401.tiff,401,100,10445824,2241731,8204093,82040,-0.002938935766,-0.00230188359912,-0.00141049532883,-0.000248853627418,-0.000120581474403,-2.23763863687e-05,0.000320758626913,0.000394658243749,0.000490173677099,0.00066730448103,0.00118690557498,0.00159987681394,0.00184058421291,-0.000248853627418,0.00066730448103,-3.55875309239e-05,0.000357578434653,238,677,186.666666667,278.666666667
tomo_sample_2_051_rec,recon_00402.tiff,402,100,10445824,2241731,8204093,82040,-0.00318588409573,-0.00260359937777,-0.00158854171471,-0.000248946759675,-0.000120816457274,-2.14695264731e-05,0.000320936436765,0.000395440634748,0.000489558861591,0.000673415548517,0.00118380445568,0.0016949851171,0.00218501570635,-0.000248946759675,0.000673415548517,-4.91616425296e-05,0.000382801613742,221,701,191,293.333333333
tomo_sample_2_051_rec,recon_00403.tiff,403,100,10445824,2241731,8204093,82040,-0.00316958222538,-0.00242251295031,-0.00140568480676,-0.000240298842546,-0.00012170535374,-2.26343422582e-05,0.000320401610225,0.000394486065488,0.000487722540856,0.000676948082983,0.00120465055108,0.0016711274896,0.00234961346723,-0.000240298842546,0.000676948082983,-4.43381360493e-05,0.00037758131908,218,689,198.666666667,291
tomo_sample_2_051_rec,recon_00404.tiff,404,100,10445824,2241731,8204093,82040,-0.00275102816522,-0.00235241336112,-0.00141697621113,-0.00024724223651,-0.00012235174363,-2.20379988605e-05,0.000320939390804,0.000395176553866,0.000488767315983,0.000677020454314,0.00118282923044,0.00168275940715,0.00227925856598,-0.00024724223651,0.000677020454314,-5.00616827995e-05,0.000369657426988,218,683,190.333333333,295
tomo_sample_2_051_rec,recon_00405.tiff,405,100,10445824,2241731,8204093,82040,-0.00289571564645,-0.00240749719304,-0.00150009436859,-0.000251074126572,-0.000121403763114,-2.22879175453e-05,0.000322100066114,0.000395660266804,0.000490637045004,0.000677503472543,0.00115579645219,0.00171105153157,0.00206760526635,-0.000251074126572,0.000677503472543,-6.21545303981e-05,0.000361696158996,208,675,184.666666667,289.333333333
tomo_sample_2_051_rec,recon_00406.tiff,406,100,10445824,2241731,8204093,82040,-0.00304520898499,-0.00243164187199,-0.00134625981108,-0.000240927598788,-0.000121713540284,-2.14871461139e-05,0.000320466089761,0.000394515322114,0.000489472449408,0.000673821734381,0.00118420531391,0.00171571746524,0.00225225114264,-0.000240927598788,0.000673821734381,-6.20795134255e-05,0.000358137543829,200,670,186.333333333,282.333333333
tomo_sample_2_051_rec,recon_00407.tiff,407,100,10445824,2241731,8204093,82040,-0.00277894199826,-0.00214443062115,-0.0013744119344,-0.000223050466157,-0.000118231571105,-1.9709937078e-05,0.00032227797783,0.000396335781261,0.000489160674624,0.000653237263323,0.00112980390817,0.00153556644196,0.00224695401266,-0.000223050466157,0.000653237263323,-4.96755696795e-05,0.000378865395322,202,703,176,269.333333333
tomo_sample_2_051_rec,recon_00408.tiff,408,100,10445824,2241731,8204093,82040,-0.00319064524956,-0.00238645391597,-0.00145748591004,-0.000259431675368,-0.000120018900634,-2.08254314202e-05,0.000321512459777,0.000394975839299,0.000490816921229,0.000668018229771,0.00117728340614,0.00162230635949,0.00194835604634,-0.000259431675368,0.000668018229771,-4.95578931228e-05,0.000364966727565,231,689,193.333333333,293.333333333
tomo_sample_2_051_rec,recon_00409.tiff,409,100,10445824,2241732,8204092,82040,-0.00314813293517,-0.00238725559202,-0.00151848830713,-0.000241329253913,-0.000120620831512,-2.17428018914e-05,0.000321387560689,0.000394928501919,0.000489287351957,0.000666851655114,0.00117082530947,0.00157778318691,0.00216257898137,-0.000241329253913,0.000666851655114,-6.00555424093e-05,0.000376528367747,204,696,185,285
tomo_sample_2_051_rec,recon_00500.tiff,500,100,10445824,2241731,8204093,82040,-0.00300193927251,-0.00264730444597,-0.0015002047657,-0.000279704831482,-0.000116632352365,-2.71875946964e-05,0.000328701033141,0.000396104020183,0.000486359646311,0.000680262957467,0.00121028467605,0.00170278268155,0.00208935863338,-0.000279704831482,0.000680262957467,-5.60982040123e-05,0.000380770691906,238,704,221.666666667,317
tomo_sample_2_051_rec,recon_00501.tiff,501,100,10445824,2241731,8204093,82040,-0.00307050114498,-0.00248105154785,-0.00155137864687,-0.000293740489287,-0.000116029640412,-2.72125807896e-05,0.000328067078954,0.000396842013288,0.00048736417084,0.000678923304076,0.00117009282799,0.00164009007408,0.00219449354336,-0.000293740489287,0.000678923304076,-4.95327513492e-05,0.000382217292224,257,711,226.666666667,317.333333333
tomo_sample_2_051_rec,recon_00502.tiff,502,100,10445824,2241731,8204093,82040,-0.00329162715934,-0.00242329414939,-0.00155128246802,-0.000262798446056,-0.000115683059266,-2.58719828707e-05,0.000328201756929,0.000397084702854,0.000488451635465,0.000687925246893,0.00122020947328,0.00172838833521,0.00214716396295,-0.000262798446056,0.000687925246893,-6.07221596662e-05,0.000384822384266,217,697,220.333333333,309.666666667
tomo_sample_2_051_rec,recon_00503.tiff,503,100,10445824,2241731,8204093,82040,-0.00301986187696,-0.00252894974488,-0.00162084201619,-0.000283871253778,-0.000117777741252,-2.72768816103e-05,0.000327330024447,0.000397092495405,0.000489043642301,0.00068884478882,0.00116198134481,0.00158093892275,0.00198462093249,-0.000283871253778,0.00068884478882,-4.68772648403e-05,0.000374076502663,249,692,219,317
tomo_sample_2_051_rec,recon_00504.tiff,504,100,10445824,2241731,8204093,82040,-0.002954444848,-0.00262755516167,-0.00146448950365,-0.000278406582656,-0.000116006783719,-2.63972633547e-05,0.000328714580974,0.000396993709728,0.000488103165117,0.000692441329593,0.00119833696133,0.00159665689396,0.00207872595638,-0.000278406582656,0.000692441329593,-6.36972281791e-05,0.000373056099388,226,687,217,325
tomo_sample_2_051_rec,recon_00505.tiff,505,100,10445824,2241731,8204093,82040,-0.00298143015243,-0.00256209904714,-0.00141692197358,-0.000268201785511,-0.000115664268742,-2.59657290371e-05,0.000329722854076,0.000396860770707,0.000486522632127,0.000680683397222,0.00119558016805,0.00166442653375,0.00207522185519,-0.000268201785511,0.000680683397222,-5.36171201638e-05,0.00038564327174,231,705,212.333333333,322
tomo_sample_2_051_rec,recon_00506.tiff,506,100,10445824,2241731,8204093,82040,-0.00324754416943,-0.00248692748137,-0.00155379612104,-0.000304109725694,-0.000116560853712,-2.71041017186e-05,0.000327348956489,0.000396268333134,0.000487128389068,0.000691543383291,0.00123007874633,0.00179586396697,0.00228907680139,-0.000304109725694,0.000691543383291,-5.38859335707e-05,0.000367473565302,257,690,232.666666667,330.333333333
tomo_sample_2_051_rec,recon_00507.tiff,507,100,10445824,2241731,8204093,82040,-0.00326648331247,-0.00276903214126,-0.00162428475078,-0.000278008878522,-0.00011615248186,-2.5420131351e-05,0.0003285734565,0.000396749172069,0.000487758791132,0.0006834064133,0.00118720767868,0.00168238043776,0.00260185427032,-0.000278008878522,0.0006834064133,-4.47846916723e-05,0.000370997989927,248,691,217.333333333,330.666666667
tomo_sample_2_051_rec,recon_00508.tiff,508,100,10445824,2241731,8204093,82040,-0.00307229533792,-0.0026362438068,-0.00146103917144,-0.000310329681961,-0.000115652263776,-2.50799107562e-05,0.000329396149027,0.000397640418669,0.000489694942371,0.000680193598964,0.0011740325382,0.00181325277993,0.00208675791509,-0.000310329681961,0.000680193598964,-5.07950523706e-05,0.000383894372046,268,717,220.333333333,330
tomo_sample_2_051_rec,recon_00509.tiff,509,100,10445824,2241731,8204093,82040,-0.00301064387895,-0.00255032638947,-0.00154372391116,-0.000285065818171,-0.00011570133247,-2.74262802122e-05,0.000327577698044,0.000397169926146,0.000488010143454,0.000678082410013,0.00121687552053,0.0017199999104,0.00229942868464,-0.000285065818171,0.000678082410013,-4.55243867364e-05,0.000373587110791,254,700,224.333333333,316.333333333
tomo_sample_2_051_rec,recon_00600.tiff,600,100,10445824,2241731,8204093,82040,-0.00299778720364,-0.00272908249127,-0.00171666650462,-0.000296536625247,-0.0001190323419,-2.48092906077e-05,0.00032051364542,0.000393089583667,0.000488525495166,0.000677961179172,0.00116245234932,0.00159174570646,0.00212721666321,-0.000296536625247,0.000677961179172,-4.91055420935e-05,0.000369017431982,259,699,210.333333333,301
tomo_sample_2_051_rec,recon_00601.tiff,601,100,10445824,2241731,8204093,82040,-0.00302550406195,-0.00250532391085,-0.00153942525189,-0.000265043108957,-0.000118696492427,-2.48106234721e-05,0.000319404745824,0.000392443478631,0.000488433314604,0.000688832458109,0.00119719849841,0.00163304411744,0.00236631953157,-0.000265043108957,0.000688832458109,-3.81250541354e-05,0.000372100690426,243,683,204.333333333,301.666666667
tomo_sample_2_051_rec,recon_00602.tiff,602,100,10445824,2241731,8204093,82040,-0.00347260804847,-0.00250850780336,-0.00167389931437,-0.000303033214877,-0.00011971210879,-2.48681776611e-05,0.00031990701973,0.000392344081774,0.000488815613789,0.000692849620245,0.00123422833742,0.00169033552236,0.00217818049714,-0.000303033214877,0.000692849620245,-4.17521739705e-05,0.000379175108003,268,701,212.333333333,316
tomo_sample_2_051_rec,recon_00603.tiff,603,100,10445824,2241731,8204093,82040,-0.00320994853973,-0.00264897767794,-0.00175143254537,-0.000300209766137,-0.000119554310004,-2.58270374616e-05,0.00031800949364,0.000391846362618,0.000487091016839,0.000686728245346,0.00121043963823,0.00190228581739,0.00227111880668,-0.000300209766137,0.000686728245346,-6.24134225735e-05,0.000374747692171,246,700,219.333333333,308
tomo_sample_2_051_rec,recon_00604.tiff,604,100,10445824,2241731,8204093,82040,-0.00299389497377,-0.00267051986593,-0.00163565608568,-0.000326866478717,-0.000120347308984,-2.58118670899e-05,0.00031822679739,0.000392389614717,0.000487987975066,0.000694320279872,0.00120663379494,0.00165669456177,0.0019261285197,-0.000326866478717,0.000694320279872,-4.61398453747e-05,0.000371941725679,281,700,216,319.666666667
tomo_sample_2_051_rec,recon_00605.tiff,605,100,10445824,2241731,8204093,82040,-0.00282418658026,-0.00250664893417,-0.00157679630828,-0.000304872104898,-0.000117948941988,-2.37234844462e-05,0.000321315848851,0.000393589194573,0.000489018892404,0.000692016207031,0.00120467920834,0.00165295583379,0.00285847787745,-0.000304872104898,0.000692016207031,-4.28767240236e-05,0.000372132530767,269,695,205.666666667,320.666666667
tomo_sample_2_051_rec,recon_00606.tiff,606,100,10445824,2241731,8204093,82040,-0.00308314943686,-0.00252198556692,-0.00154840997979,-0.000302588976338,-0.000118687990835,-2.53578728007e-05,0.000319120459608,0.000393225731386,0.000490915257251,0.00070213597035,0.00120904228615,0.0016956662568,0.00232567009516,-0.000302588976338,0.00070213597035,-5.86632832002e-05,0.000370890714489,248,686,217.333333333,312.666666667
tomo_sample_2_051_rec,recon_00607.tiff,607,100,10445824,2241731,8204093,82040,-0.00322537496686,-0.00242670019439,-0.00152777760709,-0.000310229439056,-0.000119250340504,-2.46309446084e-05,0.000319201280945,0.000392849950003,0.000488419705653,0.000687890726258,0.00120539003448,0.00178244687871,0.00291660078801,-0.000310229439056,0.000687890726258,-4.69923031718e-05,0.000363788734907,270,691,213.666666667,316.666666667
tomo_sample_2_051_rec,recon_00608.tiff,608,100,10445824,2241731,8204093,82040,-0.00313866697252,-0.00267770426837,-0.00161847320548,-0.000267807785131,-0.000118870886217,-2.51933674917e-05,0.000319706916343,0.000392575588194,0.000487292716571,0.000687092012377,0.00120442708419,0.00180212309619,0.00245205801912,-0.000267807785131,0.000687092012377,-6.43158488327e-05,0.000365432049895,218,679,216,290
tomo_sample_2_051_rec,recon_00609.tiff,609,100,10445824,2241731,8204093,82040,-0.00323664094321,-0.00271753441326,-0.00164810765488,-0.000269002193527,-0.000119808565432,-2.56813800661e-05,0.000319306505844,0.000392842302972,0.000488698415575,0.000690456643933,0.00119428547437,0.00185547288823,0.00265852315351,-0.000269002193527,0.000690456643933,-4.24968845573e-05,0.000376176670088,241,688,204.666666667,294.666666667
tomo_sample_2_051_rec,recon_00700.tiff,700,100,10445824,2241731,8204093,82040,-0.00299392198212,-0.00256901667444,-0.00166113839019,-0.000270127980039,-0.000110657696132,-3.10309605993e-05,0.000332829382387,0.000395974231651,0.000482087832643,0.000698893676163,0.00123433829937,0.00167933021927,0.00246635708027,-0.000270127980039,0.000698893676163,-4.42835772813e-05,0.000379259204079,238,686,241.666666667,350
tomo_sample_2_051_rec,recon_00701.tiff,701,100,10445824,2241731,8204093,82040,-0.00314759532921,-0.00274766729246,-0.00165170756483,-0.000271678071877,-0.000111212973206,-3.07059044644e-05,0.000331243136316,0.000395268725697,0.00048155731929,0.000692185961525,0.00125444012624,0.0017548419931,0.00263435509987,-0.000271678071877,0.000692185961525,-5.85595503402e-05,0.000382742308223,226,695,238.666666667,340.333333333
tomo_sample_2_051_rec,recon_00702.tiff,702,100,10445824,2241731,8204093,82040,-0.00323244347237,-0.00280655791941,-0.0016680248325,-0.000278658305469,-0.000111810922317,-3.1431834941e-05,0.000332433715812,0.000395634429879,0.000483280766639,0.000695629455731,0.00125159835059,0.00170775233116,0.00239050830714,-0.000278658305469,0.000695629455731,-5.36694294622e-05,0.000385981910487,236,698,248.333333333,352.333333333
tomo_sample_2_051_rec,recon_00703.tiff,703,100,10445824,2241731,8204093,82040,-0.00326185394078,-0.00270376822862,-0.00153977649694,-0.000266959250439,-0.000111432473204,-3.20444360113e-05,0.000332198338583,0.000395837188989,0.000483859256201,0.000709549988387,0.00127931666793,0.00181028738024,0.00220092874952,-0.000266959250439,0.000709549988387,-4.88041246465e-05,0.000365935744628,228,663,251,345
tomo_sample_2_051_rec,recon_00704.tiff,704,100,10445824,2241731,8204093,82040,-0.00325279729441,-0.00286118202265,-0.0016387776708,-0.000295885991363,-0.000110845785093,-3.02991088574e-05,0.000332220268319,0.000395556482545,0.000481830061472,0.000701069058268,0.00122029207961,0.00163565890684,0.0044844863005,-0.000295885991363,0.000701069058268,-5.22900708339e-05,0.000391011413286,250,705,247.333333333,355.333333333
tomo_sample_2_051_rec,recon_00705.tiff,705,100,10445824,2241731,8204093,82040,-0.00366740324534,-0.00286946734381,-0.00177954588598,-0.000326554668718,-0.000111502049185,-3.02857556562e-05,0.000333021263941,0.000395271468733,0.000481430189393,0.000701686934917,0.00128542046656,0.0019500431423,0.00747116515413,-0.000326554668718,0.000701686934917,-5.88252570293e-05,0.000378071989586,266,701,251,367.333333333
tomo_sample_2_051_rec,recon_00706.tiff,706,100,10445824,2241731,8204093,82040,-0.00294790044427,-0.00254290954126,-0.00161741393257,-0.00026598330267,-0.00011146653851,-3.11347848765e-05,0.000332349081873,0.000395618510083,0.000483000172244,0.000705792134977,0.00133227661205,0.00188019374486,0.00684482697397,-0.00026598330267,0.000705792134977,-3.62592263059e-05,0.000386680119643,242,687,240.333333333,348.666666667
tomo_sample_2_051_rec,recon_00707.tiff,707,100,10445824,2241731,8204093,82040,-0.00333653297275,-0.00276241900483,-0.00176741750794,-0.000300170073751,-0.000111077021575,-3.05727098748e-05,0.000333014162607,0.000395785878936,0.000482075421314,0.000700772713171,0.00124648148147,0.00184488106544,0.00755434902385,-0.000300170073751,0.000700772713171,-5.51631363088e-05,0.000367841938537,250,683,258.333333333,359
tomo_sample_2_051_rec,recon_00708.tiff,708,100,10445824,2241731,8204093,82040,-0.0038082911633,-0.0026548324452,-0.00167683166265,-0.000294933682308,-0.00011045010142,-2.99594526041e-05,0.000332447700202,0.000396201372496,0.000481596018653,0.000710012509953,0.0012565907354,0.0018478896077,0.00271268212236,-0.000294933682308,0.000710012509953,-5.22541904642e-05,0.000383605949321,247,691,253,371
tomo_sample_2_051_rec,recon_00709.tiff,709,100,10445824,2241731,8204093,82040,-0.00314948591404,-0.00275772896979,-0.00168500013754,-0.000272864664439,-0.000111872706839,-3.12705369652e-05,0.000331943112542,0.000394993374357,0.000483320937201,0.000724659207626,0.00131677611731,0.00194226171953,0.00686420034617,-0.000272864664439,0.000724659207626,-5.23963024022e-05,0.000381189326435,226,671,249,359.666666667
tomo_sample_2_051_rec,recon_00800.tiff,800,100,10445824,2241731,8204093,82040,-0.00294214650057,-0.0026142560591,-0.00161873930064,-0.000265211742953,-0.000117593687537,-2.3651434276e-05,0.000317237980198,0.000390625900764,0.000484546191001,0.000674874190008,0.00122174414946,0.00184002354171,0.0026272481773,-0.000265211742953,0.000674874190008,-5.76601169155e-05,0.00037926123062,226,701,218.666666667,292
tomo_sample_2_051_rec,recon_00801.tiff,801,100,10445824,2241731,8204093,82040,-0.00299294781871,-0.00247504922666,-0.0016755731256,-0.000271106097789,-0.000119262058433,-2.51866722465e-05,0.000317053578328,0.000391115965613,0.000484586670063,0.000685789871495,0.00122234872484,0.00174464465335,0.00267386925407,-0.000271106097789,0.000685789871495,-5.83080115964e-05,0.000352377212417,227,667,200.666666667,300.333333333
tomo_sample_2_051_rec,recon_00802.tiff,802,100,10445824,2241731,8204093,82040,-0.00331464479677,-0.00241169203625,-0.00159667985223,-0.000266428442555,-0.000119186455777,-2.39072242039e-05,0.000319234997733,0.000391978974221,0.000484841095749,0.000692932555685,0.00123722743522,0.00176355617077,0.00248513044789,-0.000266428442555,0.000692932555685,-6.74274684443e-05,0.000367552183636,212,676,198,302
tomo_sample_2_051_rec,recon_00803.tiff,803,100,10445824,2241731,8204093,82040,-0.00308382580988,-0.00269110930725,-0.00149856195459,-0.000268976003281,-0.000118618673878,-2.38008215092e-05,0.000317630692734,0.000390589040762,0.000485476433823,0.000680610389099,0.00117555475805,0.00163370962061,0.00219664862379,-0.000268976003281,0.000680610389099,-5.00873756427e-05,0.000366876736647,236,685,208.666666667,297
tomo_sample_2_051_rec,recon_00804.tiff,804,100,10445824,2241731,8204093,82040,-0.00331637705676,-0.00272759406997,-0.00161820274312,-0.000246112835011,-0.000117703203432,-2.40023491642e-05,0.000317982572597,0.000391069312172,0.000485075793404,0.000686039668508,0.00121444966248,0.00180863173961,0.00231155497022,-0.000246112835011,0.000686039668508,-5.79657588268e-05,0.000380665995887,206,688,209,290.333333333
tomo_sample_2_051_rec,recon_00805.tiff,805,100,10445824,2241733,8204091,82040,-0.00351991225034,-0.00269544903927,-0.00164224844752,-0.000266087693162,-0.000117503981892,-2.31382518905e-05,0.000318878184771,0.000391337067413,0.000485177017981,0.000682674695272,0.00118509351951,0.0016154692107,0.00220726174302,-0.000266087693162,0.000682674695272,-6.24579183876e-05,0.00036173646329,219,677,203,297
tomo_sample_2_051_rec,recon_00806.tiff,806,100,10445824,2241731,8204093,82040,-0.00320099154487,-0.00263315313042,-0.00178759096062,-0.000264075132727,-0.000118055712301,-2.41845709752e-05,0.000317655983963,0.000390282650187,0.00048489329638,0.000682349482668,0.00119921991334,0.00170917798367,0.00207856344059,-0.000264075132727,0.000682349482668,-5.09083820549e-05,0.0003698013797,230,685,208.333333333,289.666666667
tomo_sample_2_051_rec,recon_00807.tiff,807,100,10445824,2241731,8204093,82040,-0.00324481376447,-0.00264204658407,-0.00170969709579,-0.000262402511726,-0.000118020469745,-2.29294232668e-05,0.00031882552139,0.000391350098653,0.000484393798979,0.000679030054598,0.00119695704977,0.00166291035007,0.0019575827755,-0.000262402511726,0.000679030054598,-5.50590663898e-05,0.000367168780394,225,684,199.666666667,293
tomo_sample_2_051_rec,recon_00808.tiff,808,100,10445824,2241731,8204093,82040,-0.00320890406147,-0.00269676109108,-0.00164829740569,-0.00025837055844,-0.000116283419266,-2.24277814596e-05,0.000319524726365,0.000391386914998,0.000486008643929,0.000681334905094,0.00118392954883,0.00162899607817,0.00267618568614,-0.00025837055844,0.000681334905094,-5.27772139666e-05,0.000371158687638,224,685,197.333333333,300.666666667
tomo_sample_2_051_rec,recon_00809.tiff,809,100,10445824,2241731,8204093,82040,-0.00344392238185,-0.00239939140293,-0.00171639864123,-0.000256349249685,-0.00011846699781,-2.44543584813e-05,0.000318348538713,0.000390577835788,0.000482681921858,0.000674005912733,0.00126702866214,0.00172507537738,0.00220146169886,-0.000256349249685,0.000674005912733,-5.84910671112e-05,0.00036613366267,217,685,198.666666667,298.666666667
tomo_sample_2_051_rec,recon_00900.tiff,900,100,10445824,2241731,8204093,82040,-0.0029881990049,-0.00261303278683,-0.00167189130466,-0.000259217997373,-0.000113404775766,-2.77906797237e-05,0.000325531655108,0.000393935646571,0.000484842628066,0.000696937530302,0.00124833480373,0.00184536330744,0.0027074594982,-0.000259217997373,0.000696937530302,-5.5972698033e-05,0.000375363653998,217,679,224.666666667,315.666666667
tomo_sample_2_051_rec,recon_00901.tiff,901,100,10445824,2241731,8204093,82040,-0.00333759002388,-0.00276937640852,-0.00171863795829,-0.000250148752239,-0.000113713994506,-2.71877265732e-05,0.000326166045852,0.000393473870645,0.000485689395282,0.000712649765774,0.00124990414595,0.00170144694976,0.00226762378588,-0.000250148752239,0.000712649765774,-4.28521346423e-05,0.00038087722958,220,671,224.666666667,327.666666667
tomo_sample_2_051_rec,recon_00902.tiff,902,100,10445824,2241731,8204093,82040,-0.00359291932546,-0.00285682129671,-0.00179200525093,-0.000238626264181,-0.000113760937529,-2.79833534478e-05,0.000326344394125,0.000393669884943,0.000484278787917,0.000703148543835,0.00123233004636,0.00172387499112,0.00260988832451,-0.000238626264181,0.000703148543835,-4.98139372785e-05,0.000348731174271,205,638,228.666666667,313.333333333
tomo_sample_2_051_rec,recon_00903.tiff,903,100,10445824,2241733,8204091,82040,-0.00367453321815,-0.00286399738197,-0.00188048201578,-0.00029165888438,-0.00011491918558,-2.92607351184e-05,0.000324813445332,0.000393307607737,0.000484634637542,0.000697101331898,0.00127833135403,0.00172709129873,0.00206313561648,-0.00029165888438,0.000697101331898,-5.08803223379e-05,0.000374879554155,249,690,237.666666667,331.333333333
tomo_sample_2_051_rec,recon_00904.tiff,904,100,10445824,2241731,8204093,82040,-0.00360750546679,-0.00271537328456,-0.001866542598,-0.000306170133408,-0.00011454460182,-2.72931715699e-05,0.00032600495615,0.000393304944737,0.000483672248083,0.000711963559152,0.0012422917611,0.00171294189122,0.00217366567813,-0.000306170133408,0.000711963559152,-4.63966324059e-05,0.000378937949753,261,689,244,338.666666667
tomo_sample_2_051_rec,recon_00905.tiff,905,100,10445824,2241731,8204093,82040,-0.0032169111073,-0.00278743968285,-0.0016640451696,-0.000285688497534,-0.000113938400682,-2.6474637707e-05,0.000327149624354,0.00039375169581,0.000484446760674,0.00070755836321,0.00124830521131,0.00182028931028,0.00225241226144,-0.000285688497534,0.00070755836321,-4.77885868609e-05,0.000368568938153,245,674,235,344
tomo_sample_2_051_rec,recon_00906.tiff,906,100,10445824,2241731,8204093,82040,-0.00360010913573,-0.00286286866497,-0.00166127426887,-0.000267151378794,-0.000113047779087,-2.70255532087e-05,0.000325944391079,0.000393972011807,0.000485250886413,0.000701102014864,0.00127054484468,0.00172716974006,0.00222019152716,-0.000267151378794,0.000701102014864,-3.8568648653e-05,0.000381079736497,241,685,231,324.666666667
tomo_sample_2_051_rec,recon_00907.tiff,907,100,10445824,2241731,8204093,82040,-0.00336878350936,-0.00288643996308,-0.00174557361461,-0.000277774070855,-0.000113807610251,-2.68821040663e-05,0.000326553825289,0.000394076079829,0.00048509316839,0.000707115067053,0.00129070763325,0.00201214312953,0.00241306237876,-0.000277774070855,0.000707115067053,-6.01922257185e-05,0.000352938008638,226,655,229.333333333,327.333333333
tomo_sample_2_051_rec,recon_00908.tiff,908,100,10445824,2241732,8204092,82040,-0.00350202992558,-0.00283287070284,-0.00183071636537,-0.000287377020868,-0.000113994990534,-2.63457936853e-05,0.000327042056597,0.000394707552914,0.000485455841408,0.000691534540965,0.00127548216248,0.00188827592971,0.00265856366605,-0.000287377020868,0.000691534540965,-4.77944893198e-05,0.000365340225058,250,682,223,322.333333333
tomo_sample_2_051_rec,recon_00909.tiff,909,100,10445824,2241731,8204093,82040,-0.0033908507321,-0.0027539154422,-0.00177977188828,-0.00026340014505,-0.000113763611444,-2.72133938779e-05,0.000325926754158,0.000393503796658,0.000482698858832,0.000699511620332,0.00132677660661,0.00186431025316,0.00271109002642,-0.00026340014505,0.000699511620332,-5.37427208732e-05,0.000371862181736,222,675,224.333333333,325.333333333
tomo_sample_2_051_rec,recon_01000.tiff,1000,100,10445824,2241731,8204093,82040,-0.00311894901097,-0.00279772422554,-0.00169494933449,-0.000280887441186,-0.000118694542471,-2.21076484195e-05,0.000317992817145,0.000391459121602,0.000485298178683,0.000695948567009,0.0012939012323,0.00195929262642,0.00269622192718,-0.000280887441186,0.000695948567009,-6.3102616312e-05,0.000364323842636,228,676,208.333333333,301
tomo_sample_2_051_rec,recon_01001.tiff,1001,100,10445824,2241731,8204093,82040,-0.00330469687469,-0.00262293833389,-0.00182044355071,-0.000268947809236,-0.000117471128397,-2.35260586123e-05,0.000317213998642,0.000390812128899,0.000487544687348,0.000715234147501,0.0012885499663,0.00190500393362,0.00342916417867,-0.000268947809236,0.000715234147501,-5.201610108e-05,0.000366752763828,225,661,210.666666667,312
tomo_sample_2_051_rec,recon_01002.tiff,1002,100,10445824,2241731,8204093,82040,-0.0031485313084,-0.00266096871092,-0.00174153164506,-0.000309613421559,-0.000119509923024,-2.35883444475e-05,0.000317929967423,0.000391008332372,0.000486415300111,0.000695164172794,0.00127000018256,0.00172474765769,0.00256509450264,-0.000309613421559,0.000695164172794,-5.78369384934e-05,0.000371862087271,256,694,205.666666667,308.666666667
tomo_sample_2_051_rec,recon_01003.tiff,1003,100,10445824,2241731,8204093,82040,-0.00326566793956,-0.00266513926247,-0.00168492432649,-0.000304807867506,-0.000120279883413,-2.49047848229e-05,0.000316158693749,0.000390785222407,0.000485975950141,0.000697884619003,0.00127439580974,0.00174860222014,0.00233201286756,-0.000304807867506,0.000697884619003,-5.80515134038e-05,0.00037219276453,251,691,214.333333333,305.333333333
tomo_sample_2_051_rec,recon_01004.tiff,1004,100,10445824,2241731,8204093,82040,-0.00288342637941,-0.00265000318417,-0.00159771960042,-0.00028561927058,-0.000119897806144,-2.3432173748e-05,0.000316638906952,0.000391134126403,0.000486685080978,0.000709178441321,0.00132974531793,0.00176098471846,0.00228789099492,-0.00028561927058,0.000709178441321,-6.25947277477e-05,0.00036241760608,229,667,202.333333333,308.333333333
tomo_sample_2_051_rec,recon_01005.tiff,1005,100,10445824,2241731,8204093,82040,-0.00313287088647,-0.002913654016,-0.00169201643206,-0.00025927446899,-0.000118124876462,-2.22136363845e-05,0.000318709484418,0.000391092260543,0.000486446756986,0.000699611358577,0.00131049691571,0.00183548938408,0.00250126281753,-0.00025927446899,0.000699611358577,-4.2226135265e-05,0.000362057149375,231,663,200,302.333333333
tomo_sample_2_051_rec,recon_01006.tiff,1006,100,10445824,2241731,8204093,82040,-0.00335866305977,-0.00277255274162,-0.00179032069515,-0.000259378763149,-0.000117070661508,-2.35328889175e-05,0.000317461934173,0.000390076849726,0.000485714888782,0.00068938568118,0.00132355837047,0.00195131607593,0.00282191787846,-0.000259378763149,0.00068938568118,-4.68669828714e-05,0.000375068604606,229,684,212.333333333,298.333333333
tomo_sample_2_051_rec,recon_01007.tiff,1007,100,10445824,2241731,8204093,82040,-0.00339550571516,-0.00286802854852,-0.00179578332533,-0.000317112598277,-0.000119051257207,-2.27079499382e-05,0.000317475292832,0.000390608183807,0.000485977015342,0.00070219365065,0.00127204026829,0.0017956986088,0.00286753219552,-0.000317112598277,0.00070219365065,-5.55172054861e-05,0.00036210182731,262,682,208,318.666666667
tomo_sample_2_051_rec,recon_01008.tiff,1008,100,10445824,2241731,8204093,82040,-0.00394751131535,-0.00271340874042,-0.00185010532592,-0.000266226367385,-0.000118371501958,-2.18543918891e-05,0.000318670543493,0.000391776695324,0.000487852953665,0.000714295672369,0.00130275985703,0.00185157960311,0.00259616645053,-0.000266226367385,0.000714295672369,-4.26528073386e-05,0.000383550732795,233,678,206.666666667,305.333333333
tomo_sample_2_051_rec,recon_01009.tiff,1009,100,10445824,2241731,8204093,82040,-0.00309948995709,-0.00257747766676,-0.00177238921868,-0.000277734046394,-0.000118924349954,-2.24355039791e-05,0.000317914993502,0.000391775931348,0.000488722423324,0.000706514809863,0.00129762943625,0.00199751566709,0.00323541229591,-0.000277734046394,0.000706514809863,-4.17871130795e-05,0.000366724847627,245,670,215.333333333,309.666666667
tomo_sample_2_051_rec,recon_01100.tiff,1100,100,10445824,2241731,8204093,82040,-0.00296908710152,-0.00261076790937,-0.00158645247307,-0.000236121958296,-0.000115900250239,-2.26428201131e-05,0.000319141501677,0.000391243862396,0.000485727943305,0.000706599592231,0.00132721955085,0.00197994498265,0.00236162752844,-0.000236121958296,0.000706599592231,-4.87136665687e-05,0.000359497823424,203,646,210.666666667,301
tomo_sample_2_051_rec,recon_01101.tiff,1101,100,10445824,2241731,8204093,82040,-0.00333815789782,-0.00275318094862,-0.00172522701777,-0.000234785435605,-0.000115904125414,-2.3069112558e-05,0.000318556005368,0.000391305467929,0.000486324408848,0.000704885163577,0.00129391814629,0.00199256045946,0.00252521387301,-0.000234785435605,0.000704885163577,-5.61161524777e-05,0.000369385415423,194,658,212.666666667,295
tomo_sample_2_051_rec,recon_01102.tiff,1102,100,10445824,2241731,8204093,82040,-0.00317976623774,-0.00261477816154,-0.001553534323,-0.000254933207761,-0.000117234506251,-2.41538255068e-05,0.000319425831549,0.000391559318814,0.00048447385343,0.000705994104501,0.00132633021346,0.00201890590948,0.0026970342733,-0.000254933207761,0.000705994104501,-5.17996802279e-05,0.000355400493626,216,650,212,301.666666667
tomo_sample_2_051_rec,recon_01103.tiff,1103,100,10445824,2241731,8204093,82040,-0.00349516607821,-0.00266257845589,-0.00155489937053,-0.000257477073465,-0.000115932291737,-2.40986787503e-05,0.000318283622619,0.000391077323002,0.000486624785117,0.000712897322956,0.00131130397506,0.00183343548947,0.0030396298971,-0.000257477073465,0.000712897322956,-5.61501331695e-05,0.000355962537647,212,647,215.666666667,301
tomo_sample_2_051_rec,recon_01104.tiff,1104,100,10445824,2241731,8204093,82040,-0.00328157888725,-0.00281326985138,-0.00159481298353,-0.000270646513382,-0.00011712144842,-2.37165295403e-05,0.000319379818393,0.000391573470552,0.00048355950421,0.000694490722963,0.00130901228869,0.00204136626932,0.00252818944864,-0.000270646513382,0.000694490722963,-4.50781245003e-05,0.000378544296175,239,688,207,306.333333333
tomo_sample_2_051_rec,recon_01105.tiff,1105,100,10445824,2241731,8204093,82040,-0.00373451178893,-0.00273364995925,-0.00164641493314,-0.000266202288039,-0.0001159342748,-2.24830050684e-05,0.00032025645487,0.000391477551602,0.000484444941685,0.00070329457405,0.00129165556841,0.00206761353167,0.00258857151493,-0.000266202288039,0.00070329457405,-4.02101365634e-05,0.000363304665584,238,664,224,306.333333333
tomo_sample_2_051_rec,recon_01106.tiff,1106,100,10445824,2241731,8204093,82040,-0.00308194803074,-0.00278896061939,-0.00169828416256,-0.000250604018802,-0.000115843287131,-2.42859327955e-05,0.000318871083437,0.00039096634282,0.000485542313254,0.000722153224633,0.00132317511796,0.00201640401601,0.00243390770629,-0.000250604018802,0.000722153224633,-6.10745115426e-05,0.000382426830434,199,666,208.333333333,311.333333333
tomo_sample_2_051_rec,recon_01107.tiff,1107,100,10445824,2241731,8204093,82040,-0.0031342273578,-0.0026504367911,-0.00157307879615,-0.000230006677884,-0.000116523494944,-2.3680265258e-05,0.000320655817632,0.000391280496842,0.000485765944177,0.000711296286318,0.00136117038736,0.00179693954557,0.00215996033512,-0.000230006677884,0.000711296286318,-4.0886013415e-05,0.00038582495951,205,669,208.333333333,299.666666667
tomo_sample_2_051_rec,recon_01108.tiff,1108,100,10445824,2241732,8204092,82040,-0.00314671127126,-0.002704957609,-0.00169761516911,-0.000261297035613,-0.000115821729923,-2.41453999479e-05,0.000320074730553,0.000391518384276,0.000485654403747,0.000703442527447,0.00127611715009,0.00203469061898,0.00253445305862,-0.000261297035613,0.000703442527447,-6.8486818702e-05,0.00036863981724,204,668,204,313.333333333
tomo_sample_2_051_rec,recon_01109.tiff,1109,100,10445824,2241731,8204093,82040,-0.00334945367649,-0.00293873874703,-0.00178182555235,-0.000267161334923,-0.000116432983123,-2.54368442256e-05,0.000319778657285,0.000390649096516,0.000484906793281,0.000697317777085,0.00130082571937,0.0020024801078,0.00268314988352,-0.000267161334923,0.000697317777085,-5.32774172617e-05,0.000372371201262,227,678,211,314.333333333
tomo_sample_2_051_rec,recon_01200.tiff,1200,100,10445824,2241731,8204093,82040,-0.00347014586441,-0.0027008899895,-0.00177739450417,-0.00028907637985,-0.000112278460438,-2.72494889941e-05,0.000326213936205,0.000392481975723,0.000486107871984,0.000725051743793,0.00129080283397,0.0018643681089,0.00240141269751,-0.00028907637985,0.000725051743793,-5.39513754287e-05,0.000378103477656,237,673,242.666666667,349.666666667
tomo_sample_2_051_rec,recon_01201.tiff,1201,100,10445824,2241731,8204093,82040,-0.00334877334535,-0.00271380703733,-0.0018486879,-0.000279538319446,-0.00011219245971,-2.77247040685e-05,0.000325801578583,0.000392344220018,0.000485095179465,0.000712647562614,0.00128092935134,0.00181519317819,0.00217622262426,-0.000279538319446,0.000712647562614,-5.322598539e-05,0.000366396540851,233,666,229.333333333,340
tomo_sample_2_051_rec,recon_01202.tiff,1202,100,10445824,2241731,8204093,82040,-0.00372514175251,-0.00300040440427,-0.0019143193803,-0.000314642634476,-0.000111905129961,-2.72878819487e-05,0.000326393230353,0.000392890622607,0.000485708561609,0.000721592499176,0.00129845014249,0.00176700806314,0.00200391886756,-0.000314642634476,0.000721592499176,-5.22387994974e-05,0.000377939650607,259,684,238.666666667,347
tomo_sample_2_051_rec,recon_01203.tiff,1203,100,10445824,2241731,8204093,82040,-0.00391508685425,-0.0029102690825,-0.00178950950631,-0.000298057296604,-0.000113297638018,-2.7682828204e-05,0.000325409710058,0.000392076486605,0.000487152482674,0.000748225089046,0.00138904524047,0.00196403436341,0.00252960133366,-0.000298057296604,0.000748225089046,-5.57866139896e-05,0.000372234973257,237,656,245.333333333,353.333333333
tomo_sample_2_051_rec,recon_01204.tiff,1204,100,10445824,2241731,8204093,82040,-0.00419734651223,-0.00281900466266,-0.00166858454724,-0.000341903072549,-0.000113169250471,-2.77478529824e-05,0.000326064226101,0.000392822279537,0.000485865391965,0.000718888049596,0.00131744799565,0.00191436309505,0.00219163880683,-0.000341903072549,0.000718888049596,-6.51805837766e-05,0.000376564352033,267,693,256,361.666666667
tomo_sample_2_051_rec,recon_01205.tiff,1205,100,10445824,2241731,8204093,82040,-0.00382019858807,-0.00301926407923,-0.0018544585784,-0.000282956171432,-0.000112317191088,-2.59058224401e-05,0.000326337350998,0.000392676418414,0.000484732110635,0.000718492993037,0.00133396662655,0.0018338744866,0.00236524874344,-0.000282956171432,0.000718492993037,-6.81454358477e-05,0.000364342818542,219,661,231.333333333,342.666666667
tomo_sample_2_051_rec,recon_01206.tiff,1206,100,10445824,2241731,8204093,82040,-0.00345926661976,-0.003024356486,-0.00190115827171,-0.000292539417569,-0.000113415097439,-2.66481242761e-05,0.000324949956848,0.000392557165469,0.000486023678968,0.000715417807223,0.00133525938017,0.00186528010052,0.00223684543744,-0.000292539417569,0.000715417807223,-5.88990923011e-05,0.000375423404222,237,678,237,334.666666667
tomo_sample_2_051_rec,recon_01207.tiff,1207,100,10445824,2241731,8204093,82040,-0.00387386674993,-0.0028426280292,-0.00181931232184,-0.000270701223926,-0.000112821019866,-2.61504874288e-05,0.000325828325003,0.000392852816731,0.000487193261506,0.000733274370432,0.00136113122455,0.00201874754857,0.00259946100414,-0.000270701223926,0.000733274370432,-5.73196434407e-05,0.000377921250236,217,661,242.666666667,331.666666667
tomo_sample_2_051_rec,recon_01208.tiff,1208,100,10445824,2241731,8204093,82040,-0.00350755127147,-0.00302694022616,-0.00177562979108,-0.000272467385221,-0.000111623300108,-2.61701275122e-05,0.000326051304,0.00039292434667,0.000487355791847,0.000734152361983,0.00133732328028,0.0020029527738,0.00243749213405,-0.000272467385221,0.000734152361983,-4.87840376309e-05,0.000377899561201,227,661,229.666666667,343.333333333
tomo_sample_2_051_rec,recon_01209.tiff,1209,100,10445824,2241731,8204093,82040,-0.00339835998602,-0.00288748854836,-0.0019174387427,-0.000309481031145,-0.000112976703167,-2.60177935161e-05,0.000324675274896,0.000392222209484,0.000484889415384,0.000722174800467,0.00130273733917,0.00197731955664,0.00249328208156,-0.000309481031145,0.000722174800467,-4.54447166692e-05,0.000357867704383,262,662,237.333333333,346.666666667
tomo_sample_2_051_rec,recon_01300.tiff,1300,100,10445824,2241731,8204093,82040,-0.00341572309844,-0.00288885292164,-0.00187026362319,-0.000302927809244,-0.000120109509226,-2.03359022635e-05,0.00031348214543,0.000389320659451,0.000490555528086,0.00070595934696,0.00129937376268,0.00211571029588,0.00603389460593,-0.000302927809244,0.00070595934696,-5.97667220175e-05,0.000376691683285,246,689,207.666666667,301.666666667
tomo_sample_2_051_rec,recon_01301.tiff,1301,100,10445824,2241731,8204093,82040,-0.00344295683317,-0.00293360876208,-0.0017620573754,-0.000277724155167,-0.0001206100118,-2.12140557778e-05,0.000313625132549,0.00039009340253,0.000493244006066,0.000721626005252,0.00126444568345,0.00205245917921,0.0100415684283,-0.000277724155167,0.000721626005252,-3.38641733946e-05,0.000361808898965,249,655,204,287.666666667
tomo_sample_2_051_rec,recon_01302.tiff,1302,100,10445824,2241732,8204092,82040,-0.00334652513266,-0.00282352089987,-0.00181286430859,-0.000266122732428,-0.000118034208936,-1.98877737603e-05,0.000313894313877,0.000390381079342,0.000490633491427,0.000721901765792,0.00130880921031,0.00206397511566,0.00914171244949,-0.000266122732428,0.000721901765792,-3.60094498487e-05,0.000359286950838,238,648,213.333333333,291.666666667
tomo_sample_2_051_rec,recon_01303.tiff,1303,100,10445824,2241731,8204093,82040,-0.00336046190932,-0.00279817787115,-0.00174600037793,-0.00030436229601,-0.000120133057499,-2.3302734462e-05,0.00031216442585,0.000389285349229,0.000491107901325,0.000723846331821,0.00140190252848,0.00217589088147,0.0050259148702,-0.00030436229601,0.000723846331821,-3.99072889441e-05,0.0003615943438,263,663,212.666666667,308.666666667
tomo_sample_2_051_rec,recon_01304.tiff,1304,100,10445824,2241731,8204093,82040,-0.00340802455321,-0.00274949446465,-0.00168826950074,-0.000268877682101,-0.000119863138389,-2.13665884985e-05,0.000314591350616,0.000390206681914,0.00049165074015,0.000723931747489,0.00133358967281,0.00203575195034,0.00949943438172,-0.000268877682101,0.000723931747489,-3.79519970423e-05,0.000374603382259,238,663,207.666666667,294.666666667
tomo_sample_2_051_rec,recon_01305.tiff,1305,100,10445824,2241731,8204093,82040,-0.00389942759648,-0.00290050220876,-0.00179052150704,-0.000297854924283,-0.00011917960328,-2.0249726731e-05,0.000314011354931,0.000389516950236,0.000491103023523,0.000713633037522,0.00130633275607,0.00190225725506,0.00396692566574,-0.000297854924283,0.000713633037522,-6.09735369422e-05,0.000356114343301,239,662,203.666666667,304.666666667
tomo_sample_2_051_rec,recon_01306.tiff,1306,100,10445824,2241731,8204093,82040,-0.00382244470529,-0.00302042168137,-0.00187183812528,-0.000276288560999,-0.0001201816307,-2.17222809624e-05,0.000312147152727,0.000390062843508,0.000492389991996,0.000726003527525,0.00131435568165,0.00213046069611,0.00277943909168,-0.000276288560999,0.000726003527525,-5.35414492498e-05,0.000376291960365,227,666,208,291.666666667
tomo_sample_2_051_rec,recon_01307.tiff,1307,100,10445824,2241731,8204093,82040,-0.00404269713908,-0.00283783912575,-0.00175495055493,-0.000293923641439,-0.000121035197662,-2.09016798181e-05,0.000314347154927,0.000390049513953,0.000489608201315,0.000714297208469,0.00127236156189,0.00191699020868,0.00245690485463,-0.000293923641439,0.000714297208469,-5.28655494098e-05,0.000360533779395,244,664,212,304.666666667
tomo_sample_2_051_rec,recon_01308.tiff,1308,100,10445824,2241731,8204093,82040,-0.00325849442743,-0.00291579898801,-0.00181291164691,-0.000256753381109,-0.000120215188144,-2.11150213545e-05,0.000314787961543,0.000389921420719,0.000493077599094,0.000735227026162,0.00133945902227,0.00212093617013,0.00340828928165,-0.000256753381109,0.000735227026162,-4.32670316668e-05,0.000362922995657,220,639,206.333333333,297.666666667
tomo_sample_2_051_rec,recon_01309.tiff,1309,100,10445824,2241732,8204092,82040,-0.00317352754064,-0.00278568530171,-0.00179277509183,-0.000280794629653,-0.000119787001313,-2.21697978304e-05,0.00031482418126,0.000391090761696,0.000491005353979,0.000719654022832,0.00129551882716,0.00190125622457,0.00248012808152,-0.000280794629653,0.000719654022832,-4.5756190648e-05,0.000370506263011,240,666,207,302
tomo_sample_2_051_rec,recon_01400.tiff,1400,100,10445824,2241731,8204093,82040,-0.00371293839999,-0.00308616099816,-0.00186881914269,-0.000321871681663,-0.000114505572492,-2.50857851825e-05,0.000323419706547,0.000394696005969,0.000495691542164,0.000760899223969,0.00137655301986,0.00205404428809,0.0030054426752,-0.000321871681663,0.000760899223969,-4.50749111756e-05,0.000366021509795,261,650,241,339.333333333
tomo_sample_2_051_rec,recon_01401.tiff,1401,100,10445824,2241731,8204093,82040,-0.00371857034042,-0.00301066787196,-0.00200601297151,-0.00031584746117,-0.00011490116085,-2.63143306256e-05,0.0003227959387,0.000393833252019,0.000497462245403,0.00077563835599,0.00140270283772,0.00234839790363,0.00323159084655,-0.00031584746117,0.00077563835599,-4.84121178835e-05,0.000361312542665,250,635,253.666666667,348.666666667
tomo_sample_2_051_rec,recon_01402.tiff,1402,100,10445824,2241732,8204092,82040,-0.00383460195735,-0.00301962037382,-0.00211294762115,-0.000373329400318,-0.000116679615167,-2.69996317002e-05,0.000322846623021,0.000394020287786,0.000496262757224,0.000763653684407,0.00141995745152,0.00211100783895,0.00355095439591,-0.000373329400318,0.000763653684407,-4.98055269664e-05,0.000380270855755,291,678,256,358.333333333
tomo_sample_2_051_rec,recon_01403.tiff,1403,100,10445824,2241731,8204093,82040,-0.00326785305515,-0.0027973714649,-0.00199000130291,-0.000343497051217,-0.000116259256174,-2.73419104815e-05,0.000321530518704,0.00039359863149,0.000493083859328,0.000753014320508,0.00138333157497,0.00238583716824,0.0031105496455,-0.000343497051217,0.000753014320508,-5.05705107238e-05,0.000360978190968,273,657,249,346
tomo_sample_2_051_rec,recon_01404.tiff,1404,100,10445824,2241731,8204093,82040,-0.00346745038405,-0.00304777987944,-0.00203536365228,-0.000382572493982,-0.000117681492338,-2.75983443316e-05,0.00032078937511,0.00039238534373,0.000493950073724,0.000768057046225,0.00137984805345,0.00206108681173,0.00298516754992,-0.000382572493982,0.000768057046225,-5.43848941574e-05,0.000367647760538,292,667,257,366.666666667
tomo_sample_2_051_rec,recon_01405.tiff,1405,100,10445824,2241731,8204093,82040,-0.00332569028251,-0.00293404815975,-0.00189215677057,-0.00031358711567,-0.000115342402933,-2.55321770055e-05,0.000323371161357,0.000393490714487,0.000493166720844,0.000760323164868,0.00138322538242,0.00195927725923,0.00304036401212,-0.00031358711567,0.000760323164868,-5.36305621658e-05,0.000369769475562,247,651,245.666666667,349
tomo_sample_2_051_rec,recon_01406.tiff,1406,100,10445824,2241732,8204092,82040,-0.00434982962906,-0.00298443712529,-0.00191798133228,-0.000326715955161,-0.000115356289461,-2.61089239757e-05,0.000321650135447,0.000392993162677,0.000495320942719,0.000771444106358,0.00141920863336,0.00240180510033,0.00304527650587,-0.000326715955161,0.000771444106358,-4.73755749293e-05,0.000374455914809,260,653,248.666666667,349.333333333
tomo_sample_2_051_rec,recon_01407.tiff,1407,100,10445824,2241731,8204093,82040,-0.00342004047707,-0.00306307934241,-0.0019301042076,-0.000337368078181,-0.000115561666098,-2.48387746069e-05,0.000323007523548,0.000394031099859,0.000493340953835,0.00076506877318,0.00139560163696,0.00218354929236,0.00283997622319,-0.000337368078181,0.00076506877318,-5.35121209249e-05,0.000375951824335,263,662,244.666666667,347.333333333
tomo_sample_2_051_rec,recon_01408.tiff,1408,100,10445824,2241731,8204093,82040,-0.00372547307052,-0.00303953440639,-0.00197419857536,-0.000364352542674,-0.000115797802209,-2.59343792095e-05,0.000323277083226,0.000393269991037,0.000495236678398,0.000756286743563,0.00135149265302,0.00195783021343,0.00292283925228,-0.000364352542674,0.000756286743563,-5.93954869089e-05,0.000372940690377,278,673,251.666666667,363.666666667
tomo_sample_2_051_rec,recon_01409.tiff,1409,100,10445824,2241731,8204093,82040,-0.00415260856971,-0.00304178371944,-0.00210882253386,-0.00034324317443,-0.00011647025749,-2.70582818303e-05,0.000322560925269,0.000393847658415,0.000492829739233,0.00075805828732,0.00141345305659,0.00185596324734,0.00264938967302,-0.00034324317443,0.00075805828732,-5.43519728933e-05,0.000376480053991,268,669,249.666666667,344.666666667
tomo_sample_2_051_rec,recon_01500.tiff,1500,100,10445824,2241731,8204093,82040,-0.00425341073424,-0.00313953213694,-0.00167769046209,-0.000264776374388,-0.000116863519361,-2.65738235612e-05,0.000319618746289,0.000390136177884,0.000482220883714,0.000705314422376,0.00130433448451,0.00185204469742,0.00320851360448,-0.000264776374388,0.000705314422376,-5.22868219553e-05,0.000374119361293,224,674,223,312.333333333
tomo_sample_2_051_rec,recon_01501.tiff,1501,100,10445824,2241732,8204092,82040,-0.00363998836838,-0.00284774487508,-0.00174129516934,-0.000297717043431,-0.000117466099618,-2.65013204626e-05,0.000318969687214,0.000390637338569,0.000484732761106,0.000723408689373,0.00141170127236,0.00217672877277,0.00292903115042,-0.000297717043431,0.000723408689373,-5.49116038842e-05,0.000378730538622,243,678,220.333333333,330
tomo_sample_2_051_rec,recon_01502.tiff,1502,100,10445824,2241731,8204093,82040,-0.00366828870028,-0.00287853564771,-0.00184003295784,-0.000251532552647,-0.000116041686488,-2.60309379883e-05,0.000320041232044,0.000391049747122,0.000485881994246,0.00072926525434,0.00131239952613,0.00202644119184,0.00263752415776,-0.000251532552647,0.00072926525434,-5.84321794855e-05,0.000377997174016,201,657,213.666666667,313.666666667
tomo_sample_2_051_rec,recon_01503.tiff,1503,100,10445824,2241731,8204093,82040,-0.00313326739706,-0.00278102611061,-0.00171204661054,-0.000267963036022,-0.000115340199045,-2.68428348136e-05,0.000319422062603,0.000390674693335,0.000482124423434,0.00071447033959,0.00139291779767,0.0020841190957,0.00263639912009,-0.000267963036022,0.00071447033959,-5.56705910965e-05,0.000368744123289,221,663,223,314.666666667
tomo_sample_2_051_rec,recon_01504.tiff,1504,100,10445824,2241731,8204093,82040,-0.00380562245846,-0.00297185422077,-0.00186518037354,-0.000273873725673,-0.000116225946113,-2.58235795627e-05,0.000320536200888,0.000391690788092,0.000483295536833,0.000721861047787,0.0013486070194,0.00194637043199,0.00293080322444,-0.000273873725673,0.000721861047787,-5.22419548077e-05,0.000371542147482,227,663,226.666666667,319.666666667
tomo_sample_2_051_rec,recon_01505.tiff,1505,100,10445824,2241731,8204093,82040,-0.0038813247811,-0.00282494307267,-0.00179021478421,-0.000261105262907,-0.000116086476919,-2.52014497164e-05,0.000321593310218,0.000391429486626,0.00048293187574,0.000691277249134,0.00127606427751,0.00179199615491,0.00220318045467,-0.000261105262907,0.000691277249134,-4.95994158989e-05,0.000370871218472,227,679,212,311
tomo_sample_2_051_rec,recon_01506.tiff,1506,100,10445824,2241731,8204093,82040,-0.00357203744352,-0.00280858872198,-0.00168118688313,-0.00028372895089,-0.000116229406558,-2.57596539086e-05,0.000320751030813,0.000390799286833,0.000483376161719,0.000707658168394,0.00133316694095,0.00191166422507,0.00224640942179,-0.00028372895089,0.000707658168394,-4.97040784209e-05,0.000369336070889,241,674,226.333333333,331.333333333
tomo_sample_2_051_rec,recon_01507.tiff,1507,100,10445824,2241731,8204093,82040,-0.00423012441024,-0.00288008299679,-0.00168359641673,-0.000280739401642,-0.000116934670223,-2.6090335723e-05,0.000321031271596,0.000391021785617,0.000482728480711,0.000714894420817,0.00130311981018,0.00176985201917,0.00275264796801,-0.000280739401642,0.000714894420817,-6.63699859319e-05,0.0003682699504,220,667,224,329.333333333
tomo_sample_2_051_rec,recon_01508.tiff,1508,100,10445824,2241731,8204093,82040,-0.00348351243883,-0.00282359406026,-0.00170717515599,-0.000259594363451,-0.000116860644994,-2.55058312177e-05,0.000320625520544,0.000390936438635,0.000481345249864,0.000714393646922,0.00131200517656,0.00187996990447,0.00260941265151,-0.000259594363451,0.000714393646922,-5.62766721288e-05,0.000368925095925,213,660,211,311.333333333
tomo_sample_2_051_rec,recon_01509.tiff,1509,100,10445824,2241731,8204093,82040,-0.00385172432289,-0.00289030237754,-0.00182684261305,-0.000281280765485,-0.000116773396076,-2.61070649685e-05,0.000320326551446,0.00038988084998,0.000483691522095,0.000709783965722,0.00130601551163,0.0020336796128,0.00286683556624,-0.000281280765485,0.000709783965722,-4.09167407774e-05,0.000367109301276,248,669,221,318.666666667
tomo_sample_2_051_rec,recon_01600.tiff,1600,100,10445824,2241731,8204093,82040,-0.00327124889009,-0.0028234645227,-0.00183428063861,-0.000303044095053,-0.000117521813445,-2.22722110266e-05,0.000316673176712,0.000390404922655,0.000487122939376,0.000716627091751,0.00134290655714,0.00190720767581,0.00265307747759,-0.000303044095053,0.000716627091751,-3.93891964491e-05,0.00036253656335,264,668,218.666666667,318.666666667
tomo_sample_2_051_rec,recon_01601.tiff,1601,100,10445824,2241731,8204093,82040,-0.00332040246576,-0.00279009463589,-0.00172577992477,-0.000309209436818,-0.000119760920643,-2.42167193392e-05,0.000317181140417,0.000390794215491,0.00049012254749,0.000710386619903,0.00133431310847,0.00228726397515,0.00293624098413,-0.000309209436818,0.000710386619903,-6.58420095805e-05,0.000372191648412,244,684,217.666666667,326
tomo_sample_2_051_rec,recon_01602.tiff,1602,100,10445824,2241731,8204093,82040,-0.00403808942065,-0.00283177139219,-0.00167985383084,-0.000283844692458,-0.000117789414799,-2.29790616686e-05,0.00031787455373,0.000391460518586,0.000489528584876,0.000725140739232,0.00130126745824,0.00202667082983,0.00310066109523,-0.000283844692458,0.000725140739232,-3.90565802143e-05,0.000377175897277,248,670,219,309.333333333
tomo_sample_2_051_rec,recon_01603.tiff,1603,100,10445824,2241732,8204092,82040,-0.00370374741033,-0.00289442754267,-0.00176889957103,-0.000279351300269,-0.000118530955297,-2.44300399572e-05,0.000317742815241,0.000390855057049,0.000487397651887,0.000734041554388,0.00134215327108,0.00198518206546,0.00284873181954,-0.000279351300269,0.000734041554388,-4.36846806834e-05,0.000370649513202,238,656,218,306
tomo_sample_2_051_rec,recon_01604.tiff,1604,100,10445824,2241731,8204093,82040,-0.00337865576148,-0.00282455105269,-0.00178971695469,-0.000314276103163,-0.000117136493645,-2.31618450925e-05,0.000318786784192,0.000390498615161,0.000487291323952,0.000724057789193,0.00137882688094,0.00207174264244,0.00223249057308,-0.000314276103163,0.000724057789193,-5.61122271924e-05,0.00035828425579,254,663,227,328.333333333
tomo_sample_2_051_rec,recon_01605.tiff,1605,100,10445824,2241731,8204093,82040,-0.00381196779199,-0.00270922260459,-0.00172243724822,-0.00026326052699,-0.000117748934645,-2.25217604566e-05,0.000319799670251,0.000391691050027,0.000488437272725,0.000735449625645,0.00132328009733,0.00199778191803,0.00290962704457,-0.00026326052699,0.000735449625645,-5.2013344554e-05,0.000369909411046,216,649,221,316.666666667
tomo_sample_2_051_rec,recon_01606.tiff,1606,100,10445824,2241731,8204093,82040,-0.00326483882964,-0.00297832023781,-0.00194968563563,-0.00027525157755,-0.00011587163317,-2.2779140636e-05,0.000317715268466,0.000390834749851,0.000487841758877,0.000719976698165,0.00135983975697,0.00195094645277,0.00278501748107,-0.00027525157755,0.000719976698165,-5.40200363957e-05,0.000357800047966,227,651,221.666666667,310.666666667
tomo_sample_2_051_rec,recon_01607.tiff,1607,100,10445824,2241731,8204093,82040,-0.00364170502871,-0.00296233593614,-0.00188908521831,-0.000273105936358,-0.000116470589637,-2.30606297009e-05,0.000319859900628,0.000391161549487,0.000488771710661,0.000735432599904,0.00130563835544,0.00197982210459,0.00264712655917,-0.000273105936358,0.000735432599904,-5.6119953672e-05,0.000378601939613,220,661,223.666666667,318.333333333
tomo_sample_2_051_rec,recon_01608.tiff,1608,100,10445824,2241731,8204093,82040,-0.00395730929449,-0.00306999744151,-0.00179293700703,-0.000303800749825,-0.000117419748494,-2.29302404477e-05,0.000319578379276,0.000391694695281,0.000487763348792,0.000722807652783,0.00130938946677,0.00216192829686,0.00251651834697,-0.000303800749825,0.000722807652783,-4.32155791213e-05,0.000354253048871,259,656,214.666666667,324.333333333
tomo_sample_2_051_rec,recon_01609.tiff,1609,100,10445824,2241731,8204093,82040,-0.00375649007037,-0.00285537963195,-0.00183871842385,-0.000317855959293,-0.000117723841322,-2.47997836595e-05,0.000320503982948,0.000391560752178,0.000487037525454,0.0007148682978,0.00137971583579,0.00212865743968,0.00265225791372,-0.000317855959293,0.0007148682978,-5.87836449791e-05,0.000369687571129,256,681,228.666666667,329
tomo_sample_2_051_rec,recon_01700.tiff,1700,100,10445824,2241731,8204093,82040,-0.00339601864107,-0.00293458513014,-0.00165614582784,-0.000246766617929,-0.000114880242836,-2.58966779256e-05,0.000323664105963,0.000392285037378,0.000481934279378,0.000709768260713,0.0012856551247,0.00178755476543,0.00232864008285,-0.000246766617929,0.000709768260713,-7.03170044708e-05,0.000368470670161,188,658,209,314
tomo_sample_2_051_rec,recon_01701.tiff,1701,100,10445824,2241731,8204093,82040,-0.00376818468794,-0.00278476696571,-0.0016497087084,-0.000260085205955,-0.000115158959306,-2.62738881247e-05,0.000323014202877,0.00039136804844,0.000479795958381,0.000696946237586,0.00126869072835,0.00177654125949,0.00315129407682,-0.000260085205955,0.000696946237586,-6.05701407861e-05,0.000368708862031,213,672,222,318
tomo_sample_2_051_rec,recon_01702.tiff,1702,100,10445824,2241731,8204093,82040,-0.00306415720843,-0.00269890383866,-0.00158463231788,-0.000246442364878,-0.000112875847117,-2.33727887462e-05,0.000324314911268,0.000392720008676,0.000481047085486,0.000687901028432,0.00124991741707,0.00191267711648,0.00262663071044,-0.000246442364878,0.000687901028432,-4.58270936728e-05,0.000385085043389,219,692,206.333333333,310.666666667
tomo_sample_2_051_rec,recon_01703.tiff,1703,100,10445824,2241731,8204093,82040,-0.00361786177382,-0.00297727696691,-0.00173712322488,-0.00023162790807,-0.00011513747595,-2.59668577201e-05,0.000322213614709,0.000390985420381,0.000481144606601,0.000685294864234,0.0012583174468,0.00196745790786,0.00257324799895,-0.00023162790807,0.000685294864234,-4.42951214681e-05,0.000381398885312,209,684,221,303
tomo_sample_2_051_rec,recon_01704.tiff,1704,100,10445824,2241731,8204093,82040,-0.00343274907209,-0.00295195773947,-0.00176625357976,-0.000244243731868,-0.00011550394338,-2.45277083195e-05,0.00032241421286,0.000391137000406,0.000480877199152,0.000679315416492,0.0012360375881,0.00177411254095,0.00264661293477,-0.000244243731868,0.000679315416492,-4.95306865919e-05,0.000366068066953,215,676,209.333333333,334
tomo_sample_2_051_rec,recon_01705.tiff,1705,100,10445824,2241731,8204093,82040,-0.00403958652169,-0.00271504470932,-0.00167614614917,-0.000230231012247,-0.00011570236129,-2.34254821407e-05,0.00032318707963,0.000391668327211,0.00048144573957,0.000707660207408,0.00128197626991,0.0018711153627,0.00292356009595,-0.000230231012247,0.000707660207408,-5.16286803789e-05,0.00036104067376,194,645,206,316
tomo_sample_2_051_rec,recon_01706.tiff,1706,100,10445824,2241731,8204093,82040,-0.00376918539405,-0.00298423606665,-0.001561665382,-0.000237996150245,-0.000117306666652,-2.5756886771e-05,0.000321678555338,0.000390816690924,0.000483435300703,0.000701814505737,0.00123013584595,0.00173054602308,0.00219863187522,-0.000237996150245,0.000701814505737,-5.57544150654e-05,0.000363663819051,198,655,212,305.666666667
tomo_sample_2_051_rec,recon_01707.tiff,1707,100,10445824,2241731,8204093,82040,-0.00359971239232,-0.00286486733588,-0.00170290453488,-0.000240773200785,-0.000115405812539,-2.3835661068e-05,0.000321678773616,0.000391039975511,0.0004826690958,0.000710393075133,0.00130419243267,0.00178224702015,0.00260506849736,-0.000240773200785,0.000710393075133,-4.62032683059e-05,0.000365445099321,209,652,204.666666667,316
tomo_sample_2_051_rec,recon_01708.tiff,1708,100,10445824,2241731,8204093,82040,-0.00355601636693,-0.00291717672443,-0.00174408152816,-0.000267449101666,-0.000115861408631,-2.36602722907e-05,0.000321532759699,0.000391235545976,0.000483397828066,0.000708201264497,0.00131898778526,0.00185276477475,0.00272643240169,-0.000267449101666,0.000708201264497,-5.76429318238e-05,0.000379724461436,220,679,209,329.666666667
tomo_sample_2_051_rec,recon_01709.tiff,1709,100,10445824,2241731,8204093,82040,-0.0034371598158,-0.0028708410922,-0.00186998332187,-0.000277898916102,-0.000117058441174,-2.48177984759e-05,0.000321092069498,0.000390609660826,0.000482311165251,0.000689072052483,0.00124674707383,0.00185253347969,0.0024459043052,-0.000277898916102,0.000689072052483,-5.71269292257e-05,0.000361886336393,233,677,222.666666667,318
tomo_sample_2_051_rec,recon_01800.tiff,1800,100,10445824,2241731,8204093,82040,-0.00339597999118,-0.00277860051298,-0.0017830800137,-0.000311261920142,-0.00012134611643,-2.30179648497e-05,0.000314826145768,0.000390026711102,0.000486461534456,0.000708880069433,0.00126233290427,0.0019731477337,0.00292427139357,-0.000311261920142,0.000708880069433,-4.95619714425e-05,0.000359754252418,262,673,217.333333333,323.666666667
tomo_sample_2_051_rec,recon_01801.tiff,1801,100,10445824,2241731,8204093,82040,-0.00329273846,-0.00280917271825,-0.00181072737661,-0.000335950358422,-0.000120543778758,-2.38033653659e-05,0.000315290613798,0.000389682718378,0.000485967566783,0.000713422838016,0.00128738920088,0.00183242770092,0.00257758353837,-0.000335950358422,0.000713422838016,-4.00258557602e-05,0.000361045426768,288,680,217.666666667,315
tomo_sample_2_051_rec,recon_01802.tiff,1802,100,10445824,2241731,8204093,82040,-0.00339342816733,-0.00287132927771,-0.00172250570322,-0.000301625982975,-0.000120336778855,-2.23038696276e-05,0.000316090357956,0.000390340741433,0.000487947902002,0.000714255322819,0.00129556882684,0.0018702867717,0.00242641358636,-0.000301625982975,0.000714255322819,-5.28144287823e-05,0.000371329244008,250,678,218.666666667,304.666666667
tomo_sample_2_051_rec,recon_01803.tiff,1803,100,10445824,2241731,8204093,82040,-0.00344969355501,-0.00273140892992,-0.00169635305495,-0.000277618259133,-0.000120988841445,-2.41230668507e-05,0.000315707220579,0.000390698020055,0.00048953104415,0.000733650973416,0.00132913260895,0.00185322128437,0.00244285026565,-0.000277618259133,0.000733650973416,-5.89207164483e-05,0.000364757894536,221,650,212,307.333333333
tomo_sample_2_051_rec,recon_01804.tiff,1804,100,10445824,2241731,8204093,82040,-0.00371450092643,-0.00308898051195,-0.00176365923299,-0.000319369905628,-0.000122388806631,-2.47361263064e-05,0.000315846540616,0.000389549328247,0.000487461827288,0.000714776272653,0.00131168636552,0.00216099829308,0.00276316492818,-0.000319369905628,0.000714776272653,-5.53510012959e-05,0.000374393240467,261,686,217.666666667,323.666666667
tomo_sample_2_051_rec,recon_01805.tiff,1805,100,10445824,2241731,8204093,82040,-0.00377551931888,-0.0026605802964,-0.00169874934666,-0.000273846495838,-0.000120800427248,-2.3213699933e-05,0.000317449885188,0.000390912551666,0.000485424968065,0.000715049169376,0.00132262715604,0.00188178124593,0.00376567710191,-0.000273846495838,0.000715049169376,-5.04778793045e-05,0.000368584272347,231,665,205,307.333333333
tomo_sample_2_051_rec,recon_01806.tiff,1806,100,10445824,2241731,8204093,82040,-0.00375978229567,-0.00257576873072,-0.00161306172516,-0.000274309800589,-0.000119316278506,-2.36872397181e-05,0.000316231278703,0.000390026369132,0.000486739251937,0.000709613807267,0.00133315147425,0.00179629174641,0.00241920072585,-0.000274309800589,0.000709613807267,-5.07490329183e-05,0.00036210953761,232,662,222,304
tomo_sample_2_051_rec,recon_01807.tiff,1807,100,10445824,2241731,8204093,82040,-0.00364449596964,-0.00278231885543,-0.00161199677328,-0.000273489408719,-0.000118952760022,-2.25995026994e-05,0.000317476005876,0.000390609871829,0.000485913601005,0.000705403380562,0.00125577403966,0.00191142528246,0.00244465237483,-0.000273489408719,0.000705403380562,-5.18402199696e-05,0.000367315734264,231,670,207.333333333,310
tomo_sample_2_051_rec,recon_01808.tiff,1808,100,10445824,2241731,8204093,82040,-0.00313502619974,-0.00285913579057,-0.00173718686693,-0.000296738575853,-0.000120295375746,-2.25820126616e-05,0.00031697328086,0.000390613786294,0.000484997236344,0.000718633459765,0.00132793791709,0.00187483294707,0.0023653623648,-0.000296738575853,0.000718633459765,-4.71262837636e-05,0.000368068471042,251,670,209,313.666666667
tomo_sample_2_051_rec,recon_01809.tiff,1809,100,10445824,2241731,8204093,82040,-0.00317656062543,-0.0027220350303,-0.00173638306384,-0.00028996646317,-0.000120473273273,-2.44914731411e-05,0.000316750214552,0.000390182140109,0.000487172389694,0.000729633452138,0.00125628709025,0.00167084444871,0.00202228664421,-0.00028996646317,0.000729633452138,-4.57735248494e-05,0.000370565363857,245,663,225.666666667,310.666666667
tomo_sample_2_051_rec,recon_01900.tiff,1900,100,10445824,2241733,8204091,82040,-0.00339627848007,-0.00260247886635,-0.00162763685454,-0.000314529198804,-0.000115402216034,-2.50195030276e-05,0.000322126958054,0.000391529130866,0.00048392755125,0.000708998266491,0.00132022936642,0.00198391892711,0.00357365887612,-0.000314529198804,0.000708998266491,-6.45017725021e-05,0.000371363445602,250,686,225.333333333,334.333333333
tomo_sample_2_051_rec,recon_01901.tiff,1901,100,10445824,2241731,8204093,82040,-0.00343347387388,-0.00267971360218,-0.0017505344915,-0.000305353962176,-0.000116168667591,-2.6353739031e-05,0.000321704123053,0.00039140968147,0.000486205882044,0.000729810988996,0.00135508042853,0.00192579291847,0.00269640143961,-0.000305353962176,0.000729810988996,-3.67212836994e-05,0.000363347798378,265,661,229,335
tomo_sample_2_051_rec,recon_01902.tiff,1902,100,10445824,2241731,8204093,82040,-0.00325054768473,-0.00259768845257,-0.00162134005374,-0.000274559983809,-0.000116194549264,-2.53601829172e-05,0.000321617641021,0.000390816494473,0.000483819840883,0.000714829929057,0.00135591480287,0.00204997408069,0.00302186375484,-0.000274559983809,0.000714829929057,-4.61794530136e-05,0.000370403396646,236,667,225.666666667,331.666666667
tomo_sample_2_051_rec,recon_01903.tiff,1903,100,10445824,2241731,8204093,82040,-0.00332710146904,-0.0027503384236,-0.00173448156612,-0.000300398587133,-0.000116953793986,-2.75827710539e-05,0.00032192337676,0.000391466259316,0.000484613403387,0.000713509241468,0.00130584082718,0.00184414041601,0.00259564304724,-0.000300398587133,0.000713509241468,-4.31810846079e-05,0.000363510280295,259,670,226,331.333333333
tomo_sample_2_051_rec,recon_01904.tiff,1904,100,10445824,2241731,8204093,82040,-0.00391883123666,-0.00270923683213,-0.00164502440649,-0.00030788779608,-0.000115918711526,-2.49636486842e-05,0.000321489860653,0.000390978908399,0.000484289805172,0.000716442710254,0.0012616669269,0.00166890041367,0.00207271054387,-0.00030788779608,0.000716442710254,-5.29930527738e-05,0.000368176493933,254,675,221,335.333333333
tomo_sample_2_051_rec,recon_01905.tiff,1905,100,10445824,2241731,8204093,82040,-0.00327400653623,-0.00285939715845,-0.00163381369109,-0.000340074967826,-0.000117385186968,-2.56181047007e-05,0.000322163396049,0.000390765162592,0.000485472790024,0.000708234572667,0.00130702499277,0.00195793016164,0.00219328445382,-0.000340074967826,0.000708234572667,-5.92659114898e-05,0.000368156630178,274,691,234.333333333,350
tomo_sample_2_051_rec,recon_01906.tiff,1906,100,10445824,2241731,8204093,82040,-0.00368290580809,-0.00237939750899,-0.00155885346851,-0.000270310041669,-0.000116547369544,-2.59966632257e-05,0.000320651495713,0.000390986831917,0.000484906644851,0.000722800194635,0.00132260350732,0.00189550660499,0.00257516885176,-0.000270310041669,0.000722800194635,-4.9272701111e-05,0.000366289137149,227,656,231.333333333,319
tomo_sample_2_051_rec,recon_01907.tiff,1907,100,10445824,2241731,8204093,82040,-0.00339108309709,-0.00271908187682,-0.00170132039685,-0.000315016788081,-0.000116323987822,-2.59528837887e-05,0.000322457970469,0.000390857436287,0.000485597738589,0.000721416284214,0.00126587975211,0.0018896645727,0.002537276363,-0.000315016788081,0.000721416284214,-5.44702134207e-05,0.00038071731209,257,687,226.333333333,354.333333333
tomo_sample_2_051_rec,recon_01908.tiff,1908,100,10445824,2241731,8204093,82040,-0.00357565213926,-0.00249843899268,-0.00160570537089,-0.000286624876317,-0.000116784272541,-2.59698322225e-05,0.00032284304325,0.000392349109461,0.000484591558052,0.000718639488914,0.00125816240045,0.00183642662843,0.00246616499498,-0.000286624876317,0.000718639488914,-4.96743792907e-05,0.000377695144669,241,676,230.333333333,327.333333333
tomo_sample_2_051_rec,recon_01909.tiff,1909,100,10445824,2241731,8204093,82040,-0.00315574882552,-0.0028940924509,-0.00181681190187,-0.000270144550595,-0.000115611138244,-2.58020477304e-05,0.000321482177242,0.000391440560634,0.000483761299984,0.000715594263747,0.00126753415144,0.00177087641798,0.00235324376263,-0.000270144550595,0.000715594263747,-4.4931585511e-05,0.000361251219063,233,655,228,317
tomo_sample_2_051_rec,recon_02000.tiff,2000,100,10445824,2241731,8204093,82040,-0.00302964285947,-0.00255914874079,-0.00158962227148,-0.000292990276648,-0.00011894952695,-2.2139194698e-05,0.000317266298225,0.000390429820982,0.000484095637512,0.000700918305665,0.00128899704851,0.00183245508616,0.00222310284153,-0.000292990276648,0.000700918305665,-5.65582898303e-05,0.000375216695653,243,688,217.333333333,306.666666667
tomo_sample_2_051_rec,recon_02001.tiff,2001,100,10445824,2241731,8204093,82040,-0.00338305230252,-0.00268478593978,-0.00165065277682,-0.000314662157907,-0.000119978681687,-2.34705007642e-05,0.000318079342833,0.000390786684875,0.000486617675051,0.000718136508367,0.00129756133107,0.00183524238634,0.00250841956586,-0.000314662157907,0.000718136508367,-4.77213567933e-05,0.000364475434403,264,673,221,325.666666667
tomo_sample_2_051_rec,recon_02002.tiff,2002,100,10445824,2241731,8204093,82040,-0.00319952145219,-0.00258365712005,-0.00158802201564,-0.000309829206963,-0.000119941004232,-2.30812324844e-05,0.000317768295645,0.000389931097743,0.000485467987892,0.000720085998182,0.00132691188378,0.0019773854974,0.00259001133963,-0.000309829206963,0.000720085998182,-5.56191795209e-05,0.000361610466574,252,667,213,334
tomo_sample_2_051_rec,recon_02003.tiff,2003,100,10445824,2241732,8204092,82040,-0.00287851970643,-0.00238299234356,-0.00151361127186,-0.000298841286858,-0.000120413684272,-2.42897681346e-05,0.000316621968523,0.000389705666748,0.000484950531973,0.000708339447738,0.00130824575969,0.00201873013798,0.00261243106797,-0.000298841286858,0.000708339447738,-4.25718015389e-05,0.000378595950401,260,688,209.333333333,321.333333333
tomo_sample_2_051_rec,recon_02004.tiff,2004,100,10445824,2241731,8204093,82040,-0.00293565820903,-0.00257347338402,-0.00158671209647,-0.000305225856137,-0.000120273185894,-2.29877300626e-05,0.000316749923513,0.000389920220186,0.000484681680973,0.000687650772743,0.00129165880813,0.00206832621144,0.00312667270191,-0.000305225856137,0.000687650772743,-4.41373818165e-05,0.000367486844173,269,693,212,303.666666667
tomo_sample_2_051_rec,recon_02005.tiff,2005,100,10445824,2241731,8204093,82040,-0.00319474143907,-0.00277853579496,-0.00157025237789,-0.000323803133506,-0.000119607300803,-2.25944140766e-05,0.00031831182423,0.000389963708585,0.000484454070101,0.000699282113928,0.00127918787778,0.00191674285762,0.00262229354121,-0.000323803133506,0.000699282113928,-5.97348922035e-05,0.000351069645273,264,675,215.666666667,323.666666667
tomo_sample_2_051_rec,recon_02006.tiff,2006,100,10445824,2241731,8204093,82040,-0.00344256078824,-0.00280605605829,-0.00177963033679,-0.00030400304473,-0.000119992745749,-2.32018592214e-05,0.000317102603731,0.000390280009015,0.00048430308525,0.000686508862418,0.00128443470958,0.00190807398575,0.00279393070377,-0.00030400304473,0.000686508862418,-5.75391030563e-05,0.000373601424267,254,700,212.666666667,312.333333333
tomo_sample_2_051_rec,recon_02007.tiff,2007,100,10445824,2241731,8204093,82040,-0.00335696176626,-0.00260594245212,-0.00174098405836,-0.000296120282437,-0.000119187788005,-2.29437273447e-05,0.00031781574944,0.000389786946471,0.000484866699844,0.00070684770646,0.00135107930703,0.00184603137711,0.00226961867884,-0.000296120282437,0.00070684770646,-5.03271404212e-05,0.000368568021351,250,678,215.666666667,316.666666667
tomo_sample_2_051_rec,recon_02008.tiff,2008,100,10445824,2241731,8204093,82040,-0.00287688476965,-0.00240790595496,-0.00156107327179,-0.000282666549901,-0.000119526627896,-2.13271450775e-05,0.000318405684084,0.000390236324165,0.000485077947087,0.000701967136119,0.00125024529279,0.00190453347017,0.00232269917615,-0.000282666549901,0.000701967136119,-6.02683247655e-05,0.000367917886847,231,676,211.666666667,313.333333333
tomo_sample_2_051_rec,recon_02009.tiff,2009,100,10445824,2241731,8204093,82040,-0.00326326536015,-0.00256725992842,-0.00155767749518,-0.000287284937513,-0.000120392545432,-2.37512685999e-05,0.000317627913319,0.000390550645534,0.000485388012021,0.000696543980739,0.0012890996784,0.00205453490543,0.00261038332246,-0.000287284937513,0.000696543980739,-6.20643363536e-05,0.00037212854255,234,686,211.666666667,306
tomo_sample_2_051_rec,recon_02100.tiff,2100,100,10445824,2241731,8204093,82040,-0.00330473808572,-0.00270855273495,-0.00145542199793,-0.000268473269243,-0.000119414944129,-2.22864218813e-05,0.000318709207932,0.000389759276004,0.000482150692551,0.000681786190253,0.00122572477499,0.0018561561504,0.00337443989702,-0.000268473269243,0.000681786190253,-5.13756898196e-05,0.000364414378585,233,681,198,308.666666667
tomo_sample_2_051_rec,recon_02101.tiff,2101,100,10445824,2241731,8204093,82040,-0.00332804303616,-0.00268380844472,-0.00151952582959,-0.00026531726151,-0.000118062551701,-2.20101865125e-05,0.0003187971015,0.000391324196244,0.00048171349772,0.000673635647399,0.00124326431006,0.00199695492284,0.00714842882007,-0.00026531726151,0.000673635647399,-6.25193269198e-05,0.000368224640823,221,690,202,296.333333333
tomo_sample_2_051_rec,recon_02102.tiff,2102,100,10445824,2241731,8204093,82040,-0.0033183558844,-0.00254936939536,-0.0015212789888,-0.000252558747889,-0.000117825230336,-2.29327101806e-05,0.00031932463753,0.00039090601058,0.000481607364782,0.000665216650232,0.00116541475512,0.00187818461773,0.00393479317427,-0.000252558747889,0.000665216650232,-4.86252569181e-05,0.000371749601542,227,696,196,287.333333333
tomo_sample_2_051_rec,recon_02103.tiff,2103,100,10445824,2241731,8204093,82040,-0.00301902880892,-0.00248774823667,-0.00144835326844,-0.000245720233652,-0.000118234664478,-2.48380488301e-05,0.000318368489388,0.000390073430026,0.000481742860575,0.000672507613781,0.00124800183973,0.00206347198621,0.00521389488131,-0.000245720233652,0.000672507613781,-5.35804044261e-05,0.000377609037266,214,695,198.666666667,288
tomo_sample_2_051_rec,recon_02104.tiff,2104,100,10445824,2241731,8204093,82040,-0.00331158889458,-0.00257275671051,-0.00154048342409,-0.000270987942931,-0.000118753346032,-2.44203097282e-05,0.000320324281347,0.000390216788219,0.000480628546211,0.000689067409839,0.00130137182982,0.00188397637133,0.0082427430898,-0.000270987942931,0.000689067409839,-5.80992482062e-05,0.00037204392326,227,685,213.333333333,310
tomo_sample_2_051_rec,recon_02105.tiff,2105,100,10445824,2241732,8204092,82040,-0.00342658953741,-0.00251386418513,-0.00149267124978,-0.00024952314212,-0.000117794325342,-2.32747424889e-05,0.000321215789882,0.000390974731999,0.000480322272051,0.000669355788268,0.00123315814522,0.00200808587694,0.00564466789365,-0.00024952314212,0.000669355788268,-4.97522223175e-05,0.00036866440533,222,688,193.666666667,312.333333333
tomo_sample_2_051_rec,recon_02106.tiff,2106,100,10445824,2241732,8204092,82040,-0.00346822571009,-0.00263623242017,-0.00155388722988,-0.000261247531162,-0.000116624043585,-2.47380580731e-05,0.000320177612593,0.000390355206036,0.000480398627406,0.000682575780083,0.00126055264962,0.00192637344934,0.00544358650222,-0.000261247531162,0.000682575780083,-5.01776695648e-05,0.000381420836173,228,697,212.666666667,304.333333333
tomo_sample_2_051_rec,recon_02107.tiff,2107,100,10445824,2241731,8204093,82040,-0.00316014466807,-0.0024853399103,-0.00155040052405,-0.000271399171615,-0.000117736702668,-2.34839294535e-05,0.000321831757901,0.0003916984424,0.000481055289856,0.000684600663371,0.0012650690194,0.00188075552921,0.00249354052357,-0.000271399171615,0.000684600663371,-3.8502406778e-05,0.000372417340521,249,689,201.666666667,309.666666667
tomo_sample_2_051_rec,recon_02108.tiff,2108,100,10445824,2241731,8204093,82040,-0.00290306308307,-0.00252890218601,-0.00150894934742,-0.000263243543159,-0.000116366857401,-2.31002150031e-05,0.000322936466546,0.00039253153227,0.000481845368631,0.000675260166172,0.00126624049619,0.00184985915076,0.00518646277487,-0.000263243543159,0.000675260166172,-6.53631734861e-05,0.000372702068742,215,693,202.666666667,304.333333333
tomo_sample_2_051_rec,recon_02109.tiff,2109,100,10445824,2241731,8204093,82040,-0.00329292193055,-0.00267179245055,-0.00159477399045,-0.000254827937169,-0.000117231185141,-2.42344844992e-05,0.000322014908306,0.000391234148992,0.000480664909992,0.000675557755749,0.00124650757061,0.00189711267528,0.00451826350763,-0.000254827937169,0.000675557755749,-5.37289462522e-05,0.000384310941317,221,703,205,313.333333333
tomo_sample_2_051_rec,recon_02200.tiff,2200,100,10445824,2241731,8204093,82040,-0.00279474374838,-0.00243718908853,-0.00151657379454,-0.000257620482298,-0.000117488606338,-2.22668795686e-05,0.000321169107337,0.000391774810851,0.000484061156749,0.000686739536468,0.00121644733672,0.00167831971506,0.0025236341171,-0.000257620482298,0.000686739536468,-4.42077927607e-05,0.000366803765136,231,677,196,303
tomo_sample_2_051_rec,recon_02201.tiff,2201,100,10445824,2241731,8204093,82040,-0.00346444919705,-0.00250414327006,-0.00161744375445,-0.000279251584725,-0.000119450330021,-2.38967422774e-05,0.000320095132338,0.000391607820347,0.000485143945843,0.000672681727447,0.00114432752028,0.00164516250462,0.00204054149799,-0.000279251584725,0.000672681727447,-3.45651900822e-05,0.000377107159576,263,706,203.666666667,299.333333333
tomo_sample_2_051_rec,recon_02202.tiff,2202,100,10445824,2241731,8204093,82040,-0.00333694368601,-0.00229966717691,-0.00151974287967,-0.000282096320589,-0.000118930336612,-2.32363813666e-05,0.000319476122968,0.000390736473491,0.000484038636205,0.000681258078548,0.00118135137053,0.00154469227237,0.00205056299455,-0.000282096320589,0.000681258078548,-6.27074085977e-05,0.000369271317202,233,692,201.666666667,311.666666667
tomo_sample_2_051_rec,recon_02203.tiff,2203,100,10445824,2241731,8204093,82040,-0.00319622061215,-0.00225152578992,-0.00147590367461,-0.000271518030204,-0.000120389915901,-2.50860225606e-05,0.000318626654916,0.000391558322008,0.000486525284941,0.000701173433918,0.00122595173749,0.00183124055169,0.00261813285761,-0.000271518030204,0.000701173433918,-5.82302910384e-05,0.000386967030611,224,693,211.333333333,300.666666667
tomo_sample_2_051_rec,recon_02204.tiff,2204,100,10445824,2241731,8204093,82040,-0.00331885786727,-0.00243169682377,-0.00147643906705,-0.000282592643925,-0.000118633290185,-2.29200336435e-05,0.000318796170177,0.000392264999391,0.000487336827791,0.000707130795927,0.00122749022976,0.00180012857103,0.00255279592238,-0.000282592643925,0.000707130795927,-6.28911044755e-05,0.00037093620474,227,676,202.666666667,302.666666667
tomo_sample_2_051_rec,recon_02205.tiff,2205,100,10445824,2241731,8204093,82040,-0.00322276889347,-0.0024395810643,-0.00152181605657,-0.000273412452952,-0.000118176531396,-2.08261708394e-05,0.000319376005791,0.000391859524825,0.000485051247233,0.000693505355157,0.00125662989356,0.00190285622002,0.00234742811881,-0.000273412452952,0.000693505355157,-4.5070109565e-05,0.000366685995783,241,677,207,301.333333333
tomo_sample_2_051_rec,recon_02206.tiff,2206,100,10445824,2241731,8204093,82040,-0.00313947210088,-0.0025600255491,-0.00159999399155,-0.000278091871878,-0.000120753942247,-2.3703059469e-05,0.000318505743053,0.000391021749238,0.000485111480521,0.000696271698107,0.0012277811456,0.0016519686228,0.00218265107833,-0.000278091871878,0.000696271698107,-4.78223563152e-05,0.000372276780548,241,683,201,309.666666667
tomo_sample_2_051_rec,recon_02207.tiff,2207,100,10445824,2241731,8204093,82040,-0.0030925727915,-0.00255881642627,-0.00157830875262,-0.000299322378414,-0.00012071158817,-2.16947400986e-05,0.000319341939758,0.000392206362449,0.0004894090991,0.000690378583968,0.00123724841373,0.0018584163454,0.003296619514,-0.000299322378414,0.000690378583968,-5.91459241643e-05,0.000362178889187,248,684,196.666666667,303.333333333
tomo_sample_2_051_rec,recon_02208.tiff,2208,100,10445824,2241731,8204093,82040,-0.00298060872592,-0.00256844647673,-0.00158637852187,-0.000306606068916,-0.000121756775843,-2.23377442126e-05,0.000317737823934,0.000390799876186,0.000485163436679,0.000673856365029,0.00120447820518,0.00178037682701,0.00255034002475,-0.000306606068916,0.000673856365029,-4.58090191578e-05,0.000372249268649,272,708,208.333333333,303
tomo_sample_2_051_rec,recon_02209.tiff,2209,100,10445824,2241731,8204093,82040,-0.00327878375538,-0.00254610273144,-0.00155700400216,-0.000310912198329,-0.000122679488413,-2.32917650465e-05,0.000316209305311,0.000390655914089,0.000484102612245,0.000666238318081,0.00117881518067,0.00159634882214,0.00242712395266,-0.000310912198329,0.000666238318081,-5.01297014131e-05,0.000369971149974,273,713,201,301.333333333
tomo_sample_2_051_rec,recon_02300.tiff,2300,100,10445824,2241732,8204092,82040,-0.00314673199318,-0.00237559121777,-0.00154235073656,-0.000279498491436,-0.000121856927217,-2.20126030399e-05,0.000318996928399,0.000391594556277,0.000488134143234,0.000677287197323,0.00117423791287,0.00156330127951,0.00264318869449,-0.000279498491436,0.000677287197323,-5.56471522205e-05,0.000356231247438,239,680,192.333333333,297
tomo_sample_2_051_rec,recon_02301.tiff,2301,100,10445824,2241731,8204093,82040,-0.00365523272194,-0.0024945047983,-0.00139085744577,-0.000241644127818,-0.00012035668442,-2.22379512707e-05,0.000318275589962,0.000391616813431,0.000485968716384,0.000676617518184,0.00118708132184,0.00170317587798,0.00200683134608,-0.000241644127818,0.000676617518184,-5.71195152716e-05,0.000367863076514,205,679,189.333333333,278.333333333
tomo_sample_2_051_rec,recon_02302.tiff,2302,100,10445824,2241731,8204093,82040,-0.00283634546213,-0.00255305584227,-0.00159995927743,-0.000269351025345,-0.000120890624021,-2.08132469197e-05,0.000318151665851,0.000391429319279,0.000486872608599,0.000670060504344,0.0012228659105,0.00174608487821,0.00210537691601,-0.000269351025345,0.000670060504344,-5.60683710395e-05,0.000370462221117,232,697,197.333333333,297.333333333
tomo_sample_2_051_rec,recon_02303.tiff,2303,100,10445824,2241731,8204093,82040,-0.00309324543923,-0.00256392152109,-0.00160735733935,-0.000297417457041,-0.000122675208695,-2.29396018767e-05,0.000318385253195,0.000391930625483,0.000487503485056,0.000681813101983,0.00123875060608,0.00182712121791,0.0022251282353,-0.000297417457041,0.000681813101983,-5.41311715803e-05,0.00036369451476,254,691,199.666666667,310.333333333
tomo_sample_2_051_rec,recon_02304.tiff,2304,100,10445824,2241731,8204093,82040,-0.00309111666866,-0.00254995426314,-0.00152073236089,-0.000263848289615,-0.000120218019583,-2.19936541725e-05,0.00031810082146,0.000391474000935,0.000485679697886,0.000670468826429,0.00117470248719,0.00180096926229,0.00262508867308,-0.000263848289615,0.000670468826429,-5.51134212211e-05,0.000379626127298,228,705,194,291.666666667
tomo_sample_2_051_rec,recon_02305.tiff,2305,100,10445824,2241731,8204093,82040,-0.00286537618376,-0.00266066920564,-0.001556573782,-0.000258548118582,-0.000120502270875,-2.12917343561e-05,0.000319677666994,0.000392345624277,0.000485776510322,0.000681378220324,0.00118857827375,0.00172376194409,0.00259568239562,-0.000258548118582,0.000681378220324,-4.70712487335e-05,0.000363982614392,230,678,194.666666667,295.333333333
tomo_sample_2_051_rec,recon_02306.tiff,2306,100,10445824,2241731,8204093,82040,-0.00308896345086,-0.00243372320819,-0.00152749772684,-0.000257519965526,-0.000119707761769,-2.17825263462e-05,0.000318569364026,0.000391844150727,0.000488064929959,0.000683294240152,0.0011706070439,0.00160086718329,0.0022411136888,-0.000257519965526,0.000683294240152,-5.84435221018e-05,0.000357424380707,216,669,200.666666667,292
tomo_sample_2_051_rec,recon_02307.tiff,2307,100,10445824,2241731,8204093,82040,-0.00284138089046,-0.00231449097032,-0.00151007495646,-0.000236614596797,-0.000119415502922,-2.01874922823e-05,0.000320174047374,0.000391977744584,0.000487086681824,0.000669650330092,0.00122649954283,0.00173353510601,0.00221553631127,-0.000236614596797,0.000669650330092,-5.02678046471e-05,0.000365819415059,210,680,185.666666667,284.666666667
tomo_sample_2_051_rec,recon_02308.tiff,2308,100,10445824,2241731,8204093,82040,-0.00333869620226,-0.00236403162796,-0.00142461184144,-0.000249879914045,-0.00012026544573,-1.99248283934e-05,0.000320853345329,0.000392346708395,0.000486137626285,0.000677456762642,0.00124707892595,0.00182174288625,0.00289919530042,-0.000249879914045,0.000677456762642,-5.59372918683e-05,0.000376293712151,214,691,194.666666667,296.666666667
tomo_sample_2_051_rec,recon_02309.tiff,2309,100,10445824,2241731,8204093,82040,-0.00330986711197,-0.00255074408394,-0.00141331549094,-0.000250895086501,-0.000120637929649,-2.20270007958e-05,0.000319228638546,0.000391541288991,0.000487394780794,0.000677738097147,0.00121036086709,0.00163937378515,0.00219240877777,-0.000250895086501,0.000677738097147,-6.43736063412e-05,0.000351788686796,205,664,191.333333333,287.666666667
tomo_sample_2_051_rec,recon_02400.tiff,2400,100,10445824,2241732,8204092,82040,-0.00308482791297,-0.00238853651159,-0.00142503016139,-0.000246063376835,-0.000120360933943,-2.30792397815e-05,0.000319336424582,0.000392912312236,0.000488792132819,0.000685521026026,0.00118046195142,0.00183743205967,0.00222418038175,-0.000246063376835,0.000685521026026,-5.54867238326e-05,0.000362926063604,209,669,198.666666667,288.666666667
tomo_sample_2_051_rec,recon_02401.tiff,2401,100,10445824,2241731,8204093,82040,-0.00270919082686,-0.00245197852962,-0.00154961393308,-0.000252470834821,-0.000121023253087,-2.41366824412e-05,0.000318615959259,0.0003923835975,0.000487394083757,0.00067737817124,0.00114527338708,0.00154803253287,0.00246335961856,-0.000252470834821,0.00067737817124,-5.9292801219e-05,0.000359853804839,212,674,196.333333333,289.666666667
tomo_sample_2_051_rec,recon_02402.tiff,2402,100,10445824,2241731,8204093,82040,-0.00300636095926,-0.00255944589453,-0.00151781267952,-0.000290669873939,-0.000121647620836,-2.34924159486e-05,0.000319121405482,0.000392256813939,0.000486362083757,0.000682381888619,0.00118462085305,0.00158648650105,0.00194703356829,-0.000290669873939,0.000682381888619,-5.67137530643e-05,0.00037761212492,246,703,194.333333333,308
tomo_sample_2_051_rec,recon_02403.tiff,2403,100,10445824,2241731,8204093,82040,-0.0031559036579,-0.00239842739743,-0.00142855848512,-0.000278522246226,-0.000122202828788,-2.4949442377e-05,0.00031870570092,0.000392058675061,0.000485196329828,0.000664687938988,0.00117227947677,0.00161079681902,0.00202349759638,-0.000278522246226,0.000664687938988,-5.60232355897e-05,0.000365048901719,241,698,201,292.333333333
tomo_sample_2_051_rec,recon_02404.tiff,2404,100,10445824,2241731,8204093,82040,-0.00341937760822,-0.00242154470377,-0.00146896022244,-0.000281605346536,-0.00012083520669,-2.29891506933e-05,0.000319389582728,0.000392129528336,0.000486045403522,0.000675397309242,0.00115061080514,0.00159800421816,0.00244783028029,-0.000281605346536,0.000675397309242,-4.46105482266e-05,0.000363759725667,253,690,197.666666667,308.666666667
tomo_sample_2_051_rec,recon_02405.tiff,2405,100,10445824,2241731,8204093,82040,-0.00273372326046,-0.00224442264338,-0.00139907097642,-0.000266341599054,-0.000120431360847,-2.25827270697e-05,0.000320423045196,0.000393712551158,0.00048741686187,0.000671134834993,0.00113961314759,0.00152495536429,0.00186506914906,-0.000266341599054,0.000671134834993,-6.00158337069e-05,0.00036317952288,225,687,189.666666667,300.666666667
tomo_sample_2_051_rec,recon_02406.tiff,2406,100,10445824,2241732,8204092,82040,-0.00315740145743,-0.0026116334537,-0.00142920925724,-0.000245255452464,-0.00011988803235,-2.30380696848e-05,0.000318196776789,0.000392334914068,0.000484356237575,0.000666135805659,0.00114454329305,0.0016582202805,0.00265982095152,-0.000245255452464,0.000666135805659,-4.70618368062e-05,0.00036375198021,222,684,192.333333333,279
tomo_sample_2_051_rec,recon_02407.tiff,2407,100,10445824,2241731,8204093,82040,-0.00346680707298,-0.00238631552083,-0.00141105363599,-0.000260984002671,-0.000120356825209,-2.22333515012e-05,0.000320465987897,0.000392286267015,0.0004861248206,0.000679226366919,0.00122541419102,0.00175805521314,0.00213942234404,-0.000260984002671,0.000679226366919,-4.46096966334e-05,0.000388864710277,235,707,202.333333333,291.666666667
tomo_sample_2_051_rec,recon_02408.tiff,2408,100,10445824,2241731,8204093,82040,-0.00320160668343,-0.00241159123401,-0.00154599071806,-0.000259473122424,-0.000120705711743,-2.28634617088e-05,0.000321030136547,0.000393004651414,0.000488366343779,0.000680650933646,0.00120511669025,0.0017940450734,0.00210351753049,-0.000259473122424,0.000680650933646,-5.30463468065e-05,0.000372667083847,224,688,189.333333333,295
tomo_sample_2_051_rec,recon_02409.tiff,2409,100,10445824,2241731,8204093,82040,-0.00322031928226,-0.00232984901029,-0.0013986866409,-0.000281132775999,-0.000121357684839,-2.41074421865e-05,0.000319091617712,0.000392444846511,0.000486966085737,0.000684209887986,0.00118826634204,0.00157548901576,0.00187964586075,-0.000281132775999,0.000684209887986,-5.43710121301e-05,0.00037648778624,240,697,204.666666667,305
