folder,filename,image_index,air_rows,air_cols,metal_rows,metal_cols,air_n_pixels,air_min,air_max,air_mean,air_std,air_p0_01,air_p0_1,air_p1_0,air_p5_0,air_p25_0,air_p50_0,air_p75_0,air_p95_0,air_p99_0,air_p99_9,air_p99_99,metal_n_pixels,metal_min,metal_max,metal_mean,metal_std,metal_p0_01,metal_p0_1,metal_p1_0,metal_p5_0,metal_p25_0,metal_p50_0,metal_p75_0,metal_p95_0,metal_p99_0,metal_p99_9,metal_p99_99
tomo_sample_2_051_rec,recon_00000.tiff,0,250:350,740:840,600:1200,1400:1600,10000,-0.000260244414676,0.000116389921459,-5.79488227711e-05,5.29916635798e-05,-0.000251581274476,-0.000226949953198,-0.00018322176431,-0.00014429552175,-9.39839392231e-05,-5.76890270167e-05,-2.21152022277e-05,2.89479309686e-05,6.33438209479e-05,9.1342402302e-05,0.000111052339827,120000,-0.0031890803948,0.00169589405414,0.000370847935114,9.03597177438e-05,-0.00206365692446,-0.000395831189584,0.000203933662997,0.000261763465824,0.000327610825479,0.000371499641915,0.000415779191826,0.00048151510855,0.000542270805454,0.000864088686882,0.0014486982779
tomo_sample_2_051_rec,recon_00001.tiff,1,250:350,740:840,600:1200,1400:1600,10000,-0.000259826076217,0.000138333620271,-5.67939642197e-05,5.37555446049e-05,-0.000252496631184,-0.000225033422816,-0.000183288779372,-0.000143290874985,-9.2897869763e-05,-5.80699925194e-05,-2.08266164918e-05,3.33342484737e-05,6.86691478768e-05,0.00010131780243,0.000117265077954,120000,-0.0025728601031,0.00137004849967,0.000369661183048,9.51522151847e-05,-0.00188459930348,-0.000733347732632,0.000209243426216,0.000262388891133,0.000327152876707,0.000371063375496,0.000414869500673,0.000480672049162,0.000538424487459,0.000831554617442,0.00113182891043
tomo_sample_2_051_rec,recon_00002.tiff,2,250:350,740:840,600:1200,1400:1600,10000,-0.000270869728411,0.000139007155667,-5.7670493572e-05,5.39584100875e-05,-0.000265425877494,-0.000225008505149,-0.000184788987099,-0.000148346898641,-9.42458664213e-05,-5.6950850194e-05,-2.0765946374e-05,2.90927885544e-05,6.81964156684e-05,0.000105632877632,0.000127455603646,120000,-0.00287127541378,0.00110289477743,0.000368199122581,0.000102149072182,-0.00189440133693,-0.00113825730991,0.000198942837305,0.000261429348029,0.000327173744154,0.000371112328139,0.000414638350776,0.000480085395975,0.000535103848088,0.00080021083157,0.00101073919663
tomo_sample_2_051_rec,recon_00003.tiff,3,250:350,740:840,600:1200,1400:1600,10000,-0.000257657491602,0.000128457177198,-6.05308311555e-05,5.29967451239e-05,-0.00025377560347,-0.000222211365763,-0.000183755887556,-0.000148617840023,-9.54708157224e-05,-6.00222247158e-05,-2.45800711127e-05,2.55964468124e-05,6.34773598722e-05,0.000102426434816,0.000120849221809,120000,-0.00277530378662,0.00105255970266,0.00036653156813,0.000108352882518,-0.00219906179234,-0.00126874412654,0.00018944883006,0.000259678476141,0.00032676506089,0.000370591427782,0.00041421669448,0.000479690116481,0.000535981770954,0.000743650331628,0.000933378577995
tomo_sample_2_051_rec,recon_00004.tiff,4,250:350,740:840,600:1200,1400:1600,10000,-0.000247143645538,0.000137993178214,-5.99909464692e-05,5.31790746595e-05,-0.000241268693592,-0.000222009682984,-0.000182985531574,-0.000146121844591,-9.61092155194e-05,-5.97840535193e-05,-2.41529687628e-05,2.78052520116e-05,6.34547288064e-05,0.000108699940254,0.000132422272681,120000,-0.00323088886216,0.00133835675661,0.000367388561332,0.000112166388128,-0.0024914257966,-0.00124687893828,0.00019491177809,0.000261879857862,0.000326991757902,0.000370951529476,0.000415205904574,0.000481550024415,0.000539563880884,0.000787455373909,0.00106156179465
tomo_sample_2_051_rec,recon_00005.tiff,5,250:350,740:840,600:1200,1400:1600,10000,-0.000253907492151,0.000129834981635,-5.95218472192e-05,5.33129249857e-05,-0.000253475314387,-0.000225962271215,-0.000187585664244,-0.00014744443688,-9.50396424741e-05,-5.89913197473e-05,-2.26370666496e-05,2.62234762886e-05,6.49050345237e-05,0.00010517334404,0.000124829245071,120000,-0.00291872769594,0.00138007954229,0.000368316123126,0.000109444739886,-0.00219164230041,-0.00116877393168,0.000194681471621,0.00026152972714,0.000327696099703,0.000371199537767,0.000414914145949,0.000481699823285,0.000548336293432,0.000877433085348,0.00124843335398
tomo_sample_2_051_rec,recon_00006.tiff,6,250:350,740:840,600:1200,1400:1600,10000,-0.000262634042883,0.000135158654302,-5.76196998319e-05,5.34166453609e-05,-0.000258517455831,-0.000227259361258,-0.000181104338553,-0.000145866545063,-9.32024304348e-05,-5.73341967538e-05,-2.12547638512e-05,2.95054287562e-05,6.58757428027e-05,0.000102483209666,0.00012894540416,120000,-0.00287417694926,0.00157597125508,0.000368131466632,0.000109523227231,-0.00189836290753,-0.00108691006131,0.00019146763414,0.000260077940766,0.000327046342136,0.000371197500499,0.000414900059695,0.000482765251945,0.000551987366052,0.000913130832312,0.00146147315584
tomo_sample_2_051_rec,recon_00007.tiff,7,250:350,740:840,600:1200,1400:1600,10000,-0.000269391166512,0.000142637552926,-5.79910685754e-05,5.32092072561e-05,-0.0002514920054,-0.000225872507261,-0.000183667501115,-0.000145973851613,-9.3370103059e-05,-5.7913854107e-05,-2.19180865315e-05,2.91112512059e-05,6.65277110966e-05,0.000102648104854,0.00011840883257,120000,-0.00294341961853,0.00147945969366,0.000366149239342,0.000119716695994,-0.002459439877,-0.00119211509405,0.000185459205386,0.00025909509568,0.000325884051563,0.000369499321096,0.000414031048422,0.000482545865816,0.000553659392172,0.000889543805213,0.00140049808617
tomo_sample_2_051_rec,recon_00008.tiff,8,250:350,740:840,600:1200,1400:1600,10000,-0.000233539074543,0.000190077786101,-5.74602359024e-05,5.13313828224e-05,-0.000231301679404,-0.000205738157863,-0.000176784718788,-0.000140212285623,-9.27484670683e-05,-5.75076028326e-05,-2.32718248299e-05,2.75109692666e-05,6.52206793893e-05,0.000106439990508,0.000174886218244,120000,-0.0029320907779,0.00145682599396,0.000365353021976,0.000121412232946,-0.00242639442349,-0.00119468394469,0.000170528984163,0.000257388286991,0.000325642344251,0.000369829926058,0.000414417030697,0.000482156153885,0.000548044691095,0.000924979607225,0.00136955965424
tomo_sample_2_051_rec,recon_00009.tiff,9,250:350,740:840,600:1200,1400:1600,10000,-0.000272611709079,0.000134114001412,-5.91623784692e-05,5.24154443891e-05,-0.00026449988581,-0.000226078359468,-0.000184524032666,-0.000146038208186,-9.30713613343e-05,-5.99478880758e-05,-2.38123207055e-05,2.67528469521e-05,6.13506748778e-05,9.58341627556e-05,0.000110056110732,120000,-0.00274702999741,0.00145431281999,0.000366002179107,0.00011918386329,-0.00207343316141,-0.00119667745894,0.000175443465414,0.000257722493552,0.000326308036165,0.000370702342479,0.000415036600316,0.000482019667106,0.000546990815201,0.000892347142857,0.00134030662237
tomo_sample_2_051_rec,recon_00100.tiff,100,250:350,740:840,600:1200,1400:1600,10000,-0.000267691939371,0.000145718600834,-5.48336826516e-05,5.49291052653e-05,-0.000241613964672,-0.000227206508032,-0.000182445311366,-0.000145563318074,-9.2157830295e-05,-5.50187814952e-05,-1.69029476638e-05,3.43428471751e-05,6.97185911849e-05,0.000107101820402,0.000136790060243,120000,-0.00332803581841,0.00152883329429,0.000351015973658,0.000195934112729,-0.00272497271225,-0.00158658035682,-0.000555776339606,0.000102566942223,0.000319276841765,0.000370601454051,0.000420033640694,0.000506340889842,0.000808387129218,0.00115527496394,0.0013599459791
tomo_sample_2_051_rec,recon_00101.tiff,101,250:350,740:840,600:1200,1400:1600,10000,-0.00026066286955,0.000154167864821,-5.55064623082e-05,5.44757462225e-05,-0.000251941643914,-0.000226379666361,-0.000184321577544,-0.000145577576768,-9.21980408748e-05,-5.55898568564e-05,-1.8527620341e-05,3.47786610291e-05,7.12415908492e-05,0.000108541451518,0.000144907719246,120000,-0.00271965097636,0.0017915564822,0.000353309856301,0.000184277529783,-0.00239857180517,-0.00119893575006,-0.000487236068002,0.000144653624011,0.000320201092109,0.00036994634138,0.000418609371991,0.00050362815964,0.000812258592341,0.00117556401086,0.00158500774864
tomo_sample_2_051_rec,recon_00102.tiff,102,250:350,740:840,600:1200,1400:1600,10000,-0.000266769377049,0.000133120498504,-5.5077699095e-05,5.248724514e-05,-0.000219970106763,-0.000202449659104,-0.000170629575441,-0.000141968829121,-9.06217137526e-05,-5.50574422959e-05,-1.97110798581e-05,3.06710842779e-05,7.10356518539e-05,0.000109319726391,0.000127463119586,120000,-0.00283775455318,0.00166514294688,0.000354816914575,0.000184784662392,-0.00227679041161,-0.00118549573794,-0.000481271294702,0.000163371527742,0.000320792940329,0.000370888068574,0.000420129254053,0.000506602044334,0.000814781148219,0.00125945706095,0.00153988100264
tomo_sample_2_051_rec,recon_00103.tiff,103,250:350,740:840,600:1200,1400:1600,10000,-0.000267891999101,0.000136353322887,-5.69743479743e-05,5.67887178329e-05,-0.000261705114393,-0.000225448277415,-0.000187051938847,-0.0001513505209,-9.62490248639e-05,-5.67441547901e-05,-1.803260011e-05,3.55753420081e-05,7.45311236824e-05,0.000112239234157,0.000128913847276,120000,-0.0026705074124,0.00154658651445,0.000356289030119,0.000180116842153,-0.00226834784127,-0.00114437886828,-0.000460074676084,0.000187724662101,0.000321701350913,0.000371346104657,0.000420492906414,0.000505104291369,0.00081189532706,0.00120013139118,0.00151051186336
tomo_sample_2_051_rec,recon_00104.tiff,104,250:350,740:840,600:1200,1400:1600,10000,-0.000275294354651,0.000125178543385,-5.81012642917e-05,5.5300815369e-05,-0.000263976977734,-0.000232716049271,-0.000187317798118,-0.000150308969751,-9.56841668085e-05,-5.76155925955e-05,-1.92019565475e-05,2.98191766888e-05,6.57157826208e-05,0.0001084017303,0.000124328345455,120000,-0.00311381439678,0.00206419150345,0.000358493288592,0.000182765664635,-0.00245936470213,-0.00115114865487,-0.000447936973069,0.000197722180019,0.000323167725583,0.000372579699615,0.000421110155003,0.000504967116285,0.000825988433789,0.00135135090724,0.00185444713826
tomo_sample_2_051_rec,recon_00105.tiff,105,250:350,740:840,600:1200,1400:1600,10000,-0.000281010463368,0.000175106673851,-5.66649972926e-05,5.52741489352e-05,-0.000266430000283,-0.000240326635278,-0.000188207736501,-0.000148265000462,-9.34427898756e-05,-5.57501862204e-05,-1.82188100553e-05,3.25797531332e-05,6.79942446732e-05,0.000105628301848,0.00014755470845,120000,-0.0031758279074,0.00216798274778,0.000357603442739,0.000185359783085,-0.00256507175968,-0.00132910116517,-0.00047650031891,0.000191914560128,0.000324095781252,0.000373215923901,0.000422336852353,0.000506589259021,0.000792393255397,0.00121923296363,0.00192894711337
tomo_sample_2_051_rec,recon_00106.tiff,106,250:350,740:840,600:1200,1400:1600,10000,-0.000290773634333,0.000167970021721,-5.51395962729e-05,5.57131744036e-05,-0.000271652089074,-0.000229103292149,-0.00019014221034,-0.000149820411025,-9.08752335818e-05,-5.41863882972e-05,-1.71138885889e-05,3.45724612998e-05,6.90877192392e-05,0.000119401411524,0.000164212540022,120000,-0.00292667909525,0.00190508703236,0.00035476739089,0.000192041614067,-0.00231230814152,-0.0015545963255,-0.000526279459009,0.000192285089724,0.000322748186591,0.000372440597857,0.000420986136305,0.000504041896784,0.000787277825293,0.00123154160823,0.00157872193506
tomo_sample_2_051_rec,recon_00107.tiff,107,250:350,740:840,600:1200,1400:1600,10000,-0.000256124127191,0.000215894513531,-5.33978632898e-05,5.37457652537e-05,-0.000250339358996,-0.000219381646792,-0.000182743796904,-0.000141801947757,-8.90466290002e-05,-5.3529998695e-05,-1.76709281732e-05,3.46032476955e-05,7.43983483699e-05,0.000129981440114,0.000187121546276,120000,-0.00320936529897,0.00170041364618,0.000352608032362,0.000200167203945,-0.00250685534948,-0.00175618014613,-0.000544486037688,0.00018630749546,0.000320903658576,0.000371601519873,0.000420172807935,0.000504594855011,0.000777839027578,0.00121344055573,0.00148126665809
tomo_sample_2_051_rec,recon_00108.tiff,108,250:350,740:840,600:1200,1400:1600,10000,-0.000306720030494,0.00012341751426,-5.4989434159e-05,5.44446746433e-05,-0.000276448060296,-0.000230151708864,-0.00018556315219,-0.000144542112685,-9.15390210139e-05,-5.46252340428e-05,-1.79461167136e-05,3.43993362549e-05,7.0185874938e-05,0.000101067843978,0.000117783117794,120000,-0.00309634534642,0.001677229302,0.000351828740819,0.000197452270441,-0.00255676153053,-0.001605529933,-0.000561667073634,0.000182650253555,0.000320106191793,0.000370024630683,0.000419549025537,0.000505462253932,0.000781207013642,0.00120559101307,0.00144943353423
tomo_sample_2_051_rec,recon_00109.tiff,109,250:350,740:840,600:1200,1400:1600,10000,-0.000268648989731,0.000125770660816,-5.44996904342e-05,5.44426927009e-05,-0.000244998526483,-0.00022913337333,-0.000184810802893,-0.000145045892714,-9.07452813408e-05,-5.4717726016e-05,-1.74467736542e-05,3.43008810887e-05,7.2227952769e-05,0.000114687298352,0.000124571819312,120000,-0.0031653479673,0.00172592781018,0.000353229951823,0.000195898394955,-0.00262770561394,-0.00151527224306,-0.0005558590492,0.000179669514182,0.000320571874909,0.000371101195924,0.000420481977926,0.000508888921468,0.000775393451913,0.00122801336774,0.00153682127085
tomo_sample_2_051_rec,recon_00200.tiff,200,250:350,740:840,600:1200,1400:1600,10000,-0.00022176920902,0.000117528630653,-5.53771160002e-05,4.59841470888e-05,-0.00020424489686,-0.000201643649212,-0.000165368168819,-0.00013043056897,-8.63610875967e-05,-5.58811207156e-05,-2.42038727265e-05,1.98146132789e-05,5.44434437325e-05,9.31310659726e-05,0.000115155021383,120000,-0.00338728027418,0.00155031238683,0.000371021681628,0.000124238198918,-0.00298367313452,-0.00168839216628,0.000203030521516,0.000275231804699,0.000336709927069,0.000375928444555,0.000415315502323,0.000475585985987,0.000537177301594,0.000776483142225,0.00124591539509
tomo_sample_2_051_rec,recon_00201.tiff,201,250:350,740:840,600:1200,1400:1600,10000,-0.000253096135566,0.000125780410599,-5.71679239868e-05,4.723577219e-05,-0.00023466262336,-0.000200858572745,-0.00016659083878,-0.000133529508457,-8.87856913323e-05,-5.78653853154e-05,-2.56102466665e-05,2.20196234295e-05,5.39310271415e-05,9.01669642626e-05,0.000116074184296,120000,-0.00346181821078,0.0017795736203,0.00037340340982,0.000119448087577,-0.00257898353501,-0.00145341532526,0.000199736628274,0.000277170770278,0.000338662473951,0.000378029420972,0.000417319199187,0.0004796915935,0.000549015445868,0.000782080047298,0.00130989261806
tomo_sample_2_051_rec,recon_00202.tiff,202,250:350,740:840,600:1200,1400:1600,10000,-0.000222275193664,0.000107131847471,-5.92732633784e-05,4.52575513012e-05,-0.000218977957567,-0.000189496111285,-0.000163269597106,-0.000134459653054,-9.03883083083e-05,-5.94876637479e-05,-2.8589667636e-05,1.51050623117e-05,4.61546095175e-05,7.22954572993e-05,0.000102830134916,120000,-0.00351205817424,0.00150291796308,0.000374609331819,0.000107597813993,-0.00210601676633,-0.00125924259191,0.000214961660822,0.000279578783375,0.000338618905516,0.000377435731934,0.000417074930738,0.000479346490465,0.00055301671091,0.000758693714684,0.00114390245199
tomo_sample_2_051_rec,recon_00203.tiff,203,250:350,740:840,600:1200,1400:1600,10000,-0.00025624432601,0.00011875032942,-5.8906877965e-05,4.66447420694e-05,-0.000233758234225,-0.000201941985128,-0.000168511410884,-0.000136432145518,-8.99680671864e-05,-5.82707216381e-05,-2.68332391897e-05,1.6296495869e-05,4.62107752173e-05,8.36154424978e-05,0.00010278263275,120000,-0.00287373061292,0.00109798158519,0.000375032364529,0.000103464140499,-0.00199879910357,-0.001148907369,0.000213388663251,0.000279003591277,0.000337919867889,0.000376886775484,0.000417254683271,0.000479830935365,0.000561128079426,0.000804520693608,0.00103309773895
tomo_sample_2_051_rec,recon_00204.tiff,204,250:350,740:840,600:1200,1400:1600,10000,-0.000225720359595,0.000138047718792,-5.80812463246e-05,4.69521576416e-05,-0.000222597568962,-0.000197073193878,-0.000167405375687,-0.000134897928365,-9.04986354726e-05,-5.8396912209e-05,-2.68942262664e-05,1.98290970729e-05,5.10183345978e-05,9.20716917244e-05,0.000114966564118,120000,-0.00347055168822,0.00168175075669,0.000374731733311,0.000116497539111,-0.00261476152753,-0.00135990531929,0.000217285050021,0.000278640245961,0.000338329722581,0.000377425880288,0.000417465184,0.000479076492775,0.000562997512752,0.000928532593593,0.00144913513525
tomo_sample_2_051_rec,recon_00205.tiff,205,250:350,740:840,600:1200,1400:1600,10000,-0.000207316683372,0.000140037634992,-5.93457741074e-05,4.47078849575e-05,-0.000202513300056,-0.000191934680362,-0.000159888352791,-0.000131707745459,-9.0630568593e-05,-5.9304647948e-05,-2.96738171528e-05,1.56968235387e-05,4.45638671954e-05,8.48072579611e-05,0.00013817999231,120000,-0.00296901329421,0.00192578695714,0.000375143162942,0.00011472611411,-0.00253994135498,-0.00129989245895,0.000219685691409,0.000281088218617,0.000338911333529,0.000377717267838,0.000416641240008,0.000479128873849,0.000558578791679,0.00087302986352,0.00161118513322
tomo_sample_2_051_rec,recon_00206.tiff,206,250:350,740:840,600:1200,1400:1600,10000,-0.000212358907447,9.73562346189e-05,-5.93278143642e-05,4.57990907925e-05,-0.000211042440025,-0.000203254843553,-0.000168328028667,-0.000135636868072,-9.01999683265e-05,-5.85742145631e-05,-2.85017231363e-05,1.50468091761e-05,4.61581455602e-05,7.58374248107e-05,9.67983117793e-05,120000,-0.00308159133419,0.00151121150702,0.000374081584385,0.000124202728678,-0.00264204644833,-0.00154571783729,0.000212433542038,0.000278681353666,0.000338339792506,0.00037798883568,0.000417854658735,0.000480371165031,0.000558208478615,0.000874272561865,0.00133062234002
tomo_sample_2_051_rec,recon_00207.tiff,207,250:350,740:840,600:1200,1400:1600,10000,-0.000240150722675,0.00010943471716,-5.90362553298e-05,4.53227609396e-05,-0.000224312226815,-0.00019333605151,-0.000163876372535,-0.000133854220621,-8.97772060853e-05,-5.92804317421e-05,-2.8018757348e-05,1.37144049404e-05,4.49443629986e-05,7.90484444442e-05,9.79024590488e-05,120000,-0.00350366230123,0.00118994119111,0.000370874714789,0.000139166178026,-0.00289392164452,-0.00182673628896,0.000201738521428,0.000277780088072,0.000337247322022,0.000376538431738,0.000416273942392,0.000479279266438,0.000556823841762,0.000869421315088,0.00105171188862
tomo_sample_2_051_rec,recon_00208.tiff,208,250:350,740:840,600:1200,1400:1600,10000,-0.000273641926469,0.000157239861437,-5.88548010612e-05,4.63608995675e-05,-0.000266365125001,-0.000209808777145,-0.000165124439372,-0.000134140793671,-9.03432392079e-05,-5.86257556279e-05,-2.83912131636e-05,1.74390796928e-05,4.91074883394e-05,9.42799563782e-05,0.00015143920414,120000,-0.00348939583637,0.0012801917037,0.000369205597916,0.000140325379219,-0.00301252108607,-0.00177730862994,0.000183223869681,0.000275512332155,0.000336201643222,0.0003756480437,0.000415393194999,0.000476634952065,0.000546798584983,0.000882262452214,0.00112018586071
tomo_sample_2_051_rec,recon_00209.tiff,209,250:350,740:840,600:1200,1400:1600,10000,-0.000229720026255,0.000116306742711,-5.76009886854e-05,4.3950025326e-05,-0.000222902641012,-0.000197536707536,-0.000162280844088,-0.000129630176525,-8.70514049893e-05,-5.72492535866e-05,-2.76637056231e-05,1.30130952584e-05,4.25822892066e-05,7.71159217547e-05,9.44443709464e-05,120000,-0.00317828822881,0.00142685929313,0.000371609870567,0.000130835954386,-0.00286717964686,-0.00155861690431,0.000205505983467,0.000277436709439,0.000337341189152,0.000376618336304,0.000415636182879,0.000477257168677,0.00055587570183,0.000895696092513,0.00127561254546
tomo_sample_2_051_rec,recon_00300.tiff,300,250:350,740:840,600:1200,1400:1600,10000,-0.000263361522229,0.000201831178856,-5.67105591844e-05,5.46896526596e-05,-0.000251896836454,-0.000224363754882,-0.000184415412077,-0.000146700605546,-9.3715474577e-05,-5.67989372939e-05,-1.87805790119e-05,3.27247098539e-05,6.44048913091e-05,0.000103007017526,0.000177230861576,120000,-0.00272606359795,0.00127444125246,0.000360129100719,0.000101713450712,-0.00225127317815,-0.000695827620162,0.000171202191414,0.000243396976293,0.000315526100167,0.000362301667337,0.000409460539231,0.000480394411716,0.000549333840609,0.00079460242705,0.00113395100628
tomo_sample_2_051_rec,recon_00301.tiff,301,250:350,740:840,600:1200,1400:1600,10000,-0.000247143063461,0.000158218244906,-5.7314341948e-05,5.33574506998e-05,-0.000242759911981,-0.000221497175764,-0.000177426600276,-0.000143055537046,-9.37455915846e-05,-5.8310048189e-05,-2.15653890336e-05,3.22590525684e-05,6.97174414381e-05,0.000114940855798,0.000130179493864,120000,-0.00306044216268,0.00106192752719,0.000360925385559,0.000105717989317,-0.00247254488594,-0.000941818514548,0.000178103742219,0.000246922136284,0.000316862882755,0.000363694911357,0.000410487424233,0.000481190980645,0.00054549453489,0.000741141310311,0.000942781819228
tomo_sample_2_051_rec,recon_00302.tiff,302,250:350,740:840,600:1200,1400:1600,10000,-0.000256257742876,0.0001650465274,-5.57848467862e-05,5.48289035485e-05,-0.000254047033281,-0.000230051495746,-0.00018472116717,-0.000146738542389,-9.27445307752e-05,-5.50379591004e-05,-1.78502168637e-05,3.2127097802e-05,7.05573660525e-05,0.000121802327034,0.000157348344609,120000,-0.00297419610433,0.00105943379458,0.000360022935541,0.00010755320346,-0.00251754040937,-0.000955652966746,0.000174883618165,0.000245858241396,0.000316660378303,0.000363548344467,0.000410241154896,0.000479699480638,0.000538688162924,0.000734109817946,0.00095202124411
tomo_sample_2_051_rec,recon_00303.tiff,303,250:350,740:840,600:1200,1400:1600,10000,-0.000254668382695,0.00014048194862,-5.15195781107e-05,5.51641817694e-05,-0.00024911007786,-0.000216352440169,-0.000181696908548,-0.00014307579404,-8.88183258212e-05,-5.13338836754e-05,-1.37674298912e-05,3.8272745951e-05,7.82730441279e-05,0.000117729616519,0.000136564528264,120000,-0.00322091509588,0.00116126611829,0.000359485315615,0.000108076764347,-0.00261000894972,-0.000884949840431,0.000177206828666,0.000245001484291,0.000315296179906,0.000362078106264,0.000409375948948,0.000480679931934,0.000542050153599,0.000729513189464,0.00102081372685
tomo_sample_2_051_rec,recon_00304.tiff,304,250:350,740:840,600:1200,1400:1600,10000,-0.000251989375101,0.000163029690157,-5.18129009624e-05,5.4988139175e-05,-0.000246369929233,-0.000219037964111,-0.000183658137248,-0.000143462460255,-8.76561025507e-05,-5.07075346832e-05,-1.40822089634e-05,3.6359117621e-05,7.38165555231e-05,0.000119181567505,0.000154537983477,120000,-0.00332467886619,0.00110463378951,0.000358048115935,0.000104266730946,-0.0024625943735,-0.000904230170127,0.000171949960059,0.000243596680957,0.000314527365845,0.000361308193533,0.000407774263294,0.000477481487906,0.000538117762189,0.000709735693294,0.000963822018698
tomo_sample_2_051_rec,recon_00305.tiff,305,250:350,740:840,600:1200,1400:1600,10000,-0.000249371834798,0.000146947786561,-5.38828702298e-05,5.49035506344e-05,-0.000236531795889,-0.000214651970979,-0.000178345563181,-0.000143247364031,-9.16614571906e-05,-5.36233419552e-05,-1.68979599948e-05,3.61177493687e-05,7.39285089367e-05,0.000108573455007,0.000127057380443,120000,-0.00303753977641,0.00108830281533,0.000359046661701,0.000102174683997,-0.00233766132523,-0.000837517255859,0.00018093617633,0.000246582682303,0.000315120581945,0.000361788319424,0.000408409738156,0.000478009649669,0.000535743564833,0.000696925375552,0.000916274612752
tomo_sample_2_051_rec,recon_00306.tiff,306,250:350,740:840,600:1200,1400:1600,10000,-0.000262894405751,0.000134218877065,-5.44188166713e-05,5.2928979183e-05,-0.000259049213878,-0.000210923816965,-0.000177894395019,-0.000141134946898,-9.04889129743e-05,-5.47313047718e-05,-1.85744365808e-05,3.20219245623e-05,7.15834852599e-05,0.000114243948243,0.000132080643311,120000,-0.00286039197817,0.0013576336205,0.000360530491628,0.00010037130206,-0.00234747447716,-0.000698965851509,0.000182887124538,0.000246974382026,0.000315792814945,0.00036215694854,0.000408628482546,0.000479694119713,0.000544686446665,0.000769136872084,0.00110318470054
tomo_sample_2_051_rec,recon_00307.tiff,307,250:350,740:840,600:1200,1400:1600,10000,-0.000255359831499,0.00012909679208,-4.9963837932e-05,5.19587792794e-05,-0.000238199804656,-0.000213323841323,-0.000168741161324,-0.000134497734689,-8.51928380143e-05,-5.06717860844e-05,-1.42236967804e-05,3.56886683221e-05,7.05808981729e-05,0.000108531634913,0.000123919301885,120000,-0.00311809009872,0.00152567785699,0.000359565128333,9.74306817067e-05,-0.00233901643292,-0.000579351961554,0.000183383073891,0.000246291213261,0.000314871052979,0.000361220139894,0.000407691484725,0.000477802484238,0.000538907445152,0.000728351685044,0.00124917273773
tomo_sample_2_051_rec,recon_00308.tiff,308,250:350,740:840,600:1200,1400:1600,10000,-0.000295133009786,0.000136048955028,-5.36183025332e-05,5.32759053316e-05,-0.000265427983712,-0.000235833247687,-0.000181761225831,-0.000142213894287,-8.79568142409e-05,-5.35794752068e-05,-1.78834598046e-05,3.42271638146e-05,6.83532664698e-05,0.000110258772489,0.000130574126182,120000,-0.00304061034694,0.00135037337895,0.000357881040265,9.46834542374e-05,-0.00219667431079,-0.000548538734147,0.000179187883332,0.000245192306465,0.000314452307066,0.000360002261004,0.000405535807658,0.000474313095037,0.000533052901155,0.000711772960902,0.00113927353674
tomo_sample_2_051_rec,recon_00309.tiff,309,250:350,740:840,600:1200,1400:1600,10000,-0.000244274386205,0.000142292410601,-5.82474494906e-05,5.27651219173e-05,-0.000235196979858,-0.000220900627843,-0.000182213522057,-0.00014636920605,-9.33456212806e-05,-5.74980076635e-05,-2.26454149015e-05,2.84177156573e-05,6.18270965788e-05,0.000106023197681,0.000137270202916,120000,-0.00281051360071,0.00138375966344,0.000358427102944,9.52399832878e-05,-0.00198292803178,-0.000592451912002,0.000177775942284,0.00024317026473,0.000314329823595,0.000360791105777,0.000406915904023,0.000475143986114,0.00053167212056,0.000775192139263,0.00112938489476
tomo_sample_2_051_rec,recon_00400.tiff,400,250:350,740:840,600:1200,1400:1600,10000,-0.00024525943445,0.000119227908726,-5.06548638351e-05,5.38305942075e-05,-0.00023229600764,-0.000212385609571,-0.000175036644068,-0.000140757431654,-8.62465367391e-05,-5.02908751514e-05,-1.30255771182e-05,3.78389915568e-05,7.25691066327e-05,0.000105002402321,0.000117446132143,120000,-0.00305270939134,0.00136319187004,0.000366152157038,9.74019291031e-05,-0.00248321137563,-0.000631937153114,0.000195529431949,0.000260378126404,0.000323622989526,0.000367126165656,0.000411659690144,0.000480962540314,0.000549191713799,0.000789957122586,0.00116730954705
tomo_sample_2_051_rec,recon_00401.tiff,401,250:350,740:840,600:1200,1400:1600,10000,-0.000227534415899,0.000142046366818,-5.12034712147e-05,5.37440635409e-05,-0.000226376985005,-0.00021236359785,-0.000177239388286,-0.000141363380681,-8.74278011906e-05,-4.99198486068e-05,-1.42087101267e-05,3.55875661626e-05,7.23684504919e-05,0.000107028807448,0.000125105077041,120000,-0.0031337577384,0.00157001148909,0.000367182882224,0.000105251831819,-0.00265504879316,-0.000764192362607,0.000188952627504,0.000256664126937,0.000324000480759,0.000368644381524,0.00041348621744,0.00048472788767,0.000561339469859,0.000862668020651,0.00143888785257
tomo_sample_2_051_rec,recon_00402.tiff,402,250:350,740:840,600:1200,1400:1600,10000,-0.000235639541643,0.000154223525897,-5.41999012645e-05,5.35899762451e-05,-0.000235579608298,-0.000222895891158,-0.000178205293341,-0.00014391186196,-9.02392166608e-05,-5.31060886715e-05,-1.71374344973e-05,3.19798982673e-05,6.81976405031e-05,0.000106716945833,0.000137979246807,120000,-0.00323913642205,0.00124921533279,0.000366852322599,0.000101492752019,-0.00249790094604,-0.00077473667427,0.000193615425815,0.000259685028868,0.000324279681081,0.000368400345906,0.000412652814703,0.000481761842093,0.000554565609782,0.000837247671967,0.00104519752765
tomo_sample_2_051_rec,recon_00403.tiff,403,250:350,740:840,600:1200,1400:1600,10000,-0.000272128090728,0.000146200487507,-5.30621579556e-05,5.38948669625e-05,-0.00026278340698,-0.000225309581816,-0.000177301635122,-0.000142460344796,-8.93796077435e-05,-5.25585091964e-05,-1.63519066518e-05,3.30730321366e-05,6.94514867791e-05,0.000117158364046,0.000128073946356,120000,-0.00291343824938,0.00111186748836,0.000365183888342,0.000107541071627,-0.00219349724178,-0.000979859068873,0.000172938303149,0.000255750899669,0.000323525295244,0.000368437496945,0.000413335161284,0.000482614728389,0.000551357699442,0.000793107184523,0.00101138617763
tomo_sample_2_051_rec,recon_00404.tiff,404,250:350,740:840,600:1200,1400:1600,10000,-0.000264821312157,0.000124111160403,-5.62577558555e-05,5.20868422679e-05,-0.00025197974545,-0.000217704801544,-0.000178786644246,-0.000142795417196,-9.15145083127e-05,-5.62469194847e-05,-2.09096388062e-05,2.98245091471e-05,6.20707971393e-05,9.80430545751e-05,0.000120271417678,120000,-0.00336597347632,0.00117603025865,0.000364173688073,0.000127017021526,-0.00285897051911,-0.00149648098194,0.000164051900938,0.00025516589958,0.000324467167957,0.000369066503481,0.000413820576796,0.000484716784558,0.00055089788395,0.000781320226146,0.00101143284742
tomo_sample_2_051_rec,recon_00405.tiff,405,250:350,740:840,600:1200,1400:1600,10000,-0.000233332015341,0.000152251464897,-5.32398155361e-05,5.26144887219e-05,-0.00023213956149,-0.000208974717636,-0.000172853440745,-0.000139508064603,-8.90489682206e-05,-5.35478393431e-05,-1.6824929844e-05,3.15329529258e-05,6.89016553224e-05,0.000108235680447,0.000140397001398,120000,-0.00341019709595,0.00115941266995,0.000363696994681,0.000133379945917,-0.0028584484431,-0.00162695891899,0.000160565600818,0.000254775506619,0.000324364023982,0.0003690708254,0.000414776593971,0.000485021494387,0.00055455478956,0.000726201705693,0.000937669730163
tomo_sample_2_051_rec,recon_00406.tiff,406,250:350,740:840,600:1200,1400:1600,10000,-0.000286149355816,0.000132736953674,-5.48161524252e-05,5.26790703071e-05,-0.000265887141792,-0.000218424265346,-0.000176379397308,-0.00014170614304,-9.03263044165e-05,-5.5157339375e-05,-2.00603849407e-05,3.23773421769e-05,7.14002852328e-05,0.000106718383569,0.000126370545389,120000,-0.00333169358782,0.00115549133625,0.00036516601844,0.0001270131429,-0.00277552429521,-0.0015693171717,0.000171407643938,0.000255836723954,0.000323958724039,0.000369538654923,0.000415606205934,0.000485572149046,0.00056115482992,0.000766363135306,0.00102665857616
tomo_sample_2_051_rec,recon_00407.tiff,407,250:350,740:840,600:1200,1400:1600,10000,-0.000236102743656,0.000144057979924,-5.534110467e-05,5.13855491659e-05,-0.000231310855203,-0.000209031324324,-0.000175115729362,-0.000140740278584,-9.00980066945e-05,-5.54728649149e-05,-1.95873590201e-05,2.7973691158e-05,6.29853363353e-05,0.000100911644578,0.000122173215001,120000,-0.00298663647845,0.00114134920295,0.000367038462684,0.000116853687001,-0.00256152031706,-0.00122532822262,0.000174028135807,0.000257226621034,0.000325241271639,0.000369841363863,0.00041493595927,0.000488049178966,0.00057581133442,0.000821403986833,0.000976124126685
tomo_sample_2_051_rec,recon_00408.tiff,408,250:350,740:840,600:1200,1400:1600,10000,-0.000265335722361,0.000167175865499,-5.16496935238e-05,5.23005280581e-05,-0.000247932964744,-0.000218060065818,-0.000174739403446,-0.000138802450965,-8.69211344252e-05,-5.12466176588e-05,-1.58736484082e-05,3.2444941462e-05,6.81124030962e-05,0.000100047315049,0.000143227379728,120000,-0.00283244508319,0.00114115816541,0.000365498426583,0.000116788328308,-0.00242506109967,-0.00117089796998,0.000154320645815,0.000254423379374,0.000323776068399,0.000368672801415,0.000414205998823,0.000485926274268,0.00057741259574,0.000847722844977,0.00102928319798
tomo_sample_2_051_rec,recon_00409.tiff,409,250:350,740:840,600:1200,1400:1600,10000,-0.000245079718297,0.000147248720168,-5.17441919463e-05,5.22245310235e-05,-0.000235704405831,-0.00021326836494,-0.000172025985376,-0.000137764527608,-8.71915090102e-05,-5.19202803844e-05,-1.64140524248e-05,3.41805603966e-05,6.89930244698e-05,0.00011419688772,0.000144099433148,120000,-0.00320047419518,0.00108192092739,0.000363246460194,0.000126789533653,-0.00278718485862,-0.00147409868438,0.000149579220742,0.000254193828732,0.000322868814692,0.000367928703781,0.000413220419432,0.000484531791881,0.000557968320791,0.000803500664129,0.00103006814161
tomo_sample_2_051_rec,recon_00500.tiff,500,250:350,740:840,600:1200,1400:1600,10000,-0.000249389355304,0.00015491846716,-5.18613026192e-05,4.85824445041e-05,-0.000233949469296,-0.000205452204362,-0.0001641736702,-0.000129990206187,-8.4538876763e-05,-5.20663888892e-05,-2.04089342333e-05,2.89714662358e-05,6.90873571875e-05,0.000113852598442,0.000129528801974,120000,-0.00333398161456,0.0015734428307,0.000365284880679,0.000159117222764,-0.00278989316907,-0.0019880082712,-6.0806529973e-06,0.000264121452346,0.000330645045324,0.000372321621398,0.000414905924117,0.000488847083761,0.000624182135216,0.000963130633871,0.00131029439272
tomo_sample_2_051_rec,recon_00501.tiff,501,250:350,740:840,600:1200,1400:1600,10000,-0.000233515936998,9.39207020565e-05,-5.28854273524e-05,4.85552539258e-05,-0.000214799883959,-0.000199637035257,-0.000168657073955,-0.000133077742794,-8.57369977894e-05,-5.28972395841e-05,-1.88890089703e-05,2.61533430603e-05,5.35494431097e-05,8.23549232591e-05,9.36058082756e-05,120000,-0.00318535137922,0.00133307336364,0.000365657566577,0.000153107742755,-0.00283346196816,-0.00188181457785,3.84470386962e-06,0.000262259952433,0.000330085698806,0.000372413356672,0.000414891859691,0.000488839944592,0.000623110154411,0.000952458909422,0.00124963693046
tomo_sample_2_051_rec,recon_00502.tiff,502,250:350,740:840,600:1200,1400:1600,10000,-0.000245123635978,0.00011577110854,-5.6350834482e-05,4.82189883348e-05,-0.000229183825264,-0.000211255489849,-0.000169036934676,-0.000134909577901,-8.92044954526e-05,-5.70153188164e-05,-2.23097918024e-05,2.24824881116e-05,5.25708872738e-05,8.80441379049e-05,0.000115363455576,120000,-0.00314193707891,0.0014264859492,0.000370582525854,0.000152019924533,-0.00291668363619,-0.00197422005725,0.000106566994582,0.00026858166093,0.000334325508447,0.000375703064492,0.000418048315623,0.000491794897243,0.000615187013755,0.00105565065541,0.00135674135328
tomo_sample_2_051_rec,recon_00503.tiff,503,250:350,740:840,600:1200,1400:1600,10000,-0.000241890636971,0.000102154124761,-5.68330878116e-05,4.97892553028e-05,-0.000239304641911,-0.000209830339445,-0.000175335799577,-0.00013992653694,-9.0138773885e-05,-5.6640310504e-05,-2.26529532483e-05,2.51564636528e-05,5.44286061267e-05,8.03353687224e-05,9.81454948465e-05,120000,-0.0031122956425,0.00139682635199,0.000371433900142,0.000143211883483,-0.00281163366963,-0.00188677591656,0.000152713830175,0.000270197821374,0.000334574237058,0.000375688818167,0.000417976356403,0.000490122905467,0.000611971771577,0.000966312400356,0.00125400803931
tomo_sample_2_051_rec,recon_00504.tiff,504,250:350,740:840,600:1200,1400:1600,10000,-0.00023750278342,0.000108316809929,-5.48142142953e-05,4.82534934654e-05,-0.000235362716309,-0.000206154144777,-0.000169802429009,-0.000134193943813,-8.72975488164e-05,-5.45693565073e-05,-2.1428902528e-05,2.30250450841e-05,5.11814164565e-05,9.01111221683e-05,0.000108233333939,120000,-0.0032621063292,0.00140339275822,0.000372339244691,0.00012460786364,-0.00250689573765,-0.00143551175215,0.000162666702672,0.000269346687128,0.00033283016819,0.000374593015295,0.000417003822804,0.000490352418274,0.000624252198613,0.000917527760088,0.0012358843901
tomo_sample_2_051_rec,recon_00505.tiff,505,250:350,740:840,600:1200,1400:1600,10000,-0.000231115162023,0.000113078356662,-5.41356414984e-05,4.68617996428e-05,-0.000223603763488,-0.000196950948171,-0.000164915860078,-0.000131002358103,-8.49808184284e-05,-5.46425453649e-05,-2.29876750382e-05,2.3565578249e-05,5.64812858283e-05,9.36697330035e-05,0.000106485113981,120000,-0.00293160532601,0.00143964635208,0.000373037876749,0.000123409120192,-0.00243047715304,-0.00138458268705,0.000188646890747,0.000268998187676,0.000332789932145,0.00037457185681,0.000416718990891,0.000489267837838,0.000631104186177,0.000985848244862,0.00132079923227
tomo_sample_2_051_rec,recon_00506.tiff,506,250:350,740:840,600:1200,1400:1600,10000,-0.000237547938013,0.000132460350869,-5.52139101166e-05,4.7089317168e-05,-0.000221270411123,-0.000200215849225,-0.000167212833039,-0.000133545737481,-8.66001792019e-05,-5.5214666645e-05,-2.27891582654e-05,2.12919399019e-05,5.1811653866e-05,8.74605239296e-05,0.000113713996497,120000,-0.0032081452664,0.00148312083911,0.000371042662518,0.000137263287088,-0.0028806297828,-0.00166600198508,0.000155709303071,0.000269189215032,0.00033365485433,0.000375002375222,0.000417365401518,0.000488335199771,0.000606107367785,0.00093682927679,0.00127586853327
tomo_sample_2_051_rec,recon_00507.tiff,507,250:350,740:840,600:1200,1400:1600,10000,-0.000251340883551,0.000117930620036,-5.4742895889e-05,4.62405858603e-05,-0.000225573764881,-0.000208049332432,-0.000167929381423,-0.00013175738859,-8.50435626489e-05,-5.45647199033e-05,-2.323570925e-05,1.9102889928e-05,4.81799494446e-05,8.68153953343e-05,0.000114993755182,120000,-0.00335541809909,0.00146120402496,0.000367361891036,0.000150401398514,-0.00288606249737,-0.00195858044806,6.49467162293e-05,0.000267252461344,0.000333348536515,0.000374181647203,0.000415496906498,0.000485009462864,0.000583915559691,0.000900198802061,0.00134563174268
tomo_sample_2_051_rec,recon_00508.tiff,508,250:350,740:840,600:1200,1400:1600,10000,-0.000247101881541,0.000145881684148,-5.58491567765e-05,5.02037323094e-05,-0.000239221890752,-0.000212685281018,-0.000171412601339,-0.000138587118272,-8.94579334272e-05,-5.63974663237e-05,-2.18602181121e-05,2.61862453954e-05,6.06614968638e-05,0.000100669511834,0.000141585660822,120000,-0.00309211667627,0.00158156023826,0.000369426876593,0.000144660442121,-0.0027927133223,-0.00188926345133,0.00010180157682,0.000265459611546,0.000333179072186,0.000375263975002,0.000417648239818,0.00048905092699,0.000592682426213,0.000970958870486,0.00137363644995
tomo_sample_2_051_rec,recon_00509.tiff,509,250:350,740:840,600:1200,1400:1600,10000,-0.000231725804042,0.000129432868562,-5.42896613254e-05,4.79475253246e-05,-0.000229317120888,-0.000201909959767,-0.000166804981709,-0.0001330435196,-8.67333510541e-05,-5.44198719581e-05,-2.18712730202e-05,2.43973180659e-05,5.75709678742e-05,9.66302640154e-05,0.0001171391485,120000,-0.00317537412047,0.00156196532771,0.000369472286745,0.00014610110159,-0.00280560029715,-0.00187567668257,0.000102448768594,0.000266581014148,0.000333371972374,0.000374941519112,0.000417045499489,0.000488142673566,0.00061327806965,0.000932663462707,0.0014062657253
tomo_sample_2_051_rec,recon_00600.tiff,600,250:350,740:840,600:1200,1400:1600,10000,-0.000241190733504,0.000142418139149,-5.38948609457e-05,5.15074155618e-05,-0.000238571068679,-0.000219182960849,-0.000175687493465,-0.00014019887094,-8.83276134118e-05,-5.31960122316e-05,-1.79183075488e-05,2.81031837403e-05,6.12515713146e-05,0.00010084501165,0.000130793398313,120000,-0.00308394641615,0.00160352222156,0.000363844482501,0.000116109141011,-0.00259916043717,-0.00115851999342,0.000171154593263,0.000256443601393,0.000324412503687,0.00036772149906,0.000410776876379,0.00047705155157,0.000548891120707,0.000922102614073,0.00134066286019
tomo_sample_2_051_rec,recon_00601.tiff,601,250:350,740:840,600:1200,1400:1600,10000,-0.000233624741668,0.000142008429975,-5.33784601777e-05,4.99921352094e-05,-0.000224099079298,-0.000197770192011,-0.000169454158313,-0.000137047500903,-8.72559430718e-05,-5.25886298419e-05,-1.91313888536e-05,2.67258074018e-05,6.31593161233e-05,0.000105754803102,0.000124848403133,120000,-0.00302170217037,0.00158371392172,0.000365738510039,0.000111700273763,-0.0025996643289,-0.00100821034715,0.000185098177899,0.000259657668357,0.000325024935592,0.00036809683661,0.00041097860958,0.000477066243184,0.0005507681577,0.0010201580904,0.00142899022485
tomo_sample_2_051_rec,recon_00602.tiff,602,250:350,740:840,600:1200,1400:1600,10000,-0.000243945367401,0.000120598255307,-5.17120122478e-05,5.11062754616e-05,-0.000243301596848,-0.000209723694439,-0.000170120227413,-0.000136043972452,-8.5781524831e-05,-5.22046029801e-05,-1.80812780854e-05,3.26830033373e-05,6.88237467693e-05,0.000101996078556,0.000119631697348,120000,-0.00338389747776,0.00151483993977,0.000367085548222,0.000110526901123,-0.00277576916076,-0.000991022882983,0.000191618689714,0.000262062168622,0.000326119261445,0.000368927023374,0.000412514717027,0.000479727714264,0.000555762201548,0.000923914799292,0.00131175446358
tomo_sample_2_051_rec,recon_00603.tiff,603,250:350,740:840,600:1200,1400:1600,10000,-0.000260337226791,0.000165019926499,-5.35171331912e-05,5.08342317993e-05,-0.000236071351836,-0.000203453329144,-0.000169300009002,-0.000137026619632,-8.83614993654e-05,-5.26559306309e-05,-1.87559171536e-05,2.89669471385e-05,6.27967662149e-05,0.000108248184995,0.00016127670425,120000,-0.00317025929689,0.00120944192167,0.000366690433763,0.000110665705311,-0.00272230491322,-0.00105453992425,0.000181785182649,0.000259876476775,0.000326904701069,0.000370581677998,0.000413618261518,0.000479953184549,0.000548826721497,0.000790138834273,0.00103583228124
tomo_sample_2_051_rec,recon_00604.tiff,604,250:350,740:840,600:1200,1400:1600,10000,-0.000258266140008,0.00014012788597,-5.58918866732e-05,5.13969329108e-05,-0.000255917288346,-0.000213793865652,-0.000177494965319,-0.000142466318357,-9.01042403711e-05,-5.5264792536e-05,-2.00644153665e-05,2.5850953989e-05,5.95151004745e-05,9.72335348924e-05,0.000123751517804,120000,-0.00316526903771,0.00107198371552,0.000365536180231,0.000112689980329,-0.00273815285591,-0.00119204309536,0.00018504135558,0.000259409214777,0.000325459855958,0.000369023400708,0.000412991394114,0.000480081311252,0.000543694876251,0.000743158767931,0.000948600359133
tomo_sample_2_051_rec,recon_00605.tiff,605,250:350,740:840,600:1200,1400:1600,10000,-0.000217525404878,0.000137633513077,-5.24099271976e-05,4.95479509946e-05,-0.000211744259748,-0.000198737015744,-0.000168758512154,-0.000135229447187,-8.62925153342e-05,-5.1668181186e-05,-1.83417892003e-05,2.71403341685e-05,6.07160858272e-05,9.78916711319e-05,0.000119781080768,120000,-0.002984944731,0.000953833281528,0.000365435213632,0.000110602856017,-0.00256905233015,-0.00110847249255,0.000176498046931,0.000258076909813,0.000326162669808,0.000369721106836,0.000413002409914,0.000479293319222,0.000544426024426,0.000703960196115,0.000878905694175
tomo_sample_2_051_rec,recon_00606.tiff,606,250:350,740:840,600:1200,1400:1600,10000,-0.000217025663005,0.000118395859317,-5.08601621802e-05,5.15274419643e-05,-0.000210279967879,-0.000195606100882,-0.000170298811136,-0.000138192633312,-8.58115217852e-05,-5.03165792907e-05,-1.50234786815e-05,3.27185365677e-05,6.45534710202e-05,9.66144557678e-05,0.000113525471132,120000,-0.0030237371102,0.00121661415324,0.000365766833719,0.000110383087373,-0.00244071625362,-0.00103699382022,0.000175905438664,0.0002603838715,0.000326819550537,0.000369642599253,0.000412385881646,0.000479761487804,0.000544560952694,0.000780593750533,0.00107038942134
tomo_sample_2_051_rec,recon_00607.tiff,607,250:350,740:840,600:1200,1400:1600,10000,-0.000261814711848,0.000132297849632,-5.46085807764e-05,5.17498827523e-05,-0.000254138005537,-0.000229822357724,-0.000177116621053,-0.000139447555557,-8.88356680662e-05,-5.46695464436e-05,-1.96659302674e-05,3.03189040096e-05,6.49180648907e-05,0.000107871017361,0.000130396686523,120000,-0.00281421747059,0.00142245076131,0.000365476125451,0.000106215739887,-0.00223579103092,-0.000999408257077,0.000180386711436,0.000259578686382,0.000325143322698,0.00036850370816,0.000411917411839,0.000479221569549,0.000546417196747,0.000831614151888,0.00113101004435
tomo_sample_2_051_rec,recon_00608.tiff,608,250:350,740:840,600:1200,1400:1600,10000,-0.000251606339589,0.000163994496688,-5.44000383541e-05,5.20200320274e-05,-0.000242624064149,-0.000207209884451,-0.000171791818138,-0.000139192162897,-8.99209080671e-05,-5.43750138604e-05,-1.86679940271e-05,3.06675334286e-05,6.68749404576e-05,0.000113243337524,0.000157397361759,120000,-0.00326819787733,0.00120207085274,0.000365066432839,0.000106449143225,-0.00250509644095,-0.000850368565414,0.000176057237695,0.000257215829333,0.000323914457113,0.000367573156836,0.000411541521316,0.000479260653083,0.000555565058603,0.000820746860642,0.00104222806863
tomo_sample_2_051_rec,recon_00609.tiff,609,250:350,740:840,600:1200,1400:1600,10000,-0.000258506188402,0.000129720792756,-5.21506545853e-05,5.09709354815e-05,-0.000258485934162,-0.000208747642333,-0.000171780973033,-0.000137381994136,-8.65607780725e-05,-5.14928924531e-05,-1.65046867551e-05,3.02080105939e-05,6.37416472455e-05,0.000100219151063,0.000112917252185,120000,-0.003085951088,0.00142970308661,0.00036400028003,0.000114673017944,-0.00267384371338,-0.00118595177832,0.000180590994132,0.000256211287342,0.000323882159137,0.000367771383026,0.000411703542341,0.000479467949481,0.000549074815353,0.000759131746425,0.000972392935236
tomo_sample_2_051_rec,recon_00700.tiff,700,250:350,740:840,600:1200,1400:1600,10000,-0.000234950275626,7.79305701144e-05,-5.60249988027e-05,4.20488705417e-05,-0.000198809130014,-0.000181794420088,-0.000153654212481,-0.000126002439356,-8.51197146403e-05,-5.57856747037e-05,-2.64186037384e-05,1.24728416722e-05,3.73326789122e-05,6.50311985009e-05,7.7870112953e-05,120000,-0.00358355860226,0.00240242946893,0.000369281009825,0.000198075701876,-0.00295301694381,-0.0021880425706,-0.000195402658428,0.00027144850028,0.000336045624863,0.00037517544115,0.000415437141783,0.000505273154704,0.000720259551308,0.00171161911765,0.0023185183858
tomo_sample_2_051_rec,recon_00701.tiff,701,250:350,740:840,600:1200,1400:1600,10000,-0.000218567511183,7.41703406675e-05,-5.80461040217e-05,4.18978936664e-05,-0.000206298505078,-0.000185769877033,-0.00015446672609,-0.000127539288951,-8.61007756612e-05,-5.84680146858e-05,-2.94654914796e-05,1.11244859909e-05,3.67893545626e-05,6.41009396204e-05,6.88199109798e-05,120000,-0.00330643123016,0.00276465853676,0.00037427881687,0.00018477769323,-0.00300651950138,-0.00213725414407,-1.25629368904e-05,0.000274892656307,0.000336531811627,0.000375256087864,0.00041593410424,0.000507072894834,0.000753923926386,0.00176693804294,0.00263435525796
tomo_sample_2_051_rec,recon_00702.tiff,702,250:350,740:840,600:1200,1400:1600,10000,-0.000249898730544,9.65122744674e-05,-5.78394938491e-05,4.21222136487e-05,-0.00024805809735,-0.000193246874856,-0.000159161777556,-0.000128050697822,-8.64500107127e-05,-5.75824942644e-05,-2.90287748612e-05,1.05280867956e-05,3.80851941736e-05,6.78862596105e-05,8.84830105089e-05,120000,-0.0031025831122,0.00279363198206,0.0003748335543,0.000180983008467,-0.00280869570042,-0.00209400490741,2.85463338696e-05,0.000273852706596,0.000335837663442,0.000374907205696,0.000415857677581,0.000507049736916,0.000743192103109,0.00213209496764,0.00268968466029
tomo_sample_2_051_rec,recon_00703.tiff,703,250:350,740:840,600:1200,1400:1600,10000,-0.000215083244257,9.9505916296e-05,-5.55051306789e-05,4.29453615314e-05,-0.000208118753863,-0.00019570083615,-0.000156132097472,-0.00012616322565,-8.44957012305e-05,-5.5997106756e-05,-2.69246756943e-05,1.46264314481e-05,4.50473878664e-05,7.48959587727e-05,8.89822596982e-05,120000,-0.00337132508866,0.00242151529528,0.000372386246062,0.000179910847646,-0.00302211691951,-0.00224297025241,-1.14656587994e-05,0.000274500423984,0.000336636912834,0.000375103176339,0.000415220609284,0.000501230548252,0.00072430138709,0.0014266601156,0.00232052185677
tomo_sample_2_051_rec,recon_00704.tiff,704,250:350,740:840,600:1200,1400:1600,10000,-0.000207925957511,0.000103840102383,-5.5761866433e-05,4.31336745954e-05,-0.000206346461423,-0.000188263535994,-0.000155040018435,-0.000126106922107,-8.45047597977e-05,-5.60472890356e-05,-2.70996247309e-05,1.51580246893e-05,4.64926199857e-05,7.92039356238e-05,0.000101601237648,120000,-0.00347131607123,0.00194181106053,0.000370491184676,0.000170833270647,-0.00303453672961,-0.00212152100122,-1.26616063335e-05,0.000272849066823,0.000337087389198,0.000375687042833,0.000415278853325,0.000493326826836,0.000688013364561,0.00119721091771,0.0016043618759
tomo_sample_2_051_rec,recon_00705.tiff,705,250:350,740:840,600:1200,1400:1600,10000,-0.000206598982913,8.94329787116e-05,-5.82762447171e-05,4.31120226912e-05,-0.000202677721236,-0.000182506479585,-0.000155499435787,-0.000129439910961,-8.76266585692e-05,-5.83206274314e-05,-2.93238213089e-05,1.37568240461e-05,4.04250625797e-05,6.63206805766e-05,8.86215504819e-05,120000,-0.00346529250965,0.00187161413487,0.000371074321451,0.00017016028717,-0.00302344026039,-0.00223463529907,9.12001740289e-06,0.000275544959004,0.000337313853379,0.000375618721591,0.00041630549822,0.000499488046626,0.000664833330084,0.00116990721808,0.00153445681561
tomo_sample_2_051_rec,recon_00706.tiff,706,250:350,740:840,600:1200,1400:1600,10000,-0.000227791795623,8.09979974292e-05,-5.66011028131e-05,4.18491728697e-05,-0.000212870982727,-0.000186754667535,-0.000155640269513,-0.000126406581694,-8.47027804411e-05,-5.58359461138e-05,-2.73696909971e-05,1.08436497158e-05,3.7100186637e-05,6.24584937541e-05,7.24881026748e-05,120000,-0.00316771771759,0.00181542034261,0.000372412974583,0.000160185973546,-0.00299122015338,-0.00212405506801,4.81824912276e-05,0.000275926181348,0.000337153884175,0.000375420408091,0.000415220863943,0.000496482363087,0.000698971729144,0.0010822679234,0.00161653603105
tomo_sample_2_051_rec,recon_00707.tiff,707,250:350,740:840,600:1200,1400:1600,10000,-0.000194751875824,9.48514571064e-05,-5.62737758257e-05,4.21059903225e-05,-0.000191071918976,-0.00018015995482,-0.0001523237316,-0.000125986329658,-8.42338104121e-05,-5.6395863794e-05,-2.82922765109e-05,1.32136507546e-05,4.28919149635e-05,7.50306225382e-05,9.17452539987e-05,120000,-0.0035047957208,0.00179086602293,0.000372855234346,0.000155598350082,-0.0027749931983,-0.00203581143403,5.47589929192e-05,0.000278395526402,0.000337536024745,0.000375580581021,0.0004150393288,0.000495832588058,0.000681884888909,0.00109537318815,0.00133511238194
tomo_sample_2_051_rec,recon_00708.tiff,708,250:350,740:840,600:1200,1400:1600,10000,-0.00027106833295,9.03459949768e-05,-5.4021419317e-05,4.2281493209e-05,-0.000254527951998,-0.00019956738333,-0.000152799234638,-0.000124825850799,-8.20649565867e-05,-5.35455656063e-05,-2.47764833148e-05,1.31319221055e-05,4.41710567247e-05,7.0127392828e-05,8.3088021804e-05,120000,-0.00320773338899,0.00174108997453,0.000370218316511,0.000159105425999,-0.00278161969818,-0.00201965975086,4.55324703216e-05,0.000275220614276,0.000335794509738,0.000373790971935,0.000414030757383,0.000496583129279,0.000676473912317,0.00101443186367,0.00130737717147
tomo_sample_2_051_rec,recon_00709.tiff,709,250:350,740:840,600:1200,1400:1600,10000,-0.000211727805436,0.000107363113784,-5.57691354269e-05,4.23294418303e-05,-0.000210359000009,-0.000188102448563,-0.000154367486248,-0.000124988121388,-8.37487968965e-05,-5.61187753192e-05,-2.76403875432e-05,1.31902220801e-05,4.70148854583e-05,8.24088429581e-05,0.000104271824898,120000,-0.00349867506884,0.00182476779446,0.000369945942792,0.000174869495997,-0.00310778383347,-0.00223199369758,-1.45797627829e-05,0.000275939844141,0.000337007048074,0.000375334479031,0.00041539841186,0.000494039439945,0.000670668213279,0.00117643697257,0.00154002618658
tomo_sample_2_051_rec,recon_00800.tiff,800,250:350,740:840,600:1200,1400:1600,10000,-0.000223579190788,0.000151547545101,-5.07468282034e-05,5.11887405182e-05,-0.000218058848103,-0.000203014730243,-0.000166748455376,-0.000134073143272,-8.50704254844e-05,-5.10185000167e-05,-1.56080286615e-05,3.34772030328e-05,6.77066177741e-05,0.000106934885174,0.000149296647136,120000,-0.00319561501965,0.00165466160979,0.000365011236912,0.000142010162847,-0.00264400561817,-0.00173357931222,0.000162294511829,0.00025507042883,0.000322594198224,0.000367128377547,0.000412294190028,0.000490110344253,0.000645192134543,0.00113874706649,0.00154104870742
tomo_sample_2_051_rec,recon_00801.tiff,801,250:350,740:840,600:1200,1400:1600,10000,-0.000273611745797,0.000116208255349,-5.29526261851e-05,5.07939468449e-05,-0.00025535659313,-0.000211025234967,-0.000174315321055,-0.000137470444315,-8.66622049216e-05,-5.27500778844e-05,-1.82093594958e-05,2.95683767035e-05,6.32826179935e-05,9.65847454063e-05,0.000114076889413,120000,-0.00322613632306,0.00167715118732,0.000363812632368,0.000147718936144,-0.00288329188933,-0.00179652677139,0.000127850118006,0.000256213222747,0.000324096239638,0.000368192690075,0.000412962515838,0.000488036424213,0.000607853702386,0.000999801203492,0.00158530289154
tomo_sample_2_051_rec,recon_00802.tiff,802,250:350,740:840,600:1200,1400:1600,10000,-0.000232602033066,0.000126383791212,-5.1687920455e-05,4.95622701039e-05,-0.000214659773491,-0.000200879662283,-0.00016810511559,-0.000133556244691,-8.50820488267e-05,-5.16749732924e-05,-1.75929653778e-05,2.92661690764e-05,6.31065068592e-05,0.000103210677262,0.000120894979374,120000,-0.00325283757411,0.00179255858529,0.000360902783352,0.000150636995529,-0.00275205569137,-0.00176153451065,6.72649574699e-05,0.000253984957817,0.000323610242049,0.00036792481842,0.00041243457963,0.00048367887066,0.000580534974579,0.000984897510149,0.00137379266986
tomo_sample_2_051_rec,recon_00803.tiff,803,250:350,740:840,600:1200,1400:1600,10000,-0.000252961210208,0.000133643494337,-4.86823285749e-05,5.1629823328e-05,-0.000245604148402,-0.000209337804336,-0.000167564034782,-0.000132790731004,-8.39346866996e-05,-4.90245001856e-05,-1.34833833272e-05,3.68079738109e-05,7.19010090688e-05,0.000103688023279,0.00012789123187,120000,-0.00320600811392,0.00196521100588,0.000359195554176,0.000155412612133,-0.00276994398569,-0.00181906440819,2.7324160128e-05,0.000251676204789,0.000321899198752,0.000366399501218,0.000410147949879,0.000482086490956,0.000591346367146,0.00115338795399,0.00177426561291
tomo_sample_2_051_rec,recon_00804.tiff,804,250:350,740:840,600:1200,1400:1600,10000,-0.000246477487963,0.000140740899951,-4.94430610447e-05,5.02305842506e-05,-0.000230595631732,-0.000198272917783,-0.00016262422665,-0.000133217721304,-8.37001807668e-05,-4.96297489008e-05,-1.51479941906e-05,3.37563611538e-05,6.54413183656e-05,0.000105214505704,0.000133691245715,120000,-0.00317156594247,0.00161404663231,0.000358848957528,0.000153894675593,-0.00265158810939,-0.00181164216762,5.56371745915e-05,0.000251459736319,0.000321265244565,0.000365684521967,0.000410126864153,0.0004831680606,0.000594874974922,0.00102216282755,0.00149848060154
tomo_sample_2_051_rec,recon_00805.tiff,805,250:350,740:840,600:1200,1400:1600,10000,-0.00024713051971,0.000139825089718,-4.85182132044e-05,5.13773157933e-05,-0.000241267804701,-0.000218338055143,-0.000168116094865,-0.000132116077293,-8.37728348415e-05,-4.81723818666e-05,-1.32837958517e-05,3.56984592145e-05,6.74699027877e-05,9.9506874205e-05,0.000135543718706,120000,-0.00325441733003,0.00154422409832,0.000362947692094,0.000143964273788,-0.00280946967108,-0.00167882929067,0.000133325972129,0.000256087152229,0.000323776854202,0.000367424130673,0.000411774912209,0.000485627267335,0.000609798913356,0.000992964116856,0.00135110099091
tomo_sample_2_051_rec,recon_00806.tiff,806,250:350,740:840,600:1200,1400:1600,10000,-0.000222079295781,0.00015305641864,-5.26031094215e-05,4.99149615068e-05,-0.000218629556312,-0.000197384081664,-0.000168356217328,-0.000135172076989,-8.67805592861e-05,-5.25577597728e-05,-1.93156270143e-05,3.06048090351e-05,6.62909019593e-05,0.000104878277598,0.000122480911294,120000,-0.00301809795201,0.00150494195987,0.000364433346715,0.000134778865493,-0.00260264091324,-0.00149188289244,0.000148799589806,0.000257428790792,0.000324451109918,0.00036789564183,0.000412003370002,0.000486534148513,0.000615135384724,0.000959434751479,0.00117908502809
tomo_sample_2_051_rec,recon_00807.tiff,807,250:350,740:840,600:1200,1400:1600,10000,-0.000280110805761,0.000140230578836,-5.1896812476e-05,5.21106712646e-05,-0.00024635734699,-0.0002101760363,-0.000176283456385,-0.000138366728061,-8.6264402853e-05,-5.14715538884e-05,-1.59976566465e-05,3.26194860463e-05,6.5708666516e-05,9.95488405315e-05,0.000122131538055,120000,-0.00326975784265,0.00174067995977,0.000362728352174,0.000141027309936,-0.00276036000981,-0.00164920993242,0.000129321541463,0.00025625195558,0.00032412163273,0.000367571061361,0.000411661494581,0.000484196889738,0.000596900298842,0.000916427280521,0.00131636521582
tomo_sample_2_051_rec,recon_00808.tiff,808,250:350,740:840,600:1200,1400:1600,10000,-0.000211879480048,0.000119161435578,-5.03202867106e-05,4.956413106e-05,-0.000202366811239,-0.000195711895562,-0.000165185083897,-0.000131427426095,-8.41486362333e-05,-5.11351317982e-05,-1.60446493283e-05,3.11119174512e-05,6.80364852451e-05,0.000103469403883,0.000114505412045,120000,-0.00320890406147,0.00147027650382,0.000361435979167,0.000149847017644,-0.00270556862834,-0.00180574549048,0.000104183545191,0.000254393021169,0.000323797416058,0.000367354325135,0.000411559842178,0.000483102018188,0.00059613815858,0.00100916455698,0.0013419428696
tomo_sample_2_051_rec,recon_00809.tiff,809,250:350,740:840,600:1200,1400:1600,10000,-0.00023940425308,0.000141478827572,-4.75289917984e-05,5.04402985138e-05,-0.00023818780552,-0.00020245462803,-0.000166085489036,-0.000129683128762,-8.1233727542e-05,-4.78495439893e-05,-1.33931341679e-05,3.63769016985e-05,6.88768480177e-05,9.75247760216e-05,0.000128155800693,120000,-0.00316194002517,0.00143931957427,0.000362470300764,0.000143543402518,-0.00274729863182,-0.00178763306583,0.000134040378907,0.000256243057083,0.000324613320117,0.000368251479813,0.000411938206526,0.00048252655688,0.000584912956692,0.000949820664711,0.00124090534524
tomo_sample_2_051_rec,recon_00900.tiff,900,250:350,740:840,600:1200,1400:1600,10000,-0.00022577305208,0.000117207120638,-4.81399539376e-05,4.71325969484e-05,-0.000214159951612,-0.000188649250718,-0.000158418661304,-0.00012554448258,-8.04552983027e-05,-4.81326096633e-05,-1.59254959726e-05,2.83882538497e-05,6.18079580454e-05,9.36357366008e-05,0.000110077256991,120000,-0.00335054029711,0.00160127470735,0.000368789772928,0.000154053020318,-0.00285894170641,-0.00212407899974,0.000171243914665,0.000272228900576,0.000334052267135,0.000374092793209,0.000414646718127,0.000480868478189,0.0005967501126,0.00105992762849,0.00136471010655
tomo_sample_2_051_rec,recon_00901.tiff,901,250:350,740:840,600:1200,1400:1600,10000,-0.000199393456569,0.000106708008389,-4.79004540432e-05,4.47797457434e-05,-0.000195571108919,-0.000178559407213,-0.000151643330755,-0.000122228305554,-7.84332896728e-05,-4.7656132665e-05,-1.73130179064e-05,2.5168125012e-05,5.45822873028e-05,8.53991820259e-05,9.74809942112e-05,120000,-0.00322386063635,0.00212490395643,0.000372575250772,0.000155592236846,-0.00293720996762,-0.0019473995599,0.000182913431636,0.000274959282251,0.000335169956088,0.000374665032723,0.00041529029113,0.000484136167506,0.000671518193558,0.00135627857409,0.00182417890452
tomo_sample_2_051_rec,recon_00902.tiff,902,250:350,740:840,600:1200,1400:1600,10000,-0.000219212990487,0.000130610118504,-5.12668540553e-05,4.5605097755e-05,-0.000218166143089,-0.000186924316076,-0.000157062520884,-0.000127380172489,-8.25037968752e-05,-5.10706722707e-05,-2.0191103431e-05,2.38872966293e-05,4.9787388707e-05,8.28483014557e-05,0.000125155383843,120000,-0.00355474487878,0.00248591741547,0.000373830823651,0.000142497629395,-0.00289182991565,-0.00156130374304,0.000165596524312,0.000272260449128,0.000333909032634,0.000374266513973,0.000415239490394,0.000486986448232,0.000684481943026,0.00134646149364,0.00204792899168
tomo_sample_2_051_rec,recon_00903.tiff,903,250:350,740:840,600:1200,1400:1600,10000,-0.000265003764071,0.000140634903801,-5.07038571011e-05,4.58277431766e-05,-0.000261901926101,-0.000202340688586,-0.000158442013926,-0.000125927035697,-8.16520696389e-05,-5.05012394569e-05,-1.9325168978e-05,2.37448370171e-05,5.60683050207e-05,8.87662743917e-05,0.00011628902314,120000,-0.00326156639494,0.00243202457204,0.000372066550009,0.000159658604931,-0.00279823032566,-0.00196145767742,0.000155582792941,0.000273851206293,0.000335707132763,0.000375261166482,0.000415963411797,0.000485024320369,0.000655475762323,0.00133024014661,0.00208072848713
tomo_sample_2_051_rec,recon_00904.tiff,904,250:350,740:840,600:1200,1400:1600,10000,-0.000261580513325,0.000108344480395,-4.80115879297e-05,4.56371170375e-05,-0.000244662897146,-0.000196011996857,-0.000154674400692,-0.000122092469246,-7.86843029346e-05,-4.81360293634e-05,-1.72017053046e-05,2.73133910014e-05,5.79119927352e-05,8.83750593202e-05,0.000104944176114,120000,-0.00345623213798,0.00163376785349,0.000368320922474,0.00016973444233,-0.00307372980062,-0.00210029515717,8.14174952393e-05,0.000272668544494,0.000335434153385,0.000375066199922,0.000415331749537,0.000485471286811,0.000645886757411,0.00110456215346,0.00148140132829
tomo_sample_2_051_rec,recon_00905.tiff,905,250:350,740:840,600:1200,1400:1600,10000,-0.0002370022994,0.000143148383358,-4.55992923499e-05,4.81444525382e-05,-0.000224035758791,-0.000190666954673,-0.000154383047193,-0.000125200808543,-7.86026248534e-05,-4.53969896625e-05,-1.20625873024e-05,3.31030991219e-05,6.10672920448e-05,9.86389068421e-05,0.000138686703045,120000,-0.00332642975263,0.00136111490428,0.00036250114991,0.000176156650418,-0.00303633615507,-0.00209465819341,-7.27501757501e-05,0.000268896311172,0.000332549883751,0.000373130736989,0.000413934671087,0.000481657398632,0.000591702373349,0.000916204935231,0.00122799390181
tomo_sample_2_051_rec,recon_00906.tiff,906,250:350,740:840,600:1200,1400:1600,10000,-0.000218917935854,0.000119698917842,-4.92177758403e-05,4.52790433584e-05,-0.000210700752704,-0.000190425626715,-0.000155517092498,-0.000124003711971,-8.0284267824e-05,-4.86211374664e-05,-1.76239427674e-05,2.40840720835e-05,5.68611244307e-05,8.66400389641e-05,0.000115528675968,120000,-0.00318670249544,0.00120100600179,0.000360593427487,0.000174673388005,-0.00288569043512,-0.00205472192285,-0.000113520638261,0.000267566580442,0.000332217416144,0.000371809626813,0.00041205411253,0.000479422471835,0.000586830645916,0.000875034082623,0.0010836239071
tomo_sample_2_051_rec,recon_00907.tiff,907,250:350,740:840,600:1200,1400:1600,10000,-0.00021083925094,0.000119673983136,-4.86011310145e-05,4.44335014538e-05,-0.000203482654749,-0.000189512637124,-0.000150538114249,-0.000121697983923,-7.84638250479e-05,-4.9541133194e-05,-1.83756324077e-05,2.62231410488e-05,5.43580736849e-05,8.70185957392e-05,0.00010850610492,120000,-0.0034693502821,0.00124793732539,0.000363045314451,0.000174765690869,-0.00305517613923,-0.00200253063161,-2.98750291586e-05,0.000269986124476,0.000332744377374,0.000372604699805,0.000413177498558,0.000482480152277,0.000602177772089,0.000937585848034,0.00116121240365
tomo_sample_2_051_rec,recon_00908.tiff,908,250:350,740:840,600:1200,1400:1600,10000,-0.000207088145544,0.000115424692922,-4.78559921784e-05,4.64950848574e-05,-0.000205215443135,-0.000184578299552,-0.000153790066397,-0.000123311374773,-7.99333647592e-05,-4.84786269226e-05,-1.56449004862e-05,2.90792168016e-05,5.9484235353e-05,9.29982560338e-05,0.000111660743543,120000,-0.00345212360844,0.001268111635,0.000363888124174,0.000160949191705,-0.00286696006234,-0.00191856578528,3.46644747333e-05,0.000266791015747,0.000331605551764,0.000372006325051,0.000412254863477,0.000481155453599,0.000606571383541,0.000950627901126,0.00117846424918
tomo_sample_2_051_rec,recon_00909.tiff,909,250:350,740:840,600:1200,1400:1600,10000,-0.000212345272303,0.000158643364557,-4.78706109671e-05,4.62209161245e-05,-0.000201635217037,-0.000186265593235,-0.000154912135185,-0.000123378494754,-7.96336935309e-05,-4.82340747112e-05,-1.64202147062e-05,2.8541449683e-05,5.837360648e-05,9.03705371165e-05,0.000146820082694,120000,-0.00371823390014,0.00181505002547,0.000367776897446,0.000154559506486,-0.00314459671874,-0.00179976745928,0.000141977194726,0.000270330390777,0.000331259318045,0.000371636910131,0.0004127219363,0.000483072716452,0.000626470185816,0.00121424304857,0.00152846931958
tomo_sample_2_051_rec,recon_01000.tiff,1000,250:350,740:840,600:1200,1400:1600,10000,-0.000243012429564,0.000146776888869,-4.80800087532e-05,5.3999596774e-05,-0.000236397644927,-0.00021456767054,-0.000172265825386,-0.000137019032263,-8.52589964779e-05,-4.8042194976e-05,-1.11783242573e-05,4.0967698078e-05,7.41480110446e-05,0.000111694329578,0.000140806136694,120000,-0.00343818729743,0.00162513228133,0.000363554078736,0.000141792720894,-0.00296950664527,-0.00162774423091,0.00015338954734,0.000254918457358,0.000323292777466,0.000368125882233,0.000413442328863,0.000487958273152,0.000588727068389,0.000958603681182,0.00136225723535
tomo_sample_2_051_rec,recon_01001.tiff,1001,250:350,740:840,600:1200,1400:1600,10000,-0.000222608476179,0.000142939854413,-5.19868850083e-05,5.02128816235e-05,-0.000207646878343,-0.000194932716404,-0.000163697069947,-0.000134047052416,-8.65236215759e-05,-5.30456218257e-05,-1.78647874236e-05,3.10477225867e-05,6.31329228781e-05,0.000107908669874,0.000132780825069,120000,-0.00339244958013,0.00150910753291,0.000364024901146,0.000139678946784,-0.0028174561952,-0.00157666645909,0.000151891169371,0.000256590099889,0.000324431603076,0.000368359673303,0.000413053145166,0.000487112831615,0.000599293720443,0.000901011826005,0.00132555732744
tomo_sample_2_051_rec,recon_01002.tiff,1002,250:350,740:840,600:1200,1400:1600,10000,-0.000234714374528,0.000152709108079,-5.01687737755e-05,5.00593657035e-05,-0.000232151310993,-0.000207471204762,-0.000168311133311,-0.000132300352561,-8.36805338622e-05,-4.98429963045e-05,-1.56584469551e-05,3.08700573441e-05,6.68091199623e-05,0.000109639382164,0.000134032224878,120000,-0.003358743852,0.00145183631685,0.000361906363457,0.000146917349994,-0.00302684232518,-0.00180624688265,0.000124914060725,0.000253102382703,0.000322756837704,0.0003669167927,0.000412244378822,0.000485178321833,0.000589099582285,0.0010461601374,0.0013692284548
tomo_sample_2_051_rec,recon_01003.tiff,1003,250:350,740:840,600:1200,1400:1600,10000,-0.000251309043961,0.000131923385197,-4.95853333735e-05,5.03478562674e-05,-0.000239612685761,-0.000201544019699,-0.000167997458047,-0.000132392586238,-8.35452228785e-05,-4.9776315791e-05,-1.53808118739e-05,3.39206984791e-05,6.57370718545e-05,9.93929302203e-05,0.000124045053161,120000,-0.00332431215793,0.00146144337486,0.000359570004552,0.000155596155781,-0.00281462552631,-0.0019792533631,7.78254288889e-05,0.000250790729478,0.000322007479554,0.000366375184967,0.000411710316257,0.0004851382997,0.000594914183021,0.000918235251214,0.0011908912819
tomo_sample_2_051_rec,recon_01004.tiff,1004,250:350,740:840,600:1200,1400:1600,10000,-0.000254766695434,0.000132307148306,-5.10042998502e-05,5.17699856789e-05,-0.000233158287399,-0.000211974844278,-0.00017222867813,-0.000137435151555,-8.56599726831e-05,-5.07574095536e-05,-1.55107181854e-05,3.27065903548e-05,6.64638888702e-05,0.00010410360364,0.00012348631022,120000,-0.0034528633114,0.00184565468226,0.000363375481243,0.000154010107904,-0.00291348829754,-0.0019305441383,0.000117115312023,0.000254630717973,0.000323525564454,0.000368461638573,0.000413707981352,0.000491273161606,0.000610502972268,0.00107823931612,0.00163015898375
tomo_sample_2_051_rec,recon_01005.tiff,1005,250:350,740:840,600:1200,1400:1600,10000,-0.000251470657531,0.000172303465661,-5.16888676196e-05,5.22321195787e-05,-0.000244801541476,-0.00022187301387,-0.000174206338706,-0.000139902174851,-8.65973015607e-05,-5.05921780132e-05,-1.63922745742e-05,3.26375578879e-05,6.43915688124e-05,0.000102058063538,0.000142482428769,120000,-0.00335300550796,0.00206790561788,0.000363615971632,0.000155376806139,-0.00294844843177,-0.00186103713664,8.8452486234e-05,0.000254818920803,0.000323816930177,0.000368251290638,0.000413724788814,0.000490850856295,0.000625115424627,0.00104409556498,0.0018893822046
tomo_sample_2_051_rec,recon_01006.tiff,1006,250:350,740:840,600:1200,1400:1600,10000,-0.000228986988077,0.000146223275806,-5.18256233174e-05,5.14154393674e-05,-0.000223995292706,-0.000198136846331,-0.000167971222836,-0.000136090044543,-8.73612516443e-05,-5.17187781952e-05,-1.59300248015e-05,3.18341139064e-05,6.885882387e-05,0.000108388540415,0.000136610208823,120000,-0.00332693383098,0.0019319182029,0.000360604426383,0.000158784898866,-0.00293198007885,-0.00197499877866,3.40092648185e-05,0.000250207158388,0.00032125285361,0.000366090665921,0.000412593450164,0.000490238974453,0.000620950066368,0.00105732152844,0.00154814726081
tomo_sample_2_051_rec,recon_01007.tiff,1007,250:350,740:840,600:1200,1400:1600,10000,-0.000294326862786,0.000150523657794,-5.04776863152e-05,5.23472129344e-05,-0.000281336706781,-0.000221264687265,-0.000168846918823,-0.000136797438608,-8.61022708705e-05,-4.97165365232e-05,-1.42186524954e-05,3.48413856045e-05,6.66041368095e-05,0.000101894240666,0.00013516391572,120000,-0.00326155056246,0.00181740592234,0.000359584947889,0.000158900093071,-0.00286409771787,-0.0019562941168,6.33922927955e-05,0.000249423948117,0.000320461338561,0.000365267609595,0.000410594846471,0.00048456692748,0.000614498023642,0.00124839948653,0.00156946933661
tomo_sample_2_051_rec,recon_01008.tiff,1008,250:350,740:840,600:1200,1400:1600,10000,-0.000239221757511,0.000131266016979,-4.82310204109e-05,4.99770461614e-05,-0.00023620276986,-0.000213851515902,-0.000169382722524,-0.000130977008666,-8.15757794044e-05,-4.77285211673e-05,-1.38844129651e-05,3.21686060488e-05,6.56726096349e-05,0.000107093703795,0.000128295947975,120000,-0.00336440373212,0.00207024044357,0.000362194687578,0.00014445406241,-0.00285451137372,-0.00167063559103,0.000101925786439,0.000249058211921,0.000319896636938,0.000365397470887,0.000411261367844,0.000488879339537,0.000638676726958,0.00109171724715,0.00184582120951
tomo_sample_2_051_rec,recon_01009.tiff,1009,250:350,740:840,600:1200,1400:1600,10000,-0.000234418112086,0.00014597750851,-4.52592870702e-05,5.13574099044e-05,-0.000226353068546,-0.000205313224258,-0.00016726838192,-0.00012964571215,-7.95039723016e-05,-4.46051362815e-05,-1.02300384697e-05,3.88782174923e-05,7.42558510683e-05,0.000107673094622,0.00013858901771,120000,-0.00336546800099,0.00162010279018,0.000369291181779,0.000134027999841,-0.00258820851927,-0.00145547904389,0.000167022435344,0.00025624724658,0.00032426573307,0.000369039349607,0.000415146751038,0.000499340167153,0.000675210754271,0.00110282061808,0.00145389850053
tomo_sample_2_051_rec,recon_01100.tiff,1100,250:350,740:840,600:1200,1400:1600,10000,-0.000235832689214,0.00015856004029,-4.66523721298e-05,5.14151741577e-05,-0.000226902649926,-0.000205103823973,-0.000164631156222,-0.000130698667635,-8.15582316136e-05,-4.77306984976e-05,-1.18924824619e-05,3.80623923775e-05,7.68326499383e-05,0.000118087213137,0.000154721148768,120000,-0.00354151194915,0.00174498639535,0.000363488503493,0.000149128569174,-0.00307031548461,-0.00156029415561,0.00012256949165,0.000259295923752,0.000325545748638,0.000368272390915,0.000411617569625,0.000486192617973,0.000619175906759,0.00100932829257,0.00157704656991
tomo_sample_2_051_rec,recon_01101.tiff,1101,250:350,740:840,600:1200,1400:1600,10000,-0.00027441457496,0.000121051707538,-4.90608654601e-05,5.08809920508e-05,-0.000233233470102,-0.00021570667639,-0.000170347781386,-0.000132776441023,-8.31968154671e-05,-4.96987868246e-05,-1.44155760609e-05,3.43658390193e-05,6.74802734284e-05,9.92491309808e-05,0.0001207184147,120000,-0.00368953403085,0.00201499625109,0.000362500447037,0.000161542124987,-0.00319540810734,-0.00184872617351,6.45648621867e-05,0.00025906975934,0.000326555447828,0.000369136905647,0.000412075278291,0.000483052966592,0.000620128393639,0.00107764608762,0.00172138616827
tomo_sample_2_051_rec,recon_01102.tiff,1102,250:350,740:840,600:1200,1400:1600,10000,-0.000236622305238,0.000136537390063,-4.82861643247e-05,4.84971147972e-05,-0.000222989164403,-0.000191484608658,-0.000161516696535,-0.000128374905034,-8.07744072517e-05,-4.83984204038e-05,-1.56280325427e-05,3.30686996676e-05,6.39337400207e-05,9.79460659946e-05,0.000115550832313,120000,-0.00382252875715,0.0017226820346,0.000360670418715,0.000153623654508,-0.00311356927548,-0.00180482747115,9.88005724503e-05,0.000260236737086,0.000325912464177,0.000368143737433,0.00041032997251,0.000477748799312,0.00058383961441,0.000903094303969,0.00140871609846
tomo_sample_2_051_rec,recon_01103.tiff,1103,250:350,740:840,600:1200,1400:1600,10000,-0.000242276393692,0.000149813451571,-4.71220064471e-05,5.00305731075e-05,-0.000241195934732,-0.000219494111632,-0.000167508935265,-0.000129701015976,-8.01269834483e-05,-4.68076814286e-05,-1.29546556309e-05,3.28450849338e-05,6.93729319755e-05,0.000110417322554,0.000135605174703,120000,-0.00366831896827,0.00157085992396,0.000362394294479,0.00015170351984,-0.00298343329947,-0.00194385781966,0.000136530010495,0.000262275966816,0.000327192188706,0.000369228175259,0.000411119959608,0.000478283810662,0.000572360833758,0.000980819650111,0.00136518175704
tomo_sample_2_051_rec,recon_01104.tiff,1104,250:350,740:840,600:1200,1400:1600,10000,-0.000238532971707,0.000120400000014,-4.84499080728e-05,5.00592610972e-05,-0.000228662405233,-0.000193018406761,-0.000162868517509,-0.000130583074497,-8.28418196761e-05,-4.84239008074e-05,-1.44339155668e-05,3.49214742528e-05,6.82879171654e-05,0.000100497789681,0.000115061428952,120000,-0.00354384561069,0.00247552338988,0.000364561020278,0.000141794268886,-0.00290679180049,-0.00150684527901,0.000169219510717,0.000262012860912,0.000326515750203,0.000368453314877,0.00041034026799,0.000478361522255,0.000591077032732,0.0012183580912,0.00209872712647
tomo_sample_2_051_rec,recon_01105.tiff,1105,250:350,740:840,600:1200,1400:1600,10000,-0.000252653524512,0.000144926292705,-5.26298114521e-05,4.90928162115e-05,-0.00025197721913,-0.000214878107887,-0.000167634929385,-0.000132589038549,-8.54842219269e-05,-5.24865827174e-05,-1.92095430975e-05,2.79959861473e-05,6.07288788524e-05,0.000103995423822,0.0001278354533,120000,-0.00367922103032,0.0022477786988,0.000369666633819,0.000124423103593,-0.00260508002478,-0.00114527496754,0.000203493153094,0.000266833417118,0.000328568472469,0.000370257694158,0.000412376255554,0.000479376404837,0.000605608028127,0.00119722040754,0.00207509230464
tomo_sample_2_051_rec,recon_01106.tiff,1106,250:350,740:840,600:1200,1400:1600,10000,-0.000251675723121,0.000134210684337,-5.03042585612e-05,4.85904167208e-05,-0.000222750790861,-0.000191922808255,-0.000160749526258,-0.000129549871053,-8.39236618049e-05,-4.99138932355e-05,-1.71413071257e-05,2.98948560157e-05,6.17384548968e-05,9.2816234559e-05,0.000128059011741,120000,-0.00352643267252,0.0018070586957,0.000367015209951,0.000126137460377,-0.00282713359438,-0.00127335584559,0.0001958967463,0.000267070236441,0.000328227477439,0.000369627043256,0.000410952088714,0.000477118586423,0.00058807997324,0.0010356672206,0.00162068304637
tomo_sample_2_051_rec,recon_01107.tiff,1107,250:350,740:840,600:1200,1400:1600,10000,-0.000265317736194,0.000123157296912,-5.06694884473e-05,4.77754560748e-05,-0.000236538293984,-0.000210467308614,-0.000161975043302,-0.000128864705039,-8.29131040518e-05,-5.05371735926e-05,-1.87013029063e-05,2.79048260381e-05,6.02306580913e-05,9.69787728318e-05,0.000119411615636,120000,-0.00324351876043,0.00142191222403,0.000365485707583,0.000123752090489,-0.00279710653904,-0.00134495241917,0.000194463250227,0.00026436279295,0.000327979076246,0.000368671913748,0.000409784755902,0.000476144743152,0.000569678536267,0.00091544110718,0.00127674832222
tomo_sample_2_051_rec,recon_01108.tiff,1108,250:350,740:840,600:1200,1400:1600,10000,-0.000238353823079,0.000148740306031,-4.71706877113e-05,5.07496579189e-05,-0.000222312333751,-0.000196214179887,-0.000166269406618,-0.000131128223438,-8.17791824375e-05,-4.61792333226e-05,-1.2637860209e-05,3.55340616807e-05,6.83704875701e-05,0.000106300573309,0.00012414722033,120000,-0.00259631825611,0.00187990954146,0.000368104710962,0.000119547414636,-0.00237888809803,-0.00137984114292,0.000206959786883,0.000268405501265,0.000329746886564,0.000369963454432,0.000411688422901,0.00047829697578,0.000573975321604,0.000973885891668,0.00141736201488
tomo_sample_2_051_rec,recon_01109.tiff,1109,250:350,740:840,600:1200,1400:1600,10000,-0.000221179230721,0.000140908407047,-4.87978996926e-05,4.86268160476e-05,-0.000208693961128,-0.000195865776914,-0.000164517617231,-0.000129685457068,-8.10771998658e-05,-4.89646117785e-05,-1.47129849211e-05,2.90468495223e-05,6.27185251506e-05,0.000100655517199,0.000136367674085,120000,-0.00334945367649,0.00235293619335,0.000364938767848,0.000139911303307,-0.00243188815245,-0.00173208905139,0.00018407903015,0.000265117915114,0.000327749476128,0.000368466091459,0.000410092347011,0.000475973171706,0.000566300734645,0.00114672520815,0.00209379045463
tomo_sample_2_051_rec,recon_01200.tiff,1200,250:350,740:840,600:1200,1400:1600,10000,-0.000221500857151,0.000106976942334,-5.46981906102e-05,4.53596679591e-05,-0.00020542510149,-0.000188244599092,-0.000156383783324,-0.000128735331964,-8.59015381138e-05,-5.51219400222e-05,-2.34414310398e-05,2.02984647331e-05,4.80567208433e-05,8.07437980911e-05,0.000103727519048,120000,-0.00421736668795,0.00170341285411,0.000367642077971,0.000140787681123,-0.00310539114799,-0.00146078210219,4.080381932e-05,0.000264654666535,0.000330311740981,0.000371058573364,0.000412886533013,0.00048954153317,0.000639587707119,0.00105836545711,0.00150146074075
tomo_sample_2_051_rec,recon_01201.tiff,1201,250:350,740:840,600:1200,1400:1600,10000,-0.000219589637709,0.000116921466542,-5.24211361564e-05,4.55184485078e-05,-0.00021349098699,-0.000188780834695,-0.000156398758554,-0.000126762632863,-8.33662834339e-05,-5.28118744114e-05,-2.1522712359e-05,2.25859635066e-05,5.51526950949e-05,9.34829039979e-05,0.000113767188715,120000,-0.00334435771219,0.00179294869304,0.000369410062196,0.000126099642842,-0.00270299196632,-0.00118082548608,9.22904102481e-05,0.000265947803564,0.000331354392983,0.000371472473489,0.000413021829445,0.000485844124341,0.000625730545144,0.00106742680608,0.0016420973952
tomo_sample_2_051_rec,recon_01202.tiff,1202,250:350,740:840,600:1200,1400:1600,10000,-0.000226664487855,0.000139703595778,-5.10004540761e-05,4.75558601518e-05,-0.000221848925803,-0.000198792391922,-0.000161138173717,-0.000128474052326,-8.27665862744e-05,-5.18651795574e-05,-1.91772496692e-05,2.76549354567e-05,6.20458903722e-05,0.000101894393039,0.000128545080783,120000,-0.00343256257474,0.00159054785036,0.000368272685256,0.000125115052157,-0.00238077378452,-0.0011611384335,7.60724047723e-05,0.000265157713147,0.000330270937411,0.000370265421225,0.000412139976106,0.000487564784999,0.000633296233718,0.00102007861668,0.00143416259268
tomo_sample_2_051_rec,recon_01203.tiff,1203,250:350,740:840,600:1200,1400:1600,10000,-0.00025048959651,0.000108562155219,-5.30344708605e-05,4.50694821486e-05,-0.000240941366377,-0.000200471040094,-0.000160695821978,-0.000126264596474,-8.29779291962e-05,-5.31567002326e-05,-2.33058094636e-05,2.11345197386e-05,5.278777684e-05,8.59673162195e-05,0.000106088409683,120000,-0.00375163275748,0.00150083773769,0.000370281858453,0.000128886393822,-0.00313692173422,-0.00122800757026,0.000115701529357,0.000267191637249,0.000331773757352,0.000371793939848,0.000413378649682,0.000490070771775,0.000635644171853,0.00102100188134,0.00132717002021
tomo_sample_2_051_rec,recon_01204.tiff,1204,250:350,740:840,600:1200,1400:1600,10000,-0.00022087765683,0.000127636172692,-5.50238704696e-05,4.43261594236e-05,-0.000203133880081,-0.000187006482127,-0.000156107349758,-0.000126878583978,-8.52874927659e-05,-5.5431653891e-05,-2.53572475231e-05,1.87294640455e-05,5.30286605863e-05,8.45465953098e-05,0.000107613175507,120000,-0.00360521534458,0.00114025420044,0.000367068089229,0.000132488164689,-0.00294525239172,-0.00139365001605,5.44102603817e-05,0.00026451057056,0.00033073740633,0.000371481117327,0.000413766196289,0.000487443117891,0.000603259453783,0.000880244836444,0.00106207325034
tomo_sample_2_051_rec,recon_01205.tiff,1205,250:350,740:840,600:1200,1400:1600,10000,-0.00024412854691,0.000107783249405,-5.44305620764e-05,4.52738420167e-05,-0.000224009276606,-0.00018703781761,-0.000155355968745,-0.000128014900838,-8.56244259921e-05,-5.5006614275e-05,-2.32150155171e-05,2.01244837626e-05,5.44964002984e-05,8.55909398379e-05,9.97457717116e-05,120000,-0.00404922803864,0.00159100291785,0.000363468687485,0.000150568449325,-0.00307940016566,-0.00183141340478,-1.44889284547e-05,0.000261552947632,0.000329753798724,0.000370397712686,0.000412483204855,0.000483353894379,0.000592138431384,0.000935393471969,0.00136014512752
tomo_sample_2_051_rec,recon_01206.tiff,1206,250:350,740:840,600:1200,1400:1600,10000,-0.000257807871094,0.000120802716992,-5.6061671307e-05,4.71746788682e-05,-0.000241009816046,-0.00020812281048,-0.000168614401191,-0.000133484145772,-8.68845527293e-05,-5.56739087187e-05,-2.46524059548e-05,2.00563966246e-05,5.45727445569e-05,9.85328129536e-05,0.000117794445756,120000,-0.00408496661112,0.00151455344167,0.000364723684679,0.000155162529009,-0.00335833785534,-0.0018330922022,-1.73427403206e-05,0.000260727068235,0.000328114576405,0.000370079345885,0.000413581023167,0.000490898475982,0.000632602479891,0.00103982596507,0.00138188744574
tomo_sample_2_051_rec,recon_01207.tiff,1207,250:350,740:840,600:1200,1400:1600,10000,-0.000209265839658,0.000110608329123,-5.69029412966e-05,4.46120774904e-05,-0.000190372911227,-0.000178532490929,-0.000153678316856,-0.000129885505885,-8.75452424225e-05,-5.73003599129e-05,-2.56409011854e-05,1.622205491e-05,4.86844619081e-05,7.61073372923e-05,9.03129400511e-05,120000,-0.00404519680887,0.00200856034644,0.000367761399306,0.00015126819694,-0.00297185688235,-0.00177206419618,1.62416275089e-05,0.000261555537872,0.000329539121594,0.000371348796762,0.000414176138293,0.000495980202686,0.000663230827195,0.00114649061556,0.00160121718922
tomo_sample_2_051_rec,recon_01208.tiff,1208,250:350,740:840,600:1200,1400:1600,10000,-0.00022790984076,0.000109144020826,-5.35847802452e-05,4.59765350198e-05,-0.000219625740044,-0.000200309679276,-0.000166034044378,-0.000129587634001,-8.42475346872e-05,-5.2588788094e-05,-2.1948511403e-05,1.96138129468e-05,4.9936025498e-05,8.63155752595e-05,0.000106267322124,120000,-0.00374923902564,0.0015907571651,0.000365876834485,0.00015122753839,-0.00310291710189,-0.00175493195548,-2.61177493667e-05,0.00026016766933,0.000329423004587,0.000371049856767,0.000414227601141,0.000494280434214,0.000638628880843,0.000956313802686,0.00138217909702
tomo_sample_2_051_rec,recon_01209.tiff,1209,250:350,740:840,600:1200,1400:1600,10000,-0.000214853513171,0.00013747921912,-4.93893447777e-05,4.63089034969e-05,-0.00020494857851,-0.000184441690479,-0.000151885101805,-0.000124805243831,-8.0711530245e-05,-4.98437439092e-05,-1.77885676749e-05,2.75154749033e-05,6.00342804319e-05,9.96980252166e-05,0.000121491333687,120000,-0.00403756462038,0.00196972233243,0.000361617814281,0.000178231436418,-0.00327344504006,-0.00225156256952,-0.000136000997736,0.000255377242866,0.000327581139572,0.000369862944353,0.00041324376798,0.000493033049861,0.000653039654135,0.00109713508864,0.00160101211545
tomo_sample_2_051_rec,recon_01300.tiff,1300,250:350,740:840,600:1200,1400:1600,10000,-0.000265752489213,0.000151776795974,-4.89301951517e-05,5.37858136309e-05,-0.000263239100948,-0.00022369281936,-0.000177278528427,-0.000136857941106,-8.49638818181e-05,-4.84936026623e-05,-1.20656225135e-05,3.84698265407e-05,7.5726686191e-05,0.000116559967886,0.000149617114842,120000,-0.00359200313687,0.00176000630017,0.000358950780414,0.000186928330694,-0.00313723599159,-0.00223413288337,-0.000126028472005,0.000241842385003,0.000317887301208,0.000365712752682,0.00041521449748,0.00050556184724,0.000685291296686,0.00123735111672,0.00164517558066
tomo_sample_2_051_rec,recon_01301.tiff,1301,250:350,740:840,600:1200,1400:1600,10000,-0.000251800433034,0.000153715489432,-5.16717190293e-05,5.28728988287e-05,-0.000244701583692,-0.000217895090915,-0.000175403726462,-0.000140604623448,-8.71228312462e-05,-5.11415964866e-05,-1.58380598805e-05,3.39237396474e-05,6.86773880443e-05,0.000106053702584,0.000145382586474,120000,-0.00351552153006,0.00206677149981,0.000356964529207,0.000183916126361,-0.00317800256333,-0.0022064678194,-0.000118259526644,0.000241928080504,0.000317786150845,0.000364712832379,0.000412770685216,0.000499214403681,0.000664134831168,0.00113194625662,0.00175201217121
tomo_sample_2_051_rec,recon_01302.tiff,1302,250:350,740:840,600:1200,1400:1600,10000,-0.000277324288618,0.000145354992128,-5.14147751387e-05,5.35686844499e-05,-0.000259419831139,-0.000228115833437,-0.000179356989247,-0.000139397616294,-8.65446199896e-05,-5.08399862156e-05,-1.5820153294e-05,3.69373576177e-05,7.5865698891e-05,0.000111847204818,0.00014367333726,120000,-0.00336356693879,0.00174121442251,0.000355172351754,0.000183945959201,-0.00314248882353,-0.00221100501297,-0.000131798844814,0.000239765158767,0.000315949473588,0.000363279890735,0.000411283603171,0.000495479855454,0.000661224549985,0.00118236806616,0.00161216101034
tomo_sample_2_051_rec,recon_01303.tiff,1303,250:350,740:840,600:1200,1400:1600,10000,-0.000269097421551,0.000134926129249,-5.02695714642e-05,5.13246843985e-05,-0.000238499797507,-0.000209061959846,-0.000168793033808,-0.000134342375532,-8.59920164658e-05,-4.98008357681e-05,-1.49453471749e-05,3.34243406542e-05,6.86498367577e-05,0.000104462208859,0.000129403414839,120000,-0.00368730095215,0.00253745215014,0.000356758814727,0.000185945888276,-0.00307924572243,-0.00229444484552,-5.89027361639e-05,0.000239165816311,0.000315127203066,0.000362142571248,0.000410550455854,0.000496919077705,0.000676843125257,0.00144151304022,0.00237521934342
tomo_sample_2_051_rec,recon_01304.tiff,1304,250:350,740:840,600:1200,1400:1600,10000,-0.000265861541266,0.000133754932904,-5.25336183134e-05,5.44443833475e-05,-0.00024963574126,-0.000223909319684,-0.000180468830222,-0.000139913625026,-8.96065939742e-05,-5.29145618202e-05,-1.56157598212e-05,3.95101518734e-05,7.44125316851e-05,0.000110516978355,0.000130406784746,120000,-0.00364882382564,0.00247819814831,0.000363256289692,0.000173395789816,-0.00319614436957,-0.00210275199101,5.26379657822e-05,0.000244111442589,0.000317656085826,0.000364825958968,0.000413327092247,0.00050420340558,0.00074047881877,0.00136964766763,0.00184442944415
tomo_sample_2_051_rec,recon_01305.tiff,1305,250:350,740:840,600:1200,1400:1600,10000,-0.000262329733232,0.000143009063322,-5.27230555014e-05,5.29462331776e-05,-0.00025840198205,-0.0002385917145,-0.000178085224325,-0.000137412425829,-8.82288895809e-05,-5.29930566699e-05,-1.65684141393e-05,3.4587045775e-05,6.78337606223e-05,0.000103065922442,0.000120100600783,120000,-0.00375956576318,0.00210001668893,0.000364203950651,0.000171947768511,-0.00292513097806,-0.00210884320806,5.64712279811e-05,0.000246233186044,0.000318914404488,0.000364843348507,0.000413867739553,0.000506979672355,0.000754247014411,0.00132514231117,0.00180053520012
tomo_sample_2_051_rec,recon_01306.tiff,1306,250:350,740:840,600:1200,1400:1600,10000,-0.000259435677435,0.000133255962282,-4.95781275474e-05,5.28592304106e-05,-0.000251133650553,-0.00021607238274,-0.000178153728193,-0.000137467186869,-8.49048774398e-05,-4.84134034195e-05,-1.26590609852e-05,3.57012164386e-05,6.60424544913e-05,9.98181209434e-05,0.000118876557454,120000,-0.00340134091675,0.00165482691955,0.000357219332623,0.000175790348033,-0.00306056674062,-0.00207763040275,-6.02536587758e-05,0.00024045667451,0.000316746663884,0.000363226543413,0.000411329390772,0.000498412814341,0.000691855308251,0.00109654663305,0.00147802160548
tomo_sample_2_051_rec,recon_01307.tiff,1307,250:350,740:840,600:1200,1400:1600,10000,-0.000235168074141,0.000154146371642,-5.02837081484e-05,5.22876919186e-05,-0.000209901258489,-0.000200433993276,-0.000167929251475,-0.000135384430905,-8.69134673849e-05,-5.06115829921e-05,-1.52797983901e-05,3.64188510503e-05,7.31081217236e-05,0.000109643289463,0.000128804402864,120000,-0.00348511664197,0.00161970267072,0.000353658192075,0.000182360899817,-0.00303360271726,-0.00210531821637,-0.00014099327469,0.00023802295982,0.000314772856655,0.000361897458788,0.000409842352383,0.000493634326267,0.000658795778872,0.00116082691844,0.00149723970653
tomo_sample_2_051_rec,recon_01308.tiff,1308,250:350,740:840,600:1200,1400:1600,10000,-0.000242336202064,0.000162566197105,-5.26250832944e-05,5.17307637389e-05,-0.000236642432446,-0.000211511847272,-0.000170845931134,-0.000138011498348,-8.80526531546e-05,-5.25878713233e-05,-1.69263757925e-05,3.16286401358e-05,6.40483482857e-05,0.000114743406048,0.000142425246615,120000,-0.00346861896105,0.00183001183905,0.000354313670448,0.00019386658121,-0.00314055304071,-0.00237811258505,-0.000185891810688,0.000242254356999,0.000317301353789,0.000363334518624,0.000410874505178,0.000494881489431,0.000666878285119,0.00123253891198,0.00158395512016
tomo_sample_2_051_rec,recon_01309.tiff,1309,250:350,740:840,600:1200,1400:1600,10000,-0.000272762146778,0.000134558329592,-5.40507400807e-05,5.23642014976e-05,-0.000231944919824,-0.000217287774562,-0.00017608471564,-0.000141758654354,-9.00143986655e-05,-5.3687414038e-05,-1.74051410795e-05,3.16541601933e-05,6.54079139349e-05,9.62135763111e-05,0.000119304696748,120000,-0.00363069563173,0.00152707647067,0.00035315348402,0.00018482391965,-0.0031853627488,-0.00233331649145,-0.000190299532551,0.000238637453731,0.000315304314427,0.000362315462553,0.000410979009757,0.000497085807729,0.000652652316494,0.000960941377503,0.00140992329799
tomo_sample_2_051_rec,recon_01400.tiff,1400,250:350,740:840,600:1200,1400:1600,10000,-0.000228362725466,0.000118983363791,-4.8017979644e-05,4.6545814759e-05,-0.000221412610926,-0.000201675874283,-0.000156868725317,-0.000125299522915,-7.94430452515e-05,-4.81345341541e-05,-1.60209101523e-05,2.85572621578e-05,5.88635371241e-05,8.97855102448e-05,0.000102104640992,120000,-0.00380120053887,0.0022631615866,0.000364266283622,0.000214659525635,-0.00338775457295,-0.00240041330573,-0.000417829057842,0.000255706984899,0.000330507791659,0.000374442635803,0.000420166179538,0.000515475816792,0.000751291677589,0.00123162269383,0.00193462681851
tomo_sample_2_051_rec,recon_01401.tiff,1401,250:350,740:840,600:1200,1400:1600,10000,-0.000248999887845,0.000117929303087,-4.74895575887e-05,4.71371877887e-05,-0.000226351762137,-0.000186479556723,-0.000158505183063,-0.000127531993348,-7.83752748248e-05,-4.63338164991e-05,-1.5051017499e-05,2.82132230495e-05,5.99068219162e-05,8.84830689392e-05,0.00010431474319,120000,-0.00368241709657,0.0017414893955,0.000366288568031,0.000188890466611,-0.00315957494983,-0.0020844126856,-0.000229389143788,0.000255574019684,0.000329555223288,0.000373262053472,0.000418773321144,0.000512788258493,0.000725248170784,0.00119512495457,0.00165241502895
tomo_sample_2_051_rec,recon_01402.tiff,1402,250:350,740:840,600:1200,1400:1600,10000,-0.000217911001528,0.000141905329656,-4.75014521178e-05,4.7753014296e-05,-0.000204763351343,-0.000193048664223,-0.000158959389082,-0.000127625770256,-7.98820492491e-05,-4.75013075629e-05,-1.46959007452e-05,3.00517192954e-05,6.11259129073e-05,0.00010414346942,0.000136600886697,120000,-0.00360903097317,0.00192870409228,0.000368316289921,0.000195450400364,-0.00313678795958,-0.00221530729649,-0.000227877954312,0.000258510920685,0.000330049246259,0.000373236776795,0.000418538322265,0.000514999797451,0.000781320774695,0.00137101150316,0.00170784696394
tomo_sample_2_051_rec,recon_01403.tiff,1403,250:350,740:840,600:1200,1400:1600,10000,-0.000234952152823,0.000150052204845,-4.60425702804e-05,4.76949734153e-05,-0.000227504179743,-0.000202223383822,-0.000156060513837,-0.000124415582104,-7.79039437475e-05,-4.61221879959e-05,-1.46453653542e-05,3.29832433636e-05,6.8507062897e-05,0.000108729120402,0.000137543247103,120000,-0.00368683459237,0.00200867792591,0.000364869613957,0.000204077326585,-0.00316575546456,-0.00248737333715,-0.000247612858948,0.000255787924107,0.00032893770549,0.00037274917122,0.000418605704908,0.000514586048666,0.000739068390685,0.00118561103963,0.00178062550048
tomo_sample_2_051_rec,recon_01404.tiff,1404,250:350,740:840,600:1200,1400:1600,10000,-0.000221760768909,0.000129131411086,-4.90894520596e-05,4.7336994884e-05,-0.000210577110719,-0.000189575319557,-0.00015907846042,-0.000127549928584,-8.06937678135e-05,-4.85456021124e-05,-1.76859925887e-05,2.93007305117e-05,6.1625693852e-05,9.55611731624e-05,0.000120766191556,120000,-0.00375882931985,0.00238758022897,0.000362774839521,0.000208655727396,-0.00327824376267,-0.00241115583898,-0.00031344884861,0.000254071234667,0.000328201167576,0.000371762740542,0.000416727561969,0.000510823269724,0.000724371476099,0.00133729935694,0.00218459323558
tomo_sample_2_051_rec,recon_01405.tiff,1405,250:350,740:840,600:1200,1400:1600,10000,-0.000209246340091,0.000120324621093,-4.69736078852e-05,4.66905682929e-05,-0.000203303175588,-0.000188745620821,-0.000155155773245,-0.000123658672965,-7.88764282333e-05,-4.75760607515e-05,-1.46313686855e-05,2.94270790619e-05,6.13357447583e-05,9.47623009488e-05,0.000114438799953,120000,-0.00400500185788,0.00230464758351,0.000361063786818,0.000212240247597,-0.00316407342691,-0.00245787898428,-0.000379897804814,0.000252390216338,0.000327980735165,0.000371434551198,0.000416659881012,0.000509104525554,0.000744298326899,0.00120565113402,0.00183685939112
tomo_sample_2_051_rec,recon_01406.tiff,1406,250:350,740:840,600:1200,1400:1600,10000,-0.000235839019297,0.000127475170302,-4.67728814583e-05,4.68114511989e-05,-0.000210943938798,-0.000191981333555,-0.00015334017764,-0.00012396647362,-7.83699506428e-05,-4.70671257062e-05,-1.48592393998e-05,2.97654692076e-05,6.27622916363e-05,9.61058471221e-05,0.000111177418272,120000,-0.00398417096585,0.00218340707943,0.000361580783566,0.000210899069051,-0.0033311559607,-0.00237435097853,-0.000372528255102,0.000252869483666,0.000327406029101,0.00037109440018,0.000416622424382,0.000509378412971,0.000740281970357,0.00130821710778,0.00186265323805
tomo_sample_2_051_rec,recon_01407.tiff,1407,250:350,740:840,600:1200,1400:1600,10000,-0.000206650161999,0.000110642271466,-4.80524162156e-05,4.55668766202e-05,-0.000200296238009,-0.00018331322218,-0.000155117997492,-0.000121894358381,-7.94038387539e-05,-4.84078991576e-05,-1.67487341969e-05,2.69107662461e-05,5.6642943091e-05,8.81261372342e-05,0.000102497040341,120000,-0.00400789361447,0.00245725130662,0.000370264455119,0.000206859254447,-0.00338668912316,-0.00245145195792,-0.000219527853187,0.000260076786799,0.000331747920427,0.000375474919565,0.000421243705205,0.000523483596044,0.000793127866345,0.00139503443544,0.0020862037333
tomo_sample_2_051_rec,recon_01408.tiff,1408,250:350,740:840,600:1200,1400:1600,10000,-0.000222756745643,0.000136862610816,-4.98166195703e-05,4.68375826264e-05,-0.00021850856423,-0.000194720756772,-0.000162421882414,-0.000128265585226,-8.07373999123e-05,-4.92028630106e-05,-1.89767206393e-05,2.65281086286e-05,6.04621391903e-05,0.000101017728222,0.000121249603435,120000,-0.00400083465502,0.00203644414432,0.000371614582726,0.000205306228181,-0.00336627600349,-0.00231077188533,-0.000231606910384,0.000259995131637,0.000331727955199,0.000374960378394,0.000420892429247,0.000527454080293,0.000834077921463,0.00148342341243,0.00181601891282
tomo_sample_2_051_rec,recon_01409.tiff,1409,250:350,740:840,600:1200,1400:1600,10000,-0.000228896635235,0.000134513276862,-4.53416578116e-05,4.77027916986e-05,-0.000221460317074,-0.000193205368938,-0.000153656618204,-0.000123730248015,-7.77616314735e-05,-4.52490312455e-05,-1.34610750138e-05,3.34799127813e-05,6.9193552481e-05,0.000107787933841,0.000130050141503,120000,-0.00415762746707,0.00214190431871,0.000365845094289,0.000209259180452,-0.00340320641757,-0.00236974751367,-0.000268785713124,0.000255039309559,0.000328767542669,0.000372065391275,0.000417921866756,0.000517763703829,0.000792438820936,0.00135453114996,0.00185676974779
tomo_sample_2_051_rec,recon_01500.tiff,1500,250:350,740:840,600:1200,1400:1600,10000,-0.00022380957671,0.000115878443466,-5.01788954849e-05,4.76325875598e-05,-0.000212171071139,-0.000193995052497,-0.000158611397928,-0.000129774399102,-8.34633974591e-05,-4.95986114402e-05,-1.69369809555e-05,2.73524237855e-05,5.70395421528e-05,8.76424152812e-05,0.000105924226397,120000,-0.00386164500378,0.00222485582344,0.000356557157422,0.000156925038262,-0.00321193701369,-0.00202134696837,9.44695725047e-05,0.000255782218301,0.000321712366713,0.000363386934623,0.000405034188589,0.000471672398271,0.000566843872657,0.00106150566635,0.00193406154099
tomo_sample_2_051_rec,recon_01501.tiff,1501,250:350,740:840,600:1200,1400:1600,10000,-0.000280656415271,0.00013348495122,-4.89467381454e-05,5.02412664102e-05,-0.000235176042333,-0.000197790404622,-0.000165792398911,-0.000130956051726,-8.27371477499e-05,-4.89466092404e-05,-1.47555915646e-05,3.30887682139e-05,6.59712021297e-05,0.000109214625074,0.000132748770695,120000,-0.00400201883167,0.00163741514552,0.000355945093392,0.000152839409581,-0.00304431719789,-0.00189986938972,0.000112617660488,0.000256593732047,0.000321527208143,0.000362967155525,0.000404151964176,0.000470004572708,0.00055937916215,0.00105076333357,0.00149437740419
tomo_sample_2_051_rec,recon_01502.tiff,1502,250:350,740:840,600:1200,1400:1600,10000,-0.000235681291088,0.00015347925364,-4.7178836774e-05,4.9108959017e-05,-0.000233223034516,-0.000210013108765,-0.000159567983501,-0.000127647324553,-7.99411409389e-05,-4.7324483603e-05,-1.36018024932e-05,3.29731399688e-05,6.68145757663e-05,0.000111256288117,0.00013934649366,120000,-0.00386208668351,0.00134906591848,0.000358563772339,0.000147782962463,-0.00312608234037,-0.00194215000072,0.000152890156023,0.000257874601812,0.000322352723742,0.000364104198525,0.000406255276175,0.000474413580378,0.000582723564585,0.000882707761833,0.0011545762284
tomo_sample_2_051_rec,recon_01503.tiff,1503,250:350,740:840,600:1200,1400:1600,10000,-0.000199972186238,0.000136212212965,-4.38542357302e-05,5.02562252593e-05,-0.000198503302746,-0.000190119996798,-0.000160623197153,-0.000128172845871,-7.79141955718e-05,-4.34290432167e-05,-9.30578926273e-06,3.79824472475e-05,6.86949465307e-05,0.000104439221126,0.000128953919682,120000,-0.00363643513992,0.00153440004215,0.000361689598645,0.000142142858544,-0.00275026368441,-0.00191385735897,0.000172893035196,0.000259471930622,0.000322931045957,0.000364804611309,0.000407574028941,0.000476883695228,0.000609509968199,0.00105502615857,0.0014067303132
tomo_sample_2_051_rec,recon_01504.tiff,1504,250:350,740:840,600:1200,1400:1600,10000,-0.000251493678661,0.000167494668858,-4.60506052877e-05,4.9015087472e-05,-0.000229257854789,-0.000199248130797,-0.000163200926618,-0.000126622406242,-7.87006974861e-05,-4.50123334303e-05,-1.26922336676e-05,3.24358279613e-05,6.581978545e-05,0.000119586283181,0.000144590920668,120000,-0.00367475999519,0.00205555581488,0.000362150510297,0.000135159762958,-0.00255549217537,-0.00156636608311,0.000166870942048,0.000259518704843,0.000323133448546,0.000364960680599,0.000406945597206,0.000474481201672,0.000586734130629,0.00128111934254,0.00183775925435
tomo_sample_2_051_rec,recon_01505.tiff,1505,250:350,740:840,600:1200,1400:1600,10000,-0.000230364428717,0.00015046694898,-4.82140536654e-05,4.92475552227e-05,-0.000208145614332,-0.000190203942795,-0.000161623760505,-0.000128646277881,-8.20925688458e-05,-4.87900251755e-05,-1.55692578119e-05,3.34503067279e-05,6.92896774126e-05,0.000111270430643,0.000148081313755,120000,-0.00337219936773,0.00212588789873,0.000363233203406,0.000136304763153,-0.0029663279616,-0.00149506899866,0.000175845875638,0.000258969856077,0.000324324479152,0.000365794316167,0.000407696039474,0.000476166656881,0.000594811800984,0.00115473090031,0.00200121677536
tomo_sample_2_051_rec,recon_01506.tiff,1506,250:350,740:840,600:1200,1400:1600,10000,-0.000206967393751,0.00012651560246,-4.62833761184e-05,4.88357946893e-05,-0.000204174025534,-0.000189456576496,-0.000157648579188,-0.000128428086464,-7.91054153524e-05,-4.55529752799e-05,-1.28794051761e-05,3.40359843904e-05,6.50751367357e-05,0.000101037386048,0.000122331908686,120000,-0.00351185700856,0.00219077197835,0.000363124617513,0.000136940386462,-0.00284157595842,-0.00153624225955,0.000180156906426,0.000263269942661,0.000325755732774,0.000366533640772,0.000407656567404,0.000475547970564,0.00058689725236,0.00105861997162,0.00181429457392
tomo_sample_2_051_rec,recon_01507.tiff,1507,250:350,740:840,600:1200,1400:1600,10000,-0.000239981047343,0.000116023606097,-4.7834728986e-05,4.82914266619e-05,-0.00023276669645,-0.000204177007399,-0.000158988940675,-0.000126842209283,-8.06810694485e-05,-4.79537684441e-05,-1.51216027007e-05,3.20838185871e-05,6.52195133443e-05,9.4449775439e-05,0.000114806743849,120000,-0.00410537282005,0.00137655588333,0.000358625694893,0.000133146372022,-0.00277741605414,-0.00156160882849,0.000159781974799,0.0002579984779,0.000322410247463,0.000364003528375,0.000405626429711,0.000471787150309,0.000554386787699,0.000853037444176,0.0011405703982
tomo_sample_2_051_rec,recon_01508.tiff,1508,250:350,740:840,600:1200,1400:1600,10000,-0.000248164928053,0.000106540210254,-5.07668677365e-05,4.94204232481e-05,-0.000235443591797,-0.000211022863485,-0.000169987870468,-0.000132297851087,-8.41045548441e-05,-5.03208284499e-05,-1.60383128787e-05,2.81362882561e-05,6.17284500186e-05,8.84112981439e-05,9.9476114686e-05,120000,-0.00395975634456,0.00174118857831,0.000355565146434,0.000145868657511,-0.00328835548146,-0.0018383218979,0.000123310082417,0.00025616066996,0.000320955048664,0.00036205262586,0.000403404214012,0.000467320346797,0.000546599832596,0.000957504491846,0.00154985196437
tomo_sample_2_051_rec,recon_01509.tiff,1509,250:350,740:840,600:1200,1400:1600,10000,-0.000219718334847,0.000133131645271,-4.55887323568e-05,4.91877207074e-05,-0.000216975820488,-0.00020031626508,-0.00015830504155,-0.000125426389423,-7.93642811914e-05,-4.60343344457e-05,-1.23701111079e-05,3.58267750926e-05,6.92451986106e-05,0.000104180082504,0.000121661379394,120000,-0.00375486980192,0.00127711787354,0.00035771893981,0.000137725423848,-0.00313005483109,-0.00185394351534,0.000166722261347,0.000257878861157,0.000322550295095,0.000363899031072,0.000404918951972,0.000468935442041,0.000537818217417,0.000835726341465,0.00115688521613
tomo_sample_2_051_rec,recon_01600.tiff,1600,250:350,740:840,600:1200,1400:1600,10000,-0.000234845356317,0.000133194334921,-4.47713927206e-05,5.13268905573e-05,-0.000230463761736,-0.00020130156404,-0.000164720062166,-0.000129679041129,-7.9424433352e-05,-4.40735238953e-05,-9.8981465726e-06,4.00300985348e-05,7.23221892986e-05,0.00010633276419,0.000130414367678,120000,-0.00358931720257,0.00186700630002,0.000360107082089,0.000160419730007,-0.00290854626682,-0.00167035783245,-7.18003600923e-05,0.000250150254578,0.000319794933603,0.000364972351235,0.000410583787016,0.000488568888977,0.000677039687871,0.00125393997296,0.00168117683477
tomo_sample_2_051_rec,recon_01601.tiff,1601,250:350,740:840,600:1200,1400:1600,10000,-0.000229861077969,0.000121999626572,-4.91088898156e-05,5.2658190466e-05,-0.000220269720272,-0.000203396939061,-0.000171938253479,-0.000136066722916,-8.46053972055e-05,-4.95739332109e-05,-1.17930826491e-05,3.62809989383e-05,7.21201661509e-05,0.000109456029742,0.000119135608596,120000,-0.00324948038906,0.00164247816429,0.000362670700553,0.000140064082883,-0.00233251773128,-0.00134818305424,6.36244118505e-05,0.000252804376942,0.000321244813676,0.000366194202797,0.000411149310821,0.000488157058135,0.000667673315038,0.00106310611335,0.0013854631682
tomo_sample_2_051_rec,recon_01602.tiff,1602,250:350,740:840,600:1200,1400:1600,10000,-0.000242919239099,0.000125560574816,-4.81642851355e-05,5.05773192251e-05,-0.000229658051675,-0.000199282662419,-0.000165756695642,-0.000131275435706,-8.29656528367e-05,-4.80975577375e-05,-1.44612363329e-05,3.56828611984e-05,7.03525393328e-05,0.000107961396694,0.000119236144608,120000,-0.00350207276642,0.00191259966232,0.000357979014758,0.000153362477997,-0.00287156192316,-0.00162760933966,3.63342712444e-05,0.000250999047421,0.000319355502143,0.000363173530786,0.000408272710047,0.000482757965801,0.000625526272343,0.00108729430125,0.00160731462978
tomo_sample_2_051_rec,recon_01603.tiff,1603,250:350,740:840,600:1200,1400:1600,10000,-0.000262916553766,0.000125348145957,-4.79949466439e-05,5.08178148584e-05,-0.000249548987928,-0.000207666724222,-0.00016902281277,-0.00013278317856,-8.19817232696e-05,-4.7161413022e-05,-1.30823736981e-05,3.40568649335e-05,6.63059910585e-05,0.000101638427623,0.000115013827221,120000,-0.00335566489957,0.00168534368277,0.000355871612053,0.000167976375136,-0.00290735823186,-0.00186920490453,-3.97462746696e-05,0.000249586984864,0.000319224178384,0.000362912687706,0.000406949737226,0.000480071516358,0.000635380030726,0.00119496676954,0.00151320883038
tomo_sample_2_051_rec,recon_01604.tiff,1604,250:350,740:840,600:1200,1400:1600,10000,-0.000235034895013,0.000168008453329,-4.84550041533e-05,5.29489901451e-05,-0.000224039592528,-0.000208419538118,-0.000170868315035,-0.000135482005135,-8.49013104016e-05,-4.8091291319e-05,-1.27502546547e-05,3.82162534152e-05,7.43578754191e-05,0.000113535406257,0.000141158343918,120000,-0.00335950613953,0.00175803410821,0.000360361124931,0.000164826831857,-0.00291991683976,-0.00206082936237,0.000115543247375,0.000253236443677,0.000320355793519,0.000364215127775,0.000409116779338,0.00048337533517,0.000664348725695,0.00130950697977,0.00160768355934
tomo_sample_2_051_rec,recon_01605.tiff,1605,250:350,740:840,600:1200,1400:1600,10000,-0.000250103912549,0.000168295067851,-4.63193745459e-05,5.06163180019e-05,-0.000235823450849,-0.000195042600637,-0.000162345475983,-0.000127293662808,-8.07598607935e-05,-4.72813590022e-05,-1.21922826111e-05,3.80541663617e-05,7.64038824127e-05,0.000118682953405,0.000153784097763,120000,-0.00341499294154,0.00241702166386,0.000359938327237,0.000158289261246,-0.00289473207328,-0.0018905496255,9.23350985249e-05,0.00025319185952,0.000320096944051,0.000363812650903,0.000407645187806,0.000482135944185,0.00064230260381,0.00137455388717,0.00197141113409
tomo_sample_2_051_rec,recon_01606.tiff,1606,250:350,740:840,600:1200,1400:1600,10000,-0.000236401654547,0.000151772430399,-4.3788838403e-05,5.04883372562e-05,-0.000216563484581,-0.000196701350433,-0.000160147890711,-0.000127714818518,-7.82737315603e-05,-4.32867054769e-05,-8.53142296364e-06,3.84939419746e-05,6.95984248887e-05,0.00010757151783,0.000143378808371,120000,-0.00332134007476,0.00258618220687,0.000360419760787,0.000166034757383,-0.00296569850496,-0.00189215804974,8.34333186503e-05,0.000250750742271,0.00031937660242,0.000362720922567,0.000406585233577,0.000480949127814,0.000683441914152,0.00167008272419,0.00244313238072
tomo_sample_2_051_rec,recon_01607.tiff,1607,250:350,740:840,600:1200,1400:1600,10000,-0.00027294550091,0.00014042177645,-4.96767344019e-05,5.20215208884e-05,-0.000258539497841,-0.000230278714982,-0.000180187258666,-0.000136230972566,-8.45555896376e-05,-4.83424701088e-05,-1.36749324611e-05,3.43527304722e-05,6.6494786588e-05,9.94661768127e-05,0.000126192459617,120000,-0.0037218304351,0.0029301927425,0.0003610662416,0.000159671963405,-0.00289973981348,-0.00189935615833,0.000130828601832,0.000254728349682,0.000321006147715,0.000363721104804,0.000406579187256,0.000479309090588,0.00064811829594,0.00143331501551,0.00277104002889
tomo_sample_2_051_rec,recon_01608.tiff,1608,250:350,740:840,600:1200,1400:1600,10000,-0.000223866358283,0.000124358630273,-5.23054087288e-05,5.15847151992e-05,-0.000221527459135,-0.000203555929707,-0.000174580572639,-0.000139463941014,-8.64898502186e-05,-5.14084822498e-05,-1.74279975909e-05,3.2885678047e-05,6.69745308551e-05,0.000104033167911,0.0001241839229,120000,-0.00357858883217,0.00161321053747,0.000361508633656,0.000155270218085,-0.00295407683682,-0.00206102674175,0.000145446749229,0.000257515715202,0.000323108091834,0.000365798259736,0.000409404361562,0.000484366387536,0.000632571947644,0.00105318498111,0.00144114017669
tomo_sample_2_051_rec,recon_01609.tiff,1609,250:350,740:840,600:1200,1400:1600,10000,-0.000242840891588,0.000145994155901,-5.24542923671e-05,4.92514704151e-05,-0.000242685507225,-0.000210475555374,-0.000166044241487,-0.00013310348877,-8.57608429214e-05,-5.28225555172e-05,-1.81063919626e-05,2.73563048722e-05,5.90300567274e-05,0.000112978536323,0.000136949240731,120000,-0.00320743350312,0.00196279981174,0.000361492203726,0.000154776837181,-0.00284920404132,-0.00199662758294,0.000150046359631,0.00025920024782,0.000323657681292,0.000365741449059,0.000408201340178,0.000481832500373,0.000633688569651,0.00109001843212,0.00168621507423
tomo_sample_2_051_rec,recon_01700.tiff,1700,250:350,740:840,600:1200,1400:1600,10000,-0.000221488866373,0.000140576521517,-5.02629666935e-05,4.76695526766e-05,-0.000218986696513,-0.000200582426929,-0.000161944305437,-0.000131320879154,-8.1770851466e-05,-4.97643795825e-05,-1.76168136932e-05,2.69998935437e-05,5.81403422257e-05,0.000106568479518,0.000120920770668,120000,-0.00304614892229,0.00176084239502,0.000362548431591,8.77317656209e-05,-0.00244509139955,-0.00040621104918,0.000219410648861,0.00026743944909,0.000325103428622,0.000363892395399,0.000403054269555,0.000460752600338,0.000510700620944,0.000692584103381,0.00129327020152
tomo_sample_2_051_rec,recon_01701.tiff,1701,250:350,740:840,600:1200,1400:1600,10000,-0.000217802458792,0.00011068891763,-5.00316469703e-05,4.81358280883e-05,-0.000214396327052,-0.000203380268722,-0.00015734096698,-0.000130280740268,-8.27276053315e-05,-5.01844842802e-05,-1.65564765666e-05,2.90341090476e-05,6.03264961319e-05,8.77606688446e-05,0.000103158865405,120000,-0.0034078177996,0.0014589575585,0.000363980646984,7.94597896187e-05,-0.00185340049302,-0.000174689833148,0.000223779135995,0.000269175195717,0.000325260160025,0.000363671802916,0.000402573306928,0.000461063630064,0.000517550762743,0.000864502084965,0.00127815827267
tomo_sample_2_051_rec,recon_01702.tiff,1702,250:350,740:840,600:1200,1400:1600,10000,-0.000221220296226,0.000120520744531,-4.84457419033e-05,4.86040522181e-05,-0.000215387904375,-0.000193313049866,-0.00015882954307,-0.000129672558978,-8.10743895272e-05,-4.79394348076e-05,-1.59478190653e-05,3.2340582402e-05,6.45754153811e-05,8.99666555561e-05,0.000108296721173,120000,-0.00190298352391,0.00155104650185,0.00036500523388,7.17338140095e-05,-0.00103307917317,-2.15280272932e-05,0.000223996200511,0.000269261001085,0.0003255164047,0.00036444113357,0.000403118727263,0.000461618351983,0.000517795445048,0.000884779851534,0.00129917387967
tomo_sample_2_051_rec,recon_01703.tiff,1703,250:350,740:840,600:1200,1400:1600,10000,-0.000243938731728,0.000126647239085,-5.12696803173e-05,4.87252345719e-05,-0.000243326841232,-0.00020203479362,-0.000165962271276,-0.000131762581441,-8.35981263663e-05,-5.15353876835e-05,-1.85164412869e-05,2.92673130389e-05,5.97335850762e-05,0.000101959189349,0.000120737606117,120000,-0.00310952332802,0.00159323075786,0.00036307482885,8.12995708804e-05,-0.00195842310807,-0.000270344240445,0.000223382836703,0.000267447414808,0.000324400753016,0.000363311424735,0.000402315206884,0.000460383563768,0.000510920545785,0.000883434900083,0.00139222807807
tomo_sample_2_051_rec,recon_01704.tiff,1704,250:350,740:840,600:1200,1400:1600,10000,-0.000239908287767,0.000124143218272,-5.0509470419e-05,4.80933405884e-05,-0.000227974087748,-0.000204620927427,-0.000162873629015,-0.000130221521249,-8.27892235975e-05,-4.977784738e-05,-1.74273891389e-05,2.8217154977e-05,6.00359002419e-05,9.57963847104e-05,0.000110150724727,120000,-0.00340306176804,0.0015747997677,0.000360586412833,9.42352828076e-05,-0.00281002925767,-0.000641476948862,0.000215738353727,0.000265016316553,0.000323480373481,0.00036261259811,0.000401356643124,0.000459862373827,0.000506470083492,0.000725059263175,0.00134582277351
tomo_sample_2_051_rec,recon_01705.tiff,1705,250:350,740:840,600:1200,1400:1600,10000,-0.000226495671086,0.000116505376354,-5.08061218706e-05,4.76678311859e-05,-0.000218129040161,-0.000198748509676,-0.000162385148578,-0.000130613039801,-8.24554772407e-05,-5.09390029038e-05,-1.79634080268e-05,2.67901195912e-05,5.77164312199e-05,8.52529384065e-05,0.000103709840027,120000,-0.00357806030661,0.00142055400647,0.000359869199443,9.97952222986e-05,-0.00289881640573,-0.000809393609234,0.000211855225934,0.000264236969815,0.000322640975355,0.000362334569218,0.000401652032451,0.000460807692434,0.000511307789129,0.000731290125637,0.00120294002607
tomo_sample_2_051_rec,recon_01706.tiff,1706,250:350,740:840,600:1200,1400:1600,10000,-0.000220087807975,0.000137678420288,-5.199158292e-05,4.73659026292e-05,-0.000217611363328,-0.000196397604566,-0.00016376068641,-0.000128957779816,-8.36974268168e-05,-5.22427708347e-05,-2.0480475996e-05,2.54030748692e-05,6.17424339725e-05,0.000108965193322,0.000127408327282,120000,-0.00358810834587,0.00119205610827,0.000359930381508,9.94776205483e-05,-0.00278230588927,-0.000823839486227,0.000205294036277,0.000262361750356,0.000322703323036,0.000362338440027,0.000402256322559,0.000462268522824,0.000517454881337,0.000778123672935,0.00106818618396
tomo_sample_2_051_rec,recon_01707.tiff,1707,250:350,740:840,600:1200,1400:1600,10000,-0.000233844126342,0.000124612648506,-4.89204412036e-05,4.8566088241e-05,-0.000218205684757,-0.000205137762605,-0.000162428779731,-0.000129983622173,-8.17644668132e-05,-4.83973035443e-05,-1.45233589137e-05,2.86998111733e-05,5.95274326406e-05,0.00010187790182,0.000121030987291,120000,-0.00298600643873,0.00128106249031,0.000359011562668,0.000102348154483,-0.00271783518665,-0.00101152987452,0.000197882813227,0.000261107344704,0.000322585561662,0.000362675098586,0.000402265308367,0.000460989039857,0.000514116177801,0.000754980635946,0.00107712954055
tomo_sample_2_051_rec,recon_01708.tiff,1708,250:350,740:840,600:1200,1400:1600,10000,-0.000246762123425,0.000169130013091,-4.90094319128e-05,4.94596210738e-05,-0.000225184635117,-0.000202181862085,-0.00016165123976,-0.000129763619771,-8.28890824778e-05,-4.94217838423e-05,-1.40317247315e-05,3.12406089506e-05,6.40709081199e-05,9.87544476666e-05,0.000142174441947,120000,-0.0035123701673,0.00157448835671,0.000358650918291,0.00010989934685,-0.00285315919311,-0.00109985331248,0.000196874508692,0.000261131444131,0.000322015570418,0.000362259175745,0.000401961631724,0.00046210209548,0.000515170995495,0.000813134609663,0.00125534170133
tomo_sample_2_051_rec,recon_01709.tiff,1709,250:350,740:840,600:1200,1400:1600,10000,-0.000225508672884,0.000129219508381,-4.89479048686e-05,4.98538287329e-05,-0.00022418140902,-0.000195401120523,-0.000163322224689,-0.000129906929214,-8.34202273836e-05,-4.98953068018e-05,-1.44378423101e-05,3.40761072948e-05,6.79193700489e-05,0.000102714713736,0.000125004676622,120000,-0.00333959469572,0.00211692531593,0.000361765910916,9.75297731159e-05,-0.00262238927213,-0.000722817420086,0.000208140239993,0.00026301285543,0.000322804880852,0.000363213970559,0.000403662401368,0.000465392692422,0.000526524872403,0.000813537506561,0.00149974273925
tomo_sample_2_051_rec,recon_01800.tiff,1800,250:350,740:840,600:1200,1400:1600,10000,-0.000252582278335,0.00016005532234,-4.9636539928e-05,5.3541591389e-05,-0.000244305045437,-0.000215902724696,-0.000172254300269,-0.000135946638329,-8.6124318841e-05,-5.02897910337e-05,-1.36260948693e-05,3.94153894376e-05,7.46640637954e-05,0.000117140976057,0.000142969822953,120000,-0.00354275410064,0.00176696898416,0.000358483329138,0.000166382276681,-0.00279337464839,-0.00189937634184,-2.79125144698e-05,0.000249944358075,0.000321487714245,0.00036637224548,0.000411390552472,0.00048526393366,0.000630059274845,0.00107045376394,0.00154745801173
tomo_sample_2_051_rec,recon_01801.tiff,1801,250:350,740:840,600:1200,1400:1600,10000,-0.000261978973867,0.000168235710589,-4.97129132689e-05,5.25682958753e-05,-0.000251016075257,-0.000221566910317,-0.000174011489726,-0.000136629270128,-8.49296084198e-05,-4.98639783473e-05,-1.33752553211e-05,3.66109055904e-05,6.92071588855e-05,0.000104914239688,0.00014353450042,120000,-0.0032910797745,0.00181654584594,0.000358316637229,0.000162666388218,-0.00274534651018,-0.00182436936023,-2.88982730854e-05,0.000251762160042,0.000321825122228,0.000366462190868,0.000410812936025,0.000483706044906,0.000611735824496,0.00101215809782,0.0016123045231
tomo_sample_2_051_rec,recon_01802.tiff,1802,250:350,740:840,600:1200,1400:1600,10000,-0.000241245390498,0.000137462702696,-5.16860515437e-05,5.1659637804e-05,-0.00023487790548,-0.000210252381963,-0.000174696429021,-0.000137048533361,-8.57420182001e-05,-5.15852025273e-05,-1.6704470454e-05,3.2947494401e-05,6.76847637078e-05,0.000108635299926,0.000132746840396,120000,-0.00325172324665,0.00158292520791,0.000357947940732,0.000165234801043,-0.00263526492971,-0.00192307365441,-2.93028330088e-05,0.000250446562131,0.000322017876897,0.000366469859728,0.000411346372857,0.000485239947739,0.000617416971363,0.0010140583344,0.00138516478827
tomo_sample_2_051_rec,recon_01803.tiff,1803,250:350,740:840,600:1200,1400:1600,10000,-0.000228634773521,0.000147902042954,-4.79191434676e-05,5.23414815907e-05,-0.00022763527332,-0.000199755667665,-0.000168025940948,-0.000133609392651,-8.34897255118e-05,-4.84102893097e-05,-1.19425912999e-05,3.8645557288e-05,7.13273081055e-05,0.000108034023149,0.000146458215355,120000,-0.00288391741924,0.00167926435824,0.000356876877315,0.000162933168155,-0.00251034951715,-0.0018657889287,-4.75440258379e-05,0.000249756059202,0.000321231491398,0.000365730331396,0.000410105130868,0.000483256018197,0.000601464149076,0.00100587988889,0.00132343678587
tomo_sample_2_051_rec,recon_01804.tiff,1804,250:350,740:840,600:1200,1400:1600,10000,-0.000235887855524,0.000147176775499,-5.00934571527e-05,5.38913928641e-05,-0.000231892779363,-0.000214677847558,-0.000177096515254,-0.00013800230372,-8.68549232109e-05,-5.04246017954e-05,-1.25446622405e-05,3.90165349017e-05,7.20275595086e-05,0.00011219371271,0.000143384198091,120000,-0.00291863130406,0.00173160131089,0.000356386913758,0.000160668633901,-0.0025601365956,-0.00174460261106,-5.01022839308e-05,0.000247692508856,0.000320198108966,0.000365251224139,0.000410893982917,0.000482785371423,0.000589604787529,0.000999307700549,0.00143278725842
tomo_sample_2_051_rec,recon_01805.tiff,1805,250:350,740:840,600:1200,1400:1600,10000,-0.000229114608373,0.000136724469485,-5.10350776647e-05,5.2057067103e-05,-0.000222134752694,-0.000203015064893,-0.000167511999607,-0.00013567641945,-8.69822033565e-05,-5.23552989762e-05,-1.57112071975e-05,3.48124380253e-05,7.09959164669e-05,0.000121050940463,0.000131390925606,120000,-0.00343733537011,0.00160185678396,0.000359760981218,0.000160101725236,-0.00269724291374,-0.00184124046366,5.5950323549e-05,0.000253406701086,0.000321876177622,0.000365910251276,0.000410920372815,0.000485877890605,0.000623347437358,0.00110255278274,0.00144601558783
tomo_sample_2_051_rec,recon_01806.tiff,1806,250:350,740:840,600:1200,1400:1600,10000,-0.000231636498938,0.000154534747708,-5.02298054242e-05,5.24324190449e-05,-0.000228444593621,-0.00021037656776,-0.000172151021688,-0.000136358944292,-8.57907543832e-05,-5.07017703057e-05,-1.44382026974e-05,3.52722621756e-05,7.24154517957e-05,0.000118192216934,0.000147423341319,120000,-0.0036923030857,0.00167425989639,0.00036083561105,0.000156405075705,-0.00270993764396,-0.00179380372027,7.65890817274e-05,0.000254225938988,0.000322440937452,0.000366323947674,0.000410924585594,0.000485859571199,0.000637983019697,0.00100561594195,0.00149064585868
tomo_sample_2_051_rec,recon_01807.tiff,1807,250:350,740:840,600:1200,1400:1600,10000,-0.000229025958106,0.000136799135362,-4.94420014743e-05,5.20357288206e-05,-0.000217644995678,-0.000210313490592,-0.000167719491292,-0.000135211322049,-8.45042068249e-05,-4.92232611577e-05,-1.4024011989e-05,3.59850628229e-05,7.32333779888e-05,0.000115374300301,0.000133007925696,120000,-0.00322508974932,0.00169724237639,0.000359468616693,0.000160008641602,-0.00289006266198,-0.00190184672293,4.76511316083e-05,0.00025275110238,0.000321851584886,0.00036602767068,0.000410736050981,0.000482790710521,0.000612253822037,0.00110986927326,0.00153783007986
tomo_sample_2_051_rec,recon_01808.tiff,1808,250:350,740:840,600:1200,1400:1600,10000,-0.000264755100943,0.000147460174048,-5.11379857051e-05,5.24936575861e-05,-0.000260664733819,-0.000231197884539,-0.000179701510933,-0.000139227099135,-8.5337946075e-05,-4.98558492836e-05,-1.57158192451e-05,3.30784805556e-05,6.71701097599e-05,0.000113370983381,0.000132634564812,120000,-0.00325115374289,0.0020190665964,0.00035913259025,0.000162558877023,-0.00277628336407,-0.00204196270346,5.23149138826e-05,0.000252365687629,0.000321229781548,0.000365318177501,0.000410091291997,0.000482210431073,0.000609998718719,0.00124517428852,0.00185724535534
tomo_sample_2_051_rec,recon_01809.tiff,1809,250:350,740:840,600:1200,1400:1600,10000,-0.000254317652434,0.000126361584989,-4.93021915101e-05,5.12202850489e-05,-0.000250562004093,-0.000209138320934,-0.000168323630642,-0.000134128071659,-8.35259543237e-05,-4.87819070258e-05,-1.42529270306e-05,3.55212094291e-05,6.97550590121e-05,0.000105899230868,0.000123398252849,120000,-0.0031972839497,0.00190355931409,0.000359483995581,0.000156266088118,-0.00286361424709,-0.00193947411038,0.000118680992309,0.000252897113387,0.000320557555824,0.000364330815501,0.00040904263733,0.000482236139942,0.000605252570822,0.00119798369473,0.00171201846342
tomo_sample_2_051_rec,recon_01900.tiff,1900,250:350,740:840,600:1200,1400:1600,10000,-0.000255280436249,0.000111247019959,-5.15494224233e-05,5.09431400701e-05,-0.000244427335411,-0.00021531356631,-0.000171364084817,-0.000136951267632,-8.55114412843e-05,-5.14181538165e-05,-1.65197784554e-05,3.0366718056e-05,6.59128958796e-05,0.000102408603336,0.00010920951904,120000,-0.00305158249103,0.00137774087489,0.000362383923944,0.000126932440095,-0.00270068859309,-0.00151257169154,0.000136209117627,0.000259931008623,0.000325353932567,0.000366770371329,0.000408291540225,0.000476050654834,0.000573751366464,0.00088286274398,0.00116656748608
tomo_sample_2_051_rec,recon_01901.tiff,1901,250:350,740:840,600:1200,1400:1600,10000,-0.000241051850026,0.000142984499689,-5.46313484047e-05,4.78248167585e-05,-0.000220640784796,-0.000208803432659,-0.000167447752319,-0.000134191749385,-8.66695500008e-05,-5.42625875823e-05,-2.19798816943e-05,2.19647315134e-05,5.44219026779e-05,8.79690025758e-05,0.000114179645101,120000,-0.00319841713645,0.00288043241017,0.000360631372185,0.000138410630487,-0.0028083008294,-0.00166720091831,9.52561842132e-05,0.000258302416478,0.00032420183561,0.000365915271686,0.000407855288358,0.000475617269694,0.000563957687118,0.000932826996315,0.00228998387561
tomo_sample_2_051_rec,recon_01902.tiff,1902,250:350,740:840,600:1200,1400:1600,10000,-0.000251313264016,0.000125273567392,-5.47440894372e-05,4.9733670091e-05,-0.000245045391447,-0.000211257830757,-0.000172094462032,-0.000136090777232,-8.81538162503e-05,-5.45403381693e-05,-2.13108828575e-05,2.6789398089e-05,5.95443219936e-05,9.68993398928e-05,0.000118410508255,120000,-0.00333836767823,0.00191417767201,0.000357040829659,0.000152217591745,-0.0028895354036,-0.00184492312081,-1.51346636244e-06,0.000253887036524,0.000322983585647,0.000364948369679,0.000407152794651,0.000472944782814,0.000561267152079,0.00105389617477,0.00172432767751
tomo_sample_2_051_rec,recon_01903.tiff,1903,250:350,740:840,600:1200,1400:1600,10000,-0.000249221746344,0.000128990432131,-5.47050718614e-05,4.83566544225e-05,-0.000248330472465,-0.00022035006051,-0.000170055767085,-0.000134883437568,-8.69047762535e-05,-5.40799082955e-05,-2.25718845286e-05,2.40995073e-05,5.54798276062e-05,9.03521149157e-05,0.000108561237028,120000,-0.00313316727988,0.00175042485353,0.000359653298167,0.000145138359587,-0.00261640405976,-0.00175538718572,2.85456639722e-05,0.000255274024676,0.000323252825183,0.000365126063116,0.000407859646657,0.000477044199943,0.000595333051751,0.00113655493944,0.00157172273854
tomo_sample_2_051_rec,recon_01904.tiff,1904,250:350,740:840,600:1200,1400:1600,10000,-0.000267515948508,0.000120069591503,-5.09433807271e-05,4.94205950769e-05,-0.000262111296531,-0.000202424410221,-0.000167692338582,-0.000131611687539,-8.43285342853e-05,-5.15591436852e-05,-1.67504749697e-05,3.03265454022e-05,6.26903524244e-05,9.62130133921e-05,0.000107186039443,120000,-0.00356682762504,0.00179061410017,0.000366915808008,0.000119944669896,-0.00239434461021,-0.00113927559683,0.000132521073247,0.000261455647706,0.000326701810991,0.000368435401469,0.000410955995903,0.000483951672504,0.000620394403813,0.00104903791542,0.00140246351544
tomo_sample_2_051_rec,recon_01905.tiff,1905,250:350,740:840,600:1200,1400:1600,10000,-0.000235976316617,0.000125937673147,-5.16560614881e-05,4.7888784618e-05,-0.000232581752492,-0.000199758033996,-0.000160792399256,-0.000129430672678,-8.4611312559e-05,-5.16480231454e-05,-1.84411223927e-05,2.73035429018e-05,5.91261112277e-05,9.80191930576e-05,0.000114155510884,120000,-0.00365218427032,0.00168825266883,0.00036716505135,0.000129332973114,-0.00263859155823,-0.0013835517281,0.000123263530404,0.000260693985911,0.000326843437506,0.000369030356524,0.000411680754041,0.000485504568496,0.000650236869697,0.00105233680515,0.00139762987511
tomo_sample_2_051_rec,recon_01906.tiff,1906,250:350,740:840,600:1200,1400:1600,10000,-0.000235795538174,0.0001379660971,-5.23767985293e-05,4.85794273012e-05,-0.000218077559391,-0.000192432964162,-0.000163601380773,-0.00013267821414,-8.53756919241e-05,-5.29262615601e-05,-1.89194383893e-05,2.72768798823e-05,5.87376272961e-05,9.56722897754e-05,0.000125259296753,120000,-0.00302931573242,0.00162965652999,0.000362818963824,0.000144537523455,-0.00261972781313,-0.0017738764229,7.62670633412e-05,0.000259362337238,0.00032611687493,0.000367811197066,0.000410393578932,0.000480769925343,0.000611889756983,0.00102971472812,0.00141555691262
tomo_sample_2_051_rec,recon_01907.tiff,1907,250:350,740:840,600:1200,1400:1600,10000,-0.000236100939219,0.000124917147332,-5.12387605289e-05,4.9472915486e-05,-0.000233657524116,-0.00021525645956,-0.000166515027668,-0.000132871953974,-8.43596662889e-05,-5.13287777721e-05,-1.80062856998e-05,2.8958555049e-05,6.39510039764e-05,0.000101854344975,0.000122843925034,120000,-0.00296568754129,0.00141179910861,0.000357257998776,0.000157005295007,-0.00279571141666,-0.00196508827899,-1.90776171621e-05,0.000256912807527,0.000324270258716,0.000365930027328,0.000407158098824,0.000475978699978,0.000583050398272,0.000938057128282,0.00124439430734
tomo_sample_2_051_rec,recon_01908.tiff,1908,250:350,740:840,600:1200,1400:1600,10000,-0.000251659570495,0.000116781156976,-5.38422031073e-05,4.75070509048e-05,-0.000237719982422,-0.00020268707475,-0.000163897134771,-0.000131362282264,-8.6802896476e-05,-5.33143211214e-05,-2.13810735659e-05,2.3301168585e-05,5.58978784102e-05,9.16024679973e-05,0.000111168324292,120000,-0.00315433833748,0.00143012043554,0.000356744723641,0.000158463441787,-0.0027818643953,-0.00202344683395,-1.33740836827e-05,0.000252918551269,0.000322990577843,0.000365707906894,0.000408496336604,0.000476697126578,0.000582175390446,0.000958655914641,0.00125484580286
tomo_sample_2_051_rec,recon_01909.tiff,1909,250:350,740:840,600:1200,1400:1600,10000,-0.000244450493483,0.00013253398356,-5.51048492968e-05,4.94488220593e-05,-0.000236983895814,-0.000207803957484,-0.000172935324226,-0.000138128572144,-8.90002411325e-05,-5.33982329216e-05,-2.07388302442e-05,2.54147294072e-05,5.42920254884e-05,9.13587829491e-05,0.000103494335474,120000,-0.00313907512464,0.00133520551026,0.000358457780392,0.000149191838958,-0.00269231838312,-0.00187906176934,1.43578050313e-06,0.000256571624777,0.00032370298868,0.000365443498595,0.000408122730732,0.00047724541073,0.000591798567912,0.000931832939503,0.00117408516813
tomo_sample_2_051_rec,recon_02000.tiff,2000,250:350,740:840,600:1200,1400:1600,10000,-0.000267769908533,0.000130044310936,-5.08920430686e-05,5.41643087073e-05,-0.000241171245622,-0.000219097513473,-0.000179751889373,-0.000137782384991,-8.87609967322e-05,-5.11096732225e-05,-1.30925493522e-05,3.80330146072e-05,7.45244529389e-05,0.000109533442206,0.000127693087548,120000,-0.00305552058853,0.00199223868549,0.000365622829839,0.000157817160817,-0.00261903655846,-0.00160313379928,3.83075921491e-05,0.000252986844862,0.000323237436533,0.000368246328435,0.000414556750911,0.000498954835348,0.000718068261049,0.00124640253349,0.00169225104082
tomo_sample_2_051_rec,recon_02001.tiff,2001,250:350,740:840,600:1200,1400:1600,10000,-0.000240577515797,0.000138887364301,-4.84440913928e-05,5.25097336106e-05,-0.000234790186721,-0.000209130462434,-0.000172495926527,-0.000135532931017,-8.37336665427e-05,-4.78665042465e-05,-1.32356626636e-05,3.80674700864e-05,7.06060398079e-05,0.000113798033934,0.000135183384643,120000,-0.00290453154594,0.00209269486368,0.000362674526691,0.000160816348649,-0.00249144789439,-0.00169434281951,8.26312640129e-06,0.000250578050327,0.000322394153045,0.00036759179784,0.000413558198488,0.000493136182195,0.000651734700077,0.00131131252542,0.00187426310731
tomo_sample_2_051_rec,recon_02002.tiff,2002,250:350,740:840,600:1200,1400:1600,10000,-0.000235951432842,0.000169782113517,-4.9778499943e-05,5.39046149784e-05,-0.000235899836911,-0.000212429067178,-0.000172352506634,-0.00013690699634,-8.64873472892e-05,-5.05013431393e-05,-1.33144283154e-05,4.00505117796e-05,7.80254675919e-05,0.000124038025999,0.000165353389995,120000,-0.00350634823553,0.00157161173411,0.000357769130501,0.000170001888556,-0.00280309124356,-0.00201027959236,-4.20804093665e-05,0.00025057943858,0.000321718078339,0.000366363747162,0.000411399436416,0.000486068525061,0.00061595828447,0.00104658012884,0.00142605763244
tomo_sample_2_051_rec,recon_02003.tiff,2003,250:350,740:840,600:1200,1400:1600,10000,-0.000265033158939,0.000158120470587,-4.78186962571e-05,5.17249973348e-05,-0.000235283113742,-0.000206625577135,-0.000168633598223,-0.000131451066409,-8.25633251225e-05,-4.88878158649e-05,-1.29166717215e-05,3.80867666536e-05,7.41338757507e-05,0.000119237176768,0.000148797510676,120000,-0.00326654384844,0.00122665450908,0.000355612323301,0.000166461768209,-0.00279845220111,-0.00197421283601,-6.72476925683e-05,0.000249967559648,0.000321183099004,0.000365526531823,0.000410405329603,0.000483453224297,0.000584917344386,0.00085676163563,0.0011035366984
tomo_sample_2_051_rec,recon_02004.tiff,2004,250:350,740:840,600:1200,1400:1600,10000,-0.000221492009587,0.000151006563101,-5.06763306422e-05,5.33225168777e-05,-0.000215849108377,-0.000206330920482,-0.000172757805849,-0.000138568950206,-8.68825736688e-05,-5.14024341101e-05,-1.40928227665e-05,3.83904396585e-05,7.1877194132e-05,0.000108694417992,0.000146762732275,120000,-0.002897716593,0.00164379202761,0.000357694318975,0.000159301747742,-0.00244091722455,-0.00190142677142,-2.65017390848e-05,0.000249772820098,0.000321050152706,0.000366244203178,0.000411182023527,0.000484684661205,0.000595917144674,0.000936484761187,0.001335110936
tomo_sample_2_051_rec,recon_02005.tiff,2005,250:350,740:840,600:1200,1400:1600,10000,-0.000287371745799,0.000123792793602,-5.04582845775e-05,5.22678097472e-05,-0.000259017002417,-0.000213118303975,-0.000166026332299,-0.000136375740112,-8.55320249684e-05,-5.0790131354e-05,-1.47363834913e-05,3.63533530617e-05,7.09788429231e-05,0.000105200056219,0.000122228982909,120000,-0.00299405236728,0.0016727183247,0.000362113789842,0.000158013943262,-0.00271764021053,-0.00183118571807,7.34508541063e-05,0.000252261517744,0.000322498519381,0.000367435932276,0.00041338220035,0.000490096930298,0.00064122369804,0.00105309265724,0.00140955776772
tomo_sample_2_051_rec,recon_02006.tiff,2006,250:350,740:840,600:1200,1400:1600,10000,-0.000250271521509,0.000170885818079,-5.20658265369e-05,5.42034885131e-05,-0.000246026919509,-0.000221449388584,-0.000173603835428,-0.000141211401933,-8.92472326086e-05,-5.16241670994e-05,-1.41222305956e-05,3.50122661985e-05,7.26281371317e-05,0.000116925264119,0.000146590376589,120000,-0.00333408173174,0.0018207365647,0.000364926911434,0.000145025336756,-0.00263655809495,-0.00155301540706,0.000117711627972,0.000254404323641,0.000322928091919,0.000367400993127,0.000413378642406,0.00049131338892,0.000659179845825,0.0011361818983,0.0016711634119
tomo_sample_2_051_rec,recon_02007.tiff,2007,250:350,740:840,600:1200,1400:1600,10000,-0.000224946648814,0.000139460375067,-4.90343848671e-05,5.23495270717e-05,-0.0002142113776,-0.000203116425997,-0.000172771352227,-0.000137295122113,-8.41561068228e-05,-4.78421661683e-05,-1.3446264802e-05,3.5542560363e-05,6.9774795702e-05,0.000108036937818,0.000127745668737,120000,-0.00349337398075,0.00171680597123,0.000364883484062,0.000146660234153,-0.00263236563574,-0.00163887657365,0.000117252933342,0.00025352040102,0.000323201929859,0.000367542015738,0.000413533038227,0.000491940032225,0.0006477286882,0.0011749664559,0.00152922764979
tomo_sample_2_051_rec,recon_02008.tiff,2008,250:350,740:840,600:1200,1400:1600,10000,-0.000267670402536,0.000139144831337,-4.98429220817e-05,5.21998330547e-05,-0.000246578579483,-0.000213264098609,-0.000169215654314,-0.00013509997807,-8.54715344758e-05,-4.98025419802e-05,-1.36735484375e-05,3.54009491275e-05,7.14101734775e-05,0.000107374766594,0.000133856772196,120000,-0.00320406840183,0.00172185944393,0.000360391772625,0.000153191962492,-0.00266676582638,-0.0017973681544,2.79832544402e-05,0.000252271658974,0.000321313971654,0.000366440290236,0.000411873596022,0.000486850958259,0.000619871661766,0.00103382769215,0.00140957534821
tomo_sample_2_051_rec,recon_02009.tiff,2009,250:350,740:840,600:1200,1400:1600,10000,-0.000240610141191,0.000154509179993,-4.8962845067e-05,5.28950846352e-05,-0.000240471562609,-0.000205898304266,-0.000172407056962,-0.000134783456451,-8.55072175909e-05,-4.90958864248e-05,-1.23245386021e-05,3.7189170871e-05,7.49014999747e-05,0.000112263831383,0.000154131988417,120000,-0.00309528619982,0.00137667881791,0.000357256463048,0.000155559539987,-0.0026659188736,-0.00184447488806,4.89684825425e-06,0.000249519797217,0.000320102648402,0.000365078260074,0.000410074135289,0.000483351279399,0.000586282964214,0.000955903519935,0.00125081972613
tomo_sample_2_051_rec,recon_02100.tiff,2100,250:350,740:840,600:1200,1400:1600,10000,-0.000241212692345,0.000138226518175,-5.15146754446e-05,5.17957371013e-05,-0.000232694445626,-0.000216807802179,-0.000174661592027,-0.000138289557071,-8.67168582772e-05,-5.04593954247e-05,-1.56157780111e-05,3.22550498822e-05,6.5216784642e-05,0.000106871607881,0.000130174424544,120000,-0.00269219628535,0.00145248312037,0.000361441538852,0.000123506231386,-0.00237252493622,-0.00130316726025,9.73437687207e-05,0.000253416871419,0.000322327141475,0.000366552631021,0.00041084161785,0.000480789711582,0.000564197407803,0.000851049173391,0.00119195031248
tomo_sample_2_051_rec,recon_02101.tiff,2101,250:350,740:840,600:1200,1400:1600,10000,-0.000256609695498,0.000124603859149,-5.00625535488e-05,5.19445335625e-05,-0.000230771614234,-0.000212767240882,-0.000172727817117,-0.000134805639391,-8.49450425449e-05,-5.04121253471e-05,-1.44135221944e-05,3.53812783942e-05,7.01720084908e-05,9.99397219639e-05,0.000121262280524,120000,-0.00299262511544,0.00142920878716,0.000363964463971,0.000123685328414,-0.00223164578122,-0.00127833177138,0.000112431902598,0.000256322788482,0.000324993539834,0.000368105582311,0.000411683911807,0.000482788751833,0.00058369071281,0.000898434992705,0.00126888480871
tomo_sample_2_051_rec,recon_02102.tiff,2102,250:350,740:840,600:1200,1400:1600,10000,-0.000239056855207,0.000137237308081,-4.90765039161e-05,5.25382290133e-05,-0.000230489457035,-0.000204877957876,-0.000170792971621,-0.000136034890602,-8.40483426146e-05,-4.90948677907e-05,-1.26799761802e-05,3.67054275557e-05,7.01112114621e-05,0.000104805543255,0.000126317173273,120000,-0.00331410346553,0.00141626258846,0.000363148201858,0.000125839914547,-0.00249105855224,-0.00139900843392,0.000105263707519,0.000254994345596,0.0003241576851,0.000368033637642,0.00041174695798,0.000481730698084,0.000572490965715,0.000895099685411,0.00121994993136
tomo_sample_2_051_rec,recon_02103.tiff,2103,250:350,740:840,600:1200,1400:1600,10000,-0.000242633701419,0.000111747933261,-5.06437792054e-05,5.15731345165e-05,-0.000234053717098,-0.000210560011765,-0.000170117418165,-0.00013648801978,-8.59129067976e-05,-5.03302162542e-05,-1.46103495808e-05,3.31276134602e-05,6.51394001761e-05,8.86862990956e-05,0.000100066038218,120000,-0.00296215084381,0.00131015945226,0.000362182425398,0.000130433022723,-0.0024609494084,-0.00155123514216,0.000109971953934,0.000257457394036,0.000324218504829,0.000367678963812,0.000411193388572,0.000480412130128,0.000571416542516,0.00083927201113,0.00111195341536
tomo_sample_2_051_rec,recon_02104.tiff,2104,250:350,740:840,600:1200,1400:1600,10000,-0.000322060368489,0.00014302013733,-5.05034517731e-05,5.18029946641e-05,-0.00029015947429,-0.000216138053627,-0.000166330127395,-0.000135775487433,-8.57608902152e-05,-4.9810465498e-05,-1.45472554323e-05,3.41413320712e-05,6.59802324662e-05,0.000107594442452,0.000125617365162,120000,-0.00338048418052,0.00137700804044,0.000361981801618,0.000139617623742,-0.00268130659279,-0.00177529511496,0.000135594397725,0.000259153601655,0.000325103981595,0.000367711589206,0.000410671491409,0.000479660961719,0.000569801866077,0.000875944003055,0.00119869426549
tomo_sample_2_051_rec,recon_02105.tiff,2105,250:350,740:840,600:1200,1400:1600,10000,-0.000234877428738,0.00013458642934,-5.11454883549e-05,5.0275641472e-05,-0.00023269982144,-0.000202169474505,-0.000166769413336,-0.000134332251037,-8.57174454723e-05,-5.13846516697e-05,-1.63220706781e-05,3.06206115056e-05,6.72928805579e-05,0.000100698579969,0.000130053306268,120000,-0.00301856314763,0.00115248863585,0.000362558746955,0.000133147934302,-0.00250532869671,-0.00169463175116,0.000128820341051,0.000258505466627,0.000325568536937,0.000368351669749,0.000410913853557,0.000479061830265,0.000568383525824,0.000846239509759,0.00106500643422
tomo_sample_2_051_rec,recon_02106.tiff,2106,250:350,740:840,600:1200,1400:1600,10000,-0.0002191036765,0.000132895351271,-5.00634956693e-05,4.99118255733e-05,-0.000213401162055,-0.000197934329364,-0.000165543285693,-0.000132276130171,-8.40637312649e-05,-4.99954439874e-05,-1.62437900144e-05,3.18413833156e-05,6.71084436908e-05,0.000112821864212,0.000129728516396,120000,-0.00297300424427,0.0012978654122,0.000362122702189,0.000135801794753,-0.00259733685565,-0.00163218733191,0.000116478394848,0.000258825763012,0.000326230823703,0.000368635024643,0.000410986758652,0.000476743493346,0.000559752793051,0.000885054082144,0.00117065182914
tomo_sample_2_051_rec,recon_02107.tiff,2107,250:350,740:840,600:1200,1400:1600,10000,-0.000258913933067,0.00013684303849,-5.08182883999e-05,5.0713997323e-05,-0.000245181034278,-0.000202395298082,-0.000171918414126,-0.000135526806844,-8.43676007207e-05,-5.03550400026e-05,-1.63036606864e-05,3.16972818837e-05,6.57219436835e-05,0.000107943719908,0.000132576334341,120000,-0.00307352142408,0.00162314123008,0.000361952350821,0.000139731993369,-0.00264693074201,-0.00171263395285,0.000123252675694,0.00025918676547,0.00032598409598,0.000368293040083,0.000410427157476,0.000476424355293,0.000558224805864,0.00097818758979,0.00138901090623
tomo_sample_2_051_rec,recon_02108.tiff,2108,250:350,740:840,600:1200,1400:1600,10000,-0.000238367720158,0.000181154362508,-4.99473032525e-05,5.07761106534e-05,-0.000215976322767,-0.000193384740953,-0.000168881145219,-0.000134316375625,-8.35844075482e-05,-4.97344135511e-05,-1.52844741024e-05,3.27343515892e-05,6.54084842245e-05,0.000112263878007,0.000159247684592,120000,-0.00301877316087,0.00135538133327,0.000363854389512,0.000130636390294,-0.00261794822642,-0.00161998946872,0.000134946318576,0.000262706156354,0.000327619090967,0.000368922934285,0.000410550172091,0.000476976015489,0.000563018699177,0.000909510058234,0.00120840337487
tomo_sample_2_051_rec,recon_02109.tiff,2109,250:350,740:840,600:1200,1400:1600,10000,-0.000226729229325,0.000132723100251,-5.06770039154e-05,4.82587685854e-05,-0.000207277854238,-0.000189713549989,-0.000158400043583,-0.000130282781174,-8.42828812893e-05,-5.07771146658e-05,-1.77864044417e-05,2.96293034808e-05,6.12451743655e-05,9.62746014848e-05,0.000128686467976,120000,-0.00315195089206,0.00141339958645,0.000366446658025,0.000123030731598,-0.00254355915496,-0.00133182881854,0.000170243775647,0.000263871054631,0.000328335176164,0.000369711633539,0.000411324515881,0.000477543337911,0.000578137509292,0.000999469282106,0.00126692590192
tomo_sample_2_051_rec,recon_02200.tiff,2200,250:350,740:840,600:1200,1400:1600,10000,-0.000258946442045,0.000129833526444,-5.52302964923e-05,5.04466934285e-05,-0.0002496429361,-0.000215777603647,-0.000170604705927,-0.000137176387943,-8.95908924576e-05,-5.51529392396e-05,-2.02263645406e-05,2.65800320449e-05,6.00888703775e-05,9.78627338045e-05,0.000125766585561,120000,-0.00278133759275,0.00156511971727,0.000360717267933,0.000121376337364,-0.00230804265172,-0.00128928921034,0.000172438656591,0.000256244634511,0.000321144936606,0.00036330470175,0.000406935316278,0.000475777787506,0.000573228172143,0.00100142909167,0.00132919290441
tomo_sample_2_051_rec,recon_02201.tiff,2201,250:350,740:840,600:1200,1400:1600,10000,-0.000262165936874,0.000166692043422,-5.30223315294e-05,5.2733224199e-05,-0.000250111957468,-0.000230642879134,-0.000184658909711,-0.000141203145176,-8.72004784469e-05,-5.21728816238e-05,-1.75189311449e-05,3.16886880682e-05,6.67460662953e-05,0.000107835585339,0.000141614631108,120000,-0.00234732078388,0.00170369725674,0.000362286901643,0.000112667147972,-0.00189433620051,-0.00103700326919,0.000180068126938,0.000256150850328,0.000320866660331,0.000363502040273,0.000407226318202,0.000476840109332,0.000583997950307,0.0010217225384,0.00154243926851
tomo_sample_2_051_rec,recon_02202.tiff,2202,250:350,740:840,600:1200,1400:1600,10000,-0.000277399871266,0.000133775713039,-5.29393947875e-05,5.51301060734e-05,-0.000268293349448,-0.000231386491927,-0.000180379972735,-0.000145241439168,-9.00881805137e-05,-5.10625141033e-05,-1.41207895012e-05,3.56308572009e-05,7.23574932636e-05,0.000112026836279,0.000129987122456,120000,-0.0026578058023,0.00200400385074,0.000362253174553,0.000114704702024,-0.00204597472735,-0.000935932595457,0.000174472480721,0.000253827747656,0.000320023747918,0.000363326442312,0.000407049599744,0.000476765047642,0.000590731690172,0.00114200350852,0.00156979754555
tomo_sample_2_051_rec,recon_02203.tiff,2203,250:350,740:840,600:1200,1400:1600,10000,-0.000267177383648,0.000147697952343,-5.13069016003e-05,5.37886513439e-05,-0.000248637944093,-0.000211385495684,-0.000174843786372,-0.000139659039269,-8.73252865858e-05,-5.17998996656e-05,-1.43510403632e-05,3.73072680304e-05,7.51366014447e-05,0.000114249866601,0.000141139012371,120000,-0.00282610673457,0.00192537170369,0.000360540023327,0.000113536163541,-0.00192529136507,-0.000887750731432,0.000171164281783,0.000253168922791,0.00031883452175,0.000361994912964,0.000405096565373,0.00047386263177,0.000581564924214,0.00114831585018,0.0016463093151
tomo_sample_2_051_rec,recon_02204.tiff,2204,250:350,740:840,600:1200,1400:1600,10000,-0.000244982686127,0.000126509403344,-5.23758503043e-05,5.31306047972e-05,-0.000243261643163,-0.000220488696024,-0.000180326833215,-0.000140594986442,-8.75373680174e-05,-5.22693517269e-05,-1.59816681844e-05,3.48053106791e-05,7.0409119362e-05,0.000111454141974,0.000126100579069,120000,-0.00272563146427,0.00160752399825,0.000359675012619,0.000115878882717,-0.0020222291355,-0.00105295712815,0.000157446137018,0.000252217185334,0.000318738966598,0.000362699225661,0.00040664102562,0.000474277051399,0.000564708277234,0.00106847146398,0.00138328708904
tomo_sample_2_051_rec,recon_02205.tiff,2205,250:350,740:840,600:1200,1400:1600,10000,-0.00025810173247,0.000163696371601,-5.32153211536e-05,5.26716651974e-05,-0.000256951605907,-0.000211419411731,-0.000172741874849,-0.00014072683116,-8.93912947504e-05,-5.23984563188e-05,-1.7231071979e-05,3.32063562382e-05,6.76382188249e-05,0.000112273038802,0.000152078440381,120000,-0.00276896147989,0.00167701672763,0.000356844028292,0.000127355730935,-0.00234805275167,-0.00142465029145,0.000137235506118,0.000249790478847,0.000317800477205,0.000361468628398,0.000405374055845,0.000473612546921,0.000557148876833,0.000977769814548,0.00149619604232
tomo_sample_2_051_rec,recon_02206.tiff,2206,250:350,740:840,600:1200,1400:1600,10000,-0.000256782135693,0.000153766959556,-5.40024472481e-05,5.25513384091e-05,-0.000247767281774,-0.000221243646462,-0.000180905275774,-0.000142378838791,-8.87462920218e-05,-5.28340224264e-05,-1.85137691915e-05,3.12645859594e-05,6.32082817174e-05,0.000103166088804,0.000130608796573,120000,-0.0027007155586,0.0013399067102,0.000355582659122,0.000124496642379,-0.00215147153442,-0.00137201345409,0.000124059902009,0.000249616890505,0.000317072619509,0.00036084682506,0.00040411480586,0.000472353652003,0.000551480010035,0.00085181903682,0.00121671353158
tomo_sample_2_051_rec,recon_02207.tiff,2207,250:350,740:840,600:1200,1400:1600,10000,-0.000275268830592,0.000145281548612,-5.34693861908e-05,5.4761374472e-05,-0.000256884673546,-0.000225393228597,-0.000183501092833,-0.000145379371679,-8.99633669178e-05,-5.22407335666e-05,-1.65067317539e-05,3.47180650351e-05,6.80158462637e-05,0.000110895456724,0.000131584865919,120000,-0.00250379531644,0.00148455996532,0.000354522735133,0.000121844219167,-0.00213672924533,-0.00122100915073,9.56504828355e-05,0.000249673772487,0.000316991914588,0.000360440462828,0.000403361183999,0.000469867204083,0.000542213954614,0.000849421659135,0.00142443671954
tomo_sample_2_051_rec,recon_02208.tiff,2208,250:350,740:840,600:1200,1400:1600,10000,-0.000267908384558,0.000138039584272,-5.67539465867e-05,5.44551422282e-05,-0.000257222352101,-0.000227581158877,-0.000186951827491,-0.000146869430318,-9.24497508095e-05,-5.68912200833e-05,-1.92618285837e-05,3.17823754813e-05,6.75720042636e-05,9.93448377849e-05,0.000119235762858,120000,-0.00276281847619,0.00166931643616,0.000354160210633,0.000119547451468,-0.00209534802437,-0.00111995559011,7.24890811398e-05,0.000247685266368,0.000315784105624,0.000359918718459,0.000403437225032,0.000471754236787,0.000544713114505,0.000812474751903,0.00141452646325
tomo_sample_2_051_rec,recon_02209.tiff,2209,250:350,740:840,600:1200,1400:1600,10000,-0.000308154645609,0.00018219766207,-5.53344242892e-05,5.4478022864e-05,-0.000292779523699,-0.000231075498828,-0.000183774768084,-0.000146244005737,-9.1185729616e-05,-5.46477858734e-05,-1.8626160454e-05,3.32785091814e-05,7.13063245348e-05,0.000111181738728,0.00016358720172,120000,-0.00240161875263,0.00170914561022,0.00035477508036,0.000116677458926,-0.00173503528943,-0.00105920156557,4.92962107091e-05,0.000248073613329,0.000316198420478,0.000360571269994,0.000404431084462,0.000472853337124,0.000542582627386,0.000780559073726,0.000958623197809
tomo_sample_2_051_rec,recon_02300.tiff,2300,250:350,740:840,600:1200,1400:1600,10000,-0.000242851936491,0.000154485896928,-5.6440460457e-05,5.32820951202e-05,-0.000240892673396,-0.000221400830254,-0.000184812944062,-0.000145050352148,-9.16317621886e-05,-5.6442209825e-05,-2.02111891667e-05,3.00582855743e-05,6.78577642975e-05,0.000111030696229,0.000139334299185,120000,-0.00280790077522,0.00119981484022,0.000359371598696,0.000144132808473,-0.00252542379193,-0.00163329409307,2.42213805177e-05,0.000246870417322,0.000319146711263,0.000365344501915,0.000411763488955,0.000488345490885,0.000610225025448,0.000948613648245,0.00113393928485
tomo_sample_2_051_rec,recon_02301.tiff,2301,250:350,740:840,600:1200,1400:1600,10000,-0.000252505851677,0.000121940094687,-5.80856934965e-05,5.4404224961e-05,-0.000248423254499,-0.000225325741558,-0.000184493270499,-0.000148042388173,-9.46843010752e-05,-5.83733308304e-05,-2.08649357774e-05,3.17918011206e-05,6.67434357456e-05,0.000108241400645,0.00012145484412,120000,-0.00274592870846,0.00138182169758,0.000357404637471,0.000146063269049,-0.00245965259459,-0.00164627392183,-1.80475062916e-05,0.000248325141729,0.000320332037518,0.000365225787391,0.000410484950407,0.000483497261303,0.000576648233691,0.000869795644307,0.00127272750983
tomo_sample_2_051_rec,recon_02302.tiff,2302,250:350,740:840,600:1200,1400:1600,10000,-0.000237690546783,0.000111973546154,-5.93305954746e-05,5.15335199073e-05,-0.000235743767982,-0.000211217090895,-0.000176775968575,-0.000144646861736,-9.4335866379e-05,-5.89825667703e-05,-2.41597608692e-05,2.48675632065e-05,6.07281479461e-05,9.72940760039e-05,0.000107057360396,120000,-0.00276653049514,0.00124593975488,0.000355670912405,0.000147894579453,-0.00244384088879,-0.00160541653237,-8.24830694182e-05,0.000246395292925,0.000319255443173,0.000364404724678,0.000410060558352,0.000482892179571,0.000567696670769,0.000835854925623,0.00111967503089
tomo_sample_2_051_rec,recon_02303.tiff,2303,250:350,740:840,600:1200,1400:1600,10000,-0.000251692807069,0.00014451034076,-5.81313907307e-05,5.36364282297e-05,-0.000248523047552,-0.000217119668974,-0.000177615817374,-0.00014517820382,-9.50095818553e-05,-5.87698432355e-05,-2.15044447032e-05,3.10332639856e-05,6.80221580114e-05,0.000105400934917,0.000122624455452,120000,-0.00281834835187,0.00110082339961,0.000356974771527,0.000149743969389,-0.00247510935222,-0.00170152271434,-3.93663253999e-05,0.000249217607779,0.000320745508361,0.000365747095202,0.000411159060604,0.000482776391436,0.000566211536061,0.000841318470659,0.00101022120427
tomo_sample_2_051_rec,recon_02304.tiff,2304,250:350,740:840,600:1200,1400:1600,10000,-0.000236726744333,0.000181788418558,-5.75648522287e-05,5.37491864478e-05,-0.000234942828832,-0.000215886619204,-0.000183558347489,-0.000147007043415,-9.3294740509e-05,-5.73003126192e-05,-2.13892685679e-05,2.88499006274e-05,6.85843543761e-05,0.000127315008605,0.000163393916136,120000,-0.0027397943195,0.00120895856526,0.000359116343218,0.000145710765841,-0.00226873083676,-0.00163017906947,3.72793618226e-05,0.000250212779792,0.000321084873576,0.000366126856534,0.0004121815291,0.000486549270863,0.000590099879191,0.00086858387111,0.00110279524046
tomo_sample_2_051_rec,recon_02305.tiff,2305,250:350,740:840,600:1200,1400:1600,10000,-0.000273459707387,0.000132938293973,-5.61101459149e-05,5.47867049882e-05,-0.00026878947533,-0.000232399579108,-0.000186800707306,-0.000147184823436,-9.33073370106e-05,-5.5419801356e-05,-1.77674482984e-05,3.17344454743e-05,6.67510714266e-05,0.000100073957103,0.000131680552207,120000,-0.00252920389175,0.00131518230774,0.000358946459017,0.000139892562819,-0.00209384110735,-0.00142156660534,1.83554325668e-05,0.000248909291986,0.00032008652488,0.000365505926311,0.000411201981478,0.000485895047314,0.000590558675467,0.00091015630716,0.00114954639703
tomo_sample_2_051_rec,recon_02306.tiff,2306,250:350,740:840,600:1200,1400:1600,10000,-0.000256673112744,0.000122505953186,-5.70367118179e-05,5.27992441638e-05,-0.000251664349684,-0.000223134864937,-0.000182728777436,-0.000144254710904,-9.23486259126e-05,-5.62214991078e-05,-2.11569390558e-05,2.69830537036e-05,6.67582933238e-05,0.000101338776447,0.000120892474498,120000,-0.00267385155894,0.00119909748901,0.000356804500009,0.000147075899944,-0.00233560197039,-0.00151721848047,-3.4284679532e-05,0.000248493027175,0.000319965241943,0.000364885840099,0.000409883032262,0.000482963467948,0.000582008895581,0.000911125987011,0.00115594771419
tomo_sample_2_051_rec,recon_02307.tiff,2307,250:350,740:840,600:1200,1400:1600,10000,-0.000283833767753,0.000117591895105,-5.67312943205e-05,5.3562655494e-05,-0.000269524234234,-0.000223836356061,-0.000183142084716,-0.000147099336755,-9.24742380448e-05,-5.62334662391e-05,-2.0094752017e-05,2.98456487144e-05,6.60023513774e-05,0.000102685617407,0.000117420199676,120000,-0.00286279851571,0.0014204030158,0.000356435394742,0.000154483811589,-0.00243163025873,-0.00169434892456,-2.18593662794e-05,0.00024744484399,0.000320216611726,0.000365222222172,0.00041032169247,0.000483281980269,0.000582969817333,0.000869695879286,0.00121076905932
tomo_sample_2_051_rec,recon_02308.tiff,2308,250:350,740:840,600:1200,1400:1600,10000,-0.000278628838714,0.000144070523675,-5.7679728023e-05,5.49424182882e-05,-0.000268106789942,-0.000250982121361,-0.0001885101691,-0.000148719999561,-9.39400215429e-05,-5.71952095925e-05,-2.11861024582e-05,3.2324784479e-05,6.78176648944e-05,0.000116087065166,0.000141742508271,120000,-0.00302760419436,0.0016401046887,0.000359162912814,0.000148287749341,-0.00239470655757,-0.00167702756531,3.50009610338e-05,0.000250771059655,0.00032115218346,0.000365956366295,0.00041148148739,0.000483586589689,0.000585541067994,0.000970611722907,0.00147308625414
tomo_sample_2_051_rec,recon_02309.tiff,2309,250:350,740:840,600:1200,1400:1600,10000,-0.000271892611636,0.000119344258565,-5.9020005652e-05,5.3100795773e-05,-0.000258377445932,-0.000222595572035,-0.000187222506647,-0.00014833810128,-9.45736228459e-05,-5.82993943681e-05,-2.21376335503e-05,2.61184150986e-05,5.84791810252e-05,9.34808561651e-05,0.000117860970118,120000,-0.00310119683854,0.00200776103884,0.000361806266596,0.000140078230409,-0.00242723291793,-0.00158128443535,8.34178886726e-05,0.000251060338633,0.000320900064253,0.000366227075574,0.00041161752597,0.000487777673698,0.000603474776144,0.00106922796427,0.00171236083923
tomo_sample_2_051_rec,recon_02400.tiff,2400,250:350,740:840,600:1200,1400:1600,10000,-0.000237685191678,0.000132710381877,-4.97820262607e-05,5.18406148067e-05,-0.000232919246695,-0.000212015379686,-0.000171555727284,-0.000135686491558,-8.4199842604e-05,-4.94143514516e-05,-1.50485930135e-05,3.58130148015e-05,7.01222556381e-05,0.000109094835279,0.000128525145754,120000,-0.00276198959909,0.00167275220156,0.000349675029644,0.000154545483657,-0.00219262659724,-0.000986462302506,-0.000295119258808,0.00021778152659,0.000316900099278,0.000363982704584,0.000410141772591,0.000482886437385,0.000633332781144,0.00105824621639,0.00138325987727
tomo_sample_2_051_rec,recon_02401.tiff,2401,250:350,740:840,600:1200,1400:1600,10000,-0.000307980721118,0.000139899129863,-5.1730696524e-05,5.52933840289e-05,-0.000287771005154,-0.00024027793108,-0.000185928316205,-0.000143120427674,-8.80090865394e-05,-5.04425770487e-05,-1.44243099385e-05,3.80423301976e-05,7.42003574851e-05,0.000106059669015,0.000133404648429,120000,-0.00294795632362,0.0016632177867,0.000347286073524,0.000158018723482,-0.00220343014575,-0.00111675964599,-0.00032716361573,0.000210790155688,0.000315793971822,0.000362391452654,0.000407811225159,0.000480604078621,0.000635598576628,0.00106440951291,0.00144042589851
tomo_sample_2_051_rec,recon_02402.tiff,2402,250:350,740:840,600:1200,1400:1600,10000,-0.000236263367697,0.000135330774356,-5.18274176499e-05,5.52471232496e-05,-0.000235597073031,-0.000219965292315,-0.000180311948207,-0.000141461807652,-8.9057992227e-05,-5.19848654221e-05,-1.35797668008e-05,3.88126376492e-05,7.38997118606e-05,0.000108706722225,0.000121449890114,120000,-0.00231827492826,0.00127947656438,0.000346300618807,0.000158948638308,-0.0019836880466,-0.00116347802826,-0.000361241364153,0.000207911805046,0.000315240649797,0.00036200589966,0.000408362946473,0.000482749172079,0.000622339862166,0.00104561899195,0.00119362656815
tomo_sample_2_051_rec,recon_02403.tiff,2403,250:350,740:840,600:1200,1400:1600,10000,-0.000218686691369,0.000161279051099,-5.09561596967e-05,5.33176724274e-05,-0.000217176193562,-0.000203225211211,-0.000171434943768,-0.000139349676465,-8.66770496941e-05,-5.16488507856e-05,-1.44607893162e-05,3.70738118363e-05,7.46398822957e-05,0.000123088866414,0.000149062965017,120000,-0.00288214208558,0.00125765230041,0.000346822940865,0.000162875197476,-0.00242528720156,-0.00131655478023,-0.000356516231841,0.000212521001231,0.000316423051117,0.000363243947504,0.000409000029322,0.000481261457026,0.000609736421029,0.00103250863787,0.00120526282374
tomo_sample_2_051_rec,recon_02404.tiff,2404,250:350,740:840,600:1200,1400:1600,10000,-0.000218779212446,0.000124488142319,-5.05231941049e-05,5.22856564441e-05,-0.000209978992362,-0.000197715960792,-0.000168456950196,-0.00013560583975,-8.7296593847e-05,-5.21224246768e-05,-1.48751094002e-05,3.81306683266e-05,7.26400368876e-05,0.000106856980005,0.000123688216228,120000,-0.00276428251527,0.00134677847382,0.000347217242223,0.000165294159691,-0.00220993427755,-0.00130828607967,-0.000387260127463,0.000213395350875,0.000316922370985,0.000363689337973,0.000409280852182,0.000482304216712,0.000623525230912,0.0010720976803,0.00124718179753
tomo_sample_2_051_rec,recon_02405.tiff,2405,250:350,740:840,600:1200,1400:1600,10000,-0.000263529014774,0.000152603839524,-4.96944181945e-05,5.26237040571e-05,-0.00022982672997,-0.000204525820387,-0.000169082049979,-0.000135347775358,-8.58556886669e-05,-4.97304008604e-05,-1.35726429562e-05,3.6790408376e-05,7.30163329717e-05,0.00011512699422,0.000138455408698,120000,-0.00268566911109,0.00157426355872,0.000348339698875,0.000164821082826,-0.00213787430634,-0.00131620478944,-0.000349338188826,0.000217459558917,0.000316880039463,0.000363347775419,0.000409086962463,0.000483204012562,0.000639150703209,0.00111250233359,0.00139240143774
tomo_sample_2_051_rec,recon_02406.tiff,2406,250:350,740:840,600:1200,1400:1600,10000,-0.000331977964379,0.00017332425341,-5.20597888443e-05,5.54314634161e-05,-0.000316843361573,-0.000263671916182,-0.000185104139528,-0.000143375609332,-8.89741277206e-05,-5.16328036611e-05,-1.36890928388e-05,3.67673408618e-05,7.28116222308e-05,0.000118958576233,0.000142583423738,120000,-0.00287351454608,0.0018046569312,0.000350694130647,0.000160288150607,-0.00216711090032,-0.00131506980665,-0.000281213462004,0.000219773810386,0.000316403376928,0.000364025254385,0.000409817170294,0.000484922945907,0.000662851813831,0.00116048860992,0.00155240087442
tomo_sample_2_051_rec,recon_02407.tiff,2407,250:350,740:840,600:1200,1400:1600,10000,-0.000259410648141,0.000152464679559,-5.23416035901e-05,5.45049681753e-05,-0.000255903841768,-0.000227021572689,-0.000182965662971,-0.000141415961116,-8.84266100911e-05,-5.23417784279e-05,-1.53200908244e-05,3.69215345927e-05,7.47686620889e-05,0.000116602389317,0.000144575478329,120000,-0.00279687484726,0.00200652889907,0.000352413203062,0.000154509395898,-0.00215122042864,-0.00107673315739,-0.000235972045048,0.000224811751104,0.000317096943036,0.000363926548744,0.00041009409324,0.000484605354723,0.000658298404305,0.00117633193103,0.00178906162796
tomo_sample_2_051_rec,recon_02408.tiff,2408,250:350,740:840,600:1200,1400:1600,10000,-0.000262049841695,0.00015476468252,-5.04020412324e-05,5.32595806306e-05,-0.000253256329373,-0.000218922975953,-0.00017451381078,-0.000137992018426,-8.6742815256e-05,-5.01254853589e-05,-1.31672593398e-05,3.60869455108e-05,7.27759476285e-05,0.000108760044081,0.000147388152199,120000,-0.00290082138963,0.00227244617417,0.000353733186524,0.000157102125467,-0.00237774713538,-0.00111497235589,-0.000209992279124,0.00023019978762,0.000318351776514,0.000364320381777,0.00041037320625,0.000484893076646,0.000653766830801,0.00121463561442,0.00199042143708
tomo_sample_2_051_rec,recon_02409.tiff,2409,250:350,740:840,600:1200,1400:1600,10000,-0.000249057804467,0.000123725039884,-5.12149970923e-05,5.28177691615e-05,-0.000242136572591,-0.000220382787607,-0.00017314270619,-0.000136334152921,-8.69747509569e-05,-5.15991450811e-05,-1.50969653987e-05,3.52798195308e-05,7.46740063914e-05,0.000110229429301,0.000120570049084,120000,-0.00293551757932,0.00225637713447,0.000353523293414,0.000161685752462,-0.00245391796338,-0.00121040328301,-0.000230925168871,0.000230926986114,0.000318658821925,0.00036480644485,0.000410237633332,0.000482934516913,0.000639381560613,0.0013155384619,0.00205520480534
