folder,filename,image_index,air_rows,air_cols,metal_rows,metal_cols,air_n_pixels,air_min,air_max,air_mean,air_std,air_p0_01,air_p0_1,air_p1_0,air_p5_0,air_p25_0,air_p50_0,air_p75_0,air_p95_0,air_p99_0,air_p99_9,air_p99_99,metal_n_pixels,metal_min,metal_max,metal_mean,metal_std,metal_p0_01,metal_p0_1,metal_p1_0,metal_p5_0,metal_p25_0,metal_p50_0,metal_p75_0,metal_p95_0,metal_p99_0,metal_p99_9,metal_p99_99
tomo_sample_2_051_rec,recon_00000.tiff,0,250:350,740:840,600:1200,1400:1600,10000,-0.000260244414676,0.000116389921459,-5.79488227711e-05,5.29916635798e-05,-0.000251581274476,-0.000226949953198,-0.00018322176431,-0.00014429552175,-9.39839392231e-05,-5.76890270167e-05,-2.21152022277e-05,2.89479309686e-05,6.33438209479e-05,9.1342402302e-05,0.000111052339827,120000,-0.0031890803948,0.00169589405414,0.000370847935114,9.03597177438e-05,-0.00206365692446,-0.000395831189584,0.000203933662997,0.000261763465824,0.000327610825479,0.000371499641915,0.000415779191826,0.00048151510855,0.000542270805454,0.000864088686882,0.0014486982779
tomo_sample_2_051_rec,recon_00001.tiff,1,250:350,740:840,600:1200,1400:1600,10000,-0.000259826076217,0.000138333620271,-5.67939642197e-05,5.37555446049e-05,-0.000252496631184,-0.000225033422816,-0.000183288779372,-0.000143290874985,-9.2897869763e-05,-5.80699925194e-05,-2.08266164918e-05,3.33342484737e-05,6.86691478768e-05,0.00010131780243,0.000117265077954,120000,-0.0025728601031,0.00137004849967,0.000369661183048,9.51522151847e-05,-0.00188459930348,-0.000733347732632,0.000209243426216,0.000262388891133,0.000327152876707,0.000371063375496,0.000414869500673,0.000480672049162,0.000538424487459,0.000831554617442,0.00113182891043
tomo_sample_2_051_rec,recon_00002.tiff,2,250:350,740:840,600:1200,1400:1600,10000,-0.000270869728411,0.000139007155667,-5.7670493572e-05,5.39584100875e-05,-0.000265425877494,-0.000225008505149,-0.000184788987099,-0.000148346898641,-9.42458664213e-05,-5.6950850194e-05,-2.0765946374e-05,2.90927885544e-05,6.81964156684e-05,0.000105632877632,0.000127455603646,120000,-0.00287127541378,0.00110289477743,0.000368199122581,0.000102149072182,-0.00189440133693,-0.00113825730991,0.000198942837305,0.000261429348029,0.000327173744154,0.000371112328139,0.000414638350776,0.000480085395975,0.000535103848088,0.00080021083157,0.00101073919663
tomo_sample_2_051_rec,recon_00003.tiff,3,250:350,740:840,600:1200,1400:1600,10000,-0.000257657491602,0.000128457177198,-6.05308311555e-05,5.29967451239e-05,-0.00025377560347,-0.000222211365763,-0.000183755887556,-0.000148617840023,-9.54708157224e-05,-6.00222247158e-05,-2.45800711127e-05,2.55964468124e-05,6.34773598722e-05,0.000102426434816,0.000120849221809,120000,-0.00277530378662,0.00105255970266,0.00036653156813,0.000108352882518,-0.00219906179234,-0.00126874412654,0.00018944883006,0.000259678476141,0.00032676506089,0.000370591427782,0.00041421669448,0.000479690116481,0.000535981770954,0.000743650331628,0.000933378577995
tomo_sample_2_051_rec,recon_00004.tiff,4,250:350,740:840,600:1200,1400:1600,10000,-0.000247143645538,0.000137993178214,-5.99909464692e-05,5.31790746595e-05,-0.000241268693592,-0.000222009682984,-0.000182985531574,-0.000146121844591,-9.61092155194e-05,-5.97840535193e-05,-2.41529687628e-05,2.78052520116e-05,6.34547288064e-05,0.000108699940254,0.000132422272681,120000,-0.00323088886216,0.00133835675661,0.000367388561332,0.000112166388128,-0.0024914257966,-0.00124687893828,0.00019491177809,0.000261879857862,0.000326991757902,0.000370951529476,0.000415205904574,0.000481550024415,0.000539563880884,0.000787455373909,0.00106156179465
tomo_sample_2_051_rec,recon_00005.tiff,5,250:350,740:840,600:1200,1400:1600,10000,-0.000253907492151,0.000129834981635,-5.95218472192e-05,5.33129249857e-05,-0.000253475314387,-0.000225962271215,-0.000187585664244,-0.00014744443688,-9.50396424741e-05,-5.89913197473e-05,-2.26370666496e-05,2.62234762886e-05,6.49050345237e-05,0.00010517334404,0.000124829245071,120000,-0.00291872769594,0.00138007954229,0.000368316123126,0.000109444739886,-0.00219164230041,-0.00116877393168,0.000194681471621,0.00026152972714,0.000327696099703,0.000371199537767,0.000414914145949,0.000481699823285,0.000548336293432,0.000877433085348,0.00124843335398
tomo_sample_2_051_rec,recon_00006.tiff,6,250:350,740:840,600:1200,1400:1600,10000,-0.000262634042883,0.000135158654302,-5.76196998319e-05,5.34166453609e-05,-0.000258517455831,-0.000227259361258,-0.000181104338553,-0.000145866545063,-9.32024304348e-05,-5.73341967538e-05,-2.12547638512e-05,2.95054287562e-05,6.58757428027e-05,0.000102483209666,0.00012894540416,120000,-0.00287417694926,0.00157597125508,0.000368131466632,0.000109523227231,-0.00189836290753,-0.00108691006131,0.00019146763414,0.000260077940766,0.000327046342136,0.000371197500499,0.000414900059695,0.000482765251945,0.000551987366052,0.000913130832312,0.00146147315584
tomo_sample_2_051_rec,recon_00007.tiff,7,250:350,740:840,600:1200,1400:1600,10000,-0.000269391166512,0.000142637552926,-5.79910685754e-05,5.32092072561e-05,-0.0002514920054,-0.000225872507261,-0.000183667501115,-0.000145973851613,-9.3370103059e-05,-5.7913854107e-05,-2.19180865315e-05,2.91112512059e-05,6.65277110966e-05,0.000102648104854,0.00011840883257,120000,-0.00294341961853,0.00147945969366,0.000366149239342,0.000119716695994,-0.002459439877,-0.00119211509405,0.000185459205386,0.00025909509568,0.000325884051563,0.000369499321096,0.000414031048422,0.000482545865816,0.000553659392172,0.000889543805213,0.00140049808617
tomo_sample_2_051_rec,recon_00008.tiff,8,250:350,740:840,600:1200,1400:1600,10000,-0.000233539074543,0.000190077786101,-5.74602359024e-05,5.13313828224e-05,-0.000231301679404,-0.000205738157863,-0.000176784718788,-0.000140212285623,-9.27484670683e-05,-5.75076028326e-05,-2.32718248299e-05,2.75109692666e-05,6.52206793893e-05,0.000106439990508,0.000174886218244,120000,-0.0029320907779,0.00145682599396,0.000365353021976,0.000121412232946,-0.00242639442349,-0.00119468394469,0.000170528984163,0.000257388286991,0.000325642344251,0.000369829926058,0.000414417030697,0.000482156153885,0.000548044691095,0.000924979607225,0.00136955965424
tomo_sample_2_051_rec,recon_00009.tiff,9,250:350,740:840,600:1200,1400:1600,10000,-0.000272611709079,0.000134114001412,-5.91623784692e-05,5.24154443891e-05,-0.00026449988581,-0.000226078359468,-0.000184524032666,-0.000146038208186,-9.30713613343e-05,-5.99478880758e-05,-2.38123207055e-05,2.67528469521e-05,6.13506748778e-05,9.58341627556e-05,0.000110056110732,120000,-0.00274702999741,0.00145431281999,0.000366002179107,0.00011918386329,-0.00207343316141,-0.00119667745894,0.000175443465414,0.000257722493552,0.000326308036165,0.000370702342479,0.000415036600316,0.000482019667106,0.000546990815201,0.000892347142857,0.00134030662237
tomo_sample_2_051_rec,recon_00010.tiff,10,250:350,740:840,600:1200,1400:1600,10000,-0.000262072571786,0.000123799356516,-5.81750663546e-05,5.21893881802e-05,-0.000245060814131,-0.000228587549689,-0.000183669179241,-0.000144315270882,-9.34717045311e-05,-5.8237601479e-05,-2.24858486035e-05,2.63641123638e-05,6.11752816621e-05,9.69725045143e-05,0.000121788970379,120000,-0.00243248487823,0.00148554926272,0.00036737989029,0.000115930404651,-0.00206923300426,-0.00119895510504,0.000188753044786,0.000260417643585,0.000327228852257,0.000371648769942,0.000415681039158,0.000481297813531,0.000549062533537,0.000860152378678,0.00122685703988
tomo_sample_2_051_rec,recon_00011.tiff,11,250:350,740:840,600:1200,1400:1600,10000,-0.000251921446761,0.000142675009556,-5.706573304e-05,5.18725533954e-05,-0.0002513533677,-0.00022570085866,-0.000178514799045,-0.000141628141137,-9.18588229979e-05,-5.68482864765e-05,-2.23875554184e-05,2.9044679377e-05,6.20614353829e-05,9.89057945408e-05,0.000141879579557,120000,-0.00282557844184,0.00144445477054,0.000368641424663,0.000113992826509,-0.00211486726308,-0.00118152292806,0.000194271992659,0.000262754019059,0.000327977060806,0.000371657704818,0.000415502618125,0.000483714291477,0.000555701223202,0.000874531022913,0.00117928407268
tomo_sample_2_051_rec,recon_00012.tiff,12,250:350,740:840,600:1200,1400:1600,10000,-0.00029314760468,0.000153070417582,-5.78133746249e-05,5.33812783247e-05,-0.000245013315135,-0.000219110495542,-0.000178705143335,-0.000145107620483,-9.44942821661e-05,-5.77423506911e-05,-2.15632840082e-05,2.94967432637e-05,6.68986096571e-05,0.00010446436514,0.000152544578507,120000,-0.00271359062754,0.00153087638319,0.000367323660619,0.00011435290761,-0.00227185413262,-0.00118187232839,0.000193853114324,0.000261261995183,0.000327170950186,0.000370459063561,0.000414176276536,0.000480922599672,0.00055218257301,0.000876076860877,0.00135506883874
tomo_sample_2_051_rec,recon_00013.tiff,13,250:350,740:840,600:1200,1400:1600,10000,-0.000272537698038,0.000133081004606,-5.87485280962e-05,5.19589935942e-05,-0.000257801428626,-0.000224588629033,-0.00017979315453,-0.000144360490958,-9.26543125388e-05,-5.85205161769e-05,-2.38766474467e-05,2.58739915807e-05,6.00153677078e-05,0.000100925344843,0.000126293564209,120000,-0.00272447196767,0.00130880251527,0.000366525468807,0.000118075682365,-0.00243417249236,-0.0012846101491,0.000188605457952,0.000260586140212,0.000326928857248,0.000370370718883,0.000414046611695,0.000481184628734,0.000550253324909,0.000863470432058,0.00110696387038
tomo_sample_2_051_rec,recon_00014.tiff,14,250:350,740:840,600:1200,1400:1600,10000,-0.000236435051193,0.000145927639096,-5.90661032919e-05,5.2478642643e-05,-0.00022928242335,-0.000213831610497,-0.000178788523044,-0.000145454728772,-9.41114249144e-05,-5.95901747147e-05,-2.39700120801e-05,2.75843101917e-05,6.39961025445e-05,0.000106377858428,0.000123184862646,120000,-0.00284388591535,0.00135369668715,0.000366409567488,0.000119492990959,-0.0025021965361,-0.00134636502806,0.000194038083719,0.000261034171854,0.000326573717757,0.000370273395674,0.000414069894759,0.000481011299416,0.000545112976688,0.000896147649793,0.00115669222693
tomo_sample_2_051_rec,recon_00015.tiff,15,250:350,740:840,600:1200,1400:1600,10000,-0.00026318556047,0.000167370497365,-5.66517999786e-05,5.28075006985e-05,-0.000243346779385,-0.000225336459058,-0.000179377099266,-0.000143672832201,-9.20129805309e-05,-5.66780563531e-05,-2.04157695407e-05,3.00639173474e-05,6.21048348694e-05,0.000103542002988,0.000154600344316,120000,-0.00275311805308,0.00133722356986,0.000367351905421,0.000118278177683,-0.00252629019362,-0.0014197273741,0.000193569022958,0.000262955168728,0.000327922352881,0.000371189133148,0.000414606503909,0.000480261912162,0.00054227484623,0.000898352273041,0.00113991793208
tomo_sample_2_051_rec,recon_00016.tiff,16,250:350,740:840,600:1200,1400:1600,10000,-0.000263434805674,0.000128138373839,-5.9420059282e-05,5.21617146993e-05,-0.000262827644078,-0.000240499576277,-0.000181291942718,-0.000146792393207,-9.38197026699e-05,-5.96279496676e-05,-2.42113101194e-05,2.389259962e-05,6.27133081434e-05,0.000101997439822,0.00011981038166,120000,-0.00271422648802,0.00152150704525,0.000366285282767,0.00011636246763,-0.00236176121556,-0.00132654602197,0.000186760347133,0.000260283637908,0.000326172070345,0.000370271969587,0.000414062102209,0.000479757216817,0.000540598359075,0.000872865357494,0.00133446362662
tomo_sample_2_051_rec,recon_00017.tiff,17,250:350,740:840,600:1200,1400:1600,10000,-0.000265545793809,0.000156447495101,-5.80936941934e-05,5.12287182034e-05,-0.000243514287497,-0.00021727275521,-0.000176727926446,-0.000142611189949,-9.27328655962e-05,-5.77642549615e-05,-2.29214656429e-05,2.50124923696e-05,6.26149382879e-05,9.70911555487e-05,0.000130930135077,120000,-0.00294459261931,0.00180349394213,0.000368129095621,0.00010145133579,-0.00197764165199,-0.000829661137133,0.000195249936369,0.000261485367082,0.000326435503666,0.000369842833607,0.000413504225435,0.000479946988344,0.000541390676517,0.000950582749734,0.00150514461868
tomo_sample_2_051_rec,recon_00018.tiff,18,250:350,740:840,600:1200,1400:1600,10000,-0.000243956310442,0.000126941173221,-5.74401651189e-05,5.23622880833e-05,-0.000234158801827,-0.000216151517598,-0.000180865251168,-0.000142815539584,-9.27362470975e-05,-5.78594190301e-05,-2.20337028622e-05,2.9075033126e-05,6.53243721172e-05,9.75573080868e-05,0.000115366442317,120000,-0.0023377193138,0.00157391629182,0.000370598695615,9.15447814676e-05,-0.00157283524803,-0.000446979979723,0.000199797970417,0.000261745924945,0.000326865338138,0.000370549576473,0.000414610345615,0.000481716703507,0.000549376484705,0.00108452464431,0.00146795407317
tomo_sample_2_051_rec,recon_00019.tiff,19,250:350,740:840,600:1200,1400:1600,10000,-0.000231433703448,0.000140406511491,-5.81167215338e-05,5.2518862653e-05,-0.000224402280938,-0.000209504358805,-0.00017665095962,-0.000143680672045,-9.38480425248e-05,-5.80472169531e-05,-2.27161267503e-05,2.80907031993e-05,6.81989022269e-05,0.000114154222923,0.000135739335031,120000,-0.00215899385512,0.00154882331844,0.000372047837029,8.65875302693e-05,-0.00156573011867,-0.000359816661745,0.000212637389341,0.000264407074428,0.000328221038217,0.000371811387595,0.000415591675846,0.000483344327949,0.000546250435291,0.000924165934906,0.00144662965754
tomo_sample_2_051_rec,recon_00020.tiff,20,250:350,740:840,600:1200,1400:1600,10000,-0.000229240016779,0.000118801515782,-5.70944685728e-05,5.05597108769e-05,-0.000228755588313,-0.000210253947065,-0.000177818625816,-0.000140336347977,-9.15703330975e-05,-5.68029099668e-05,-2.20869292207e-05,2.46649361543e-05,5.65585677032e-05,9.1420785735e-05,0.000118754685127,120000,-0.00270140450448,0.00100613629911,0.000370033066523,8.37017360086e-05,-0.00169932061787,-0.000357259521319,0.00020970746802,0.000263440178242,0.000327536508848,0.000370482681319,0.000414511188865,0.000481350273185,0.000541026933352,0.000734824349813,0.000944951680937
tomo_sample_2_051_rec,recon_00021.tiff,21,250:350,740:840,600:1200,1400:1600,10000,-0.000237585991272,0.000142157266964,-5.73482869179e-05,5.2582643818e-05,-0.000224350267152,-0.000210849735697,-0.000181550658017,-0.000145189371688,-9.21331993595e-05,-5.69487747271e-05,-2.12458071474e-05,2.72822381703e-05,6.21751483413e-05,0.000107580285316,0.000133918490932,120000,-0.00280918437056,0.000982011202723,0.00036913798936,8.63451790745e-05,-0.00189455080894,-0.000505572158843,0.000207754438889,0.000263489672216,0.000327504945744,0.000370870926417,0.000414178000938,0.000479069889116,0.000533469154616,0.000640635934891,0.000807307532121
tomo_sample_2_051_rec,recon_00022.tiff,22,250:350,740:840,600:1200,1400:1600,10000,-0.000228280288866,0.000136393937282,-5.88628034331e-05,5.33855114861e-05,-0.000227184959335,-0.00021220663315,-0.000182029270218,-0.000147301593097,-9.54613024078e-05,-5.82297670917e-05,-2.19306334657e-05,2.6967642043e-05,6.44023584027e-05,0.000104884091212,0.000131916862582,120000,-0.00297473906539,0.00103570253123,0.000368987874211,8.79802174505e-05,-0.00222224684046,-0.000495532821864,0.000206414576969,0.0002650340728,0.000328766866005,0.000371603993699,0.00041400014743,0.000476277932466,0.000525660102721,0.000617840898572,0.000809691780142
tomo_sample_2_051_rec,recon_00023.tiff,23,250:350,740:840,600:1200,1400:1600,10000,-0.00026312834234,0.000133197449031,-5.70155269735e-05,5.11845702458e-05,-0.000259390212753,-0.000226425745961,-0.000178878636798,-0.000140645346983,-9.19194699236e-05,-5.63893863728e-05,-2.21708414756e-05,2.66322702373e-05,6.22596044559e-05,8.86201089888e-05,0.000105878742055,120000,-0.00286996131763,0.000826669333037,0.000367763107724,8.9816813363e-05,-0.0020155609906,-0.000615195097576,0.000202154923318,0.000263139841263,0.000327054913214,0.000370287933038,0.000413521702285,0.000477008089365,0.000529211366666,0.000625052232761,0.000743503930303
tomo_sample_2_051_rec,recon_00024.tiff,24,250:350,740:840,600:1200,1400:1600,10000,-0.000251592253335,0.000128787913127,-6.07410011982e-05,4.94349174933e-05,-0.000237664072822,-0.000217552821894,-0.000179232508963,-0.000142073494499,-9.34821728151e-05,-6.03777298238e-05,-2.79767273241e-05,2.03550250262e-05,5.55219341186e-05,9.2184965637e-05,0.00010858584343,120000,-0.00290339021012,0.00117684109136,0.000366840853831,9.07705024902e-05,-0.00215636539722,-0.000625668706547,0.000201806195982,0.000262557990209,0.000326958652295,0.000369273213437,0.000412018052884,0.000474516027316,0.000525864814408,0.000653833658434,0.000992196045304
tomo_sample_2_051_rec,recon_00025.tiff,25,250:350,740:840,600:1200,1400:1600,10000,-0.000298541213851,0.000131115477416,-5.97514627544e-05,5.22056504847e-05,-0.000291168670356,-0.000220797288872,-0.00017975785493,-0.000146103490988,-9.51360507315e-05,-5.92836677242e-05,-2.43744411819e-05,2.50013055847e-05,6.02562448694e-05,0.000100611353104,0.000128478046479,120000,-0.00294481520541,0.00118307920638,0.000367898322754,9.26148176962e-05,-0.00225470113107,-0.000592298789532,0.000205171616108,0.000263017788529,0.000327141067828,0.000370607507648,0.000413107372879,0.000476158352103,0.000528320566518,0.00067118618259,0.000960419779195
tomo_sample_2_051_rec,recon_00026.tiff,26,250:350,740:840,600:1200,1400:1600,10000,-0.000250222277828,0.000128068713821,-5.72031870753e-05,5.10633409559e-05,-0.000245886648149,-0.000209836151276,-0.000177624349308,-0.000141809548222,-9.14997908694e-05,-5.65854679735e-05,-2.21328032239e-05,2.47022545409e-05,5.94101090246e-05,9.97682637899e-05,0.000123063675678,120000,-0.0030212556012,0.000933682895266,0.000368037815584,8.86049101815e-05,-0.00215465884858,-0.000553240977402,0.000206060736091,0.00026465083065,0.000327974223183,0.000369867586414,0.000412596367823,0.000475866442139,0.000528646179009,0.000645464045228,0.000792843070556
tomo_sample_2_051_rec,recon_00027.tiff,27,250:350,740:840,600:1200,1400:1600,10000,-0.000246716110269,0.000129551728605,-5.86788336593e-05,5.19549587807e-05,-0.0002408546757,-0.00021062300638,-0.000179066903074,-0.000144618368358,-9.44015155255e-05,-5.83821856708e-05,-2.24187874664e-05,2.60152030933e-05,5.87936594457e-05,9.52360551673e-05,0.000119381670012,120000,-0.00279783946462,0.000927806191612,0.000367387087776,9.24831523858e-05,-0.00230839180576,-0.000681102282077,0.000207019529626,0.000263702282973,0.000327204230416,0.000369556437363,0.000412184774177,0.000475524408103,0.000526964173769,0.000668986373988,0.000819365965883
tomo_sample_2_051_rec,recon_00028.tiff,28,250:350,740:840,600:1200,1400:1600,10000,-0.000284888112219,0.00012188488472,-5.95088350195e-05,5.26146419902e-05,-0.00027693000001,-0.000222543581476,-0.000183776827907,-0.000146256042353,-9.52586324274e-05,-5.9231013438e-05,-2.21369132305e-05,2.48197936344e-05,5.72804364856e-05,8.70871119259e-05,0.000104143436045,120000,-0.00287754274905,0.00124300119933,0.000367818349441,9.86728300079e-05,-0.00261647288841,-0.000693563086912,0.000207443975814,0.000265261605091,0.000328069523675,0.000370540379663,0.000412589644839,0.00047575662029,0.000529534247471,0.000683127011871,0.000979864713328
tomo_sample_2_051_rec,recon_00029.tiff,29,250:350,740:840,600:1200,1400:1600,10000,-0.000293772493023,0.000134544854518,-5.89534174713e-05,5.11492262712e-05,-0.000263226188452,-0.00021028936404,-0.000177047601319,-0.000142295253318,-9.34989911912e-05,-5.97644593654e-05,-2.53306884588e-05,2.54650972238e-05,6.30350856954e-05,0.00010423567718,0.000129201081666,120000,-0.00271027092822,0.00147299526725,0.000367608751582,9.78952422161e-05,-0.00241272651332,-0.000747598490445,0.000199048299692,0.000262696461868,0.000327749730786,0.000370130568626,0.000412911402236,0.000477026583394,0.00053158954368,0.000703297506843,0.00132247986476
tomo_sample_2_051_rec,recon_00030.tiff,30,250:350,740:840,600:1200,1400:1600,10000,-0.000252184167039,0.000126822968014,-5.93578230094e-05,5.14092018811e-05,-0.000234913134736,-0.000210712728047,-0.000179192247597,-0.000144879172149,-9.42881179071e-05,-5.82516586292e-05,-2.44721168201e-05,2.49724826062e-05,5.52250852706e-05,9.00350178272e-05,0.000119690121522,120000,-0.00276450975798,0.00152124720626,0.000367571144474,9.97667008359e-05,-0.00228183085024,-0.000859549772751,0.000199395640084,0.000263725772675,0.000327305519022,0.000370298948837,0.000413571855461,0.000477894963115,0.000531007563113,0.00071422194055,0.00133354774509
tomo_sample_2_051_rec,recon_00031.tiff,31,250:350,740:840,600:1200,1400:1600,10000,-0.000273885962088,0.00020236436103,-5.95107761125e-05,5.02993891022e-05,-0.000260579857393,-0.000216712749316,-0.000176944567647,-0.000142312134267,-9.28846802708e-05,-5.97803391429e-05,-2.56277953667e-05,2.25171427701e-05,5.89585681519e-05,9.89575962521e-05,0.000172712182227,120000,-0.00303201773204,0.00148097402416,0.000369349902259,9.50896875593e-05,-0.00231050235333,-0.000705436561373,0.000204090518382,0.000264570189756,0.000328400659782,0.000371638583601,0.000414264497522,0.000479021918727,0.000535641759634,0.00076264833298,0.00117321860129
tomo_sample_2_051_rec,recon_00032.tiff,32,250:350,740:840,600:1200,1400:1600,10000,-0.000245026312768,0.000137656650622,-5.90296284006e-05,5.24939306177e-05,-0.000239068845163,-0.000225190504774,-0.00018044734461,-0.000143799240323,-9.48298074945e-05,-5.97292764724e-05,-2.27698319577e-05,2.74143034403e-05,6.36207337811e-05,9.63356442298e-05,0.000125051106927,120000,-0.00283478875645,0.00131010368932,0.000370568886587,9.05639437041e-05,-0.00206962358919,-0.000528542231536,0.000200013048452,0.000263066898333,0.000328881113091,0.000372353373677,0.000416136739659,0.000481447998027,0.000543373897672,0.000735180666554,0.00103763546471
tomo_sample_2_051_rec,recon_00033.tiff,33,250:350,740:840,600:1200,1400:1600,10000,-0.000245350063778,0.000132995337481,-5.85254349351e-05,4.95557946597e-05,-0.000240665412215,-0.000213837110277,-0.000172081928758,-0.000140706991078,-9.14854772418e-05,-5.8321387769e-05,-2.48320097853e-05,2.26972104429e-05,5.78702345229e-05,9.12344277895e-05,0.000131979991829,120000,-0.00294591742568,0.00111011997797,0.000369026520524,0.00010193449015,-0.00239265294427,-0.000954560077516,0.000200796810241,0.000265302343178,0.000329011912982,0.000371720539988,0.000414373273088,0.000480136784608,0.000537823638879,0.000731559863256,0.00097481062368
tomo_sample_2_051_rec,recon_00034.tiff,34,250:350,740:840,600:1200,1400:1600,10000,-0.00025303158327,0.000112266607175,-5.80130351139e-05,5.04832900226e-05,-0.000252735044895,-0.000221960674011,-0.000175003475597,-0.000140614833072,-9.19721987884e-05,-5.85359939578e-05,-2.32264728766e-05,2.54044644862e-05,5.87719404575e-05,9.11901811342e-05,0.000110549194551,120000,-0.00293107028119,0.00106203404721,0.000366600852418,0.000113180010044,-0.002625447673,-0.00130539710005,0.000195362777013,0.00026420357899,0.000328155445459,0.00037098726898,0.000413295136241,0.000477526958275,0.000532892633346,0.00071897210693,0.000956224301801
tomo_sample_2_051_rec,recon_00035.tiff,35,250:350,740:840,600:1200,1400:1600,10000,-0.000238146007177,0.000118981210107,-5.69387779694e-05,5.10866144485e-05,-0.000224957368347,-0.000208276536418,-0.000175256837101,-0.000141490862006,-9.1595313279e-05,-5.68062132515e-05,-2.1959636797e-05,2.74216124126e-05,6.20891719154e-05,9.56286001456e-05,0.000109859774068,120000,-0.00325172953308,0.00124483276159,0.000366577605285,0.000111145239608,-0.00262979036879,-0.00119286288228,0.000190554287547,0.000262129213661,0.000327003515849,0.000370626148651,0.00041397401219,0.000478101600311,0.000536372165661,0.000723357953946,0.00101202250842
tomo_sample_2_051_rec,recon_00036.tiff,36,250:350,740:840,600:1200,1400:1600,10000,-0.000237662694417,0.000146475140355,-5.61473374816e-05,5.2478660814e-05,-0.000230085513252,-0.00020313349455,-0.000174134939298,-0.000142383394268,-9.29580328375e-05,-5.62371806154e-05,-1.98504149012e-05,3.05894065605e-05,6.68493937701e-05,0.000109268201857,0.000128754935351,120000,-0.00277273915708,0.00140046002343,0.000368203168103,0.000100298663039,-0.00217438606413,-0.000823760836676,0.00018311327367,0.000261265184963,0.000327840498358,0.000370970941731,0.000414251822804,0.000480706314556,0.000546276050736,0.000765502945927,0.001051715816
tomo_sample_2_051_rec,recon_00037.tiff,37,250:350,740:840,600:1200,1400:1600,10000,-0.000248644442763,0.000114612543257,-5.76261097592e-05,5.09577418095e-05,-0.000246897107118,-0.000216688708388,-0.000174991882668,-0.000141924152558,-9.21981300053e-05,-5.80730775255e-05,-2.27877708312e-05,2.58439315985e-05,5.85135372239e-05,9.52544833708e-05,0.000114014141037,120000,-0.00261006015353,0.00108052766882,0.000370093985348,9.4871873659e-05,-0.0018846088624,-0.000669732197479,0.000184362826258,0.000262491228932,0.000328314374201,0.000371688758605,0.000415645336034,0.000484647155099,0.000560609428794,0.000791263801511,0.00100503702544
tomo_sample_2_051_rec,recon_00038.tiff,38,250:350,740:840,600:1200,1400:1600,10000,-0.000256153172813,0.000164495490026,-5.89654483441e-05,5.23602914642e-05,-0.000252828101686,-0.000221939180468,-0.000182506265264,-0.000146005894203,-9.38679622777e-05,-5.87449576415e-05,-2.3685938686e-05,2.72056024187e-05,6.19281440595e-05,0.000106944295585,0.00013554221347,120000,-0.00270251207985,0.00116712250747,0.000369995495159,0.000102378509371,-0.00226902598678,-0.000856461555581,0.000188068707066,0.000262216715782,0.000329071670421,0.00037271247129,0.000415908070863,0.000483533089573,0.00055793228792,0.000764574364468,0.000954398996627
tomo_sample_2_051_rec,recon_00039.tiff,39,250:350,740:840,600:1200,1400:1600,10000,-0.000266074814135,0.000127489634906,-5.9621368387e-05,4.94917996097e-05,-0.000245087929,-0.000211730666138,-0.000172700147523,-0.000141406138573,-9.27295877773e-05,-5.98922015342e-05,-2.63368938249e-05,2.28587661695e-05,5.37174270357e-05,8.60620303938e-05,0.000106197350165,120000,-0.00309335859492,0.001069467864,0.000366039425337,0.000117918659003,-0.00237914092427,-0.00127011163963,0.000159255773615,0.000259765650844,0.000327012494381,0.000371166839614,0.000414894791902,0.000482627531164,0.000549714054214,0.000732052237727,0.000907876766269
tomo_sample_2_051_rec,recon_00040.tiff,40,250:350,740:840,600:1200,1400:1600,10000,-0.000239818284172,0.000132464789203,-6.02566206972e-05,5.048379081e-05,-0.000236690910145,-0.000206423400203,-0.000175616358174,-0.000142266485636,-9.48444485402e-05,-6.105335342e-05,-2.57911583503e-05,2.30008217841e-05,5.92412206242e-05,9.64940986596e-05,0.000132096298803,120000,-0.00286241876893,0.00114437949378,0.000362103355952,0.000134259678414,-0.0026877421173,-0.00168323527847,0.000121642131271,0.000256622361485,0.000325645887642,0.000369279150618,0.000413031804783,0.000480275030714,0.000545330333989,0.000730471815274,0.000928771764337
tomo_sample_2_051_rec,recon_00041.tiff,41,250:350,740:840,600:1200,1400:1600,10000,-0.000232717517065,0.000120338634588,-5.88013646289e-05,4.9065710039e-05,-0.000225976390783,-0.000203824463926,-0.000170687268255,-0.000139471985312,-9.16300668905e-05,-5.86801070313e-05,-2.62442567873e-05,2.083848658e-05,6.27152343804e-05,9.53102215426e-05,0.000117431336269,120000,-0.00294803432189,0.00130932987668,0.000363674037113,0.000132170348925,-0.00268821714059,-0.00162562442967,0.00012256244896,0.000258438683522,0.000327178342559,0.000370262947399,0.000413683439547,0.00048159006401,0.000546815654379,0.000729967512714,0.00110801030601
tomo_sample_2_051_rec,recon_00042.tiff,42,250:350,740:840,600:1200,1400:1600,10000,-0.000253179809079,0.000140922144055,-6.0515867646e-05,5.12299725337e-05,-0.000244608394979,-0.000212563604189,-0.000177788094006,-0.000144779156835,-9.5428988061e-05,-6.10044407949e-05,-2.62963126261e-05,2.31613550568e-05,6.25010594376e-05,0.000108144631653,0.000132060375526,120000,-0.00308682071045,0.00111084210221,0.000367424603955,0.000118167064341,-0.00256739417959,-0.00126715702494,0.000158367665572,0.000260306523705,0.000328660149535,0.000372534370399,0.000415768750827,0.000483339540369,0.000554255800089,0.000763278758444,0.000942979243118
tomo_sample_2_051_rec,recon_00043.tiff,43,250:350,740:840,600:1200,1400:1600,10000,-0.000281080720015,0.000113024419989,-5.97056818999e-05,5.13712030033e-05,-0.00026793624183,-0.000231817723528,-0.000185075601767,-0.000145651467756,-9.39744895732e-05,-5.82783504797e-05,-2.55626546277e-05,2.36789892369e-05,5.66774288018e-05,9.09669582834e-05,0.00011264775223,120000,-0.00300317420624,0.00124992686324,0.000369360587998,0.000114724955827,-0.00250410332305,-0.0012105010174,0.000166668403253,0.000262821164506,0.000330303511873,0.000373302100343,0.000416687056713,0.000484967576631,0.000557614361751,0.000799950373708,0.00112765863326
tomo_sample_2_051_rec,recon_00044.tiff,44,250:350,740:840,600:1200,1400:1600,10000,-0.000235873652855,0.000158528418979,-5.69005018785e-05,5.11208003225e-05,-0.000223423377119,-0.000210497467531,-0.00017613631222,-0.00014219222503,-9.09413556656e-05,-5.68144314457e-05,-2.23531533265e-05,2.62347112766e-05,6.31487205828e-05,0.000101606895441,0.000135418898183,120000,-0.00296567496844,0.00160030927509,0.000368793154849,0.000115660366561,-0.00248828137545,-0.00123189985275,0.00018106989708,0.000262658047723,0.000328463036567,0.000371698915842,0.000415784219513,0.000483955105301,0.000559485405684,0.000901982570998,0.00126761655777
tomo_sample_2_051_rec,recon_00045.tiff,45,250:350,740:840,600:1200,1400:1600,10000,-0.000231517318753,0.000152230830281,-5.73791002216e-05,5.07213265637e-05,-0.000220588904733,-0.000200181188397,-0.000168576803553,-0.000139469582791,-9.30432142923e-05,-5.83375713177e-05,-2.25496028179e-05,2.67737203103e-05,6.41637483932e-05,0.000104040642858,0.000142340591585,120000,-0.00286633567885,0.00182505487464,0.000370295392244,0.000112714915133,-0.0024918598623,-0.00120334952045,0.000191073589376,0.000264696472732,0.000330235758156,0.000372722555767,0.000415600487031,0.000483579185675,0.000564857306308,0.000908048606187,0.00129066102165
tomo_sample_2_051_rec,recon_00046.tiff,46,250:350,740:840,600:1200,1400:1600,10000,-0.000252712867223,0.000148485618411,-5.7442412758e-05,5.0359057088e-05,-0.000243886718219,-0.000214309356539,-0.000174432622152,-0.000138397260162,-9.11868010007e-05,-5.75494941586e-05,-2.44231387114e-05,2.61726910139e-05,6.51919143274e-05,0.000111456463506,0.000145381481468,120000,-0.00276226829737,0.00126970524434,0.000368393861567,0.000111506242814,-0.00223061269769,-0.00127923773101,0.000189529039199,0.000263315350458,0.000328624009853,0.000371360234567,0.000414999623899,0.00048216580326,0.000553726092912,0.000839379045588,0.00103438942534
tomo_sample_2_051_rec,recon_00047.tiff,47,250:350,740:840,600:1200,1400:1600,10000,-0.000243085698457,0.000109728818643,-5.82888233581e-05,5.0019217951e-05,-0.000238104974134,-0.000209332196537,-0.000175606780103,-0.000141129521944,-9.23654497456e-05,-5.80512332817e-05,-2.38524762608e-05,2.3745974795e-05,5.38943289575e-05,8.45156353898e-05,0.000102913455914,120000,-0.00305226771161,0.00117547879927,0.000367000336656,0.000112738481804,-0.00246108520471,-0.00127044787619,0.000183634562709,0.000261061177298,0.000327402027324,0.000371186615666,0.000414214155171,0.000481127481908,0.000545433119987,0.000792270667851,0.00100885505034
tomo_sample_2_051_rec,recon_00048.tiff,48,250:350,740:840,600:1200,1400:1600,10000,-0.000285365735181,0.000141827258631,-5.74062469841e-05,5.10321221737e-05,-0.00027951656665,-0.000226892883642,-0.000180349121656,-0.000141299779352,-9.16797798709e-05,-5.71023392695e-05,-2.28092076213e-05,2.39600116402e-05,6.0849589172e-05,0.000102333000024,0.00013471262204,120000,-0.00299619417638,0.0011053426424,0.000365808904956,0.00011786497435,-0.00257450932013,-0.00130798011704,0.000180638322054,0.000260278575297,0.000326627356117,0.00037044986675,0.000413724184909,0.000480660065659,0.000547447139397,0.0007839093777,0.000979300358356
tomo_sample_2_051_rec,recon_00049.tiff,49,250:350,740:840,600:1200,1400:1600,10000,-0.00024787010625,0.000119233474834,-5.8994493604e-05,5.06647437845e-05,-0.000242326701086,-0.000208654989139,-0.000176939619705,-0.000142572231562,-9.40469981288e-05,-5.84993322263e-05,-2.4032813144e-05,2.29730502724e-05,5.68810518598e-05,8.66366433183e-05,0.000105310758019,120000,-0.00305277714506,0.00108908582479,0.000364271606555,0.000124998224817,-0.00271529504929,-0.00142633509729,0.00014619280817,0.000259813535376,0.000327039328113,0.000369983317796,0.000413303969253,0.000479705067119,0.000543497625622,0.000736850602436,0.000971617431601
tomo_sample_2_051_rec,recon_00050.tiff,50,250:350,740:840,600:1200,1400:1600,10000,-0.000268629519269,0.000135191541631,-5.86960540017e-05,5.19856079386e-05,-0.000251309611971,-0.000226303400559,-0.000182275546686,-0.000143980324356,-9.30457717914e-05,-5.91529496887e-05,-2.33345708693e-05,2.68139648142e-05,6.21977514675e-05,9.83454498055e-05,0.000125264111959,120000,-0.00292851915583,0.000976324256044,0.000362967656646,0.000127106808699,-0.00254774054841,-0.00151335163403,0.000135698006634,0.000257277904893,0.000325575369061,0.00036918616388,0.000413356574427,0.000480474164942,0.000541528648464,0.00071506857092,0.000882071865396
tomo_sample_2_051_rec,recon_00051.tiff,51,250:350,740:840,600:1200,1400:1600,10000,-0.000242822410655,0.000154697452672,-5.82493465716e-05,5.16278229524e-05,-0.000230802130114,-0.000214178448834,-0.000178583252855,-0.000142996088834,-9.31546346692e-05,-5.90423242102e-05,-2.24151058319e-05,2.46359973062e-05,6.35855196015e-05,0.000104353332033,0.000121277017555,120000,-0.00320151937194,0.00115830264986,0.000363794506139,0.000130522238505,-0.00266246483272,-0.00158692230564,0.00014515062343,0.000259866610577,0.000327571564412,0.000370327587007,0.000413373629272,0.000478982730419,0.000543671298074,0.000719399626658,0.000912789639522
tomo_sample_2_051_rec,recon_00052.tiff,52,250:350,740:840,600:1200,1400:1600,10000,-0.000280626118183,0.000120193348266,-5.87445878384e-05,5.06947761848e-05,-0.000271323776274,-0.000223615648298,-0.000179067086719,-0.000143162497261,-9.24352807488e-05,-5.81719577895e-05,-2.33025612033e-05,2.34681579968e-05,5.40860170804e-05,8.92277421881e-05,0.000113021586569,120000,-0.00312152551487,0.00128719944041,0.000366727145406,0.000123634863516,-0.00254010828657,-0.00149579613167,0.000177873894281,0.000259792442375,0.000328054855345,0.00037182183587,0.000415145637817,0.000482305046171,0.000555286027375,0.000824694086681,0.0010992377808
tomo_sample_2_051_rec,recon_00053.tiff,53,250:350,740:840,600:1200,1400:1600,10000,-0.000230234276387,0.000129000545712,-5.92892737617e-05,4.99174164751e-05,-0.000227742437353,-0.000206363615056,-0.000170392125438,-0.000142461984069,-9.32986695261e-05,-5.89589490119e-05,-2.50568500633e-05,2.09200619793e-05,5.71256304829e-05,9.64768404592e-05,0.00012606753673,120000,-0.00328720360994,0.00141061563045,0.000369507361567,0.000106759949652,-0.00224032505362,-0.000950933606306,0.000189777175256,0.000264062848873,0.00032909015863,0.000371818983695,0.000415046029957,0.000482495056349,0.000559250696679,0.000843962852261,0.00119799737564
tomo_sample_2_051_rec,recon_00054.tiff,54,250:350,740:840,600:1200,1400:1600,10000,-0.000241542205913,0.000149603802129,-5.95517605623e-05,5.09441006854e-05,-0.000240017652362,-0.000212676963522,-0.000177539877623,-0.00014202669845,-9.38438206504e-05,-5.96181653236e-05,-2.5105052373e-05,2.40834560827e-05,6.14588697499e-05,0.000101628852695,0.000141299301668,120000,-0.00208988389932,0.00133921916131,0.00037032695976,9.23703255938e-05,-0.00152712532902,-0.000581539981533,0.000196126336086,0.000262944615679,0.000327699497575,0.000370791080059,0.000414700960391,0.000484312155459,0.000565080236993,0.000851870419225,0.00113313122086
tomo_sample_2_051_rec,recon_00055.tiff,55,250:350,740:840,600:1200,1400:1600,10000,-0.000239165965468,0.000127595907543,-5.98888114757e-05,5.08100284065e-05,-0.000238819620867,-0.000209630642727,-0.000177182597399,-0.000143364502583,-9.48520009842e-05,-6.04532506259e-05,-2.57765846072e-05,2.58227059021e-05,5.83054498929e-05,9.27930713515e-05,0.000122424630394,120000,-0.0026402247604,0.00107566930819,0.000369989069123,9.83087211002e-05,-0.00205565973425,-0.000776644835656,0.000194454361481,0.000264829680964,0.000328813395754,0.00037146511022,0.000414838483266,0.000484150781995,0.000558616736671,0.000791225704539,0.000978178066621
tomo_sample_2_051_rec,recon_00056.tiff,56,250:350,740:840,600:1200,1400:1600,10000,-0.000260797009105,0.000128829895402,-5.75397240933e-05,5.19892661889e-05,-0.000252719495821,-0.000214341171362,-0.000178897151054,-0.000144772815838,-9.20655729715e-05,-5.74078640057e-05,-2.18534946725e-05,2.67305734269e-05,6.09917406837e-05,9.4154794002e-05,0.000117595885346,120000,-0.00282995030284,0.00128953775857,0.000369058309296,0.000102516990303,-0.00239886988949,-0.000872856898932,0.000186363101238,0.000264370057266,0.000329231079377,0.000371459289454,0.000414615264162,0.000482015065791,0.000544514876092,0.000787457863218,0.00113037432677
tomo_sample_2_051_rec,recon_00057.tiff,57,250:350,740:840,600:1200,1400:1600,10000,-0.000244867609581,0.000119640484627,-5.79477508966e-05,5.11706254323e-05,-0.000242668845913,-0.000223260743573,-0.000179517550278,-0.000143450079486,-9.25537660805e-05,-5.70023203181e-05,-2.23345418817e-05,2.4242627569e-05,5.737929303e-05,9.46877693277e-05,0.000110743765892,120000,-0.0028329025954,0.00123895995785,0.000367716054004,0.000102639789746,-0.0024129871137,-0.000842777196609,0.000184881069144,0.000261336780386,0.000327823458065,0.000371030910173,0.000414207926951,0.000479244044982,0.000540013858699,0.000744095005852,0.0010878433599
tomo_sample_2_051_rec,recon_00058.tiff,58,250:350,740:840,600:1200,1400:1600,10000,-0.00022708614415,0.000136473056045,-5.71435583403e-05,5.04124039742e-05,-0.000224666460848,-0.000207729801768,-0.000174298674538,-0.000141314374196,-9.09806185518e-05,-5.64835208934e-05,-2.25649509957e-05,2.46087652158e-05,5.6426839692e-05,0.00010495772188,0.000126286337175,120000,-0.00302216922864,0.0011638191063,0.0003677269018,0.000104671064285,-0.00232805745956,-0.000955797566159,0.000173544429708,0.000260624488874,0.000327961053699,0.00037163637171,0.000415204456658,0.000481475275592,0.000542799991672,0.000734830790083,0.000950697321468
tomo_sample_2_051_rec,recon_00059.tiff,59,250:350,740:840,600:1200,1400:1600,10000,-0.000223415758228,0.000130914893816,-5.90289168787e-05,4.99041150085e-05,-0.000222599230062,-0.000212007854861,-0.000174441870331,-0.000141457386053,-9.26059856283e-05,-5.87977610849e-05,-2.59601661128e-05,2.25545426474e-05,5.83930486755e-05,0.000101475901312,0.00012734538951,120000,-0.00291717844084,0.00114998884965,0.000368761748502,0.000110716758127,-0.00252755750541,-0.00112585699058,0.000186853892956,0.000263152066327,0.000329048642016,0.000372026581317,0.000415744092606,0.000483160160366,0.000549098686315,0.000749031643674,0.000976412908739
tomo_sample_2_051_rec,recon_00060.tiff,60,250:350,740:840,600:1200,1400:1600,10000,-0.000232519319979,0.000145497717313,-5.82996999383e-05,5.06034164193e-05,-0.000227790013055,-0.000207121872765,-0.000170988934406,-0.000139338331064,-9.36143842409e-05,-5.92328324274e-05,-2.38265506596e-05,2.65669948021e-05,6.17675287504e-05,9.2441855064e-05,0.000132841174255,120000,-0.00312424637377,0.00104249140713,0.000368075388022,0.000117314554823,-0.00265743989786,-0.00122320433415,0.00016633131454,0.000260411501222,0.000328597096086,0.000372499926016,0.000415773603891,0.000485245288291,0.000555487485835,0.000782792057551,0.000947027897596
tomo_sample_2_051_rec,recon_00061.tiff,61,250:350,740:840,600:1200,1400:1600,10000,-0.000340544880601,0.000147119702888,-5.78718622064e-05,5.03840692694e-05,-0.000321343395114,-0.00022481973769,-0.00017852055229,-0.000139934750041,-9.20971069718e-05,-5.74868918193e-05,-2.4107786885e-05,2.41001249378e-05,5.91160421391e-05,9.49371210736e-05,0.000126017068843,120000,-0.00305337668397,0.00141202437226,0.000366237051044,0.00012655972911,-0.00257696430681,-0.00144361896673,0.000143355850742,0.000258075491001,0.0003276525822,0.000371474103304,0.000415181282733,0.000485705927713,0.000564964933437,0.000810624615639,0.00115174052754
tomo_sample_2_051_rec,recon_00062.tiff,62,250:350,740:840,600:1200,1400:1600,10000,-0.000276659644442,0.000135741545819,-5.75893971113e-05,5.15991357977e-05,-0.000264918907339,-0.000228880437106,-0.000180861833069,-0.000141683973197,-9.2442451205e-05,-5.73677862121e-05,-2.25379358199e-05,2.57376448644e-05,6.50182174286e-05,0.000101722883301,0.00013540726355,120000,-0.0032569100149,0.00133801763877,0.000365894602639,0.000127507085608,-0.00259168921916,-0.00142764412926,0.000140815032646,0.000260090695519,0.00032783759525,0.000371036221622,0.00041450928984,0.00048431479081,0.000560169724049,0.00081922087539,0.00124988659853
tomo_sample_2_051_rec,recon_00063.tiff,63,250:350,740:840,600:1200,1400:1600,10000,-0.000246649200562,0.0001349166414,-5.58420714867e-05,5.2239627113e-05,-0.000243323009049,-0.000223119891671,-0.00018284043821,-0.000144462200842,-9.01601652004e-05,-5.50988606847e-05,-2.03060553758e-05,2.89209046059e-05,6.17492046149e-05,0.000102262572786,0.000131934888377,120000,-0.00292931078002,0.00124039861839,0.00036685468359,0.000127757038346,-0.00252500965241,-0.00155172626639,0.000143127944611,0.000257315630734,0.000327254994772,0.000371626549168,0.000416467613832,0.000486605866172,0.000569234021823,0.000830946533359,0.00114223908031
tomo_sample_2_051_rec,recon_00064.tiff,64,250:350,740:840,600:1200,1400:1600,10000,-0.000237194763031,0.00012046322081,-5.81033190245e-05,5.10833381798e-05,-0.000230751702923,-0.000210876764046,-0.000176182286232,-0.000142420156772,-9.23392381083e-05,-5.8555013311e-05,-2.35765555772e-05,2.61980421783e-05,6.11578966345e-05,8.97279758938e-05,0.000112356766661,120000,-0.00298356614076,0.00132854853291,0.000366444782064,0.000130481414942,-0.00263358897183,-0.00152181788976,0.000127181800199,0.000257128839439,0.000326960835082,0.000371076719603,0.000416294205934,0.000488363736076,0.000577251255745,0.00085789389268,0.00118560766503
tomo_sample_2_051_rec,recon_00065.tiff,65,250:350,740:840,600:1200,1400:1600,10000,-0.000269280106295,0.000120231728943,-5.74384793465e-05,5.11047706026e-05,-0.000251300161029,-0.000212280750726,-0.000176372481801,-0.000142203133873,-9.15897799132e-05,-5.74494642933e-05,-2.27545815505e-05,2.6969465398e-05,6.1374948782e-05,9.51674402895e-05,0.000116968868307,120000,-0.00287785078399,0.00123558426276,0.000366144486476,0.000134916097838,-0.00261773976972,-0.0015976294576,0.000100263204731,0.000258293344814,0.000328424037434,0.000372372218408,0.000416065187892,0.000486559788988,0.000569469038164,0.00089294376818,0.00118200018905
tomo_sample_2_051_rec,recon_00066.tiff,66,250:350,740:840,600:1200,1400:1600,10000,-0.000243241665885,0.000111828754598,-5.81308789417e-05,5.0835303293e-05,-0.000228434171971,-0.000201157439908,-0.0001763443659,-0.00014253536574,-9.27411820157e-05,-5.84488934692e-05,-2.24458494813e-05,2.46827132287e-05,5.58229786839e-05,8.82298541765e-05,0.000100336612105,120000,-0.00311149493791,0.00126208050642,0.000366646631988,0.000136634867208,-0.00263698167372,-0.00167240845494,0.000137771264417,0.00025904228969,0.000327738467604,0.000372126087314,0.000415960050304,0.000486760876083,0.000576800847775,0.00092501404311,0.00118082320434
tomo_sample_2_051_rec,recon_00067.tiff,67,250:350,740:840,600:1200,1400:1600,10000,-0.000259984488366,0.000161051022587,-5.70087187612e-05,5.18875969603e-05,-0.000232987419309,-0.000212967887943,-0.000177214698924,-0.000141456496203,-9.24628111534e-05,-5.71512064198e-05,-2.13239104596e-05,2.79564121229e-05,6.55522920715e-05,0.000105440947642,0.000150779780095,120000,-0.00318180816248,0.00177008577157,0.000371617921475,0.000122010235018,-0.00253475754685,-0.00119129452971,0.000168054798123,0.000260368615272,0.000328647103743,0.000372942609829,0.000418105941208,0.000491350566153,0.000600287826965,0.00115533679817,0.00166385490005
tomo_sample_2_051_rec,recon_00068.tiff,68,250:350,740:840,600:1200,1400:1600,10000,-0.000275776954368,0.000164890385349,-5.45543693446e-05,5.4536221828e-05,-0.000265719501785,-0.000224820613992,-0.000184650577139,-0.000144791288039,-9.03414038476e-05,-5.4179221479e-05,-1.77348601937e-05,3.29112928739e-05,7.07642517227e-05,0.000117197883526,0.000159579816647,120000,-0.0027448751498,0.00197029975243,0.000374552319461,0.000112503121254,-0.00188882923757,-0.000731980343233,0.000184944654902,0.00026188530901,0.000329061382217,0.000372781913029,0.000418025250838,0.00049438442511,0.000622600039351,0.00141219021659,0.00181411146979
tomo_sample_2_051_rec,recon_00069.tiff,69,250:350,740:840,600:1200,1400:1600,10000,-0.000229178287555,0.000146717109601,-5.50126791182e-05,5.10231260593e-05,-0.000227223535102,-0.000209019526606,-0.000174511971709,-0.000140346045373,-8.95427092473e-05,-5.53833106096e-05,-1.93078362827e-05,2.8971699885e-05,6.01914495201e-05,9.7851211387e-05,0.000130047229555,120000,-0.00276965508237,0.00180036609527,0.000373457288272,0.000118726786255,-0.00194367385907,-0.00103460557642,0.000174073199014,0.000260796508519,0.000328632973833,0.000373207236407,0.000418425668613,0.000493123359047,0.000638916452299,0.00131652290071,0.00167470718342
tomo_sample_2_051_rec,recon_00070.tiff,70,250:350,740:840,600:1200,1400:1600,10000,-0.000284897134406,0.000136848000693,-5.66484028877e-05,5.31077092508e-05,-0.000243576912599,-0.00021437470871,-0.000180714615126,-0.000143992543599,-9.26624707063e-05,-5.66822182009e-05,-2.0537985165e-05,3.09188006213e-05,6.68246405257e-05,0.000105765885317,0.000134261481816,120000,-0.00308344536461,0.00190936913714,0.000371632466329,0.000136397895277,-0.00240624748375,-0.00158466165944,0.000159963417391,0.000259678374277,0.000328054295096,0.000372679685825,0.000418181814894,0.000494817562867,0.000658506996697,0.0012823943554,0.00159641907221
tomo_sample_2_051_rec,recon_00071.tiff,71,250:350,740:840,600:1200,1400:1600,10000,-0.000269743206445,0.000122923156596,-5.55132266463e-05,5.09851633582e-05,-0.000241626406736,-0.000219100187373,-0.000175797905977,-0.000139290094376,-8.95209159353e-05,-5.55917613383e-05,-2.08639912671e-05,2.69674023912e-05,6.36150592618e-05,0.000101769352303,0.000122614963302,120000,-0.00268708541989,0.00197179266252,0.000373151728717,0.000146655648458,-0.00200916544793,-0.00149988751463,0.000145013698639,0.000258398876758,0.000328337453539,0.000373325441615,0.000419512696681,0.000495617356501,0.000719516633544,0.00143460713478,0.00186751391671
tomo_sample_2_051_rec,recon_00072.tiff,72,250:350,740:840,600:1200,1400:1600,10000,-0.000255562132224,0.000133016248583,-5.75277508115e-05,5.12717351499e-05,-0.000248410173703,-0.000211227039734,-0.000176504135306,-0.000140689251566,-9.26053908188e-05,-5.81101812713e-05,-2.30996834034e-05,2.74436791187e-05,6.17171663907e-05,0.000108010331707,0.000125502551075,120000,-0.00305565982126,0.00212179077789,0.000375748657159,0.000160371103734,-0.00268398198443,-0.00138717513555,0.000124794388248,0.000258788710926,0.000329235743266,0.000374317853129,0.000419696887548,0.000500269848271,0.000787733540055,0.00173875517515,0.0020101282425
tomo_sample_2_051_rec,recon_00073.tiff,73,250:350,740:840,600:1200,1400:1600,10000,-0.000257884472376,0.000132196801133,-5.91619938334e-05,5.32388344287e-05,-0.000256825227986,-0.000232244326529,-0.000185980675305,-0.000147767319868,-9.46062536968e-05,-5.86677142564e-05,-2.35513321059e-05,2.75611242614e-05,6.29985296837e-05,9.9797990988e-05,0.000116551804565,120000,-0.00311138667166,0.0021093247924,0.000374630762477,0.000167935304133,-0.00259830505098,-0.00143620574125,5.1088379987e-05,0.000253671515384,0.000328683272528,0.000375172763597,0.000422709177656,0.000506299105473,0.000811869844329,0.00157849252981,0.00194302040077
tomo_sample_2_051_rec,recon_00074.tiff,74,250:350,740:840,600:1200,1400:1600,10000,-0.000281882064883,0.000129382868181,-5.83990835876e-05,5.15187458964e-05,-0.000256993037375,-0.00022641880282,-0.000177502496808,-0.000142503494862,-9.36520045798e-05,-5.77646387683e-05,-2.35902248278e-05,2.60823703684e-05,6.23104366241e-05,0.000101217313066,0.000126999677432,120000,-0.00327400281094,0.0018862002762,0.000366482003354,0.000180998141367,-0.00258088876614,-0.00161738190346,-0.000253453472687,0.000252689758781,0.00032765159267,0.000373772258172,0.000420463315095,0.000500052821008,0.000716036740341,0.00139785821387,0.00175197761304
tomo_sample_2_051_rec,recon_00075.tiff,75,250:350,740:840,600:1200,1400:1600,10000,-0.000242762616836,0.000122354394989,-5.75260503612e-05,5.17054872391e-05,-0.000228578202722,-0.000209757890028,-0.000176382660575,-0.000144036923302,-9.28068475332e-05,-5.69227740925e-05,-2.13864877878e-05,2.61081565441e-05,6.01052159982e-05,9.46244172519e-05,0.000119109598749,120000,-0.00279424898326,0.00157719035633,0.000360173305979,0.000201222862118,-0.00246178461842,-0.00191419450263,-0.000504576998646,0.000251563978964,0.000326453504385,0.000372466165572,0.000418210714997,0.000495515603689,0.000701340647065,0.00136198019946,0.00153969135971
tomo_sample_2_051_rec,recon_00076.tiff,76,250:350,740:840,600:1200,1400:1600,10000,-0.000256772735156,0.000132840650622,-5.70985967417e-05,5.22612116072e-05,-0.000241035015782,-0.000217629653853,-0.000180957554985,-0.000143690855475,-9.2123507784e-05,-5.72787012061e-05,-2.13453381548e-05,2.89580023491e-05,6.19649739383e-05,9.36410040667e-05,0.000118984669492,120000,-0.0029455809854,0.00168224342633,0.000359695725549,0.000201133194628,-0.00255977792318,-0.00168614211003,-0.000652172389673,0.00024919287971,0.000326263761963,0.00037206565321,0.000418177296524,0.00049830393109,0.000726926524076,0.00137140106317,0.00161159374645
tomo_sample_2_051_rec,recon_00077.tiff,77,250:350,740:840,600:1200,1400:1600,10000,-0.000248227675911,0.000148103848915,-5.73482827746e-05,5.16975289233e-05,-0.000233584835003,-0.000219060804113,-0.000178127504187,-0.000142016504105,-9.26151551539e-05,-5.72354292672e-05,-2.19402340917e-05,2.67850678938e-05,6.34445839387e-05,9.96249432646e-05,0.000116201310513,120000,-0.00289394776337,0.00185409304686,0.000361776656727,0.000194926888341,-0.00261135585352,-0.00164486329048,-0.000583206703304,0.000248991133412,0.000326292596583,0.00037207340938,0.000419367846916,0.000501648747013,0.000765745539684,0.00139372653654,0.00173943745001
tomo_sample_2_051_rec,recon_00078.tiff,78,250:350,740:840,600:1200,1400:1600,10000,-0.000261839828454,0.000137687107781,-5.69712102695e-05,5.12359068397e-05,-0.000258012097134,-0.000220839031987,-0.000176476216875,-0.000140430246392,-9.15966284083e-05,-5.75038011448e-05,-2.18968380068e-05,2.72300318102e-05,6.24990840151e-05,9.45115928116e-05,0.000127759241595,120000,-0.00301780737936,0.00197421712801,0.000362489750403,0.000189245644717,-0.00256699376323,-0.00152883147832,-0.000497663162532,0.000244511588244,0.000325300803524,0.0003724614362,0.000419396652433,0.00050202368584,0.000785481331986,0.00143405943003,0.00174387213297
tomo_sample_2_051_rec,recon_00079.tiff,79,250:350,740:840,600:1200,1400:1600,10000,-0.000282888795482,0.000125384511193,-5.51166852656e-05,5.12822612318e-05,-0.00026453004354,-0.000221342190693,-0.000177675238083,-0.000139873081935,-8.8911574494e-05,-5.5184811572e-05,-2.04083435165e-05,2.84874510726e-05,6.06019101542e-05,9.39784075672e-05,0.000116381923312,120000,-0.00276477588341,0.00184438342694,0.000363417230404,0.000182741716517,-0.00191041698067,-0.00133806912438,-0.00047519196698,0.000243681457505,0.000325901506585,0.00037279452954,0.000419951407821,0.000503741152352,0.000809252956533,0.00142131827702,0.00165325323779
tomo_sample_2_051_rec,recon_00080.tiff,80,250:350,740:840,600:1200,1400:1600,10000,-0.000262504530838,0.000143679120811,-5.58798702518e-05,5.39665985213e-05,-0.000253432057097,-0.000223971865402,-0.000184037482104,-0.000145020349737,-9.26351258386e-05,-5.54700400244e-05,-1.89026873159e-05,3.2382624704e-05,6.84734784591e-05,0.000108443882549,0.000128779871696,120000,-0.00289663323201,0.00172591826413,0.000362841089934,0.00018688476234,-0.00233793726775,-0.00138558810484,-0.000515649999725,0.000243743962346,0.000326863017108,0.000373770686565,0.00042102381849,0.000504251255188,0.000804035550682,0.00138152021414,0.00165046895919
tomo_sample_2_051_rec,recon_00081.tiff,81,250:350,740:840,600:1200,1400:1600,10000,-0.000298073631711,0.000125750055304,-5.65889751857e-05,5.26866430597e-05,-0.00027670572823,-0.000228369326564,-0.000179722264438,-0.000144634772005,-9.23836887523e-05,-5.54300477233e-05,-2.0346976271e-05,2.76684078017e-05,6.34870524664e-05,9.97113038175e-05,0.000120797115083,120000,-0.00344173307531,0.00180909002665,0.000360581161222,0.000194464171951,-0.00259804654517,-0.00147082146676,-0.000571888540871,0.000235248219542,0.000325750850607,0.000373213129933,0.000420153060986,0.000505677421461,0.000818565547233,0.00139716974099,0.0016825081549
tomo_sample_2_051_rec,recon_00082.tiff,82,250:350,740:840,600:1200,1400:1600,10000,-0.00026658718707,0.000125247534015,-5.88181085112e-05,5.34646206499e-05,-0.0002643013389,-0.000223163115952,-0.000181722039561,-0.000146415088238,-9.49710374698e-05,-5.90497693338e-05,-2.26577731155e-05,2.89885559141e-05,6.4834842924e-05,0.000105838725867,0.000125006200085,120000,-0.00294046616182,0.00174864765722,0.000359158529195,0.000201440131995,-0.00247856133273,-0.00150771697762,-0.000610030018725,0.000229843892157,0.000324344429828,0.000372147798771,0.0004200243784,0.000507161853602,0.000866545869503,0.00146213595103,0.00167500351336
tomo_sample_2_051_rec,recon_00083.tiff,83,250:350,740:840,600:1200,1400:1600,10000,-0.000273074605502,0.000129291802295,-5.74314659545e-05,5.24276882573e-05,-0.000248837787815,-0.000213029698585,-0.000181258296507,-0.000146206688805,-9.20025304367e-05,-5.69931471546e-05,-2.16673365685e-05,2.85142778921e-05,6.3006796845e-05,9.46100002038e-05,0.000127464249964,120000,-0.00293467985466,0.00191565765999,0.000358199512563,0.000205586512788,-0.00256141664418,-0.00146084378322,-0.000625807192409,0.000222499346273,0.000323790758557,0.000372045629774,0.000420232805482,0.000506846231292,0.000888494024402,0.00153874217754,0.00181894821555
tomo_sample_2_051_rec,recon_00084.tiff,84,250:350,740:840,600:1200,1400:1600,10000,-0.000256509374594,0.000143329438288,-5.62446341418e-05,5.32175272248e-05,-0.000239047076495,-0.000215923063821,-0.00017744807541,-0.0001441635628,-9.26513039303e-05,-5.66066555621e-05,-1.9184568373e-05,3.1726693669e-05,6.69772341644e-05,0.000107210893606,0.000120305568775,120000,-0.00300497049466,0.00188519177027,0.000356386916991,0.000209178711821,-0.00262960479036,-0.00146094227931,-0.000656789444038,0.00021256819964,0.000321770268783,0.000372062495444,0.000421180586272,0.000510883296374,0.000854685457889,0.00156560063548,0.00179822931524
tomo_sample_2_051_rec,recon_00085.tiff,85,250:350,740:840,600:1200,1400:1600,10000,-0.000241871035541,0.000166855606949,-5.72922269314e-05,5.33960434583e-05,-0.00023035744567,-0.000211672659862,-0.000182321481552,-0.000145136382343,-9.27319688344e-05,-5.69725325477e-05,-2.17237975448e-05,2.84762247247e-05,7.1149824289e-05,0.000117434512387,0.00016152270329,120000,-0.00303908018395,0.0019611173775,0.00035359752331,0.000211963912501,-0.00258622334413,-0.00163602495263,-0.00069646267686,0.000205373037898,0.000323008323903,0.000372839916963,0.000422418685048,0.000510096654762,0.000795053789043,0.0014105291086,0.00186499812694
tomo_sample_2_051_rec,recon_00086.tiff,86,250:350,740:840,600:1200,1400:1600,10000,-0.000256988685578,0.000160420953762,-5.712756402e-05,5.40795579475e-05,-0.00025016353039,-0.00022903903597,-0.00018429062693,-0.00014512136695,-9.37131917453e-05,-5.78186027269e-05,-2.06327167689e-05,3.09473425659e-05,7.10864206485e-05,0.000116968641079,0.000150169790904,120000,-0.00340754701756,0.00147377804387,0.000347380225765,0.000220018998153,-0.00268303748483,-0.00167643145903,-0.000790830711485,0.000179750030657,0.000321498504491,0.000371871050447,0.00042183061305,0.000507701272727,0.000743398992345,0.00116650111892,0.00136546851906
tomo_sample_2_051_rec,recon_00087.tiff,87,250:350,740:840,600:1200,1400:1600,10000,-0.000281314278254,0.000137728318805,-5.7061494649e-05,5.39908195249e-05,-0.00027338890458,-0.000239356553851,-0.000181506428198,-0.000146479369869,-9.32162820391e-05,-5.72365170228e-05,-1.9218997295e-05,3.14388074912e-05,6.54622571165e-05,0.000100774381732,0.000128723140941,120000,-0.00328605435789,0.00144464045297,0.000344443914431,0.000222601838951,-0.00261988747246,-0.0015877452757,-0.000836204033694,0.000152021207032,0.000320028055285,0.000370385751012,0.000419759948272,0.000507405417738,0.000737532397034,0.00113230082055,0.00132913099965
tomo_sample_2_051_rec,recon_00088.tiff,88,250:350,740:840,600:1200,1400:1600,10000,-0.000289406336378,0.000192375970073,-5.54442463738e-05,5.41298411555e-05,-0.000267800649279,-0.000225492679048,-0.000181365029566,-0.000147139479668,-9.10361923161e-05,-5.48505013285e-05,-1.85942294593e-05,3.13523991281e-05,6.69405124063e-05,0.000115656233822,0.000181248316604,120000,-0.0032942625694,0.00159116333816,0.000349546858623,0.0002128619973,-0.00275022814248,-0.00157218377129,-0.000729889246286,0.000173054687184,0.00032274453406,0.000372380571207,0.000421525779529,0.000506983729429,0.000754154933384,0.00116317746392,0.00139936915035
tomo_sample_2_051_rec,recon_00089.tiff,89,250:350,740:840,600:1200,1400:1600,10000,-0.000286316033453,0.000164500248502,-5.82257577137e-05,5.30171966037e-05,-0.000273248119789,-0.000228188472363,-0.000182397587341,-0.000146082287392,-9.33209485083e-05,-5.83120781812e-05,-2.23260840357e-05,2.79067787233e-05,6.5643538619e-05,0.000106554386832,0.000130233769611,120000,-0.00311689218506,0.00180994102266,0.000353249776141,0.000196626420205,-0.00227561209456,-0.0013087232837,-0.000609270772547,0.000155471084872,0.000323683576426,0.000373426300939,0.000422074801463,0.000509971170686,0.000768967590993,0.00117481178453,0.00149112814863
tomo_sample_2_051_rec,recon_00090.tiff,90,250:350,740:840,600:1200,1400:1600,10000,-0.000258807936916,0.000145741840242,-5.53855259715e-05,5.30921660724e-05,-0.000242264136607,-0.000217615377012,-0.000180109968642,-0.000142251668149,-9.1227955636e-05,-5.57542425668e-05,-1.92915867956e-05,3.26233732267e-05,6.38842119952e-05,0.000100636835348,0.000112988514617,120000,-0.00278701260686,0.00142833509017,0.000351529322483,0.000197283454128,-0.00216461362783,-0.00146402949432,-0.000625823573791,0.000122297950293,0.000322132524161,0.000372193346266,0.0004214106375,0.000509206502466,0.00076532778563,0.00111807429884,0.00129152568865
tomo_sample_2_051_rec,recon_00091.tiff,91,250:350,740:840,600:1200,1400:1600,10000,-0.000245385948801,0.000127377497847,-5.60896228945e-05,5.34083033301e-05,-0.000244135511367,-0.000223332852198,-0.000181320448755,-0.000144500348688,-9.1889189207e-05,-5.54801808903e-05,-1.89157126442e-05,3.01420872347e-05,6.53462798073e-05,9.83098477591e-05,0.000127216889869,120000,-0.00303852162324,0.00166474631988,0.000347242045933,0.000205683425788,-0.00236414981687,-0.00168496322841,-0.000666015640018,7.90827754827e-05,0.000320149782056,0.000370763678802,0.000419575066189,0.000504562622518,0.000756716274191,0.00112000239769,0.0013865364463
tomo_sample_2_051_rec,recon_00092.tiff,92,250:350,740:840,600:1200,1400:1600,10000,-0.000253778329352,0.000137560185976,-5.5207703824e-05,5.08836581452e-05,-0.000236282463341,-0.000212815363353,-0.000174121990713,-0.000139852316352,-8.90867522685e-05,-5.5156659073e-05,-2.10270409298e-05,2.75801368844e-05,6.29958945501e-05,0.000104224186281,0.000117997492594,120000,-0.0028074469883,0.00180339079816,0.000345052344426,0.000207864228054,-0.00232760737506,-0.00170556233265,-0.000674020373845,6.12967189227e-05,0.000318160753523,0.000368745502783,0.000417723873397,0.000503306052997,0.000768841124955,0.00115777824679,0.00157339331696
tomo_sample_2_051_rec,recon_00093.tiff,93,250:350,740:840,600:1200,1400:1600,10000,-0.000259443855612,0.000134207846713,-5.78548650425e-05,5.42295948592e-05,-0.000257194383591,-0.000234012733272,-0.000189154416294,-0.000145951261948,-9.44264666032e-05,-5.80428259127e-05,-2.07978928302e-05,3.18063648592e-05,6.66394280415e-05,9.75900930789e-05,0.00012446446581,120000,-0.00295583228581,0.0015171765117,0.000346110497755,0.000206477562255,-0.00258512713332,-0.00163402302994,-0.000665046835202,6.45024298137e-05,0.000318579397572,0.000369193745428,0.000418828269176,0.000505602583871,0.000762517226976,0.00116282388684,0.0013640308156
tomo_sample_2_051_rec,recon_00094.tiff,94,250:350,740:840,600:1200,1400:1600,10000,-0.00025566079421,0.000137021357659,-5.78508581853e-05,5.34615905511e-05,-0.000244638587924,-0.000216039798281,-0.000181970615668,-0.00014655371051,-9.40811860346e-05,-5.71623459109e-05,-2.08706096601e-05,2.81995995465e-05,6.23891422583e-05,0.000104785052608,0.000133816866194,120000,-0.00305548333563,0.0015441342257,0.00034669980327,0.000208020136559,-0.00277221129057,-0.00164454379631,-0.000678183752461,5.92267198954e-05,0.000320394152368,0.000370544701582,0.000418997573433,0.000506502462667,0.000759174806299,0.00113456919603,0.00135127406063
tomo_sample_2_051_rec,recon_00095.tiff,95,250:350,740:840,600:1200,1400:1600,10000,-0.000260077067651,0.000127902705572,-5.42933827276e-05,5.34631882168e-05,-0.000243481409502,-0.000225209286291,-0.000181096623419,-0.000144804427691,-8.95557332115e-05,-5.38776967005e-05,-1.81182217602e-05,3.33712907377e-05,6.58212898998e-05,0.000101828536281,0.000123314596311,120000,-0.00285671069287,0.00140189973172,0.000347174909879,0.000209556993778,-0.00258279501037,-0.0017038706548,-0.000694199001882,7.51337607653e-05,0.000320050799928,0.000370421432308,0.000419046118623,0.000507128605386,0.000768194461707,0.00112654039857,0.00129998154799
tomo_sample_2_051_rec,recon_00096.tiff,96,250:350,740:840,600:1200,1400:1600,10000,-0.000308359303745,0.000132820379804,-5.60778263341e-05,5.43060195858e-05,-0.000286005199183,-0.000233734881069,-0.000186417848163,-0.000146040660911,-9.19772137422e-05,-5.64981164644e-05,-1.98046318474e-05,3.20466313497e-05,7.00520032842e-05,0.00010422627761,0.000127853973133,120000,-0.00278110825457,0.00142980203964,0.000348671516487,0.000202870787027,-0.00236915878763,-0.00164979682537,-0.000657413218287,8.48867781315e-05,0.000319970393321,0.000370324749383,0.00042022937123,0.000509224674897,0.000777692088741,0.00111276336713,0.00130485165737
tomo_sample_2_051_rec,recon_00097.tiff,97,250:350,740:840,600:1200,1400:1600,10000,-0.000243870541453,0.000156424866873,-5.62384162617e-05,5.31073502859e-05,-0.000238516423224,-0.000214452563028,-0.000179582078999,-0.000143061076233,-9.18932182685e-05,-5.66780108784e-05,-1.98823358915e-05,3.02957933854e-05,6.57692206005e-05,0.000108388988141,0.000140033890045,120000,-0.00282665784471,0.00143396703061,0.000350578804738,0.000202309736391,-0.00236369629612,-0.00166716356156,-0.000629528293503,8.74976663908e-05,0.000321600127791,0.000371537331375,0.000421599441324,0.000509635912022,0.000791533184238,0.00113254940708,0.00129716868288
tomo_sample_2_051_rec,recon_00098.tiff,98,250:350,740:840,600:1200,1400:1600,10000,-0.000272211822448,0.000140589952935,-5.62367161557e-05,5.41566151932e-05,-0.000256966723449,-0.000221185311646,-0.000182912354794,-0.000146679757745,-9.2526906883e-05,-5.53768459213e-05,-1.90062432921e-05,3.19856506394e-05,6.58123088215e-05,0.000102516127336,0.000137559936036,120000,-0.00319973030128,0.00134155270644,0.00034971338339,0.000203996447034,-0.00256198973623,-0.00160384513962,-0.00064224429545,8.06533589639e-05,0.000320344421198,0.000371387548512,0.000421159893449,0.000508129538503,0.000812966309022,0.00112248433102,0.00126979702644
tomo_sample_2_051_rec,recon_00099.tiff,99,250:350,740:840,600:1200,1400:1600,10000,-0.000259344436927,0.000155161236762,-5.68280067568e-05,5.5066373444e-05,-0.000248994869308,-0.000235438951306,-0.000189026432781,-0.000150133150601,-9.2560898338e-05,-5.56268132641e-05,-2.03958734346e-05,3.22567395415e-05,6.92875182722e-05,0.000112253421423,0.000130253904776,120000,-0.00342655857094,0.00140912667848,0.000348621149704,0.000201290901615,-0.00277004388566,-0.00163816678291,-0.000601309769554,8.11296729808e-05,0.000319717204547,0.000370047200704,0.00041912800225,0.000505614923895,0.000791647566366,0.00114072032121,0.00131319512598
tomo_sample_2_051_rec,recon_00100.tiff,100,250:350,740:840,600:1200,1400:1600,10000,-0.000267691939371,0.000145718600834,-5.48336826516e-05,5.49291052653e-05,-0.000241613964672,-0.000227206508032,-0.000182445311366,-0.000145563318074,-9.2157830295e-05,-5.50187814952e-05,-1.69029476638e-05,3.43428471751e-05,6.97185911849e-05,0.000107101820402,0.000136790060243,120000,-0.00332803581841,0.00152883329429,0.000351015973658,0.000195934112729,-0.00272497271225,-0.00158658035682,-0.000555776339606,0.000102566942223,0.000319276841765,0.000370601454051,0.000420033640694,0.000506340889842,0.000808387129218,0.00115527496394,0.0013599459791
tomo_sample_2_051_rec,recon_00101.tiff,101,250:350,740:840,600:1200,1400:1600,10000,-0.00026066286955,0.000154167864821,-5.55064623082e-05,5.44757462225e-05,-0.000251941643914,-0.000226379666361,-0.000184321577544,-0.000145577576768,-9.21980408748e-05,-5.55898568564e-05,-1.8527620341e-05,3.47786610291e-05,7.12415908492e-05,0.000108541451518,0.000144907719246,120000,-0.00271965097636,0.0017915564822,0.000353309856301,0.000184277529783,-0.00239857180517,-0.00119893575006,-0.000487236068002,0.000144653624011,0.000320201092109,0.00036994634138,0.000418609371991,0.00050362815964,0.000812258592341,0.00117556401086,0.00158500774864
tomo_sample_2_051_rec,recon_00102.tiff,102,250:350,740:840,600:1200,1400:1600,10000,-0.000266769377049,0.000133120498504,-5.5077699095e-05,5.248724514e-05,-0.000219970106763,-0.000202449659104,-0.000170629575441,-0.000141968829121,-9.06217137526e-05,-5.50574422959e-05,-1.97110798581e-05,3.06710842779e-05,7.10356518539e-05,0.000109319726391,0.000127463119586,120000,-0.00283775455318,0.00166514294688,0.000354816914575,0.000184784662392,-0.00227679041161,-0.00118549573794,-0.000481271294702,0.000163371527742,0.000320792940329,0.000370888068574,0.000420129254053,0.000506602044334,0.000814781148219,0.00125945706095,0.00153988100264
tomo_sample_2_051_rec,recon_00103.tiff,103,250:350,740:840,600:1200,1400:1600,10000,-0.000267891999101,0.000136353322887,-5.69743479743e-05,5.67887178329e-05,-0.000261705114393,-0.000225448277415,-0.000187051938847,-0.0001513505209,-9.62490248639e-05,-5.67441547901e-05,-1.803260011e-05,3.55753420081e-05,7.45311236824e-05,0.000112239234157,0.000128913847276,120000,-0.0026705074124,0.00154658651445,0.000356289030119,0.000180116842153,-0.00226834784127,-0.00114437886828,-0.000460074676084,0.000187724662101,0.000321701350913,0.000371346104657,0.000420492906414,0.000505104291369,0.00081189532706,0.00120013139118,0.00151051186336
tomo_sample_2_051_rec,recon_00104.tiff,104,250:350,740:840,600:1200,1400:1600,10000,-0.000275294354651,0.000125178543385,-5.81012642917e-05,5.5300815369e-05,-0.000263976977734,-0.000232716049271,-0.000187317798118,-0.000150308969751,-9.56841668085e-05,-5.76155925955e-05,-1.92019565475e-05,2.98191766888e-05,6.57157826208e-05,0.0001084017303,0.000124328345455,120000,-0.00311381439678,0.00206419150345,0.000358493288592,0.000182765664635,-0.00245936470213,-0.00115114865487,-0.000447936973069,0.000197722180019,0.000323167725583,0.000372579699615,0.000421110155003,0.000504967116285,0.000825988433789,0.00135135090724,0.00185444713826
tomo_sample_2_051_rec,recon_00105.tiff,105,250:350,740:840,600:1200,1400:1600,10000,-0.000281010463368,0.000175106673851,-5.66649972926e-05,5.52741489352e-05,-0.000266430000283,-0.000240326635278,-0.000188207736501,-0.000148265000462,-9.34427898756e-05,-5.57501862204e-05,-1.82188100553e-05,3.25797531332e-05,6.79942446732e-05,0.000105628301848,0.00014755470845,120000,-0.0031758279074,0.00216798274778,0.000357603442739,0.000185359783085,-0.00256507175968,-0.00132910116517,-0.00047650031891,0.000191914560128,0.000324095781252,0.000373215923901,0.000422336852353,0.000506589259021,0.000792393255397,0.00121923296363,0.00192894711337
tomo_sample_2_051_rec,recon_00106.tiff,106,250:350,740:840,600:1200,1400:1600,10000,-0.000290773634333,0.000167970021721,-5.51395962729e-05,5.57131744036e-05,-0.000271652089074,-0.000229103292149,-0.00019014221034,-0.000149820411025,-9.08752335818e-05,-5.41863882972e-05,-1.71138885889e-05,3.45724612998e-05,6.90877192392e-05,0.000119401411524,0.000164212540022,120000,-0.00292667909525,0.00190508703236,0.00035476739089,0.000192041614067,-0.00231230814152,-0.0015545963255,-0.000526279459009,0.000192285089724,0.000322748186591,0.000372440597857,0.000420986136305,0.000504041896784,0.000787277825293,0.00123154160823,0.00157872193506
tomo_sample_2_051_rec,recon_00107.tiff,107,250:350,740:840,600:1200,1400:1600,10000,-0.000256124127191,0.000215894513531,-5.33978632898e-05,5.37457652537e-05,-0.000250339358996,-0.000219381646792,-0.000182743796904,-0.000141801947757,-8.90466290002e-05,-5.3529998695e-05,-1.76709281732e-05,3.46032476955e-05,7.43983483699e-05,0.000129981440114,0.000187121546276,120000,-0.00320936529897,0.00170041364618,0.000352608032362,0.000200167203945,-0.00250685534948,-0.00175618014613,-0.000544486037688,0.00018630749546,0.000320903658576,0.000371601519873,0.000420172807935,0.000504594855011,0.000777839027578,0.00121344055573,0.00148126665809
tomo_sample_2_051_rec,recon_00108.tiff,108,250:350,740:840,600:1200,1400:1600,10000,-0.000306720030494,0.00012341751426,-5.4989434159e-05,5.44446746433e-05,-0.000276448060296,-0.000230151708864,-0.00018556315219,-0.000144542112685,-9.15390210139e-05,-5.46252340428e-05,-1.79461167136e-05,3.43993362549e-05,7.0185874938e-05,0.000101067843978,0.000117783117794,120000,-0.00309634534642,0.001677229302,0.000351828740819,0.000197452270441,-0.00255676153053,-0.001605529933,-0.000561667073634,0.000182650253555,0.000320106191793,0.000370024630683,0.000419549025537,0.000505462253932,0.000781207013642,0.00120559101307,0.00144943353423
tomo_sample_2_051_rec,recon_00109.tiff,109,250:350,740:840,600:1200,1400:1600,10000,-0.000268648989731,0.000125770660816,-5.44996904342e-05,5.44426927009e-05,-0.000244998526483,-0.00022913337333,-0.000184810802893,-0.000145045892714,-9.07452813408e-05,-5.4717726016e-05,-1.74467736542e-05,3.43008810887e-05,7.2227952769e-05,0.000114687298352,0.000124571819312,120000,-0.0031653479673,0.00172592781018,0.000353229951823,0.000195898394955,-0.00262770561394,-0.00151527224306,-0.0005558590492,0.000179669514182,0.000320571874909,0.000371101195924,0.000420481977926,0.000508888921468,0.000775393451913,0.00122801336774,0.00153682127085
tomo_sample_2_051_rec,recon_00110.tiff,110,250:350,740:840,600:1200,1400:1600,10000,-0.000270281860139,0.000161233736435,-5.29483980151e-05,5.62564519983e-05,-0.00025750160907,-0.00023891059887,-0.000185345463397,-0.000147804622975,-9.04243643163e-05,-5.21676738572e-05,-1.52304555741e-05,3.76073037842e-05,7.64819508186e-05,0.000117029568246,0.000160180123073,120000,-0.00321407918818,0.00186373863835,0.000350456029831,0.000200694724405,-0.00268633754484,-0.00169747961429,-0.000579083556659,0.000167333308491,0.000319274404319,0.000369402056094,0.000419100353611,0.000504703147453,0.000764441084466,0.00125428445404,0.00166806721282
tomo_sample_2_051_rec,recon_00111.tiff,111,250:350,740:840,600:1200,1400:1600,10000,-0.000261585257249,0.000168022146681,-5.81415870334e-05,5.44551167656e-05,-0.00025745676792,-0.000229429446656,-0.000185273911047,-0.000149130981299,-9.48775668803e-05,-5.82010579819e-05,-2.11060109905e-05,2.97405012134e-05,6.82655577111e-05,0.000116012343118,0.000158902442147,120000,-0.00304503785446,0.00146499229595,0.000349627560386,0.000204951693557,-0.00259099185951,-0.00176319118834,-0.000626019447809,0.000174581672763,0.000318983657053,0.000370199239114,0.000420047610532,0.000506035375292,0.000766082227346,0.00119524204789,0.00136606593862
tomo_sample_2_051_rec,recon_00112.tiff,112,250:350,740:840,600:1200,1400:1600,10000,-0.00025203122641,0.000135813897941,-5.54076782533e-05,5.43787595012e-05,-0.000250293203059,-0.000226041703383,-0.000179597664828,-0.00014481940525,-9.26571610762e-05,-5.44021222595e-05,-1.7941067199e-05,3.3578327384e-05,6.93250138283e-05,0.00011232863355,0.000127605285012,120000,-0.00293279439211,0.00158266781364,0.000350865009954,0.000200394954486,-0.00263641291612,-0.00159369144111,-0.000609633235727,0.000183803793334,0.000320519793604,0.000370620095055,0.000420055184804,0.000507429105346,0.0007476010971,0.00120415777934,0.00143914669849
tomo_sample_2_051_rec,recon_00113.tiff,113,250:350,740:840,600:1200,1400:1600,10000,-0.000241666086367,0.00014698295854,-5.53734833379e-05,5.70996111934e-05,-0.000237719143128,-0.000220400573409,-0.000185435440653,-0.000150660697545,-9.37420227274e-05,-5.52882975171e-05,-1.57752447194e-05,3.84033004593e-05,7.56174812705e-05,0.000119034609095,0.000146954221382,120000,-0.00324062909931,0.00150973536074,0.000352598952337,0.000195409144816,-0.00243332400066,-0.00155106597859,-0.000586212120252,0.000201530825143,0.000320593826473,0.000370581328752,0.000419648764364,0.000506739836419,0.000748684525606,0.00119915405067,0.00138368644236
tomo_sample_2_051_rec,recon_00114.tiff,114,250:350,740:840,600:1200,1400:1600,10000,-0.0002731566492,0.000150201871293,-5.42978843948e-05,5.60531086362e-05,-0.00026276782444,-0.000230168460286,-0.000186846098368,-0.000147230456787,-9.24887262954e-05,-5.36307525181e-05,-1.66206182257e-05,3.88096366805e-05,7.48126296094e-05,0.000104888004542,0.000125232379741,120000,-0.00272216764279,0.0015215864405,0.000355639495975,0.000189449240989,-0.00215650675101,-0.00134961244825,-0.0005549868464,0.000210799804336,0.000321677798638,0.000371553687728,0.000421102580731,0.000508237423492,0.000753996213898,0.00122706651257,0.00140372438247
tomo_sample_2_051_rec,recon_00115.tiff,115,250:350,740:840,600:1200,1400:1600,10000,-0.000259262131294,0.000141995915328,-5.71547985181e-05,5.52034496722e-05,-0.000257760465617,-0.000232679151188,-0.000186185035127,-0.000147452820966,-9.44639668887e-05,-5.74336645514e-05,-1.94554590962e-05,3.39877564329e-05,7.28249301756e-05,0.000110590637734,0.000141583322483,120000,-0.00313511560671,0.00154061836656,0.000357619249968,0.000186360097855,-0.00186128128221,-0.00134395647934,-0.000525482292869,0.000214547289943,0.000322206928104,0.000372720736777,0.00042225868674,0.00051149399078,0.000760573097505,0.00124145354901,0.00144146148805
tomo_sample_2_051_rec,recon_00116.tiff,116,250:350,740:840,600:1200,1400:1600,10000,-0.000294098106679,0.000145555270137,-5.76113022319e-05,5.33785056172e-05,-0.000274899356678,-0.000230930162521,-0.000181281021069,-0.000146732205758,-9.32446291699e-05,-5.72151257074e-05,-2.14061060433e-05,2.95423641546e-05,6.36686619691e-05,0.000116931465884,0.000131537546094,120000,-0.00311142927967,0.00165882811416,0.000357110622376,0.000187062718839,-0.0018980838672,-0.00142689905805,-0.00052453452081,0.000218884669448,0.000322246414726,0.000371432091924,0.000420874603151,0.00050670071505,0.000767797741573,0.00129103075701,0.00154493011947
tomo_sample_2_051_rec,recon_00117.tiff,117,250:350,740:840,600:1200,1400:1600,10000,-0.000266128859948,0.000220710135181,-5.92907244676e-05,5.63873883152e-05,-0.000262534750815,-0.00025017206202,-0.000193899277219,-0.000153068007057,-9.63496513577e-05,-5.9050944401e-05,-2.08713954635e-05,3.17576166708e-05,7.26836027025e-05,0.000126184878405,0.000208709919725,120000,-0.00286167045124,0.00170295930002,0.000356959900435,0.000190629210823,-0.00237943503221,-0.00150502757111,-0.000546513061272,0.000225496409985,0.000321598541632,0.000371091038687,0.000420272204792,0.000504747140803,0.000746390008135,0.00134260858712,0.00161124284506
tomo_sample_2_051_rec,recon_00118.tiff,118,250:350,740:840,600:1200,1400:1600,10000,-0.000272623234196,0.000122201963677,-5.99705428105e-05,5.43514873765e-05,-0.00026175852209,-0.000229935688199,-0.000187469317607,-0.000148965589324,-9.70090004557e-05,-6.02385953243e-05,-2.20963406719e-05,2.70870191343e-05,6.51522089174e-05,0.000104262356799,0.000120169715474,120000,-0.00257331575267,0.00181406503543,0.000358554819443,0.000193068944838,-0.00231979139382,-0.00160101186635,-0.000559803255019,0.000225394575682,0.000323372085404,0.000372666327166,0.000421656339313,0.000504977290984,0.000740650199587,0.00141701236065,0.00174925868202
tomo_sample_2_051_rec,recon_00119.tiff,119,250:350,740:840,600:1200,1400:1600,10000,-0.000237095504417,0.000154700421263,-5.79244956942e-05,5.40040907741e-05,-0.000233604034228,-0.000216272286096,-0.00018413991289,-0.000146949043847,-9.38602770475e-05,-5.80827127123e-05,-2.20933102355e-05,3.16181081871e-05,6.93497923203e-05,0.000119991403182,0.000150172187145,120000,-0.00289875594899,0.00198959582485,0.000361180336733,0.00019701389361,-0.00264383655409,-0.00167104510299,-0.000481639711943,0.000230905989156,0.000324808366713,0.000374162336811,0.000422928234912,0.000507786308299,0.000773747799685,0.00145659035654,0.00185585360009
tomo_sample_2_051_rec,recon_00120.tiff,120,250:350,740:840,600:1200,1400:1600,10000,-0.000275356171187,0.000164359415066,-5.71973827112e-05,5.57018962526e-05,-0.000251422497784,-0.000219656527246,-0.000183459357941,-0.000148132370668,-9.52689169935e-05,-5.79244624532e-05,-1.86075099009e-05,3.50897100361e-05,7.25913845963e-05,0.000108485101206,0.000147235036851,120000,-0.00316916033626,0.00223563751206,0.000362374795183,0.000194341893066,-0.00256347216095,-0.00172700973868,-0.000409801867208,0.000229592922551,0.000323792555719,0.000372832335415,0.000421522308898,0.000506513146684,0.000824279034859,0.00156981689646,0.00210354152641
tomo_sample_2_051_rec,recon_00121.tiff,121,250:350,740:840,600:1200,1400:1600,10000,-0.00025771278888,0.00015138926392,-5.55102411017e-05,5.70950892324e-05,-0.000256474224621,-0.000229922797793,-0.000186385360721,-0.000147232440213,-9.49688401306e-05,-5.53409809072e-05,-1.70358885043e-05,4.00469505621e-05,7.8009527424e-05,0.000122928993296,0.00014887289281,120000,-0.00283715617843,0.00239899777807,0.000364921992604,0.000183047153627,-0.0024652575789,-0.00139626083558,-0.000309874460218,0.00023345723821,0.000323028078128,0.000371760499547,0.000420686323196,0.000507522933185,0.00085473994608,0.00163057030446,0.00228019357903
tomo_sample_2_051_rec,recon_00122.tiff,122,250:350,740:840,600:1200,1400:1600,10000,-0.000248551834375,0.000144601683132,-5.39942638326e-05,5.45884335586e-05,-0.000244200461099,-0.000221015220668,-0.000183129000943,-0.000142634168151,-9.20162838156e-05,-5.36249644938e-05,-1.5904272459e-05,3.52014352757e-05,6.88953965437e-05,0.000106166157158,0.000134960053596,120000,-0.00288374745287,0.00279504666105,0.000366406568975,0.00018599651711,-0.00241979509706,-0.00147444536723,-0.000291748057934,0.000232308003615,0.00032349266985,0.000372854468878,0.000422530181822,0.000512406983762,0.000844166286988,0.00180153588403,0.00202235937647
tomo_sample_2_051_rec,recon_00123.tiff,123,250:350,740:840,600:1200,1400:1600,10000,-0.000243328802753,0.000135920607136,-5.65822997938e-05,5.44784793431e-05,-0.000236925407199,-0.00022145066128,-0.000185354731802,-0.00014702468543,-9.32810944505e-05,-5.59186701139e-05,-1.84988161891e-05,3.16113009831e-05,6.47062377539e-05,9.7278406618e-05,0.000128377634102,120000,-0.00342339859344,0.00200816546567,0.00036478111717,0.000187367245436,-0.00277034721212,-0.00171916407824,-0.000306301590172,0.000231991593319,0.000323835665768,0.000374078037567,0.000424536498031,0.000513495842461,0.000792180075077,0.00138006424997,0.0017752950188
tomo_sample_2_051_rec,recon_00124.tiff,124,250:350,740:840,600:1200,1400:1600,10000,-0.000234658815316,0.000125808146549,-5.6032144353e-05,5.39909571452e-05,-0.000231279747431,-0.000210536187835,-0.000179478748178,-0.000146611406672,-9.30366877583e-05,-5.61238939554e-05,-1.82968160516e-05,3.22063187923e-05,6.69204885344e-05,9.84356304689e-05,0.000125055669509,120000,-0.00313890399411,0.00149081065319,0.000362998811136,0.000183250588161,-0.00270795601704,-0.00168408782419,-0.000295636142546,0.000235876849911,0.000323735876009,0.000373374845367,0.000422899436671,0.000510012416635,0.000752523055417,0.00123708502576,0.00139418585189
tomo_sample_2_051_rec,recon_00125.tiff,125,250:350,740:840,600:1200,1400:1600,10000,-0.000247933872743,0.000154002729687,-5.5019875057e-05,5.68030308027e-05,-0.000241069387661,-0.000218329094903,-0.00018704409842,-0.000149629414955,-9.26504690142e-05,-5.54402740818e-05,-1.71881697497e-05,3.93603335397e-05,8.30122528714e-05,0.000116184318154,0.000148559053376,120000,-0.00297639030032,0.00192453688942,0.00036349033178,0.000179437089632,-0.00256118037545,-0.00164516306098,-0.000280043504608,0.00023635698526,0.000323950807797,0.00037292703928,0.000423039462476,0.000507117676898,0.000711439028964,0.0013325688265,0.00169415993246
tomo_sample_2_051_rec,recon_00126.tiff,126,250:350,740:840,600:1200,1400:1600,10000,-0.000246820010943,0.00013892246352,-5.63970148451e-05,5.53816098544e-05,-0.000236190216015,-0.000222179111923,-0.000184018712898,-0.000146511205821,-9.43582217587e-05,-5.69532730879e-05,-1.79730855052e-05,3.48810110154e-05,7.25269952818e-05,0.000111366758167,0.000132335441161,120000,-0.00330085726455,0.00193854398094,0.000362201895498,0.000178722220301,-0.0025906028148,-0.0015142840558,-0.000301184102427,0.000235684304789,0.000322708314343,0.00037187851558,0.000421131626354,0.000504717303556,0.000713590068044,0.00139179254253,0.00180571764213
tomo_sample_2_051_rec,recon_00127.tiff,127,250:350,740:840,600:1200,1400:1600,10000,-0.00025642462424,0.000158269220265,-5.61061025331e-05,5.56374786678e-05,-0.000249810625328,-0.000227065448824,-0.000184239697555,-0.000147102099436,-9.32651637413e-05,-5.6442910136e-05,-1.77421252374e-05,3.40317454175e-05,7.33286388277e-05,0.000110141031837,0.000147794649644,120000,-0.00309659051709,0.00189894763753,0.000359999698085,0.000187135743237,-0.00264313693594,-0.00179952484905,-0.000340644782118,0.000236181070068,0.000321832361806,0.000370378736989,0.000419221461925,0.00050355104031,0.000726238657953,0.00137094986858,0.00172572289865
tomo_sample_2_051_rec,recon_00128.tiff,128,250:350,740:840,600:1200,1400:1600,10000,-0.00028313457733,0.00013612578914,-5.77886956374e-05,5.44754737445e-05,-0.000252720594642,-0.000226758853882,-0.000185703883908,-0.000148452478606,-9.49974128162e-05,-5.69681997149e-05,-1.97843914975e-05,3.03025236462e-05,6.65358896367e-05,0.000108717567164,0.000128650213838,120000,-0.00304643856362,0.00164155568928,0.000359773917636,0.000188523186978,-0.00236192165317,-0.00176355708437,-0.000419350359589,0.000235750100546,0.000322523759678,0.000371856993297,0.000420945689257,0.000504533504136,0.000695959643344,0.00132324684586,0.00157217836983
tomo_sample_2_051_rec,recon_00129.tiff,129,250:350,740:840,600:1200,1400:1600,10000,-0.000270351098152,0.000153294939082,-5.52151808358e-05,5.55835937238e-05,-0.000257642435346,-0.000226534381873,-0.000186938170809,-0.000145711946971,-9.28853660298e-05,-5.53479512746e-05,-1.77548413376e-05,3.66996016965e-05,7.26245429541e-05,0.000112427452579,0.000129370999937,120000,-0.00294628413394,0.00175072590355,0.000361132110473,0.000186599614537,-0.00247549816624,-0.00170419573726,-0.00044119297585,0.000243019976187,0.000324451648339,0.00037302004057,0.000421421202191,0.000505140071618,0.000684055323945,0.00131685158459,0.00153990052185
tomo_sample_2_051_rec,recon_00130.tiff,130,250:350,740:840,600:1200,1400:1600,10000,-0.000309379014652,0.000135931069963,-5.54020548175e-05,5.53303114595e-05,-0.000296591924867,-0.000238570807065,-0.000184578446497,-0.000147567983367,-9.16463031899e-05,-5.44800350326e-05,-1.7295579255e-05,3.325291691e-05,7.2429263746e-05,0.000110557682987,0.000129236476052,120000,-0.0027469182387,0.00172303605359,0.000363003417962,0.000182282545498,-0.00251171560087,-0.00157949455385,-0.000384190614568,0.000241445548454,0.000324771666783,0.000373564384063,0.000423141951615,0.00050631200138,0.000680863115122,0.00135234010022,0.00158436148214
tomo_sample_2_051_rec,recon_00131.tiff,131,250:350,740:840,600:1200,1400:1600,10000,-0.000302638247376,0.000151988249854,-5.30856332553e-05,5.59101202175e-05,-0.000286989169405,-0.000233493049556,-0.000183006880106,-0.000145680277637,-9.0156967417e-05,-5.33903457836e-05,-1.52114198499e-05,3.86190522477e-05,7.58524765115e-05,0.00011028064759,0.000127600733053,120000,-0.0024279919453,0.00171318335924,0.000362856744556,0.000176991393727,-0.00223870618383,-0.00151003844384,-0.000351598504058,0.000245072653343,0.000323704080074,0.000371948204702,0.000420566393586,0.000502651868737,0.000687371631502,0.00139592510846,0.00163634196956
tomo_sample_2_051_rec,recon_00132.tiff,132,250:350,740:840,600:1200,1400:1600,10000,-0.00025828104117,0.000150186708197,-5.56400416848e-05,5.55402668364e-05,-0.000257688604639,-0.000235721643752,-0.00018862438752,-0.000147509943781,-9.26497741602e-05,-5.60337884963e-05,-1.79308512998e-05,3.55756796125e-05,7.37547808239e-05,0.00011048196823,0.000136232686068,120000,-0.00243613915518,0.00193426315673,0.000362304201555,0.000181309182625,-0.00226250200442,-0.00161490967812,-0.000361201471533,0.000242872785748,0.000323473315802,0.000372129754396,0.000420471595135,0.000500751100481,0.000685878446675,0.00144045710831,0.00165435321173
tomo_sample_2_051_rec,recon_00133.tiff,133,250:350,740:840,600:1200,1400:1600,10000,-0.000271144264843,0.000160244526342,-5.89192254269e-05,5.58054657571e-05,-0.000241122169695,-0.000226670186734,-0.000186812413449,-0.000151545729022,-9.61368368735e-05,-5.87991889915e-05,-2.11790193134e-05,3.30804132318e-05,7.22546581528e-05,0.000119273563345,0.000146519790361,120000,-0.00264698173851,0.00204950105399,0.000363385952335,0.000179786710252,-0.00238098145491,-0.00162136826199,-0.000390522867092,0.000246482470538,0.000324782922689,0.00037230392627,0.00042037453386,0.000499090639642,0.00067986334383,0.00148286223772,0.0017579739379
tomo_sample_2_051_rec,recon_00134.tiff,134,250:350,740:840,600:1200,1400:1600,10000,-0.000263785157586,0.000130282773171,-5.76163376105e-05,5.47621295599e-05,-0.000245426347441,-0.000226522121346,-0.00018236121643,-0.000149034560309,-9.41149974096e-05,-5.73832257942e-05,-2.00704348572e-05,3.28099711624e-05,6.80878233106e-05,0.000101508313397,0.000126385170541,120000,-0.00279156700708,0.00208548619412,0.000364181164969,0.000182594924082,-0.00231658231786,-0.00164077175409,-0.000411052218988,0.00025014487328,0.000325261506077,0.000372483846149,0.000419408053858,0.000498535760562,0.000673184421612,0.00154497481918,0.00193765192558
tomo_sample_2_051_rec,recon_00135.tiff,135,250:350,740:840,600:1200,1400:1600,10000,-0.000259159889538,0.000164777666214,-5.43003951829e-05,5.62408210315e-05,-0.000256915742985,-0.000223486979405,-0.000181839074939,-0.000145598606468,-9.32686998567e-05,-5.44791473658e-05,-1.61467046382e-05,3.76698601031e-05,7.72668235004e-05,0.00011979620943,0.000160786140365,120000,-0.0027695549652,0.00219639902934,0.000365794686931,0.000184899335368,-0.00240308843108,-0.00171601132606,-0.000189355818438,0.000251298157673,0.000325657929352,0.000372404785594,0.000420473406848,0.000499548984226,0.000683261785307,0.0015642573504,0.00203246662137
tomo_sample_2_051_rec,recon_00136.tiff,136,250:350,740:840,600:1200,1400:1600,10000,-0.000251586636296,0.000148656486999,-5.17682255857e-05,5.51774523347e-05,-0.000244727607636,-0.000217387446944,-0.000183477871178,-0.000143279607437,-8.93191790965e-05,-5.08378288941e-05,-1.36564940476e-05,3.69185190721e-05,7.46465955308e-05,0.000116222339333,0.000141252645465,120000,-0.00286823930219,0.00245480425656,0.000366757473881,0.000179247709203,-0.00227626929081,-0.00183039991907,-8.64281109534e-05,0.000250293273712,0.000325524662912,0.000372908689314,0.000420625983679,0.000498605461325,0.000661124187172,0.00160652187618,0.00225285694352
tomo_sample_2_051_rec,recon_00137.tiff,137,250:350,740:840,600:1200,1400:1600,10000,-0.000240590510657,0.000141481839819,-5.49556845614e-05,5.59760952563e-05,-0.000240575858344,-0.000223289469985,-0.000182584238792,-0.000148061312939,-9.29041652853e-05,-5.48208226974e-05,-1.6676109226e-05,3.63731645848e-05,7.20503079356e-05,0.000114567184923,0.000140501866335,120000,-0.00270636635832,0.00254034181125,0.000369198445927,0.000158978578339,-0.0022645705957,-0.00150908457884,4.82009463303e-05,0.000250548362965,0.000324365362758,0.000371840622392,0.000418907315179,0.000496543306508,0.000642909042072,0.00175052896619,0.00237396624859
tomo_sample_2_051_rec,recon_00138.tiff,138,250:350,740:840,600:1200,1400:1600,10000,-0.000254721468082,0.000156635243911,-5.56858073753e-05,5.54747019169e-05,-0.000252062517015,-0.000230023231648,-0.000188440487691,-0.000148418975732,-9.23541974771e-05,-5.51093853574e-05,-1.85704088835e-05,3.60599638952e-05,7.42811204691e-05,0.000110108249173,0.000143770120009,120000,-0.00343412160873,0.00238062837161,0.000373501904449,0.000158721080726,-0.00236196576364,-0.00136152184533,0.000148696324904,0.000253948720638,0.000326277237036,0.000372889568098,0.000419754185714,0.000496647699038,0.000664899474359,0.00196472735424,0.00226452348232
tomo_sample_2_051_rec,recon_00139.tiff,139,250:350,740:840,600:1200,1400:1600,10000,-0.00028385076439,0.000137037990498,-5.81864253289e-05,5.5240926556e-05,-0.000265162590033,-0.000232405902221,-0.000190301032417,-0.000149862839316,-9.48902561504e-05,-5.80800715397e-05,-2.03161789614e-05,3.0841671105e-05,6.85818692727e-05,9.78445824439e-05,0.000135545971776,120000,-0.00284312921576,0.00210210308433,0.000372805646996,0.00013738890083,-0.00203640842193,-0.00111453091714,0.000155249348027,0.00025616937055,0.000326809982653,0.000373076472897,0.000420494718128,0.00049708840379,0.000633114041993,0.00167424360709,0.00203598388408
tomo_sample_2_051_rec,recon_00140.tiff,140,250:350,740:840,600:1200,1400:1600,10000,-0.000245638308115,0.000134930378408,-5.7305046069e-05,5.48603963375e-05,-0.000242148191119,-0.000217613028857,-0.000184336389793,-0.000145731423254,-9.51450947468e-05,-5.80175637879e-05,-2.03538484129e-05,3.38099711371e-05,7.02596861083e-05,0.00011041222496,0.000126750226179,120000,-0.0022164885886,0.00133050605655,0.000370515313365,0.000114455224766,-0.00170576442394,-0.00102666052908,0.000167171842477,0.000256420158257,0.00032701089367,0.000372325477656,0.000418753676058,0.000493847212056,0.000599167761975,0.00100674818619,0.00120623497822
tomo_sample_2_051_rec,recon_00141.tiff,141,250:350,740:840,600:1200,1400:1600,10000,-0.000280881067738,0.000162661424838,-5.68795326902e-05,5.58808971555e-05,-0.000265768901742,-0.0002384016703,-0.000187511722033,-0.000150212844892,-9.43514078244e-05,-5.65436348552e-05,-1.78948475877e-05,3.20582365021e-05,6.92331545724e-05,0.00011207585036,0.000148384338844,120000,-0.00292643345892,0.00129888579249,0.000368576819592,0.000113842803999,-0.00213282318334,-0.00108260824822,0.000172809189535,0.000257696100743,0.000326490706357,0.000371724003344,0.000417515038862,0.000488861629856,0.000569619383314,0.000893254946917,0.00117915176618
tomo_sample_2_051_rec,recon_00142.tiff,142,250:350,740:840,600:1200,1400:1600,10000,-0.000282500492176,0.00018877403636,-5.58044644e-05,5.54394414052e-05,-0.000281450472778,-0.000240318165786,-0.000188187918393,-0.000147992629354,-9.16947828955e-05,-5.50690892851e-05,-1.82853082151e-05,3.32446685206e-05,7.35086602799e-05,0.000126350332052,0.000164574205942,120000,-0.00288572884165,0.00121938856319,0.000365415042559,0.000122002821862,-0.00227444039066,-0.00120479422715,0.000159624910448,0.000254132911505,0.000324795932102,0.000370399327949,0.000415635884565,0.000485697049589,0.000558176215854,0.0009096514181,0.00110963583133
tomo_sample_2_051_rec,recon_00143.tiff,143,250:350,740:840,600:1200,1400:1600,10000,-0.000276755075902,0.000164506185683,-5.74456520494e-05,5.53048880846e-05,-0.000268287930399,-0.000226565976205,-0.000184493122797,-0.000149429275916,-9.44981638895e-05,-5.59194249945e-05,-1.97681911231e-05,3.20689696309e-05,6.73666325019e-05,0.000120717279009,0.00015919273599,120000,-0.00296420301311,0.00123091612477,0.000364294405382,0.000131032438213,-0.00258539263979,-0.00139215988806,0.000139053985476,0.00025320709392,0.000324497559632,0.00037089313264,0.000417009745433,0.000486378958158,0.000548492025118,0.000843938241305,0.00115161607419
tomo_sample_2_051_rec,recon_00144.tiff,144,250:350,740:840,600:1200,1400:1600,10000,-0.000273122102953,0.00012568004604,-5.83311130907e-05,5.45536146504e-05,-0.000251974988153,-0.000222674448974,-0.000186665083165,-0.000149165621406,-9.53071685217e-05,-5.77786304348e-05,-2.12680779441e-05,3.02653547806e-05,6.66825621738e-05,9.90292177157e-05,0.000117824791033,120000,-0.00308119202964,0.00138213590253,0.000365561234744,0.000127594794045,-0.00252026636989,-0.00140827821172,0.000142575585051,0.000254891817167,0.000325245207932,0.000371590140276,0.000417344330344,0.000485812184343,0.000550106320879,0.000830085913418,0.00122882241873
tomo_sample_2_051_rec,recon_00145.tiff,145,250:350,740:840,600:1200,1400:1600,10000,-0.000263857247774,0.000147843005834,-5.61271778966e-05,5.44709311312e-05,-0.000254644973212,-0.000225053647853,-0.000179576590308,-0.000146028341987,-9.30291171244e-05,-5.52603869437e-05,-1.90199589269e-05,3.14189166602e-05,7.30103263049e-05,0.000119124891622,0.000147020759337,120000,-0.00264761736616,0.0015234433813,0.000368192586737,0.000119085813373,-0.00226025275383,-0.00135210629913,0.000173496544303,0.000256571482169,0.000326322369801,0.000371898786398,0.000417348426708,0.000487763076671,0.000554607370286,0.000941353961127,0.00139366159133
tomo_sample_2_051_rec,recon_00146.tiff,146,250:350,740:840,600:1200,1400:1600,10000,-0.000253691599937,0.000150993102579,-5.72525160154e-05,5.43196994255e-05,-0.000248738157726,-0.000236118110945,-0.000185139530222,-0.000146726272214,-9.35048683459e-05,-5.71776836296e-05,-1.99130231522e-05,3.06223164444e-05,6.58936596301e-05,0.00011111544929,0.000146814908879,120000,-0.00228080293164,0.00187527539674,0.000370837671019,0.000104760444397,-0.00206292150756,-0.000747501579521,0.000186067430332,0.000256756650924,0.000326155495713,0.000371925940271,0.000417916548031,0.000489749209373,0.000566314394819,0.000953794950154,0.00165706838572
tomo_sample_2_051_rec,recon_00147.tiff,147,250:350,740:840,600:1200,1400:1600,10000,-0.000251955440035,0.000161720643518,-5.75617993903e-05,5.3966989245e-05,-0.000240813759922,-0.000225894494084,-0.000185824690998,-0.000148171327601,-9.27767305257e-05,-5.71416130697e-05,-2.17124716073e-05,3.08419013891e-05,6.90506763203e-05,0.000109360279654,0.000135481464273,120000,-0.00247915112413,0.0018891611835,0.000372283991337,0.000104167164786,-0.00202216280389,-0.000663923192013,0.000194863502111,0.00025930202537,0.000327123358147,0.00037223387335,0.000417926137743,0.000490001178696,0.000570357738179,0.00116053752042,0.0017195907954
tomo_sample_2_051_rec,recon_00148.tiff,148,250:350,740:840,600:1200,1400:1600,10000,-0.000265081878752,0.00015162753698,-5.58335779285e-05,5.5629278756e-05,-0.000252282159167,-0.00022663153999,-0.000188175058138,-0.000145827383676,-9.32029433898e-05,-5.64249075978e-05,-1.74639226316e-05,3.58424369551e-05,7.30292050139e-05,0.000115572580675,0.000141132610265,120000,-0.00303565594368,0.00176689529326,0.000370747004161,0.000111048288626,-0.00247291507062,-0.000861983288545,0.000189609826921,0.000259594352974,0.000327145047777,0.000371624570107,0.000417241877585,0.00048769844434,0.000564295724616,0.00114979177283,0.00161086845681
tomo_sample_2_051_rec,recon_00149.tiff,149,250:350,740:840,600:1200,1400:1600,10000,-0.000279530038824,0.000131123277242,-5.6541445264e-05,5.58326671364e-05,-0.000275509775817,-0.000239706613516,-0.000191853394208,-0.000150440743892,-9.30040187086e-05,-5.53354439035e-05,-1.8075909793e-05,3.24528162309e-05,6.69736648706e-05,9.87793917593e-05,0.000117222735329,120000,-0.0031819306314,0.00133890693542,0.000370097745057,0.000110447024253,-0.00262501627095,-0.000935084585566,0.000177416363731,0.000257636305469,0.000327080524585,0.000372837894247,0.000418247822381,0.000487969524693,0.000559302705806,0.000972439532285,0.00127357270814
tomo_sample_2_051_rec,recon_00150.tiff,150,250:350,740:840,600:1200,1400:1600,10000,-0.000311870709993,0.000156053880346,-5.58798367873e-05,5.43239417256e-05,-0.000265056030769,-0.000221737963322,-0.000178968068649,-0.000143092404323,-9.36538162932e-05,-5.64733636566e-05,-1.87748787539e-05,3.39429238011e-05,7.03220468131e-05,0.000112439952616,0.000141251901057,120000,-0.00323394755833,0.00140904961154,0.000368185988873,0.000115125334788,-0.0026688480563,-0.00111438995402,0.000179891639709,0.000256408646237,0.000326077184582,0.000371618370991,0.000417663803091,0.000486430096498,0.000549630822497,0.000788952047937,0.00118911361167
tomo_sample_2_051_rec,recon_00151.tiff,151,250:350,740:840,600:1200,1400:1600,10000,-0.000248230906436,0.000143456316437,-5.73028249249e-05,5.5518656827e-05,-0.000242220707964,-0.000220493873916,-0.000188123436965,-0.000147471379023,-9.57506745181e-05,-5.71071923332e-05,-1.87545037988e-05,3.27910927808e-05,6.98353190091e-05,0.000112484097088,0.000136589023116,120000,-0.00318793789484,0.00130799238104,0.000366219178323,0.000121019360961,-0.00274354385047,-0.00146996514907,0.000174839184328,0.000256896547216,0.000325546345266,0.000371228612494,0.000416151691752,0.000484736174985,0.000544971756754,0.000706286650733,0.00112123520442
tomo_sample_2_051_rec,recon_00152.tiff,152,250:350,740:840,600:1200,1400:1600,10000,-0.000296555139357,0.000129963853396,-5.75819133601e-05,5.63388809675e-05,-0.000278586397946,-0.00023892067952,-0.000191228855983,-0.000151684821321,-9.50301946432e-05,-5.77680275455e-05,-1.95490861188e-05,3.41239910995e-05,7.49896017078e-05,0.000111912186345,0.000128229773221,120000,-0.00328983506188,0.00125799537636,0.000365586795509,0.000118036677729,-0.00250556044457,-0.00137621790404,0.000168554368574,0.000256655382691,0.000325723194692,0.000371104193619,0.000416127761127,0.000483393682225,0.000538191521773,0.000676157118462,0.000915133581468
tomo_sample_2_051_rec,recon_00153.tiff,153,250:350,740:840,600:1200,1400:1600,10000,-0.000264535163296,0.000136217364343,-5.59621829521e-05,5.44118187329e-05,-0.000239859314579,-0.000224527067956,-0.000180270881247,-0.00014679797896,-9.34726485866e-05,-5.57479324925e-05,-1.8346743218e-05,3.32811412591e-05,6.89287798741e-05,0.000102656951662,0.00012167699505,120000,-0.00283972057514,0.00140453677159,0.000366626174242,0.000108560839597,-0.00206371586767,-0.00113690251659,0.000173775611038,0.000256614146929,0.000325378576235,0.000370701993234,0.000415745693317,0.000483917177189,0.000543310191715,0.000734870569781,0.00099756796466
tomo_sample_2_051_rec,recon_00154.tiff,154,250:350,740:840,600:1200,1400:1600,10000,-0.000263130204985,0.000136250993819,-5.62764873858e-05,5.36799093619e-05,-0.000252150369639,-0.000226273801207,-0.000184038432344,-0.000143040067633,-9.24509095057e-05,-5.6885277445e-05,-1.99525143216e-05,3.22409476212e-05,7.1383877148e-05,0.000106821830224,0.000132866585915,120000,-0.00280340970494,0.00148368661758,0.000370318760093,0.000102090496861,-0.00199019409539,-0.000838930844679,0.000190529433603,0.000258322503942,0.000326906687405,0.000372762282495,0.000418367977545,0.000488501827931,0.000554392181803,0.00077429381269,0.00119573002737
tomo_sample_2_051_rec,recon_00155.tiff,155,250:350,740:840,600:1200,1400:1600,10000,-0.000292857468594,0.00014040939277,-5.60510789746e-05,5.52804192141e-05,-0.000282704419488,-0.00023632605547,-0.000187951253174,-0.000146989429777,-9.34487998165e-05,-5.56141058041e-05,-1.7444884179e-05,3.23383203067e-05,6.76900735562e-05,0.000109841428959,0.000138246030372,120000,-0.00228065857664,0.00124041514937,0.000371293070267,9.41198492371e-05,-0.00188536894273,-0.000586452840653,0.000198361771181,0.000261725090968,0.000328586647811,0.000372679671273,0.000417364433815,0.000485794099222,0.000550341820926,0.000787906228798,0.00110749062578
tomo_sample_2_051_rec,recon_00156.tiff,156,250:350,740:840,600:1200,1400:1600,10000,-0.000285149406409,0.000121217155538,-5.82323143341e-05,5.42945593238e-05,-0.000263242408383,-0.000239300095811,-0.000196133249847,-0.000148629426258,-9.43410504988e-05,-5.67974948353e-05,-1.9289377633e-05,2.72040049822e-05,6.04712127461e-05,9.70658460574e-05,0.000112239638099,120000,-0.00273845717311,0.00130882614758,0.000371550704818,9.58464324313e-05,-0.00216815166804,-0.00062893599947,0.000199907485512,0.000261746303295,0.000328328460455,0.000373164220946,0.000418238792918,0.000487252017774,0.000549221786787,0.00079239579197,0.00112309539397
tomo_sample_2_051_rec,recon_00157.tiff,157,250:350,740:840,600:1200,1400:1600,10000,-0.000265865557594,0.00015489452926,-5.80108061587e-05,5.3780306895e-05,-0.000256841507784,-0.000230975084589,-0.000185097671492,-0.000146280995978,-9.38575012697e-05,-5.78474973736e-05,-2.13857429117e-05,3.00962399706e-05,6.61626696819e-05,0.00011227962948,0.000129297461816,120000,-0.0032377820462,0.00132512650453,0.000370351189137,0.00010306384875,-0.002330646288,-0.000852620412479,0.000192977981787,0.000260963458277,0.000328220405208,0.000372659473214,0.000417206436396,0.000485462941288,0.00055160920776,0.000837709699059,0.00118587259632
tomo_sample_2_051_rec,recon_00158.tiff,158,250:350,740:840,600:1200,1400:1600,10000,-0.00025774302776,0.000152579261339,-5.7144327516e-05,5.34637207091e-05,-0.000241728325828,-0.000220208942599,-0.000177713065495,-0.000144608976552,-9.38051325647e-05,-5.83078344789e-05,-2.10161588257e-05,3.15147201036e-05,6.88576835819e-05,0.000111622740827,0.000146227388964,120000,-0.00331595400348,0.00138607935514,0.000368840790555,0.000107047705852,-0.0025150818673,-0.000832960844506,0.000186889132601,0.000259775534505,0.000327605346683,0.000371717309463,0.000415748472733,0.000483383514802,0.00054844857601,0.000881693631178,0.00123433414464
tomo_sample_2_051_rec,recon_00159.tiff,159,250:350,740:840,600:1200,1400:1600,10000,-0.000277826242382,0.000150571242557,-5.35674056255e-05,5.44019717347e-05,-0.000276903335802,-0.000228483358325,-0.000181298700918,-0.000144871186785,-8.96726305655e-05,-5.35496310476e-05,-1.69639565684e-05,3.68488666936e-05,7.21405871445e-05,0.000112020212495,0.000134966456186,120000,-0.00314109865576,0.00148004188668,0.000368683902927,0.000107757197255,-0.00251190936125,-0.000928571891389,0.000183109889476,0.000259362578799,0.000326864756062,0.000371663161786,0.000416691844293,0.000486087768513,0.000549717661343,0.000771641790401,0.00114668841505
tomo_sample_2_051_rec,recon_00160.tiff,160,250:350,740:840,600:1200,1400:1600,10000,-0.000266856397502,0.000129412626848,-5.72337598955e-05,5.54145250644e-05,-0.000245756455293,-0.0002219240126,-0.000187905270868,-0.000148224643635,-9.51131969487e-05,-5.63927624171e-05,-1.94216590899e-05,3.40587044775e-05,7.22457647498e-05,0.000109032447857,0.000122724042277,120000,-0.00326517643407,0.00133447500411,0.0003682357033,0.000113487515677,-0.00248639479768,-0.00117355686193,0.000180397093209,0.00025950048439,0.000327287787513,0.000372266251361,0.000416914503148,0.00048503131984,0.000550184765598,0.000747895471286,0.00117669257919
tomo_sample_2_051_rec,recon_00161.tiff,161,250:350,740:840,600:1200,1400:1600,10000,-0.000271668221103,0.000136254922836,-5.97806285519e-05,5.16603564973e-05,-0.000260433723606,-0.000222334900056,-0.000183313614834,-0.000144813596125,-9.40834070207e-05,-5.9949064962e-05,-2.45037340392e-05,2.41808092142e-05,5.97546137578e-05,9.96878723236e-05,0.000135210156154,120000,-0.00308356410824,0.00183748523705,0.000367045467261,0.00011757813805,-0.00254720850945,-0.00122512074863,0.000170082804252,0.000258982917876,0.000326814326399,0.000371355970856,0.000416251648858,0.000484779851104,0.000546304765739,0.000764086986717,0.00139528781532
tomo_sample_2_051_rec,recon_00162.tiff,162,250:350,740:840,600:1200,1400:1600,10000,-0.000269602838671,0.000186956109246,-6.05067798456e-05,5.33687271987e-05,-0.000248429271134,-0.000221224024761,-0.000182680267462,-0.000147149342956,-9.60937304626e-05,-6.10551542195e-05,-2.51910096267e-05,2.71189600426e-05,6.91438056674e-05,0.000117743165676,0.000184435649458,120000,-0.00315814395435,0.00146695994772,0.00036667602379,0.000120400244684,-0.00256266826836,-0.00135743181384,0.000167150422494,0.000257557595614,0.000326685018081,0.00037138297921,0.000415964146669,0.000484343105927,0.000551715317997,0.000768055792141,0.00130535228282
tomo_sample_2_051_rec,recon_00163.tiff,163,250:350,740:840,600:1200,1400:1600,10000,-0.000229681550991,0.000139153140481,-5.63142058157e-05,5.04677433763e-05,-0.000217626436648,-0.000200596223251,-0.000169445772772,-0.000139227324689,-9.22827912291e-05,-5.66422713746e-05,-2.05559022106e-05,2.67119310593e-05,5.84362092195e-05,9.32120479119e-05,0.000120151643792,120000,-0.00312283169478,0.00145155191422,0.00036986379745,0.000116250938741,-0.00263220960316,-0.00113266272133,0.000170896648197,0.00025818819704,0.000328233443724,0.000373853632482,0.000418809628172,0.000488648805185,0.000562942679971,0.000845835744927,0.00129906723999
tomo_sample_2_051_rec,recon_00164.tiff,164,250:350,740:840,600:1200,1400:1600,10000,-0.000249062490184,0.000155050307512,-5.53896859006e-05,5.36199149525e-05,-0.000246507778612,-0.000226471835733,-0.000176481977978,-0.000142189556937,-9.17694269447e-05,-5.50469030713e-05,-1.94285266844e-05,3.2469765938e-05,7.40982466959e-05,0.00012346512542,0.000152663100837,120000,-0.00311253080145,0.00137206097133,0.000370674867835,0.000113426802192,-0.00251809842498,-0.00111391700944,0.000180678268807,0.000262086991279,0.000330215036229,0.000374159339117,0.000418548952439,0.000487202811928,0.000558726665331,0.000844807595073,0.00115600544092
tomo_sample_2_051_rec,recon_00165.tiff,165,250:350,740:840,600:1200,1400:1600,10000,-0.000215499589103,0.000139241092256,-5.45391520923e-05,5.15038309577e-05,-0.000214698891838,-0.000204277405093,-0.000171295574401,-0.000138545686059,-8.96508117876e-05,-5.52318979317e-05,-2.01524599106e-05,3.34002375894e-05,6.59858210565e-05,0.000100248555536,0.000123256116915,120000,-0.00286764325574,0.00111098936759,0.000370816213903,0.000114340547088,-0.0024137117096,-0.00119939461548,0.000185891004658,0.000262466768618,0.000329767492076,0.000374317314709,0.000418870331487,0.00048710302508,0.000566736759502,0.000810240780062,0.000998573456949
tomo_sample_2_051_rec,recon_00166.tiff,166,250:350,740:840,600:1200,1400:1600,10000,-0.000221962633077,0.000109172760858,-5.67590854697e-05,5.28372656467e-05,-0.000221116625679,-0.000211948426979,-0.000179195869277,-0.00014474500349,-9.22804738366e-05,-5.54403904971e-05,-2.09999930121e-05,2.92638315841e-05,6.29511666193e-05,9.61675544604e-05,0.000107655846298,120000,-0.0030913266819,0.00118797121104,0.000370930528393,0.000116003406997,-0.0026852386792,-0.00123424517678,0.000184961647901,0.000263290495786,0.000329661590513,0.000373713541194,0.000417923794885,0.000488989561563,0.000571305798367,0.000834654662991,0.00102712773766
tomo_sample_2_051_rec,recon_00167.tiff,167,250:350,740:840,600:1200,1400:1600,10000,-0.000255672959611,0.000122672732687,-5.97524318689e-05,5.06758915447e-05,-0.000246995036144,-0.00021656511935,-0.000182520535745,-0.000144663916581,-9.26145621634e-05,-5.98393380642e-05,-2.54363130807e-05,2.2049666768e-05,5.68894084427e-05,9.93904324787e-05,0.000117851445029,120000,-0.00333335460164,0.00177743239328,0.000372120625835,0.000128883765978,-0.00285927284174,-0.00148452313337,0.000188998877857,0.000264642198454,0.000330952374497,0.000374967989046,0.000419065501774,0.000489054227364,0.000567339678528,0.00110931467765,0.0016972766676
tomo_sample_2_051_rec,recon_00168.tiff,168,250:350,740:840,600:1200,1400:1600,10000,-0.000239504603087,0.000124479847727,-5.90136144152e-05,5.11770161709e-05,-0.000234888105879,-0.000214835737046,-0.000179635475652,-0.000144861348963,-9.33698192966e-05,-5.8744522903e-05,-2.38790685216e-05,2.43435712036e-05,5.42634389785e-05,9.10603810407e-05,0.000119367070703,120000,-0.00315667921677,0.00225548981689,0.000372509818124,0.000132674392643,-0.0028117918991,-0.00141338072193,0.00019019988089,0.000264353498642,0.000330058268446,0.000373710921849,0.000418749652454,0.000490372584318,0.000577512247837,0.0014142835387,0.00203119518491
tomo_sample_2_051_rec,recon_00169.tiff,169,250:350,740:840,600:1200,1400:1600,10000,-0.000272509205388,0.000145033220178,-5.63093501582e-05,5.28649875782e-05,-0.00024643629425,-0.000223092851316,-0.000181778287806,-0.000145421957131,-9.14829961403e-05,-5.62905661354e-05,-2.01664061024e-05,2.8988545364e-05,6.24285882805e-05,0.000105607139223,0.000143798191681,120000,-0.00286150700413,0.002095768461,0.000372500427207,0.000124604826413,-0.00247924763905,-0.00124633433018,0.000185218551633,0.00026375673333,0.000330201597535,0.000374111434212,0.000418891228037,0.000489752535941,0.000583195441868,0.00127443637804,0.00179565159994
tomo_sample_2_051_rec,recon_00170.tiff,170,250:350,740:840,600:1200,1400:1600,10000,-0.00021997053409,0.000112907669973,-5.5642283056e-05,5.20757467678e-05,-0.00021526858203,-0.000199483157776,-0.000171220862685,-0.000140793535684,-9.25143958739e-05,-5.57547900826e-05,-1.91708345483e-05,3.03477642774e-05,6.30749604898e-05,9.15384701293e-05,0.000110096550194,120000,-0.00281857815571,0.00166183139663,0.000369880613961,0.000133273591419,-0.00236367739439,-0.00170792235306,0.000170191861835,0.000262148439651,0.000328550697304,0.000372702095774,0.000417933159042,0.000488525384571,0.000592048768885,0.00113999371894,0.00151382108143
tomo_sample_2_051_rec,recon_00171.tiff,171,250:350,740:840,600:1200,1400:1600,10000,-0.000233343307627,0.000183594369446,-5.63466760859e-05,5.19117348442e-05,-0.000224965050885,-0.000205513324676,-0.000175882652256,-0.000141210748552,-9.14963438845e-05,-5.59254785912e-05,-2.10733064705e-05,2.78867972156e-05,6.68615213363e-05,0.000113860260994,0.000157155601541,120000,-0.00236394163221,0.00146361929365,0.000368804061896,0.000137343810317,-0.00211561057766,-0.00164341291168,0.000130128597957,0.000261396470887,0.000329731636157,0.000373406262952,0.000417787246988,0.000489401078084,0.000585013035452,0.00108618262038,0.00132151112315
tomo_sample_2_051_rec,recon_00172.tiff,172,250:350,740:840,600:1200,1400:1600,10000,-0.000229316021432,0.000119000789709,-5.52169472144e-05,5.2287019544e-05,-0.00022133599623,-0.000209543901656,-0.000174678928015,-0.000141100058681,-9.0502178864e-05,-5.48642401554e-05,-1.99307428375e-05,3.20092880429e-05,6.41418142914e-05,9.94173776853e-05,0.000118418101987,120000,-0.00279092253186,0.00145182712004,0.000367346241035,0.000139966431354,-0.0022171518144,-0.00161882687372,0.000110527943834,0.000261621295067,0.000329936410708,0.000373323753593,0.000417152099544,0.000486480561085,0.000575297654141,0.00101551443909,0.00127182148735
tomo_sample_2_051_rec,recon_00173.tiff,173,250:350,740:840,600:1200,1400:1600,10000,-0.000271646102192,0.000135475333082,-5.65390955519e-05,5.2162144569e-05,-0.000269319920146,-0.000229760342423,-0.000179003386584,-0.000143415427738,-9.14318316063e-05,-5.59317250008e-05,-2.04904522434e-05,2.83823144855e-05,6.23910388822e-05,9.96614551113e-05,0.000128175876547,120000,-0.00310000823811,0.00129723874852,0.000366175204446,0.000141236390944,-0.00246953467147,-0.0015804503269,0.00013940587407,0.00026325541985,0.000329708927893,0.000373240778572,0.000416723552917,0.000484409538331,0.00055858171545,0.000955258608155,0.0011718976599
tomo_sample_2_051_rec,recon_00174.tiff,174,250:350,740:840,600:1200,1400:1600,10000,-0.000232034522924,0.000112230045488,-5.83322849691e-05,5.07554529446e-05,-0.000227579099308,-0.000214520061068,-0.000183167436771,-0.000144176950562,-9.22712752072e-05,-5.66379712836e-05,-2.35568545577e-05,2.24957949285e-05,5.69234730574e-05,8.77948644484e-05,0.000103508492467,120000,-0.00255251373164,0.00145519990474,0.000368327594207,0.000130646904279,-0.00228899904366,-0.00137361034076,0.000131201757176,0.000264693651116,0.000331303701387,0.000374280571123,0.00041739284643,0.000483843263646,0.000557874387014,0.000936110492621,0.00120738721725
tomo_sample_2_051_rec,recon_00175.tiff,175,250:350,740:840,600:1200,1400:1600,10000,-0.000248594646109,0.000126121696667,-6.00776674359e-05,5.01230839222e-05,-0.000246073633403,-0.000217159879277,-0.000175613848114,-0.000143616335845,-9.38757766562e-05,-5.93065215071e-05,-2.56863654613e-05,2.13804286432e-05,5.49626837164e-05,8.97143702605e-05,0.000100118926021,120000,-0.00252345157787,0.00156676594634,0.000370296148279,0.000119553471581,-0.00208808869035,-0.00121621286962,0.000157055897871,0.000266443160945,0.000332353512931,0.000374612471205,0.000417278672103,0.000482951547019,0.000562827182584,0.000986744249705,0.00127007999751
tomo_sample_2_051_rec,recon_00176.tiff,176,250:350,740:840,600:1200,1400:1600,10000,-0.000234741499298,0.00011235166312,-5.83526595232e-05,4.92340317799e-05,-0.00023419499857,-0.000214241726688,-0.000174884285661,-0.000139394335565,-9.12224859348e-05,-5.82778629905e-05,-2.47195512202e-05,2.24414856348e-05,5.2639434798e-05,8.96410699061e-05,0.000111173366866,120000,-0.0021960339509,0.00137415574864,0.000370033990759,0.000117594396443,-0.00204118981422,-0.00115292764141,0.000163413812843,0.000266102132446,0.000331842064043,0.000374520444893,0.000417174996983,0.000483328173868,0.000557476137183,0.000959631873178,0.00122725919784
tomo_sample_2_051_rec,recon_00177.tiff,177,250:350,740:840,600:1200,1400:1600,10000,-0.000254789221799,0.00017072672199,-5.63219081439e-05,5.09122057087e-05,-0.000231975410003,-0.000206078833406,-0.000172738721449,-0.000138763548603,-9.16700701055e-05,-5.65687641938e-05,-2.12130157706e-05,2.80119745184e-05,5.95576291016e-05,9.86277034244e-05,0.000133947480503,120000,-0.00281285890378,0.00141473987605,0.000368471154232,0.000117082891992,-0.00222429334822,-0.00110331292939,0.00014923218725,0.00026508255396,0.000330674476572,0.000373025002773,0.0004158386364,0.000481350783957,0.000549862442422,0.000939762827125,0.00124790604836
tomo_sample_2_051_rec,recon_00178.tiff,178,250:350,740:840,600:1200,1400:1600,10000,-0.00025113124866,0.000150714928168,-5.54858613905e-05,5.04470860626e-05,-0.000233456659349,-0.000206071633758,-0.000171219330368,-0.00013801911482,-8.99172664504e-05,-5.58538813493e-05,-2.12774566535e-05,2.75873193459e-05,6.25136709277e-05,0.000113234909863,0.000139423596574,120000,-0.00261765578762,0.001282517449,0.000367920167456,0.00011265414173,-0.00179071310305,-0.00107454986603,0.000131037688698,0.000266373157501,0.000331026734784,0.000372349808458,0.000414439760789,0.000479390686087,0.000548964065383,0.000904098041879,0.00111043928837
tomo_sample_2_051_rec,recon_00179.tiff,179,250:350,740:840,600:1200,1400:1600,10000,-0.000237163098063,0.000143728291732,-5.89834963255e-05,5.11372764911e-05,-0.000231730771111,-0.000205567174504,-0.000174405014841,-0.000142983150727,-9.44204584812e-05,-5.94112916588e-05,-2.44863199441e-05,2.70532827017e-05,5.78566709737e-05,0.00010503282772,0.000131972815013,120000,-0.00256926892325,0.00131958408747,0.000368539196833,0.000112702049113,-0.00185090567641,-0.00105850962503,0.000124916803907,0.000263607280795,0.000330484304868,0.000373844159185,0.000416404320276,0.000480606871133,0.000548161112238,0.000900224221521,0.00116151950861
tomo_sample_2_051_rec,recon_00180.tiff,180,250:350,740:840,600:1200,1400:1600,10000,-0.000236051579122,0.000137335242471,-5.76695518122e-05,5.1156513433e-05,-0.000232478757312,-0.00022060948232,-0.000181798876001,-0.000143008492159,-9.13707608561e-05,-5.73609122512e-05,-2.34055555666e-05,2.65199779278e-05,5.98013570925e-05,9.17287540869e-05,0.000116663098337,120000,-0.00313826277852,0.00122838816606,0.000369212146219,0.000119444246211,-0.00240797317899,-0.00108882016782,0.000121353716095,0.000265998549003,0.000332090705342,0.000374422568711,0.000416894399677,0.000483000121312,0.000553744590143,0.000910730949137,0.00113254084452
tomo_sample_2_051_rec,recon_00181.tiff,181,250:350,740:840,600:1200,1400:1600,10000,-0.000237841901253,0.000129327425384,-5.98956675461e-05,5.02162822364e-05,-0.00022380300629,-0.000212404681297,-0.00017841163397,-0.000141897771391,-9.37853947107e-05,-6.02188410994e-05,-2.59397497757e-05,2.26698520237e-05,5.66516848266e-05,9.02008472694e-05,0.000124580570604,120000,-0.00338783347979,0.00118374661542,0.000369362536139,0.000121238533457,-0.00240419533481,-0.00109367578034,7.3831870468e-05,0.000266029301565,0.000333216943545,0.000375630697818,0.000417286013544,0.0004822948933,0.000553185870522,0.00088469475176,0.00107137253942
tomo_sample_2_051_rec,recon_00182.tiff,182,250:350,740:840,600:1200,1400:1600,10000,-0.000244400202064,0.000133128924062,-6.15049027814e-05,4.97002510256e-05,-0.000242235311867,-0.000211036879977,-0.000178075770964,-0.000144433867536,-9.4801911473e-05,-6.09498183621e-05,-2.7415542263e-05,1.8109055236e-05,5.43419465612e-05,0.000101567224199,0.000127709721625,120000,-0.00299416785128,0.0012120656902,0.000371139983474,0.00011556864623,-0.00207557413701,-0.00102835183009,8.52407204366e-05,0.000267507511307,0.000333520569257,0.000376443131245,0.000418963827542,0.000484603553195,0.000555829026271,0.000919935960323,0.00108500281498
tomo_sample_2_051_rec,recon_00183.tiff,183,250:350,740:840,600:1200,1400:1600,10000,-0.000218704546569,0.000113266636617,-5.95367819598e-05,4.94918230209e-05,-0.000218381249897,-0.000197182144198,-0.000173706688511,-0.000143838545773,-9.28131848923e-05,-5.88031416555e-05,-2.54867827607e-05,1.99512993277e-05,5.30205259929e-05,9.04753942887e-05,0.000109266038557,120000,-0.00317890569568,0.0012213003356,0.000370694306985,0.000121834156233,-0.00241154913432,-0.00109443218028,7.76777287683e-05,0.000269868754549,0.000334514450515,0.00037620535295,0.000417699091486,0.000483017142687,0.000561828011414,0.000919620139408,0.00112913848613
tomo_sample_2_051_rec,recon_00184.tiff,184,250:350,740:840,600:1200,1400:1600,10000,-0.000258630083408,0.000116850722407,-5.91755213023e-05,4.7973255274e-05,-0.000237885419781,-0.000204515663761,-0.000170972920605,-0.000138436922862,-9.16949611565e-05,-5.9493824665e-05,-2.54012234109e-05,1.89728762962e-05,4.81354603107e-05,7.66113509817e-05,9.54942774122e-05,120000,-0.00314884074032,0.00171083770692,0.000369640442949,0.000128444439818,-0.00265001673291,-0.00112440707488,4.60912227936e-05,0.000267870948301,0.000333269956172,0.000375299830921,0.000417392286181,0.000483339771745,0.000561181911617,0.000969395114866,0.00154154110907
tomo_sample_2_051_rec,recon_00185.tiff,185,250:350,740:840,600:1200,1400:1600,10000,-0.000231002239161,0.000112978283141,-6.19554372837e-05,4.92842027523e-05,-0.000224432459097,-0.000205251670661,-0.000172293456999,-0.000142340421007,-9.55646155489e-05,-6.25024113106e-05,-2.81649258795e-05,1.97154847228e-05,5.36178116454e-05,8.35673846741e-05,0.000109177062759,120000,-0.00321494881064,0.00168650399428,0.000368760568477,0.000126430828574,-0.00252917085481,-0.00115227096993,5.34501064249e-05,0.000267938947945,0.000332687886839,0.000374033814296,0.000416020680859,0.000481781623967,0.000562853854499,0.000971873399976,0.00127871093779
tomo_sample_2_051_rec,recon_00186.tiff,186,250:350,740:840,600:1200,1400:1600,10000,-0.000252269703196,0.000138787552714,-6.09075761807e-05,4.89842011742e-05,-0.000245500887389,-0.000221499282765,-0.000175565973623,-0.000139928050339,-9.43055329117e-05,-6.06379144301e-05,-2.74670351246e-05,1.7716702223e-05,5.26256717785e-05,9.1111011192e-05,0.000136555410291,120000,-0.00336742168292,0.00143976253457,0.000368465305712,0.000131026357518,-0.00289597426527,-0.00125331899791,0.000141605264944,0.000268712008256,0.000332598516252,0.000373853414203,0.000415200629504,0.000480720898486,0.000565101950197,0.000963328191254,0.00116301027407
tomo_sample_2_051_rec,recon_00187.tiff,187,250:350,740:840,600:1200,1400:1600,10000,-0.000242160036578,0.000122129829833,-6.09561542711e-05,4.82360366678e-05,-0.000236423954222,-0.000212638805606,-0.000173636229592,-0.000140441744588,-9.34742838581e-05,-6.0386451878e-05,-2.8618637316e-05,1.68791389115e-05,5.19105833155e-05,8.90375206509e-05,0.000114244404448,120000,-0.00339607126079,0.00127843441442,0.000368491330165,0.000136547033895,-0.00274351178033,-0.00142459889513,0.000155000487866,0.000270021990582,0.000333613417752,0.000374521187041,0.000416233502619,0.000480797946511,0.000556380368071,0.000953740062367,0.00118799218209
tomo_sample_2_051_rec,recon_00188.tiff,188,250:350,740:840,600:1200,1400:1600,10000,-0.000238728549448,0.000116178409371,-5.9480303945e-05,4.64704991542e-05,-0.000228647830679,-0.000199820573136,-0.000168479132408,-0.000135320068512,-9.06101868168e-05,-5.99942432018e-05,-2.83998606392e-05,1.68546782334e-05,4.86275833828e-05,8.91682733491e-05,0.000107905818069,120000,-0.00354437809438,0.00145371921826,0.000368266450499,0.000142112712351,-0.00270215757126,-0.00173957810679,0.000135482995829,0.000270811899099,0.000334252472385,0.000375282281311,0.000416181792389,0.000480363292445,0.000552072306164,0.00101595560019,0.00126238520391
tomo_sample_2_051_rec,recon_00189.tiff,189,250:350,740:840,600:1200,1400:1600,10000,-0.000293361576041,0.000130314714625,-5.99149228261e-05,4.84588461292e-05,-0.000256175023527,-0.000217005096682,-0.000177019660186,-0.000140366000414,-9.18796067708e-05,-5.98797741986e-05,-2.68142548521e-05,1.81551890819e-05,5.21655033663e-05,8.91037859037e-05,0.000121808697568,120000,-0.00295995129272,0.00154404540081,0.000368193126791,0.00014034655831,-0.00274125760691,-0.00157136231684,0.000145882790675,0.000270573217131,0.000334241718519,0.000374666386051,0.000415136528318,0.000479097451898,0.000560065709869,0.00103603350662,0.00129131620429
tomo_sample_2_051_rec,recon_00190.tiff,190,250:350,740:840,600:1200,1400:1600,10000,-0.000250836252235,0.000118775613373,-5.79822732604e-05,4.70414610073e-05,-0.000229715531968,-0.000205877615124,-0.000170000390062,-0.000135097064776,-8.95593748282e-05,-5.85514317208e-05,-2.58760269389e-05,1.8645468117e-05,5.12069112665e-05,8.62673465963e-05,0.0001074794001,120000,-0.00308323651552,0.00148628710303,0.000369784169598,0.000135875464477,-0.00259030542297,-0.00145212151029,0.000161393308081,0.000270806367917,0.000334158983605,0.000375332238036,0.000416589631641,0.000480659287132,0.000561892882106,0.00108033816447,0.00137489888489
tomo_sample_2_051_rec,recon_00191.tiff,191,250:350,740:840,600:1200,1400:1600,10000,-0.000245857692789,0.000169805600308,-5.68596615342e-05,5.02667147268e-05,-0.00023691115328,-0.00021223258847,-0.000172336924588,-0.000140469796315,-9.10148210096e-05,-5.65959016967e-05,-2.17712563426e-05,2.44557004407e-05,5.35194652548e-05,8.62611211269e-05,0.000149834279082,120000,-0.00306073576212,0.00153967784718,0.000370723148926,0.000132312409534,-0.00237636312929,-0.0015231110712,0.000181808994384,0.000272410776233,0.000335233569785,0.000375404822989,0.000416085778852,0.00047937900672,0.000567667350988,0.00108888250112,0.00133570489708
tomo_sample_2_051_rec,recon_00192.tiff,192,250:350,740:840,600:1200,1400:1600,10000,-0.00022812160023,0.000123852762044,-5.87291236518e-05,4.83624809544e-05,-0.000222168148552,-0.000210092769077,-0.000172870597016,-0.000137146293855,-9.14741776796e-05,-5.94479406573e-05,-2.61163240793e-05,2.0644756296e-05,5.61059748361e-05,9.03775842453e-05,0.000112050338266,120000,-0.00301868887618,0.0015438653063,0.000370523109597,0.000134109919527,-0.00242446248545,-0.00164072271844,0.000192220748722,0.000271584981238,0.000334220305376,0.000375210933271,0.000415820264607,0.000478912584367,0.000557651148993,0.00115806155337,0.00143200951363
tomo_sample_2_051_rec,recon_00193.tiff,193,250:350,740:840,600:1200,1400:1600,10000,-0.000226211661357,0.000100878431113,-5.8514682763e-05,4.90336952405e-05,-0.000225708157237,-0.000204680349358,-0.000175411276869,-0.000141743398854,-9.09178852453e-05,-5.79803836445e-05,-2.45926134994e-05,2.09238371099e-05,5.36119273238e-05,8.93457257407e-05,0.000100261011442,120000,-0.00321673089638,0.00181604572572,0.000371951715518,0.000134490588491,-0.00266055416346,-0.00181806533516,0.000204988688492,0.000275007009623,0.000335614793585,0.000375107731088,0.000415354741563,0.000478328022291,0.000553894091863,0.0012244523674,0.00165340740524
tomo_sample_2_051_rec,recon_00194.tiff,194,250:350,740:840,600:1200,1400:1600,10000,-0.00022343841556,9.58203308983e-05,-6.03294062216e-05,4.66724030535e-05,-0.000223382934656,-0.000196233996277,-0.000165632631979,-0.000135886861972,-9.28799072426e-05,-6.13557494944e-05,-2.82587957372e-05,1.68569044035e-05,4.84115202562e-05,7.77485577273e-05,9.31805064109e-05,120000,-0.00301423878409,0.00193414394744,0.000375564357159,0.000110214067122,-0.00255852131827,-0.000873000078718,0.000216810600978,0.000276230332383,0.000335403950885,0.000375340692699,0.000416185350332,0.000479725316109,0.000560198088642,0.00136392011016,0.00186047066415
tomo_sample_2_051_rec,recon_00195.tiff,195,250:350,740:840,600:1200,1400:1600,10000,-0.000244917406235,0.000110177730676,-6.11537266101e-05,4.73942521585e-05,-0.000224791879233,-0.000205375169418,-0.000171353621845,-0.000139415528974,-9.33823466767e-05,-6.12162293692e-05,-2.82890873677e-05,1.50170101733e-05,5.00974560418e-05,8.91162532425e-05,0.000107054110667,120000,-0.00268105533905,0.00206398032606,0.000379669525664,0.000106215388844,-0.00203159911812,-0.000533188997651,0.000226796224306,0.000278768532735,0.000337671961461,0.000377683711122,0.000418169714976,0.000482581042161,0.00057617878716,0.00158973097207,0.00196568680643
tomo_sample_2_051_rec,recon_00196.tiff,196,250:350,740:840,600:1200,1400:1600,10000,-0.000247342715738,0.00013033534924,-5.95063114702e-05,4.77822537098e-05,-0.00022610901115,-0.000204398046437,-0.000171396390506,-0.000139612230123,-9.13685726118e-05,-5.92512933508e-05,-2.73110072158e-05,1.7671704336e-05,5.09529228293e-05,8.40575254624e-05,0.000124855907899,120000,-0.00314959511161,0.00195263139904,0.000379939407555,0.000102238958529,-0.00251611668661,-0.000597953463614,0.000225159605761,0.000279689318268,0.000339069971233,0.00037869370135,0.000419231495471,0.000483450011234,0.000579293178162,0.00121656209836,0.00183871041309
tomo_sample_2_051_rec,recon_00197.tiff,197,250:350,740:840,600:1200,1400:1600,10000,-0.00024474482052,9.19915473787e-05,-5.96147246927e-05,4.66784790723e-05,-0.000239043106351,-0.000203186517378,-0.000164713668055,-0.000137012403866,-9.211716133e-05,-5.8652691223e-05,-2.69264260169e-05,1.6087068343e-05,4.30060472354e-05,7.21018935947e-05,9.17831629653e-05,120000,-0.00336189102381,0.00161246361677,0.000377493075371,0.000101363675057,-0.00274688219333,-0.000723395057721,0.000219327417726,0.00027868860052,0.000338443584042,0.000378035882022,0.00041802150372,0.000482690385252,0.0005696353846,0.000969538318866,0.00143861335152
tomo_sample_2_051_rec,recon_00198.tiff,198,250:350,740:840,600:1200,1400:1600,10000,-0.000241297340835,0.000109573658847,-5.68474051902e-05,4.59416513425e-05,-0.000228527376942,-0.00020443318758,-0.000169002480252,-0.000132768029289,-8.73928693181e-05,-5.61428951187e-05,-2.57701326518e-05,1.740035068e-05,4.86446759169e-05,7.91143012029e-05,9.75932611167e-05,120000,-0.00297883688472,0.00155041075777,0.000372687567845,0.000105309300443,-0.00235403852141,-0.00100368566765,0.000210323183419,0.000277103258122,0.000336472185154,0.000375666611944,0.000415254260588,0.000476950324082,0.000538504694123,0.000827110249142,0.00134422294701
tomo_sample_2_051_rec,recon_00199.tiff,199,250:350,740:840,600:1200,1400:1600,10000,-0.000232668448007,0.000140296077006,-5.65867040165e-05,4.72478684739e-05,-0.000223086810017,-0.000198764601999,-0.000166076829628,-0.000133450597059,-8.90633982635e-05,-5.69654766878e-05,-2.38177885876e-05,2.02077350878e-05,5.25563853807e-05,9.89544243421e-05,0.000134404843095,120000,-0.00322763621807,0.00159914616961,0.000369236995068,0.000119583776727,-0.00264767113894,-0.0014632656147,0.00020170084128,0.000274544482818,0.000334709322487,0.000374063223717,0.00041346791113,0.000473230812349,0.000532867825823,0.000781564799137,0.00125398603866
tomo_sample_2_051_rec,recon_00200.tiff,200,250:350,740:840,600:1200,1400:1600,10000,-0.00022176920902,0.000117528630653,-5.53771160002e-05,4.59841470888e-05,-0.00020424489686,-0.000201643649212,-0.000165368168819,-0.00013043056897,-8.63610875967e-05,-5.58811207156e-05,-2.42038727265e-05,1.98146132789e-05,5.44434437325e-05,9.31310659726e-05,0.000115155021383,120000,-0.00338728027418,0.00155031238683,0.000371021681628,0.000124238198918,-0.00298367313452,-0.00168839216628,0.000203030521516,0.000275231804699,0.000336709927069,0.000375928444555,0.000415315502323,0.000475585985987,0.000537177301594,0.000776483142225,0.00124591539509
tomo_sample_2_051_rec,recon_00201.tiff,201,250:350,740:840,600:1200,1400:1600,10000,-0.000253096135566,0.000125780410599,-5.71679239868e-05,4.723577219e-05,-0.00023466262336,-0.000200858572745,-0.00016659083878,-0.000133529508457,-8.87856913323e-05,-5.78653853154e-05,-2.56102466665e-05,2.20196234295e-05,5.39310271415e-05,9.01669642626e-05,0.000116074184296,120000,-0.00346181821078,0.0017795736203,0.00037340340982,0.000119448087577,-0.00257898353501,-0.00145341532526,0.000199736628274,0.000277170770278,0.000338662473951,0.000378029420972,0.000417319199187,0.0004796915935,0.000549015445868,0.000782080047298,0.00130989261806
tomo_sample_2_051_rec,recon_00202.tiff,202,250:350,740:840,600:1200,1400:1600,10000,-0.000222275193664,0.000107131847471,-5.92732633784e-05,4.52575513012e-05,-0.000218977957567,-0.000189496111285,-0.000163269597106,-0.000134459653054,-9.03883083083e-05,-5.94876637479e-05,-2.8589667636e-05,1.51050623117e-05,4.61546095175e-05,7.22954572993e-05,0.000102830134916,120000,-0.00351205817424,0.00150291796308,0.000374609331819,0.000107597813993,-0.00210601676633,-0.00125924259191,0.000214961660822,0.000279578783375,0.000338618905516,0.000377435731934,0.000417074930738,0.000479346490465,0.00055301671091,0.000758693714684,0.00114390245199
tomo_sample_2_051_rec,recon_00203.tiff,203,250:350,740:840,600:1200,1400:1600,10000,-0.00025624432601,0.00011875032942,-5.8906877965e-05,4.66447420694e-05,-0.000233758234225,-0.000201941985128,-0.000168511410884,-0.000136432145518,-8.99680671864e-05,-5.82707216381e-05,-2.68332391897e-05,1.6296495869e-05,4.62107752173e-05,8.36154424978e-05,0.00010278263275,120000,-0.00287373061292,0.00109798158519,0.000375032364529,0.000103464140499,-0.00199879910357,-0.001148907369,0.000213388663251,0.000279003591277,0.000337919867889,0.000376886775484,0.000417254683271,0.000479830935365,0.000561128079426,0.000804520693608,0.00103309773895
tomo_sample_2_051_rec,recon_00204.tiff,204,250:350,740:840,600:1200,1400:1600,10000,-0.000225720359595,0.000138047718792,-5.80812463246e-05,4.69521576416e-05,-0.000222597568962,-0.000197073193878,-0.000167405375687,-0.000134897928365,-9.04986354726e-05,-5.8396912209e-05,-2.68942262664e-05,1.98290970729e-05,5.10183345978e-05,9.20716917244e-05,0.000114966564118,120000,-0.00347055168822,0.00168175075669,0.000374731733311,0.000116497539111,-0.00261476152753,-0.00135990531929,0.000217285050021,0.000278640245961,0.000338329722581,0.000377425880288,0.000417465184,0.000479076492775,0.000562997512752,0.000928532593593,0.00144913513525
tomo_sample_2_051_rec,recon_00205.tiff,205,250:350,740:840,600:1200,1400:1600,10000,-0.000207316683372,0.000140037634992,-5.93457741074e-05,4.47078849575e-05,-0.000202513300056,-0.000191934680362,-0.000159888352791,-0.000131707745459,-9.0630568593e-05,-5.9304647948e-05,-2.96738171528e-05,1.56968235387e-05,4.45638671954e-05,8.48072579611e-05,0.00013817999231,120000,-0.00296901329421,0.00192578695714,0.000375143162942,0.00011472611411,-0.00253994135498,-0.00129989245895,0.000219685691409,0.000281088218617,0.000338911333529,0.000377717267838,0.000416641240008,0.000479128873849,0.000558578791679,0.00087302986352,0.00161118513322
tomo_sample_2_051_rec,recon_00206.tiff,206,250:350,740:840,600:1200,1400:1600,10000,-0.000212358907447,9.73562346189e-05,-5.93278143642e-05,4.57990907925e-05,-0.000211042440025,-0.000203254843553,-0.000168328028667,-0.000135636868072,-9.01999683265e-05,-5.85742145631e-05,-2.85017231363e-05,1.50468091761e-05,4.61581455602e-05,7.58374248107e-05,9.67983117793e-05,120000,-0.00308159133419,0.00151121150702,0.000374081584385,0.000124202728678,-0.00264204644833,-0.00154571783729,0.000212433542038,0.000278681353666,0.000338339792506,0.00037798883568,0.000417854658735,0.000480371165031,0.000558208478615,0.000874272561865,0.00133062234002
tomo_sample_2_051_rec,recon_00207.tiff,207,250:350,740:840,600:1200,1400:1600,10000,-0.000240150722675,0.00010943471716,-5.90362553298e-05,4.53227609396e-05,-0.000224312226815,-0.00019333605151,-0.000163876372535,-0.000133854220621,-8.97772060853e-05,-5.92804317421e-05,-2.8018757348e-05,1.37144049404e-05,4.49443629986e-05,7.90484444442e-05,9.79024590488e-05,120000,-0.00350366230123,0.00118994119111,0.000370874714789,0.000139166178026,-0.00289392164452,-0.00182673628896,0.000201738521428,0.000277780088072,0.000337247322022,0.000376538431738,0.000416273942392,0.000479279266438,0.000556823841762,0.000869421315088,0.00105171188862
tomo_sample_2_051_rec,recon_00208.tiff,208,250:350,740:840,600:1200,1400:1600,10000,-0.000273641926469,0.000157239861437,-5.88548010612e-05,4.63608995675e-05,-0.000266365125001,-0.000209808777145,-0.000165124439372,-0.000134140793671,-9.03432392079e-05,-5.86257556279e-05,-2.83912131636e-05,1.74390796928e-05,4.91074883394e-05,9.42799563782e-05,0.00015143920414,120000,-0.00348939583637,0.0012801917037,0.000369205597916,0.000140325379219,-0.00301252108607,-0.00177730862994,0.000183223869681,0.000275512332155,0.000336201643222,0.0003756480437,0.000415393194999,0.000476634952065,0.000546798584983,0.000882262452214,0.00112018586071
tomo_sample_2_051_rec,recon_00209.tiff,209,250:350,740:840,600:1200,1400:1600,10000,-0.000229720026255,0.000116306742711,-5.76009886854e-05,4.3950025326e-05,-0.000222902641012,-0.000197536707536,-0.000162280844088,-0.000129630176525,-8.70514049893e-05,-5.72492535866e-05,-2.76637056231e-05,1.30130952584e-05,4.25822892066e-05,7.71159217547e-05,9.44443709464e-05,120000,-0.00317828822881,0.00142685929313,0.000371609870567,0.000130835954386,-0.00286717964686,-0.00155861690431,0.000205505983467,0.000277436709439,0.000337341189152,0.000376618336304,0.000415636182879,0.000477257168677,0.00055587570183,0.000895696092513,0.00127561254546
tomo_sample_2_051_rec,recon_00210.tiff,210,250:350,740:840,600:1200,1400:1600,10000,-0.000236999738263,9.47829321376e-05,-5.88362274611e-05,4.53117038092e-05,-0.000225596368127,-0.000191144807541,-0.000161463556724,-0.00013375004346,-8.97906847968e-05,-5.88179482293e-05,-2.78754559986e-05,1.52928218995e-05,4.50639302289e-05,7.59813038458e-05,9.14671078273e-05,120000,-0.00328169576824,0.00153463345487,0.000373865923482,0.000124726078725,-0.00285409200247,-0.00141713498533,0.000217540515005,0.00028012716939,0.000338336758432,0.000376811949536,0.000416308866988,0.000478601295617,0.000561871839454,0.000948596574192,0.00136571087997
tomo_sample_2_051_rec,recon_00211.tiff,211,250:350,740:840,600:1200,1400:1600,10000,-0.000240404508077,0.000137974377139,-6.06744035931e-05,4.62465144446e-05,-0.000239524932767,-0.000216730174085,-0.000174344560219,-0.000136457803455,-9.10338549147e-05,-6.09454564255e-05,-2.93049138236e-05,1.37939910019e-05,4.55701905594e-05,9.22615415257e-05,0.000136274432343,120000,-0.00331841758452,0.00146335421596,0.000375698393418,0.000114842218307,-0.00279777243882,-0.0012753241082,0.000217286098195,0.00028090839478,0.00033940760477,0.00037821487058,0.00041713432438,0.000480388944561,0.00056586962135,0.000916253205389,0.00128887241314
tomo_sample_2_051_rec,recon_00212.tiff,212,250:350,740:840,600:1200,1400:1600,10000,-0.000240610141191,0.000135161928483,-5.87868068424e-05,4.65395865662e-05,-0.000236416524003,-0.000204554992597,-0.000166206522117,-0.000134353103203,-9.0600360636e-05,-5.94384619035e-05,-2.69942138402e-05,1.65402380844e-05,4.96355014184e-05,9.01408926948e-05,0.000112200909683,120000,-0.00329883187078,0.00108792912215,0.000374417289863,0.000106897561585,-0.00253762152309,-0.00117645189737,0.00021409795605,0.000280007650144,0.000338704645401,0.000377081523766,0.000416084512835,0.000477250642143,0.000552458610618,0.000832747947949,0.00101547418404
tomo_sample_2_051_rec,recon_00213.tiff,213,250:350,740:840,600:1200,1400:1600,10000,-0.000219126130105,0.000115630093205,-5.91643026024e-05,4.73897491473e-05,-0.000215737866329,-0.000204670646359,-0.000168196095474,-0.000137132471718,-9.09056216187e-05,-5.90784329688e-05,-2.70002451543e-05,1.76005323738e-05,5.17330701405e-05,9.19376035308e-05,0.000113490215249,120000,-0.00309946388006,0.00112334673759,0.000373456122686,0.000110674927074,-0.00254158213115,-0.00123853542027,0.000210365895909,0.000280948815634,0.000338940903021,0.00037690087629,0.000415851500293,0.000476069183787,0.000546139530488,0.000789384917938,0.000962384203001
tomo_sample_2_051_rec,recon_00214.tiff,214,250:350,740:840,600:1200,1400:1600,10000,-0.000219846580876,0.000114952075819,-5.79887982293e-05,4.58959726555e-05,-0.000210825644864,-0.000191398524825,-0.000164088796155,-0.000134284974047,-8.83848333615e-05,-5.81042459089e-05,-2.72465167654e-05,1.72575153556e-05,4.96185000884e-05,8.04252164598e-05,0.000114049990948,120000,-0.00333302747458,0.00118082959671,0.000373168865189,0.000114325289927,-0.00269921094286,-0.00129500049492,0.000213455966295,0.000279946316732,0.000338490404829,0.000377037446015,0.000415585593146,0.000476145894208,0.000539804360596,0.000828842730669,0.00107377542192
tomo_sample_2_051_rec,recon_00215.tiff,215,250:350,740:840,600:1200,1400:1600,10000,-0.000221480804612,0.000132350061904,-5.74637179125e-05,4.49942694336e-05,-0.000215171230424,-0.000201794433262,-0.000162840018311,-0.000133371853735,-8.77776328707e-05,-5.69758449274e-05,-2.61667928498e-05,1.41342005918e-05,4.44533651171e-05,8.55201752056e-05,0.000112085687137,120000,-0.00328437215649,0.00113745336421,0.00037409709061,0.000112374866415,-0.00278983569592,-0.00130916767765,0.000221447192889,0.000281363000977,0.000339353297022,0.00037779629929,0.000416306385887,0.000475071945402,0.000538980925921,0.000804008763284,0.00104616067677
tomo_sample_2_051_rec,recon_00216.tiff,216,250:350,740:840,600:1200,1400:1600,10000,-0.000264408648945,0.000151200889377,-5.84177278101e-05,4.61932194751e-05,-0.000250143086916,-0.000211908938421,-0.000165820527618,-0.000134877130768,-8.92706102604e-05,-5.82781940466e-05,-2.70106138487e-05,1.65620501321e-05,4.82839315009e-05,8.98382925516e-05,0.000105577871005,120000,-0.00304835871793,0.00124986935407,0.000372886893906,0.000110894601649,-0.00234940034952,-0.00141040417238,0.000221257100784,0.000279567438702,0.000338129364536,0.000376333089662,0.000415022412199,0.000475125198136,0.000535296672606,0.000785918454349,0.00106040237573
tomo_sample_2_051_rec,recon_00217.tiff,217,250:350,740:840,600:1200,1400:1600,10000,-0.000222978473175,0.000105840925244,-5.74113729605e-05,4.54863908251e-05,-0.000219526449284,-0.000196739638472,-0.000163365111803,-0.000133239966817,-8.84248656803e-05,-5.68649975321e-05,-2.65387188847e-05,1.6210402282e-05,4.87742067708e-05,8.38387138792e-05,0.000100677701775,120000,-0.00342772086151,0.00154688290786,0.000373101527079,0.000108827942398,-0.00253297465048,-0.00116472171608,0.000221004893538,0.00027935281978,0.000337297627993,0.000375511954189,0.000414678135712,0.00047538606741,0.000541445614654,0.000865389741026,0.0012918774336
tomo_sample_2_051_rec,recon_00218.tiff,218,250:350,740:840,600:1200,1400:1600,10000,-0.000220026791794,0.000122716897749,-5.97995995456e-05,4.52286984559e-05,-0.00021954019531,-0.000195870061725,-0.000163697874814,-0.000134562335006,-9.02054143808e-05,-6.0523430875e-05,-2.89515332952e-05,1.42437605518e-05,4.34930694973e-05,7.69148916806e-05,0.000108963810198,120000,-0.00325099169277,0.00187896529678,0.000373903251636,0.000103030382615,-0.00257595774967,-0.000868725828768,0.000223991757521,0.000279204268008,0.000337280558597,0.000375357936719,0.000414254027419,0.0004741179946,0.000535296459566,0.00097788516141,0.00163649566248
tomo_sample_2_051_rec,recon_00219.tiff,219,250:350,740:840,600:1200,1400:1600,10000,-0.000223420371185,0.000106677063741,-5.95849189618e-05,4.67147823134e-05,-0.000217651317487,-0.000199658854515,-0.000167001744994,-0.000137404661655,-9.13284766284e-05,-5.94874072704e-05,-2.74835883829e-05,1.61529843353e-05,4.99162433698e-05,8.42546186323e-05,9.89932131531e-05,120000,-0.00319315586239,0.00176181492861,0.000375097764867,0.000100945700171,-0.00246134793665,-0.000806352252548,0.000227798098349,0.000280077586649,0.000337847988703,0.000376043943106,0.000414793314121,0.000474647508236,0.000540213967906,0.00102644451009,0.00161981427184
tomo_sample_2_051_rec,recon_00220.tiff,220,250:350,740:840,600:1200,1400:1600,10000,-0.000222761344048,0.000141319746035,-5.89122139027e-05,4.62112952857e-05,-0.000221041945287,-0.000194421633059,-0.000164820790233,-0.000133321696194,-9.06258246687e-05,-5.94837747485e-05,-2.7794572361e-05,1.67698118275e-05,5.26086763421e-05,9.089496261e-05,0.000117907160983,120000,-0.00334093463607,0.0016182619147,0.000376439007507,9.38268475674e-05,-0.00250810561676,-0.000618155050615,0.000236834783427,0.000282952247653,0.000339266247465,0.000377398842829,0.000415075897763,0.000473938729556,0.000536889392533,0.000883848877391,0.00144950767936
tomo_sample_2_051_rec,recon_00221.tiff,221,250:350,740:840,600:1200,1400:1600,10000,-0.000247704301728,0.000129187785205,-5.73537701973e-05,4.49173688411e-05,-0.00022338838774,-0.000202554254996,-0.000161935704236,-0.000131472374778,-8.7894313765e-05,-5.67288661841e-05,-2.67984460152e-05,1.4863910701e-05,4.59623180359e-05,8.18428600978e-05,0.000112244807575,120000,-0.00345472898334,0.00125939236023,0.000376877540476,8.49906094191e-05,-0.00260401378637,-0.00030081787883,0.000239089791721,0.000284760851355,0.000339760590577,0.000377217336791,0.000415081798565,0.000473025024985,0.000530588215333,0.000790286642383,0.00105142306377
tomo_sample_2_051_rec,recon_00222.tiff,222,250:350,740:840,600:1200,1400:1600,10000,-0.000219214067329,0.00010434028809,-5.58479992941e-05,4.56150456535e-05,-0.000216701726697,-0.000198047626429,-0.000163446253864,-0.000131513251108,-8.63874411152e-05,-5.5935646742e-05,-2.46844665526e-05,1.78867898285e-05,4.77101009892e-05,7.9380369476e-05,9.32958778023e-05,120000,-0.00311703956686,0.00112237979192,0.000376248382533,8.46791078254e-05,-0.00252167262665,-0.000421874151885,0.000238953594526,0.000284677989839,0.000339550824719,0.000377012926037,0.000415146641899,0.000472323203576,0.000524231931777,0.000754360901599,0.00103076586166
tomo_sample_2_051_rec,recon_00223.tiff,223,250:350,740:840,600:1200,1400:1600,10000,-0.000285931775579,0.000120055075968,-6.03142261058e-05,4.55467540704e-05,-0.000251765607559,-0.000205290830505,-0.000162968653603,-0.000132137173932,-9.2344609584e-05,-6.15599128651e-05,-2.92242311843e-05,1.58393972015e-05,4.62075394171e-05,7.97546046451e-05,0.000108926549471,120000,-0.00311280041933,0.00115473230835,0.00037454901141,9.80174074946e-05,-0.00275042709995,-0.000867232036777,0.00023598741056,0.00028286024899,0.00033893208456,0.000377013231628,0.000414674075728,0.000472055665159,0.000521158914198,0.000704943730729,0.000930729195051
tomo_sample_2_051_rec,recon_00224.tiff,224,250:350,740:840,600:1200,1400:1600,10000,-0.000205924661714,9.62659032666e-05,-5.80183327997e-05,4.47272330982e-05,-0.000201591418311,-0.000190040302448,-0.00016394066799,-0.000131932282238,-8.88674439921e-05,-5.71468481212e-05,-2.73925807051e-05,1.30892703964e-05,4.74888082681e-05,8.42274688475e-05,9.4312736814e-05,120000,-0.00319919153117,0.0010974482866,0.000373412182092,0.000103793687873,-0.00294059861612,-0.000992306047352,0.00023484791076,0.000282095638977,0.000338180507242,0.000376147509087,0.000414228590671,0.000471340407967,0.000518439154839,0.000698134165665,0.000920907221868
tomo_sample_2_051_rec,recon_00225.tiff,225,250:350,740:840,600:1200,1400:1600,10000,-0.000226970150834,9.39712990657e-05,-5.81719642841e-05,4.6083092863e-05,-0.000222667085085,-0.000208688007478,-0.000169335047249,-0.000136586504232,-8.87160804268e-05,-5.7395107433e-05,-2.63313268078e-05,1.64552875503e-05,4.2322731133e-05,7.58514394183e-05,9.21468459826e-05,120000,-0.00318383821286,0.00142221595161,0.000373888242264,0.000102040884616,-0.00285580460925,-0.000938737012795,0.00022941381234,0.000282053218689,0.000338627512974,0.000376492040232,0.000414603062382,0.0004719001794,0.000520196373691,0.000732080641901,0.00113998392627
tomo_sample_2_051_rec,recon_00226.tiff,226,250:350,740:840,600:1200,1400:1600,10000,-0.000220657078899,9.66273655649e-05,-5.97340718464e-05,4.61827412656e-05,-0.000216712740192,-0.000200969215162,-0.000171238203911,-0.000135490651155,-9.0474368335e-05,-5.98972073931e-05,-2.89245754175e-05,1.58564869707e-05,4.6036306594e-05,7.38901410514e-05,9.48398488246e-05,120000,-0.00314975786023,0.00147393695079,0.000373806052811,9.99041271016e-05,-0.00260574691084,-0.000953995646618,0.000230513753195,0.000282318153768,0.000338527104759,0.000376234660507,0.000413906040194,0.000470747056534,0.000524875021656,0.000812275032687,0.00116982626687
tomo_sample_2_051_rec,recon_00227.tiff,227,250:350,740:840,600:1200,1400:1600,10000,-0.00024621191551,0.00010840860341,-5.88459649881e-05,4.55718735271e-05,-0.000233174048546,-0.000195551982528,-0.000163766701735,-0.000133525702404,-8.98282178241e-05,-5.91708721913e-05,-2.74679969152e-05,1.56061214511e-05,4.56092434615e-05,7.35822594506e-05,9.71053113375e-05,120000,-0.00286330003291,0.00148258707486,0.000374779589092,9.53702406069e-05,-0.00247683140771,-0.000818982301455,0.000232485289598,0.000282758154208,0.00033903678559,0.000376574171241,0.000414559821365,0.000471638971067,0.000524854321848,0.000816432860389,0.00123101965749
tomo_sample_2_051_rec,recon_00228.tiff,228,250:350,740:840,600:1200,1400:1600,10000,-0.000241185509367,0.000101801706478,-5.69900894941e-05,4.73129366351e-05,-0.000225030671955,-0.000203691680537,-0.000170296144206,-0.00013638263481,-8.79553263076e-05,-5.66524850001e-05,-2.44719039983e-05,1.81650214472e-05,4.74074245358e-05,8.50481693415e-05,9.92162061331e-05,120000,-0.00331027060747,0.00147507991642,0.000374968507823,9.38841131972e-05,-0.00251943497625,-0.000697369204194,0.000232615877903,0.000281980843283,0.000338332807587,0.000376450654585,0.000414559697674,0.000473106936261,0.000528984167031,0.00080617706303,0.00131425576222
tomo_sample_2_051_rec,recon_00229.tiff,229,250:350,740:840,600:1200,1400:1600,10000,-0.000235130486544,0.000100242694316,-5.56378521224e-05,4.67669992772e-05,-0.000234659633657,-0.000199727501953,-0.00016347004901,-0.000131326634437,-8.77157581272e-05,-5.55867318326e-05,-2.38537254518e-05,2.14978721488e-05,5.22122465554e-05,8.06960436821e-05,9.97665814379e-05,120000,-0.00368093582802,0.00144727784209,0.000374073551316,9.47022483916e-05,-0.00252389283308,-0.000701135460811,0.000229443420685,0.000279845803743,0.000337506753567,0.000375947711291,0.000414628491853,0.000473400500778,0.000525816729642,0.000720607877709,0.00116689688554
tomo_sample_2_051_rec,recon_00230.tiff,230,250:350,740:840,600:1200,1400:1600,10000,-0.00024686587858,0.000108047461254,-5.80868138818e-05,4.6361010498e-05,-0.000245888378675,-0.000207269502949,-0.000166166136769,-0.000133435565658,-8.98908510862e-05,-5.81429903832e-05,-2.65813055194e-05,1.82570006473e-05,4.85459244737e-05,7.98386811002e-05,9.34366459085e-05,120000,-0.00312399771065,0.00133031769656,0.00037091665266,9.48088360957e-05,-0.00272085009513,-0.000770306264982,0.000225442699884,0.000278163221083,0.000335778437147,0.000374006165657,0.000411508874095,0.000467888120329,0.00051811915182,0.000654493330745,0.000774341829575
tomo_sample_2_051_rec,recon_00231.tiff,231,250:350,740:840,600:1200,1400:1600,10000,-0.000221235386562,0.000126046565128,-5.73175623864e-05,4.62325825089e-05,-0.000212413238935,-0.000197818144807,-0.000165589199023,-0.000134140864247,-8.83673747012e-05,-5.78721192142e-05,-2.57216274804e-05,1.89681954907e-05,5.06720926205e-05,8.29394015091e-05,9.33720447945e-05,120000,-0.00236964318901,0.0011069244938,0.000371189210842,8.33808425916e-05,-0.00177400190285,-0.000559167402273,0.000222303460177,0.000276932695124,0.000334656848281,0.000373204893549,0.000411725464801,0.000469033581612,0.000518620134098,0.000659587354283,0.000948189365433
tomo_sample_2_051_rec,recon_00232.tiff,232,250:350,740:840,600:1200,1400:1600,10000,-0.000223270821152,0.000132500688778,-5.51525138248e-05,4.58836300169e-05,-0.000219519319692,-0.000204095288907,-0.000164236829878,-0.000129224152624,-8.60729724081e-05,-5.49784126633e-05,-2.40095823756e-05,2.00812659386e-05,5.08647118477e-05,8.79104739433e-05,0.000119042640905,120000,-0.00291825272143,0.00118617643602,0.000373826691529,8.03313152374e-05,-0.00187078756803,-0.000357581071614,0.000228364398063,0.000279303269053,0.0003363522992,0.000375068164431,0.000413625071815,0.000471154907427,0.000522901964723,0.000772535959899,0.00102034166537
tomo_sample_2_051_rec,recon_00233.tiff,233,250:350,740:840,600:1200,1400:1600,10000,-0.000220201152842,0.000153634086018,-5.63353192218e-05,4.65341864297e-05,-0.000217488044963,-0.000196222784114,-0.000165817040106,-0.000133095730416,-8.82536969584e-05,-5.61863835173e-05,-2.38604202423e-05,1.93179967027e-05,4.80452924239e-05,8.00384319737e-05,0.000113327318303,120000,-0.00260493345559,0.00125424703583,0.000376132133744,7.9929667088e-05,-0.00182369902394,-0.000353163715103,0.000232315068424,0.00028148299898,0.000338568948791,0.000376880052499,0.000415495836933,0.000473905554099,0.000527063591871,0.000748075068404,0.0011130070823
tomo_sample_2_051_rec,recon_00234.tiff,234,250:350,740:840,600:1200,1400:1600,10000,-0.000232350386796,0.000141356795211,-5.44282525791e-05,4.59293953953e-05,-0.000221380533066,-0.000202401903211,-0.000159411745553,-0.000128549520741,-8.59830142872e-05,-5.45400635019e-05,-2.31955555137e-05,2.0416413463e-05,5.48406213784e-05,9.24284279681e-05,0.000128682718849,120000,-0.00284613645636,0.000964532257058,0.000375838180057,7.89488418265e-05,-0.00181231383202,-0.000381982966559,0.000233204778924,0.000281332485611,0.000338307450875,0.000376775991754,0.000415802758653,0.000474898990069,0.00052589023544,0.000659213047184,0.000864353899582
tomo_sample_2_051_rec,recon_00235.tiff,235,250:350,740:840,600:1200,1400:1600,10000,-0.000222492861212,9.57703232416e-05,-5.58741487973e-05,4.69501652842e-05,-0.000219018167704,-0.000205390153846,-0.000167067611037,-0.000133232949884,-8.72375712788e-05,-5.63962657907e-05,-2.34500575971e-05,2.04171725272e-05,5.12463847917e-05,7.94164481558e-05,9.28566372706e-05,120000,-0.00314080505632,0.00101594661828,0.000373899520887,8.52347718406e-05,-0.00241056330828,-0.000418288975488,0.000230163755623,0.00027950998483,0.000336861325195,0.000375535571948,0.000414326175814,0.00047246387403,0.000520857894444,0.000652880779235,0.000843342072761
tomo_sample_2_051_rec,recon_00236.tiff,236,250:350,740:840,600:1200,1400:1600,10000,-0.00026245394838,0.000118739073514,-5.6604715511e-05,4.78152941081e-05,-0.000248117729317,-0.000197704922408,-0.000164374170126,-0.00013561480082,-8.91614872671e-05,-5.65572863707e-05,-2.34135695791e-05,2.09327497942e-05,5.64818986823e-05,9.84955877357e-05,0.000118633189816,120000,-0.0032790414989,0.00106408970896,0.000372525617911,9.03406270616e-05,-0.00272939434005,-0.000589445717167,0.000227756301902,0.000277732976247,0.000336254110152,0.000375164396246,0.000413564586779,0.000470419088379,0.000518266541767,0.000640247083502,0.000855163524841
tomo_sample_2_051_rec,recon_00237.tiff,237,250:350,740:840,600:1200,1400:1600,10000,-0.000251885299804,8.74262113939e-05,-5.87010124773e-05,4.82804218622e-05,-0.000239899562055,-0.000219785091234,-0.000174608620146,-0.000139890822174,-9.07563353394e-05,-5.77317550778e-05,-2.55138520515e-05,1.91906298824e-05,4.9394673697e-05,7.79912038779e-05,8.40890852101e-05,120000,-0.00309962010942,0.000987907289527,0.000370458639819,9.14323761434e-05,-0.00250346178694,-0.000627391347487,0.000215677672095,0.000273576717882,0.00033333524334,0.000373516348191,0.000413002584537,0.000471510701755,0.000519817400491,0.000646887377079,0.000816549754201
tomo_sample_2_051_rec,recon_00238.tiff,238,250:350,740:840,600:1200,1400:1600,10000,-0.000273856334388,0.000123671910842,-5.72786691008e-05,4.85197443104e-05,-0.000268419554995,-0.000219242895866,-0.000168768264557,-0.000137813925539,-8.97142108442e-05,-5.66489834455e-05,-2.44387874773e-05,2.24235129281e-05,5.46919440239e-05,9.71030430155e-05,0.000119547357412,120000,-0.00321272597648,0.000919383543078,0.000370920933847,9.56527263813e-05,-0.00258359620462,-0.000781995094847,0.000222092959302,0.000275187742955,0.000334590818966,0.000374226467102,0.000413106368796,0.00047103567922,0.00051845116308,0.000638866877824,0.000784561316436
tomo_sample_2_051_rec,recon_00239.tiff,239,250:350,740:840,600:1200,1400:1600,10000,-0.000239242901444,0.000129142921651,-5.53132333937e-05,4.76044601086e-05,-0.00022200597542,-0.000204404317235,-0.000165333589684,-0.000132581085199,-8.73430653883e-05,-5.57885978196e-05,-2.42556388912e-05,2.28493341638e-05,6.1223590601e-05,9.9572154817e-05,0.000114368515484,120000,-0.00325717497617,0.00110193854198,0.000372463662536,8.94081394169e-05,-0.00264466621841,-0.000500467667007,0.000224436381686,0.000277638308762,0.000335280070431,0.000374238690711,0.000413872650824,0.000472078564053,0.000520839699311,0.000696862862271,0.000960706520558
tomo_sample_2_051_rec,recon_00240.tiff,240,250:350,740:840,600:1200,1400:1600,10000,-0.0002170601947,0.000117700641567,-5.69886557131e-05,4.73245238704e-05,-0.000212032705198,-0.000199508913996,-0.000167954809294,-0.000135087396484,-8.97159134183e-05,-5.6741759181e-05,-2.39879414039e-05,1.8679204004e-05,4.9506633186e-05,7.86107260355e-05,0.000107707072779,120000,-0.00250133289956,0.00118175777607,0.000371956010099,8.19162927271e-05,-0.00182524558264,-0.000436553857871,0.000224793376692,0.000275263212097,0.000333949901687,0.000373259157641,0.000412858942582,0.000472666887799,0.000523435462965,0.000704879042693,0.00111307780535
tomo_sample_2_051_rec,recon_00241.tiff,241,250:350,740:840,600:1200,1400:1600,10000,-0.000210079466342,0.000115649520012,-5.44642555308e-05,4.82818030858e-05,-0.000204812607222,-0.000197516987391,-0.000164974275685,-0.000133967024885,-8.78212522366e-05,-5.41257541045e-05,-2.08540659514e-05,2.44912344897e-05,5.57648745234e-05,8.30671016884e-05,9.93045371884e-05,120000,-0.00286691449583,0.00105088169221,0.000372263529359,8.09855688541e-05,-0.00187613773427,-0.000437723275943,0.000228444748209,0.000276750473131,0.000334279691742,0.000373701230274,0.00041269108624,0.000470703150495,0.000521078223246,0.000718790744082,0.000939249765745
tomo_sample_2_051_rec,recon_00242.tiff,242,250:350,740:840,600:1200,1400:1600,10000,-0.0002569478238,0.000105394356069,-5.81806486885e-05,4.80773647325e-05,-0.000221946997741,-0.000208586202687,-0.000176006637776,-0.000138864816108,-9.02108276932e-05,-5.73877368879e-05,-2.5159512461e-05,1.90656919585e-05,4.87773229906e-05,8.03894196288e-05,9.87296488034e-05,120000,-0.00283368187957,0.00118971324991,0.000373264396568,7.8402957079e-05,-0.00164843913255,-0.000292381951294,0.000224881564354,0.000275860790862,0.000334523712809,0.00037380104186,0.000413804344134,0.000474650006799,0.000527402909938,0.000737297193671,0.0010232061134
tomo_sample_2_051_rec,recon_00243.tiff,243,250:350,740:840,600:1200,1400:1600,10000,-0.000234703926253,0.000118568597827,-5.8663507338e-05,4.74983278232e-05,-0.000222008577119,-0.000199855788611,-0.000167556139932,-0.000135992735159,-9.12344567041e-05,-5.82070406381e-05,-2.67930413429e-05,1.84559950867e-05,5.25940831722e-05,9.17923734887e-05,0.000112864017217,120000,-0.00238552130759,0.00128070102073,0.000373507860891,7.9793408184e-05,-0.0014501865062,-0.000419405556546,0.000220436467644,0.00027607960219,0.000335400662152,0.000374602081138,0.000414322617871,0.000474688415125,0.000528051212314,0.000728554485191,0.00105219488938
tomo_sample_2_051_rec,recon_00244.tiff,244,250:350,740:840,600:1200,1400:1600,10000,-0.000218836634303,9.50684625423e-05,-5.83669199275e-05,4.81096322483e-05,-0.000217080393777,-0.000202974183703,-0.000170737270673,-0.000137636911677,-9.12730101845e-05,-5.82890588703e-05,-2.50845682785e-05,1.93936054529e-05,5.03733206642e-05,7.78873668532e-05,8.92127317536e-05,120000,-0.00270821689628,0.00127333390992,0.000373356807638,8.28596439512e-05,-0.00164134883157,-0.000484750783013,0.000224302580318,0.000275770634471,0.000334354976076,0.000374439012376,0.000414967282268,0.000475108613318,0.000528538326034,0.000747080752626,0.0010965788922
tomo_sample_2_051_rec,recon_00245.tiff,245,250:350,740:840,600:1200,1400:1600,10000,-0.00024445093004,0.000120083226648,-5.41806574119e-05,4.82391628298e-05,-0.00023753208444,-0.00020247203602,-0.000165208242688,-0.00013481766,-8.66058035172e-05,-5.35415838385e-05,-2.13910270759e-05,2.41885668402e-05,5.70701060133e-05,9.23823213088e-05,0.000113434786796,120000,-0.00285061053,0.0012281894451,0.000373847131893,8.770589672e-05,-0.00239895224259,-0.000400988700218,0.00022729645425,0.000275573933322,0.000335008655384,0.000375438772608,0.000415780086769,0.000475928273227,0.000528098969371,0.000697421692719,0.00101871774275
tomo_sample_2_051_rec,recon_00246.tiff,246,250:350,740:840,600:1200,1400:1600,10000,-0.000236095787841,0.000117362047604,-5.4225373211e-05,5.0103593526e-05,-0.000227066485315,-0.000211029894839,-0.000175013432163,-0.000138005389454,-8.71153370099e-05,-5.36610696145e-05,-2.04510947697e-05,2.57971483734e-05,6.22638478671e-05,9.68645967514e-05,0.00011552522663,120000,-0.00271834502928,0.00103457062505,0.000371898865859,9.81566068964e-05,-0.00242014557975,-0.000911886879941,0.000224085146183,0.000274721675669,0.000334166230459,0.000374167473637,0.000414702459238,0.000476123816043,0.000527609726996,0.000698552101036,0.000881271553301
tomo_sample_2_051_rec,recon_00247.tiff,247,250:350,740:840,600:1200,1400:1600,10000,-0.000278536608675,0.000114182643301,-5.54567099209e-05,4.88058604941e-05,-0.00026209383221,-0.000225959158706,-0.000165848793986,-0.000135639578366,-8.85575500433e-05,-5.49256801605e-05,-2.24993095799e-05,2.4317939733e-05,6.10533801228e-05,9.35333407906e-05,0.00011326757942,120000,-0.00305063440464,0.000964906183071,0.000369335191581,0.000108388651101,-0.00254516870861,-0.00125757384219,0.000214736135677,0.000271667940251,0.000332006318786,0.00037342273572,0.000414051035477,0.000475303648273,0.000526644547936,0.000656059066067,0.000831072860671
tomo_sample_2_051_rec,recon_00248.tiff,248,250:350,740:840,600:1200,1400:1600,10000,-0.000235033003264,0.000149754065205,-5.79079951928e-05,4.97823042829e-05,-0.000233966192635,-0.000217297892901,-0.000173072055331,-0.000139373039565,-9.1531963335e-05,-5.75864578423e-05,-2.39209316533e-05,2.30369806559e-05,5.62961692049e-05,0.00010273910089,0.000129081935622,120000,-0.00267274444923,0.000885049812496,0.000367874151016,0.000113603950115,-0.00245598636323,-0.00142948535585,0.000205876585387,0.000268982414855,0.000331662697135,0.000372600057744,0.000413580790337,0.000474459193356,0.000527405658504,0.000668573562521,0.000820529090654
tomo_sample_2_051_rec,recon_00249.tiff,249,250:350,740:840,600:1200,1400:1600,10000,-0.000249782460742,0.00014321161143,-5.61192875121e-05,4.85549677112e-05,-0.00024290153364,-0.000208577144251,-0.000167123875726,-0.000135335715458,-8.86971392902e-05,-5.70465017518e-05,-2.40067311097e-05,2.48015795478e-05,5.98866996734e-05,0.000100051959089,0.000119969004852,120000,-0.00329285254702,0.00111220392864,0.000367725386094,0.000110892176696,-0.00242899803258,-0.00132262986223,0.000202613989386,0.000266763084801,0.000330570263031,0.000372007183614,0.000413062356529,0.000475041658501,0.000533152571297,0.000704812646029,0.000915245317155
tomo_sample_2_051_rec,recon_00250.tiff,250,250:350,740:840,600:1200,1400:1600,10000,-0.000267922121566,0.000138034913107,-5.69763636767e-05,4.86378665072e-05,-0.000255935481688,-0.000219089166654,-0.000173302858748,-0.000138250567397,-8.90970968612e-05,-5.61729484616e-05,-2.38933484979e-05,2.16459689909e-05,5.23216006695e-05,9.13106964799e-05,0.000127392561131,120000,-0.00296379486099,0.00113402726129,0.000371378438681,9.87104728408e-05,-0.0023854750985,-0.000841693514667,0.000216572522913,0.00027101529995,0.000332099763909,0.000373110829969,0.000414179070503,0.0004783728451,0.000545531631797,0.000782260870619,0.000987944556354
tomo_sample_2_051_rec,recon_00251.tiff,251,250:350,740:840,600:1200,1400:1600,10000,-0.000221770766075,0.000123430421809,-5.64489329637e-05,5.06725344814e-05,-0.000216330407269,-0.000206643601399,-0.000172111672728,-0.000139404121001,-9.08035090106e-05,-5.70281954424e-05,-2.1732870664e-05,2.62170486167e-05,5.97797706359e-05,0.000100985866899,0.00012052757593,120000,-0.00280684023164,0.00123342406005,0.000371718179616,9.85274691538e-05,-0.00235283972316,-0.00080503260385,0.000210876827041,0.000270382333838,0.000331879775331,0.000373584989575,0.000415435359173,0.000478680549713,0.000543983107782,0.000803840852575,0.00109247825012
tomo_sample_2_051_rec,recon_00252.tiff,252,250:350,740:840,600:1200,1400:1600,10000,-0.000259188673226,0.000135711015901,-5.53134921201e-05,4.91501503131e-05,-0.000238988662419,-0.000208287330097,-0.000171544337645,-0.000137056851963,-8.84842684172e-05,-5.46288920305e-05,-2.2401266051e-05,2.45829890446e-05,5.75911670603e-05,9.88984547366e-05,0.000123941672593,120000,-0.00323133682832,0.0012138064485,0.000368682742842,0.000109283892748,-0.00270371662704,-0.00114300912293,0.000204304518265,0.000267828696815,0.000329910057189,0.000371697111405,0.000413527850469,0.000476642548165,0.000535995376995,0.000810556782992,0.00113336111701
tomo_sample_2_051_rec,recon_00253.tiff,253,250:350,740:840,600:1200,1400:1600,10000,-0.000250819430221,0.000129968611873,-5.57034869446e-05,4.95879556803e-05,-0.000244820624759,-0.000214236036962,-0.000174735730543,-0.000138188466372,-8.91428389878e-05,-5.52652527404e-05,-2.16104467654e-05,2.32168098592e-05,5.56944341952e-05,9.18196081839e-05,0.000119585338113,120000,-0.00329024600796,0.00125054025557,0.000368507035255,0.00010852824673,-0.00275903635595,-0.00103403973405,0.000206643460697,0.000268122798298,0.000330041184498,0.00037135623279,0.000412664769101,0.00047638938122,0.000539782727719,0.000780346172629,0.00113908791278
tomo_sample_2_051_rec,recon_00254.tiff,254,250:350,740:840,600:1200,1400:1600,10000,-0.000243412447162,0.000128637620946,-5.66445809108e-05,5.01130379645e-05,-0.000234446802898,-0.000214348802532,-0.000178349623311,-0.000139631284401,-8.9384831881e-05,-5.68817104067e-05,-2.29750476137e-05,2.47967856012e-05,6.16949245887e-05,0.00010162066482,0.000121490755086,120000,-0.00312403682619,0.00134874111973,0.000369769349117,9.86368017522e-05,-0.00258248251504,-0.000764755499142,0.000208228334377,0.000265919229423,0.000329529189912,0.000371832386008,0.000414107467805,0.000479179745889,0.000541736329906,0.000744891398412,0.00105416444624
tomo_sample_2_051_rec,recon_00255.tiff,255,250:350,740:840,600:1200,1400:1600,10000,-0.00024454985396,0.000137776660267,-5.79733870369e-05,5.09931312296e-05,-0.000236842737187,-0.000206671723587,-0.000175929541583,-0.000141977058229,-9.25808290049e-05,-5.83767032367e-05,-2.3593496735e-05,2.60389700088e-05,6.04327625115e-05,0.000104653005699,0.000135190286895,120000,-0.00276317214593,0.00125250476412,0.000369904371264,0.000100398977494,-0.0024162165737,-0.000880116839951,0.00021192901695,0.000267263046408,0.00032980692049,0.000372001668438,0.000414004789491,0.000479087584245,0.000540165440179,0.000775260933617,0.00105833236699
tomo_sample_2_051_rec,recon_00256.tiff,256,250:350,740:840,600:1200,1400:1600,10000,-0.00027009123005,0.000139786032378,-5.68379904901e-05,5.04949880996e-05,-0.000249727453815,-0.000219164375303,-0.000176662878512,-0.000141482779145,-9.05507677089e-05,-5.61229044251e-05,-2.27419100156e-05,2.49809033448e-05,5.82662070155e-05,0.000103508045111,0.000119897903407,120000,-0.00341317779385,0.00104519177694,0.000369579639538,0.000102687225808,-0.00261928502007,-0.000926000281703,0.000209498261975,0.000266152940458,0.000328991154674,0.000371837930288,0.000414683643612,0.000479117096984,0.000537980031804,0.000738433169608,0.000920127385273
tomo_sample_2_051_rec,recon_00257.tiff,257,250:350,740:840,600:1200,1400:1600,10000,-0.000262055487838,0.000181748473551,-5.72672561985e-05,5.07877898271e-05,-0.000220094507422,-0.000206423311873,-0.000176700420707,-0.000140604575427,-9.13600943022e-05,-5.75582162128e-05,-2.29160737035e-05,2.73198537798e-05,5.93885865965e-05,9.48883682722e-05,0.000133688522306,120000,-0.00306347128935,0.0012164019281,0.00036888889671,0.000101853165226,-0.00254604354326,-0.000910474359756,0.000210844780086,0.000266837414529,0.000328906644427,0.000371291171177,0.000413703593949,0.000478849497449,0.000534126182902,0.000703128729132,0.00100885371427
tomo_sample_2_051_rec,recon_00258.tiff,258,250:350,740:840,600:1200,1400:1600,10000,-0.000223972965614,0.000117892872368,-5.92899018281e-05,5.10869141034e-05,-0.000219725308017,-0.000203717282027,-0.000177065639582,-0.000143712260615,-9.42240640143e-05,-5.89943592786e-05,-2.38968027588e-05,2.40489323005e-05,5.72254666622e-05,8.89956248211e-05,0.000111117625257,120000,-0.00258711352944,0.00124337454326,0.000368331018317,0.000103748712699,-0.00241535752846,-0.0010390017787,0.000210730450635,0.000266015467059,0.000328391128278,0.000370603636838,0.000413342953834,0.000478877646674,0.000538135576062,0.000736172265664,0.00101890348771
tomo_sample_2_051_rec,recon_00259.tiff,259,250:350,740:840,600:1200,1400:1600,10000,-0.000286906200927,0.000142420336488,-5.74172086006e-05,5.08237539902e-05,-0.000233005083904,-0.000206791953358,-0.000171806302969,-0.000140592105163,-9.261428022e-05,-5.83262299187e-05,-2.22221960939e-05,2.59885524429e-05,5.99667517599e-05,0.000104177585061,0.000125204363126,120000,-0.00262123462744,0.00107928132638,0.00036807461465,9.57922740375e-05,-0.00223404696521,-0.000700623322569,0.00020254591931,0.000263383300626,0.000327530629875,0.00037000841985,0.000413039560954,0.00047876098688,0.000539051315282,0.000730669164681,0.000942007119738
tomo_sample_2_051_rec,recon_00260.tiff,260,250:350,740:840,600:1200,1400:1600,10000,-0.000222369242692,0.000130407875986,-5.34616966371e-05,5.1186121806e-05,-0.000218553922915,-0.000207476302821,-0.000173740140599,-0.000136773873237,-8.79926301423e-05,-5.32907179149e-05,-1.82867570402e-05,3.0101662378e-05,6.46389820758e-05,9.40014529988e-05,0.000127559681635,120000,-0.00240284949541,0.0010153305484,0.000367893974681,9.62287964026e-05,-0.00218821905795,-0.000741962599161,0.00020043843746,0.00026161919086,0.000326621237036,0.000370174791897,0.000413940018916,0.000479977551731,0.000538228047662,0.000709388491639,0.000952078033355
tomo_sample_2_051_rec,recon_00261.tiff,261,250:350,740:840,600:1200,1400:1600,10000,-0.000257936975686,0.000138466726639,-5.34089738726e-05,5.19227681688e-05,-0.000256990904774,-0.000219102625168,-0.000177566468919,-0.000139428612601,-8.84311957634e-05,-5.2666204283e-05,-1.86265187949e-05,3.19009586747e-05,6.55626109074e-05,0.000101083983369,0.000115309764069,120000,-0.00278304191306,0.000911162176635,0.000367421941077,0.00010373148811,-0.00240482675661,-0.000984815702192,0.000195134385285,0.000260503926256,0.00032696659764,0.000370552792447,0.000414423033362,0.000480299461924,0.000538783192169,0.000710487217235,0.00084812198726
tomo_sample_2_051_rec,recon_00262.tiff,262,250:350,740:840,600:1200,1400:1600,10000,-0.000283592642518,0.000139887109981,-5.37835688134e-05,5.276653269e-05,-0.000273900697491,-0.000215539701414,-0.000174060063582,-0.000140040749102,-8.99276947166e-05,-5.38811254955e-05,-1.76181010829e-05,3.35011041898e-05,6.76226286305e-05,0.000104474721695,0.000136514604354,120000,-0.00309935421683,0.00104667199776,0.000367785606534,9.73947019518e-05,-0.00214463596712,-0.000811151151778,0.000198202005122,0.000259944940626,0.000326344903442,0.000370362671674,0.000414626250858,0.000480820213852,0.000539507173235,0.000688914619444,0.000921410254139
tomo_sample_2_051_rec,recon_00263.tiff,263,250:350,740:840,600:1200,1400:1600,10000,-0.000240550594754,0.000134198984597,-5.43829307812e-05,5.22297675107e-05,-0.000236731084443,-0.000210291543917,-0.000174211930425,-0.000140880706749,-9.00627946976e-05,-5.48060761503e-05,-1.80685001396e-05,3.0887901994e-05,6.41447868838e-05,9.72130732625e-05,0.00011933333977,120000,-0.00293683237396,0.00125523307361,0.00036788552489,9.50050167335e-05,-0.00193856941835,-0.000715563707519,0.000199784837605,0.000260600929323,0.000326023320667,0.000369968125597,0.000414209833252,0.000479280709988,0.000538650936214,0.000750947168854,0.00110209720721
tomo_sample_2_051_rec,recon_00264.tiff,264,250:350,740:840,600:1200,1400:1600,10000,-0.000237937638303,0.000153393746587,-5.57774738884e-05,5.21427307716e-05,-0.000235168496602,-0.000220069852177,-0.000176514009072,-0.000141316780355,-9.12584364414e-05,-5.56137092644e-05,-2.13970015466e-05,2.99590353279e-05,6.84373593685e-05,0.000110407874301,0.000143730727874,120000,-0.00298343552276,0.00148530630395,0.000367829632455,9.81762218227e-05,-0.00245054487051,-0.000768918678164,0.000202253475727,0.000261411363317,0.000326270921505,0.000369614150259,0.000412850131397,0.000479590507166,0.000544034821796,0.00078835331765,0.00115608936714
tomo_sample_2_051_rec,recon_00265.tiff,265,250:350,740:840,600:1200,1400:1600,10000,-0.00026208354393,0.000123520992929,-5.36436104254e-05,5.49088798806e-05,-0.000259426979139,-0.000225213102705,-0.000181429548684,-0.000144534171704,-9.10182006919e-05,-5.34255632374e-05,-1.52604618506e-05,3.58217166649e-05,7.11422551831e-05,0.000102266734852,0.000119882315736,120000,-0.00301309069619,0.00128643587232,0.000366090783229,0.000102875909868,-0.00213178033163,-0.000939851657371,0.000187533521239,0.00025710411137,0.000324804823322,0.000368948123651,0.000413357549405,0.000481939372548,0.000541275590658,0.000747787806555,0.00110630610649
tomo_sample_2_051_rec,recon_00266.tiff,266,250:350,740:840,600:1200,1400:1600,10000,-0.000237638247199,0.00013486862008,-5.6644204283e-05,5.20214386476e-05,-0.00023511775831,-0.000221086693564,-0.000178093513969,-0.000141677563806,-9.22169783735e-05,-5.61659289815e-05,-2.08359047065e-05,2.86236024294e-05,6.03398500243e-05,0.000100939776115,0.000124786388064,120000,-0.00296018947847,0.00126757042017,0.000364008512196,0.000108657806888,-0.00224001610135,-0.00106935419736,0.000171628155076,0.000253822238301,0.000323537482473,0.000368116845493,0.000412373570725,0.000479333582916,0.000541796027101,0.000741965759837,0.00113850987487
tomo_sample_2_051_rec,recon_00267.tiff,267,250:350,740:840,600:1200,1400:1600,10000,-0.0002261781774,0.000155580986757,-5.61287360505e-05,5.29617497859e-05,-0.000220741878172,-0.000214017465405,-0.000174158508016,-0.000141987217648,-9.20648799365e-05,-5.68491359445e-05,-2.04824250432e-05,3.13254353387e-05,7.15731717355e-05,0.000111955511718,0.000152414501093,120000,-0.00332419993356,0.00134718418121,0.000364922346268,0.000110309916405,-0.00269503385196,-0.00107274387032,0.000188891528669,0.000256661293679,0.000323782573105,0.000367867643945,0.000412549561588,0.000480353269086,0.000542759182863,0.000787538575416,0.00113498364615
tomo_sample_2_051_rec,recon_00268.tiff,268,250:350,740:840,600:1200,1400:1600,10000,-0.000250285316724,0.000128810206661,-5.41460175432e-05,5.28414894672e-05,-0.000238364765036,-0.000215800126287,-0.000175068171229,-0.000139906111872,-9.0518489742e-05,-5.45748644072e-05,-1.74196957232e-05,3.29382044583e-05,6.68537249294e-05,0.000103459646627,0.000125203744187,120000,-0.00346056814305,0.00130341085605,0.000367170605121,0.00010689671033,-0.00277934942693,-0.000944959100452,0.000190776744566,0.000257792457705,0.000324739179632,0.000369855333702,0.00041517632053,0.000483568922209,0.000546986809932,0.000754131434369,0.00111217906792
tomo_sample_2_051_rec,recon_00269.tiff,269,250:350,740:840,600:1200,1400:1600,10000,-0.000245177419856,0.000136507907882,-5.57979980116e-05,5.16585611354e-05,-0.00023500346174,-0.000213709207994,-0.000171168786037,-0.000139656646206,-9.1317384431e-05,-5.59657619306e-05,-2.01752482099e-05,2.87044424113e-05,6.38145746052e-05,9.97641361828e-05,0.000128002858431,120000,-0.00351268448867,0.00119395216461,0.000368465384551,0.000114640742029,-0.0027873982552,-0.00125170142262,0.000195713845751,0.000258785544429,0.000326416127791,0.000371389149223,0.000416626753577,0.000485957962519,0.000553020100924,0.000764201140439,0.00104051960261
tomo_sample_2_051_rec,recon_00270.tiff,270,250:350,740:840,600:1200,1400:1600,10000,-0.000245683826506,0.000164124445291,-5.3551783143e-05,5.33320472325e-05,-0.000231442956607,-0.000213402368507,-0.000178378468554,-0.000142086900451,-8.9684728664e-05,-5.29147218913e-05,-1.73139360413e-05,3.20394465234e-05,7.30896125606e-05,0.000119791450503,0.000149159646354,120000,-0.00321383913979,0.00114803155884,0.000366574059513,0.000114742029866,-0.00249547182599,-0.00121624204458,0.000185663451848,0.000256351455755,0.000324611683027,0.00036974408431,0.00041511238669,0.000484475312987,0.00055182435899,0.000805615411722,0.0010238255737
tomo_sample_2_051_rec,recon_00271.tiff,271,250:350,740:840,600:1200,1400:1600,10000,-0.000269207084784,0.000153673070599,-5.33402903588e-05,5.50920676974e-05,-0.000269035389356,-0.000235491420739,-0.000184667811263,-0.000144586829265,-8.99397891772e-05,-5.37934192835e-05,-1.59619830811e-05,3.74350307538e-05,7.45636160718e-05,0.000113228782,0.00012942795915,120000,-0.00304002454504,0.0011355613824,0.000363269484323,0.000122955189517,-0.00271004541705,-0.00159811921336,0.000187509012176,0.000254687151755,0.000322610911098,0.000367923945305,0.00041247135232,0.000480268419778,0.000545063426252,0.000758189511369,0.00100166354279
tomo_sample_2_051_rec,recon_00272.tiff,272,250:350,740:840,600:1200,1400:1600,10000,-0.000245988165261,0.000139314128319,-5.04737878059e-05,5.24058014649e-05,-0.000241718129057,-0.000215979731438,-0.000174051010545,-0.000137285701931,-8.56375554577e-05,-5.00309288327e-05,-1.4512202597e-05,3.40814936862e-05,7.00838673947e-05,0.000109796392127,0.000135547392527,120000,-0.00312000466511,0.00117773818783,0.000360085013087,0.000132813112192,-0.00275396536195,-0.00180341186165,0.00016966332114,0.000250167562626,0.000320034276228,0.000365538187907,0.000411560999055,0.000480171847448,0.000546096897451,0.0007536006507,0.00100381431313
tomo_sample_2_051_rec,recon_00273.tiff,273,250:350,740:840,600:1200,1400:1600,10000,-0.000272248289548,0.000176789297257,-5.44572057452e-05,5.22959714811e-05,-0.000265365834648,-0.000227701653857,-0.000178807089105,-0.000141227628046,-8.99062688404e-05,-5.34248392796e-05,-1.8850131255e-05,2.84379661935e-05,6.68353243236e-05,0.000115875334661,0.000155478373377,120000,-0.00329484767281,0.00118580239359,0.000361140848328,0.000130776270156,-0.00275938545149,-0.00169243397214,0.000178587523114,0.000252545901458,0.000320533195918,0.000365939573385,0.000411818029534,0.000481550885888,0.000544528766186,0.000767103206657,0.00106994286345
tomo_sample_2_051_rec,recon_00274.tiff,274,250:350,740:840,600:1200,1400:1600,10000,-0.000244448223384,0.000153051354573,-5.17234852073e-05,5.35107396675e-05,-0.000225979819175,-0.000212398275035,-0.00017416202114,-0.000138389750646,-8.83077700564e-05,-5.28073451278e-05,-1.50718365148e-05,3.76838464945e-05,7.33186796424e-05,0.000107464489709,0.000131578833284,120000,-0.00308824633248,0.00140097329859,0.00036321235295,0.000120054572566,-0.00275211979158,-0.00136170616397,0.000179664446623,0.000252732100489,0.000321321029332,0.000366834792658,0.000412606765167,0.000481793856306,0.000548946178751,0.000835588543734,0.00119601846019
tomo_sample_2_051_rec,recon_00275.tiff,275,250:350,740:840,600:1200,1400:1600,10000,-0.000264004804194,0.000156703114044,-5.17087531835e-05,5.3282408572e-05,-0.000253378108513,-0.000223549262751,-0.000175819407305,-0.000138613855233,-8.67616508913e-05,-5.13641789439e-05,-1.59580267791e-05,3.53320629074e-05,6.97342429339e-05,0.000113152297978,0.000138708909327,120000,-0.00298805627972,0.00132536469027,0.000362696260567,0.000110582692329,-0.00259396270849,-0.00105068262841,0.000183332096494,0.000251728920557,0.000320081104292,0.00036543807073,0.00041038353811,0.000479448940314,0.000547039922094,0.000799268589006,0.00115150013106
tomo_sample_2_051_rec,recon_00276.tiff,276,250:350,740:840,600:1200,1400:1600,10000,-0.000269148440566,0.000140006683068,-5.41727843023e-05,5.3757494853e-05,-0.000239383379294,-0.000221782029446,-0.000184970855335,-0.000144612317672,-8.96177552931e-05,-5.3670595662e-05,-1.78502837116e-05,3.33976904585e-05,6.85486409202e-05,0.000107777758618,0.000137689187647,120000,-0.00320331612602,0.00143086933531,0.000363253264197,0.000105072560294,-0.00257260420925,-0.000860654390708,0.000185082247481,0.000251272603055,0.000320061648381,0.000365634259651,0.000410938395362,0.000479826636729,0.000540842895862,0.000817836690461,0.00131208878617
tomo_sample_2_051_rec,recon_00277.tiff,277,250:350,740:840,600:1200,1400:1600,10000,-0.000272225501249,0.000144181729411,-5.39846717652e-05,5.37299047307e-05,-0.000260069872328,-0.000216480416871,-0.000180275555758,-0.000143399552326,-9.02999327081e-05,-5.37575197086e-05,-1.71451342794e-05,3.41118853612e-05,6.74457631976e-05,0.000110461607663,0.000143206528478,120000,-0.00283219944686,0.0011603947496,0.000364715437666,8.93582846874e-05,-0.00169117851468,-0.000401190453762,0.000188085582777,0.000251661671791,0.000320267703501,0.000365892410628,0.000411635701312,0.000479723919125,0.000541275588912,0.000846530458657,0.00103547836134
tomo_sample_2_051_rec,recon_00278.tiff,278,250:350,740:840,600:1200,1400:1600,10000,-0.000238727108808,0.000154080815264,-5.29414434636e-05,5.24634255261e-05,-0.000235781004412,-0.000221778117848,-0.00017599669809,-0.0001382066308,-8.80616898939e-05,-5.3213119827e-05,-1.6829737433e-05,3.24589856973e-05,6.98949783691e-05,0.000116023235176,0.000134318540497,120000,-0.00272088311613,0.00111721432768,0.000365842400474,8.53643660333e-05,-0.00151403727996,-0.000320541705063,0.000193378641561,0.000252913779696,0.000320936371281,0.000366780921468,0.000412817396864,0.00047989487357,0.00053646991495,0.000812704242475,0.00103399276196
tomo_sample_2_051_rec,recon_00279.tiff,279,250:350,740:840,600:1200,1400:1600,10000,-0.000239602755755,0.000153416025569,-5.24994303364e-05,5.25786173885e-05,-0.000233644065911,-0.000213396243169,-0.0001735850556,-0.000139253727684,-8.81461746758e-05,-5.24444094481e-05,-1.64788852999e-05,3.28391668518e-05,6.90025689983e-05,0.000116190413362,0.000152070500878,120000,-0.00285574956797,0.00110713741742,0.000365979870593,8.61786323126e-05,-0.00190045234695,-0.000341436537972,0.000197236611857,0.000253988384793,0.00032159575494,0.000366933847545,0.000412572153436,0.000481669748842,0.000540025633527,0.000707939610991,0.000941134263726
